stiID,feature1_name,feature2_name,feature3_name,feature4_name,feature1,feature2,feature3,feature4,category,ambiguous_fam,ambiguous_spe
1,green,yellow,pink,blue,0.00969871699314562,0.594462208457785,0.592614039973286,0.323163146233508,2,0,0
2,green,yellow,pink,blue,0.721918303754881,0.092307506539879,0.423518893444361,0.894491930657037,3,0,0
3,green,yellow,pink,blue,0.111283920773219,0.956312515623863,0.787788080797446,0.186364987582953,2,0,0
4,green,yellow,pink,blue,0.585074858576368,0.172361993079744,0.418440792034362,0.494044001326058,3,0,0
5,green,yellow,pink,blue,0.245260706821309,0.807233927972936,0.654208668080204,0.968960407824942,2,0,0
6,green,yellow,pink,blue,0.786068489435562,0.177376320673213,0.985327456555276,0.43413741306145,4,0,0
7,green,yellow,pink,blue,0.899213640271038,0.664460865816499,0.241158815520878,0.337014708905049,3,0,0
8,green,yellow,pink,blue,0.375001928397773,0.519749956280425,0.757907718659852,0.0876975744092917,2,0,1
9,green,yellow,pink,blue,0.236394088278472,0.954873006354572,0.768468115164433,0.0693438819310075,2,0,0
10,green,yellow,pink,blue,0.494053891183827,0.191154633343781,0.363479659886834,0.383264830970953,1,1,1
11,green,yellow,pink,blue,0.767577717764455,0.699308458765087,0.824537073442369,0.865480596022082,4,0,0
12,green,yellow,pink,blue,0.0817498453005501,0.378907955330766,0.82194399416921,0.944032026532809,1,0,0
13,green,yellow,pink,blue,0.421572968509933,0.0738543437174422,0.246154453374025,0.732050777260087,1,0,0
14,green,yellow,pink,blue,0.674163099048717,0.703161819981096,0.254625761903533,0.61696978692029,3,0,0
15,green,yellow,pink,blue,0.882343692135583,0.763004039025122,0.155212944847352,0.690504474936732,3,0,0
16,green,yellow,pink,blue,0.751580302700986,0.888565232695523,0.0128264246931953,0.552222318514984,3,0,0
17,green,yellow,pink,blue,0.391508745978087,0.257983043008878,0.424153821627252,0.287050228040492,1,0,0
18,green,yellow,pink,blue,0.231085010013858,0.376263239153192,0.450395214863857,0.59701162782144,1,0,1
19,green,yellow,pink,blue,0.416820125496317,0.83449193927938,0.0714270035503318,0.723157567967807,2,0,0
20,green,yellow,pink,blue,0.0932768393990388,0.528337229445331,0.334257775454553,0.185877491037587,2,0,1
21,green,yellow,pink,blue,0.340836639296827,0.190234066990528,0.0409421192270217,0.187488857532367,1,0,0
22,green,yellow,pink,blue,0.163513636702445,0.829318413250402,0.0915247426272,0.166202220613403,2,0,0
23,green,yellow,pink,blue,0.184150870515107,0.00475964502985177,0.943541443643671,0.228017432555594,1,0,0
24,green,yellow,pink,blue,0.0942034363128781,0.783462181609019,0.0878798419058885,0.747927546831064,2,0,0
25,green,yellow,pink,blue,0.453833955766476,0.701289880211352,0.286260814062326,0.293391346041576,2,1,1
26,green,yellow,pink,blue,0.733172860169448,0.376358585646454,0.405338503431025,0.329261894204676,3,0,0
27,green,yellow,pink,blue,0.27883632879363,0.0502826581894338,0.895605423027666,0.624317255268824,1,0,0
28,green,yellow,pink,blue,0.338720949214638,0.270329803222601,0.573514281901737,0.210703289131985,1,0,0
29,green,yellow,pink,blue,0.511415217467801,0.690756040394345,0.47447176676163,0.679624785471025,3,1,1
30,green,yellow,pink,blue,0.929374857598487,0.666729939140634,0.894687225624132,0.293948396415599,4,0,0
31,green,yellow,pink,blue,0.547479003221582,0.507677657197181,0.55944653223295,0.0897890921236684,4,1,1
32,green,yellow,pink,blue,0.97599555886147,0.325433185163081,0.493905840941076,0.292651751684461,3,0,1
33,green,yellow,pink,blue,0.912647612017808,0.996836046303286,0.246748126658532,0.814743747129056,3,0,0
34,green,yellow,pink,blue,0.697270914748408,0.354330571142129,0.071537072887861,0.139660778478701,3,0,0
35,green,yellow,pink,blue,0.840270640232563,0.400212023481211,0.931500393334154,0.781450247278383,4,0,0
36,green,yellow,pink,blue,0.403983726991216,0.235772580381867,0.415279520923537,0.504871835571128,1,0,0
37,green,yellow,pink,blue,0.531423225889092,0.804746095273503,0.813269493471412,0.934972217735893,4,1,1
38,green,yellow,pink,blue,0.450479185944536,0.298183056184936,0.61146093817106,0.578222803623684,1,1,1
39,green,yellow,pink,blue,0.796705345875724,0.360586843762587,0.736802554409703,0.94747297973594,4,0,0
40,green,yellow,pink,blue,0.58099111403681,0.36970452263861,0.341420674521993,0.257524544435479,3,0,0
41,green,yellow,pink,blue,0.0955647985186031,0.189658655816293,0.946855012673189,0.16454554021726,1,0,0
42,green,yellow,pink,blue,0.433851177410308,0.538480958328034,0.677821610108504,0.429899891753559,2,0,1
43,green,yellow,pink,blue,0.21175387217002,0.500847545137326,0.741220078327898,0.00150125326913886,2,0,1
44,green,yellow,pink,blue,0.240694885133975,0.916798662396257,0.0616931797218819,0.426352250525883,2,0,0
45,green,yellow,pink,blue,0.796623766907087,0.141707479215971,0.82980544788452,0.968891344207773,4,0,0
46,green,yellow,pink,blue,0.584248373108034,0.779711792238978,0.103230323928964,0.0909655116743597,3,0,0
47,green,yellow,pink,blue,0.0485934924398179,0.159532456660187,0.566843561813776,0.175570835824755,1,0,0
48,green,yellow,pink,blue,0.884160127191059,0.946237135184385,0.281691525587352,0.285793083501752,3,0,0
49,green,yellow,pink,blue,0.829408305625673,0.601847633326604,0.15220120178957,0.58043486230498,3,0,0
50,green,yellow,pink,blue,0.0294887378626489,0.752842185084419,0.238717926739773,0.89797974860738,2,0,0
51,green,yellow,pink,blue,0.302146647467335,0.100642483807722,0.505072395569719,0.557445379997833,1,0,1
52,green,yellow,pink,blue,0.65816003604536,0.408194367128589,0.277884632128922,0.824894113534725,3,0,0
53,green,yellow,pink,blue,0.88874409298489,0.630560219010903,0.983257115059317,0.596025274799502,4,0,0
54,green,yellow,pink,blue,0.927909692474237,0.842574929508714,0.620291468647801,0.342754179938036,4,0,0
55,green,yellow,pink,blue,0.616746728005421,0.14717801796894,0.167707042648707,0.719333350654768,3,0,0
56,green,yellow,pink,blue,0.547420239254276,0.824374075843413,0.816378509075901,0.25741609619329,4,1,1
57,green,yellow,pink,blue,0.637335710957766,0.584616458293979,0.88641784883182,0.0262080950468612,4,0,0
58,green,yellow,pink,blue,0.64936299222237,0.288265720865585,0.937852716949331,0.329898965169513,4,0,0
59,green,yellow,pink,blue,0.332883205919061,0.363611402324372,0.348759449196523,0.527216827687793,1,0,0
60,green,yellow,pink,blue,0.56754684953802,0.0341137952104276,0.763608988032416,0.665322733550228,4,0,0
61,green,yellow,pink,blue,0.321384649126441,0.875143415321934,0.154542059187562,0.669882315638198,2,0,0
62,green,yellow,pink,blue,0.416238762994535,0.940541785904806,0.531936312471566,0.730878849313448,2,0,1
63,green,yellow,pink,blue,0.849926734278197,0.523158922575222,0.842558937019186,0.546012498846209,4,0,1
64,green,yellow,pink,blue,0.408960413043422,0.118458592900021,0.228714276745177,0.755924138589637,1,0,0
65,green,yellow,pink,blue,0.310077443842388,0.0599102432660105,0.447706952123193,0.277251485134871,1,0,0
66,green,yellow,pink,blue,0.540947069455821,0.480825741720599,0.519632568150792,0.546125239053547,4,1,1
67,green,yellow,pink,blue,0.222990891407015,0.646275984344585,0.986552460520473,0.556386778433301,2,0,0
68,green,yellow,pink,blue,0.8156063008717,0.326377917910618,0.810356657118427,0.987784845952996,4,0,0
69,green,yellow,pink,blue,0.827294717866824,0.30196681072935,0.427786599225014,0.199780180199326,3,0,0
70,green,yellow,pink,blue,0.455470191225393,0.0110197748657155,0.582019325725232,0.275493948962454,1,1,1
71,green,yellow,pink,blue,0.373398524206523,0.967742627692127,0.201730894094267,0.579522687456631,2,0,0
72,green,yellow,pink,blue,0.607821646362313,0.161277208382375,0.754735798261886,0.222472170658352,4,0,0
73,green,yellow,pink,blue,0.573600647268386,0.327794169477715,0.918743983686963,0.941780294383773,4,0,0
74,green,yellow,pink,blue,0.382929174160973,0.828320254603129,0.869594769090576,0.638186524356015,2,0,0
75,green,yellow,pink,blue,0.0819117383405715,0.222475880939834,0.84294086395947,0.646873697984733,1,0,0
76,green,yellow,pink,blue,0.077584434114761,0.171077864492274,0.0554616527676954,0.339067747363459,1,0,0
77,green,yellow,pink,blue,0.103287206206097,0.215728790019775,0.23236892611964,0.232838382366055,1,0,0
78,green,yellow,pink,blue,0.478312923810928,0.640148011253477,0.0997196615800814,0.0969884556196431,2,1,1
79,green,yellow,pink,blue,0.615509717230566,0.398793561073144,0.934685705949138,0.826320066586749,4,0,0
80,green,yellow,pink,blue,0.33371217675119,0.646073023616877,0.334236083054611,0.681801400786909,2,0,0
81,green,yellow,pink,blue,0.937361958468262,0.463165568800745,0.33930578912265,0.772542952009815,3,0,1
82,green,yellow,pink,blue,0.282248130584782,0.833393143021783,0.52575949528606,0.910291974752933,2,0,1
83,green,yellow,pink,blue,0.330531870641887,0.983127376206119,0.51393696271002,0.618446298211665,2,0,1
84,green,yellow,pink,blue,0.968914100026128,0.532285470401155,0.134995902945888,0.0666987507168318,3,0,1
85,green,yellow,pink,blue,0.561116950635011,0.72219595895305,0.638020185241245,0.158965388789786,4,0,0
86,green,yellow,pink,blue,0.458900222983399,0.367302640674844,0.0533696469428719,0.583717607507087,1,1,1
87,green,yellow,pink,blue,0.88960396294235,0.45247338239306,0.0372435789535031,0.463804759818275,3,0,1
88,green,yellow,pink,blue,0.0871910910325683,0.133916650098405,0.452639080348612,0.5337449327694,1,0,1
89,green,yellow,pink,blue,0.789758614917316,0.754695874357886,0.314886392035413,0.717551842012678,3,0,0
90,green,yellow,pink,blue,0.091188979960251,0.568653044101718,0.360639198059957,0.396464928046742,2,0,0
91,green,yellow,pink,blue,0.952407007805475,0.643650909246438,0.927028660358914,0.371155049480775,4,0,0
92,green,yellow,pink,blue,0.860191583880654,0.409067223507803,0.389660947531798,0.463522308099048,3,0,0
93,green,yellow,pink,blue,0.380314460424855,0.967439447407906,0.426977417380073,0.697224608950011,2,0,0
94,green,yellow,pink,blue,0.967216826851608,0.128406007170902,0.853092461125721,0.537302514877522,4,0,0
95,green,yellow,pink,blue,0.790591914416831,0.976443438657171,0.125702331299466,0.0659906560870525,3,0,0
96,green,yellow,pink,blue,0.769116821613287,0.410026699857011,0.24749662042912,0.121390967865063,3,0,0
97,green,yellow,pink,blue,0.214412423973249,0.330391680962691,0.936261940347273,0.393389616950785,1,0,0
98,green,yellow,pink,blue,0.957840582293107,0.792773270732936,0.711159430700832,0.187666469167534,4,0,0
99,green,yellow,pink,blue,0.646256245690887,0.203822650611451,0.993814111185389,0.137151794586406,4,0,0
100,green,yellow,pink,blue,0.837481397341507,0.52781437966277,0.50388348356831,0.817466489021839,4,0,1
101,green,yellow,pink,blue,0.129142001198619,0.0750876216261847,0.752454094447118,0.862549469206322,1,0,0
102,green,yellow,pink,blue,0.947960084817072,0.350074784661421,0.771934428512683,0.166032671263917,4,0,0
103,green,yellow,pink,blue,0.0294997503429969,0.346335286996389,0.0365373460419012,0.425624434806951,1,0,0
104,green,yellow,pink,blue,0.203125542899538,0.426139281454001,0.754601742305153,0.497560499420117,1,0,0
105,green,yellow,pink,blue,0.362339507096619,0.576047091456573,0.661004624542606,0.935202137559815,2,0,0
106,green,yellow,pink,blue,0.461806390549584,0.172026791562686,0.0553862230222225,0.994544901428259,1,1,1
107,green,yellow,pink,blue,0.306816973513883,0.785747809373581,0.999357886296982,0.209858925155716,2,0,0
108,green,yellow,pink,blue,0.940265199129328,0.81732144125306,0.966296553297304,0.763256871172364,4,0,0
109,green,yellow,pink,blue,0.284720551668096,0.443746919865684,0.899469356639254,0.272966769961145,1,0,0
110,green,yellow,pink,blue,0.0596721923070507,0.845140820477023,0.988888866507465,0.973080320927098,2,0,0
111,green,yellow,pink,blue,0.986603367573501,0.402554153302261,0.874642277444975,0.625508245118662,4,0,0
112,green,yellow,pink,blue,0.139646643687034,0.745603027469031,0.224818480612305,0.622630750414697,2,0,0
113,green,yellow,pink,blue,0.166832804421667,0.266757152849689,0.346358881150591,0.568315789690299,1,0,0
114,green,yellow,pink,blue,0.286937376501403,0.646056363364439,0.994643070962053,0.28363426353526,2,0,0
115,green,yellow,pink,blue,0.608295386688616,0.817708768575379,0.224728077141551,0.658302145446972,3,0,0
116,green,yellow,pink,blue,0.634109042517955,0.483239271951055,0.404626515091617,0.0024669427652767,3,0,1
117,green,yellow,pink,blue,0.307770127807313,0.795293077074162,0.324583157229007,0.423164827329028,2,0,0
118,green,yellow,pink,blue,0.0216740655891045,0.0630904610666126,0.585298557280561,0.865216374080293,1,0,0
119,green,yellow,pink,blue,0.303219552487749,0.486529133470077,0.190961793321344,0.13678633007482,1,0,1
120,green,yellow,pink,blue,0.576426924869683,0.731381040064904,0.307631088198922,0.842695623413302,3,0,0
121,green,yellow,pink,blue,0.993724782869169,0.675107369478051,0.250769965611393,0.517210189376438,3,0,0
122,green,yellow,pink,blue,0.765953488656383,0.985063681625217,0.795889610938693,0.175557503440774,4,0,0
123,green,yellow,pink,blue,0.981491330062435,0.0172500296533952,0.398154970549154,0.901339748491827,3,0,0
124,green,yellow,pink,blue,0.723150075507413,0.423842940986174,0.427942247692041,0.176391997489686,3,0,0
125,green,yellow,pink,blue,0.532864044085878,0.474674369666878,0.0634075577331717,0.474431308993296,3,1,1
126,green,yellow,pink,blue,0.594373192344218,0.561294969809608,0.195821976451883,0.368924815894628,3,0,0
127,green,yellow,pink,blue,0.340101051272652,0.448421206382678,0.493083254313646,0.601653208747111,1,0,1
128,green,yellow,pink,blue,0.917316020551823,0.631793509261718,0.265455319448584,0.0400937720358464,3,0,0
129,green,yellow,pink,blue,0.274606581914678,0.658477989483835,0.768313513016315,0.323840046182395,2,0,0
130,green,yellow,pink,blue,0.72917031524765,0.776070855322879,0.25579898369438,0.968039311049687,3,0,0
131,green,yellow,pink,blue,0.521039998348619,0.840790940990747,0.785249189907129,0.730038623240559,4,1,1
132,green,yellow,pink,blue,0.0912351584502435,0.528553697471048,0.0421659541911716,0.964658215315143,2,0,1
133,green,yellow,pink,blue,0.255990964432169,0.122648025103393,0.524587877119655,0.400973514896809,1,0,1
134,green,yellow,pink,blue,0.920044718862879,0.493747738090013,0.587770884683424,0.280816269477721,4,0,1
135,green,yellow,pink,blue,0.0140456841438603,0.654858516653845,0.25977464163906,0.824434258404731,2,0,0
136,green,yellow,pink,blue,0.549505442224168,0.583395027801216,0.996488065745675,0.938372515728677,4,1,1
137,green,yellow,pink,blue,0.227930809326052,0.839055238781662,0.292742025662687,0.976240333474609,2,0,0
138,green,yellow,pink,blue,0.594619052234759,0.309663580855012,0.332247247997103,0.357164402762105,3,0,0
139,green,yellow,pink,blue,0.375613094909562,0.997986595421233,0.59124749944854,0.494972110494498,2,0,0
140,green,yellow,pink,blue,0.888159204431879,0.0860679975056328,0.933507554586777,0.998249047647276,4,0,0
141,green,yellow,pink,blue,0.438645241142056,0.285664139981861,0.986042782435331,0.721865035750969,1,0,0
142,green,yellow,pink,blue,0.700544340219401,0.303767727418747,0.531439274075875,0.658544617009699,4,0,1
143,green,yellow,pink,blue,0.979855961701907,0.712933914504381,0.553412880463912,0.395437878102942,4,0,0
144,green,yellow,pink,blue,0.297123042678525,0.432328048294106,0.538806939008617,0.388415110409658,1,0,1
145,green,yellow,pink,blue,0.671352308316136,0.0880189122953649,0.80871035577153,0.74210489841829,4,0,0
146,green,yellow,pink,blue,0.351510378667552,0.683182417776674,0.7244516722733,0.866248539665093,2,0,0
147,green,yellow,pink,blue,0.50791144969067,0.38510815909131,0.244585591059335,0.928701210070107,3,1,1
148,green,yellow,pink,blue,0.0773265568351074,0.163249220159575,0.637757031829497,0.764620242733814,1,0,0
149,green,yellow,pink,blue,0.983749233716893,0.567117925528989,0.398325440864623,0.921883592336088,3,0,0
150,green,yellow,pink,blue,0.103069574463764,0.300189094965189,0.590273197722137,0.754392535352351,1,0,0
151,green,yellow,pink,blue,0.130119714464848,0.893402121763069,0.160262458755785,0.914602365546515,2,0,0
152,green,yellow,pink,blue,0.988837944223236,0.445772924325945,0.446326001819948,0.529578762859994,3,0,0
153,green,yellow,pink,blue,0.409848355783894,0.210045396600298,0.466837896073598,0.516882140733859,1,0,1
154,green,yellow,pink,blue,0.217708346986512,0.103499538590254,0.318027732178752,0.28824039687016,1,0,0
155,green,yellow,pink,blue,0.866557198903258,0.191633005413743,0.181702598547616,0.390572150340199,3,0,0
156,green,yellow,pink,blue,0.722075278083728,0.774801555064569,0.493475685066876,0.913168661934759,3,0,1
157,green,yellow,pink,blue,0.257316628296387,0.525439062013315,0.33922101774947,0.993331446133541,2,0,1
158,green,yellow,pink,blue,0.475680588503339,0.450555102065211,0.668509373880578,0.327434860101023,1,1,1
159,green,yellow,pink,blue,0.229660623240476,0.754421352004344,0.99884789504759,0.022531675518135,2,0,0
160,green,yellow,pink,blue,0.726264502429303,0.895839811927932,0.439558586757166,0.0176688152560111,3,0,0
161,green,yellow,pink,blue,0.874336855248975,0.776187028237834,0.729014735853026,0.124834099063585,4,0,0
162,green,yellow,pink,blue,0.123250425026617,0.810160430023823,0.60293375358107,0.225740743408323,2,0,0
163,green,yellow,pink,blue,0.404135496818875,0.105501033654422,0.168851618022475,0.485982303894133,1,0,0
164,green,yellow,pink,blue,0.06866044265504,0.285723342456129,0.225623715087944,0.157758237092458,1,0,0
165,green,yellow,pink,blue,0.169173746073542,0.998961822684932,0.907342860957652,0.850948264993011,2,0,0
166,green,yellow,pink,blue,0.777626272243445,0.226954083425121,0.573928264794514,0.818776611785442,4,0,0
167,green,yellow,pink,blue,0.122294098986361,0.0806336174640901,0.884277076641005,0.391699242945309,1,0,0
168,green,yellow,pink,blue,0.436235896905483,0.139641293626911,0.0104955589879871,0.563057222869694,1,0,0
169,green,yellow,pink,blue,0.667128052507124,0.16818913315636,0.606482193136075,9.64974064946444e-05,4,0,0
170,green,yellow,pink,blue,0.785192358767876,0.997312343559183,0.636418557968177,0.00203538264373893,4,0,0
171,green,yellow,pink,blue,0.142568456449162,0.99639058328924,0.0766805793687565,0.225378645661123,2,0,0
172,green,yellow,pink,blue,0.804969175761893,0.475735342117456,0.234195237144318,0.398075079762504,3,0,1
173,green,yellow,pink,blue,0.83082239059667,0.214322723400402,0.550640844978434,0.0623635309925122,4,0,0
174,green,yellow,pink,blue,0.684828434161511,0.0900478665153071,0.684967260090656,0.732792348147847,4,0,0
175,green,yellow,pink,blue,0.147622761337572,0.910808780575688,0.120662453020804,0.515398573233011,2,0,0
176,green,yellow,pink,blue,0.524604775597059,0.670231815974004,0.391531140907107,0.525853030409886,3,1,1
177,green,yellow,pink,blue,0.366775585217308,0.591506265626059,0.459709197759196,0.0339636659894061,2,0,1
178,green,yellow,pink,blue,0.922506504624856,0.659560757453124,0.710779245340897,0.596244879609922,4,0,0
179,green,yellow,pink,blue,0.861923551187332,0.188324032170132,0.698273746811671,0.049707517075995,4,0,0
180,green,yellow,pink,blue,0.125014170965684,0.651835319396627,0.693667683057156,0.633760087908393,2,0,0
181,green,yellow,pink,blue,0.218859994107864,0.90839704605026,0.17005523710536,0.094477868294958,2,0,0
182,green,yellow,pink,blue,0.138447488163451,0.45367324278412,0.567055446504618,0.0374645492751743,1,0,1
183,green,yellow,pink,blue,0.0476510884738847,0.135738808048924,0.369057289080258,0.281335818627117,1,0,0
184,green,yellow,pink,blue,0.829097724359131,0.756477942682582,0.19914928787335,0.619669086647486,3,0,0
185,green,yellow,pink,blue,0.554841314410723,0.0270707512665625,0.816912208011789,0.81818671196341,4,0,0
186,green,yellow,pink,blue,0.462448705062894,0.0470167463738267,0.531532370626412,0.113700038076605,1,1,1
187,green,yellow,pink,blue,0.208192337635742,0.369866060675552,0.323146048039871,0.814997935311593,1,0,0
188,green,yellow,pink,blue,0.721812846716557,0.68526826203443,0.992132835468408,0.857265500656336,4,0,0
189,green,yellow,pink,blue,0.229196070148479,0.6564303224716,0.977045598591572,0.334252617478275,2,0,0
190,green,yellow,pink,blue,0.428556939374257,0.26431805747024,0.0265991759895964,0.0724444320832727,1,0,0
191,green,yellow,pink,blue,0.687937702650506,0.457265028118679,0.503478231741129,0.370431558162518,4,0,1
192,green,yellow,pink,blue,0.99321445006963,0.646751447886244,0.0876530233400753,0.376943071129663,3,0,0
193,green,yellow,pink,blue,0.34247229766205,0.683187912813631,0.0880008490548148,0.317014672780778,2,0,0
194,green,yellow,pink,blue,0.407549054715611,0.519632330831038,0.250542991139112,0.686387421602366,2,0,1
195,green,yellow,pink,blue,0.572655583612774,0.00751709640811105,0.00113721803500888,0.990668269380575,3,0,0
196,green,yellow,pink,blue,0.538439328889746,0.914666275180527,0.655500996547264,0.301330490270963,4,1,1
197,green,yellow,pink,blue,0.38841482828863,0.29880491854458,0.71108109222489,0.0766763830186189,1,0,0
198,green,yellow,pink,blue,0.530477827338017,0.648742634287553,0.172852755707944,0.320515799488728,3,1,1
199,green,yellow,pink,blue,0.831989803947357,0.882767566708003,0.532595402348749,0.453126925907706,4,0,1
200,green,yellow,pink,blue,0.98843071988802,0.500090792096223,0.515531585681881,0.939752875621374,4,0,1
201,green,yellow,pink,blue,0.790039511112232,0.70950909025062,0.354059962469694,0.593271841847411,3,0,0
202,green,yellow,pink,blue,0.603837846355335,0.731054407806952,0.459702891621324,0.0294991864433166,3,0,1
203,green,yellow,pink,blue,0.973701022147116,0.370857488654822,0.444407522719493,0.397990438338712,3,0,0
204,green,yellow,pink,blue,0.0633897170336754,0.135789156025743,0.624286114008116,0.45165541775068,1,0,0
205,green,yellow,pink,blue,0.928414742806448,0.812130514053707,0.892204758648988,0.0684559929959778,4,0,0
206,green,yellow,pink,blue,0.439062039723095,0.605501298474839,0.567778247281844,0.412494725382804,2,0,0
207,green,yellow,pink,blue,0.9074069883075,0.564142960376916,0.589505171379411,0.640254458610116,4,0,0
208,green,yellow,pink,blue,0.347107738633714,0.106931968180592,0.606469245712037,0.938024489084834,1,0,0
209,green,yellow,pink,blue,0.567189679850478,0.133631909533322,0.0500511815356978,0.308816536983405,3,0,0
210,green,yellow,pink,blue,0.504077332627122,0.257175496952193,0.800438774739975,0.92732516057313,4,1,1
211,green,yellow,pink,blue,0.642086693382308,0.340092204689605,0.208032296820221,0.896731957490375,3,0,0
212,green,yellow,pink,blue,0.0649620075294878,0.0090249726048624,0.391416533171224,0.194612902194148,1,0,0
213,green,yellow,pink,blue,0.181402716374614,0.859629910346862,0.629362679477153,0.827909530539165,2,0,0
214,green,yellow,pink,blue,0.290659959315493,0.627964464340903,0.636794913088755,0.0258726737718729,2,0,0
215,green,yellow,pink,blue,0.268145546795042,0.589767951719125,0.108251420164438,0.887188485373761,2,0,0
216,green,yellow,pink,blue,0.852588478461499,0.438380462701508,0.275324694529977,0.47007587068121,3,0,0
217,green,yellow,pink,blue,0.455487745574927,0.640269157057329,0.174597951736543,0.945287764854469,2,1,1
218,green,yellow,pink,blue,0.893679348953694,0.9791198236103,0.174217274646873,0.735744716291224,3,0,0
219,green,yellow,pink,blue,0.674495640490748,0.459022494038989,0.126751949690363,0.479312811279681,3,0,1
220,green,yellow,pink,blue,0.290318473151666,0.271166527176884,0.564674141260749,0.744791114275111,1,0,0
221,green,yellow,pink,blue,0.414572554213813,0.296595735888103,0.542495668866835,0.997485274201405,1,0,1
222,green,yellow,pink,blue,0.684149665034284,0.639962414900198,0.594372965621799,0.40116100153041,4,0,0
223,green,yellow,pink,blue,0.878248500907549,0.316454071525339,0.368976670996568,0.240258792603858,3,0,0
224,green,yellow,pink,blue,0.260501561910585,0.205970633727665,0.653532094256714,0.689147257550577,1,0,0
225,green,yellow,pink,blue,0.414175102246167,0.133617994560622,0.846501768631793,0.630597152728896,1,0,0
226,green,yellow,pink,blue,0.0345906331603023,0.221373252570563,0.385854316234087,0.768088699794002,1,0,0
227,green,yellow,pink,blue,0.366580968661848,0.525526592406853,0.405902831457476,0.750154565705525,2,0,1
228,green,yellow,pink,blue,0.394725097914798,0.0830863240632873,0.0902020912349913,0.983189067164473,1,0,0
229,green,yellow,pink,blue,0.536753223346228,0.716044284475152,0.60062925489539,0.59030672297073,4,1,1
230,green,yellow,pink,blue,0.483146132949868,0.871305950673644,0.739910966692085,0.40151334979541,2,1,1
231,green,yellow,pink,blue,0.599476894038293,0.830897847510206,0.45770191662577,0.348165468318486,3,0,1
232,green,yellow,pink,blue,0.169127676537752,0.953729955410872,0.233954606370662,0.842484504703522,2,0,0
233,green,yellow,pink,blue,0.916843217400823,0.298313717057641,0.454451697932689,0.434654422393074,3,0,1
234,green,yellow,pink,blue,0.241477958842369,0.470397753022982,0.0567021625751147,0.953739698456531,1,0,1
235,green,yellow,pink,blue,0.442923152005438,0.203037245478104,0.05490530195665,0.0480936491573202,1,0,0
236,green,yellow,pink,blue,0.213096746001502,0.608359043075209,0.112556476455594,0.00528406959583527,2,0,0
237,green,yellow,pink,blue,0.699750897010248,0.780581610382396,0.652562808889524,0.702006308824734,4,0,0
238,green,yellow,pink,blue,0.0210929769273638,0.635338228064925,0.876314209163091,0.807272104003178,2,0,0
239,green,yellow,pink,blue,0.345385212485766,0.163636053942368,0.996620755988399,0.761180210315328,1,0,0
240,green,yellow,pink,blue,0.836673465451942,0.846179817822843,0.0543621491601459,0.843337007292478,3,0,0
241,green,yellow,pink,blue,0.198511056016142,0.741535199999303,0.91923218189513,0.635291872563209,2,0,0
242,green,yellow,pink,blue,0.705378408980641,0.985897250159482,0.885349700281886,0.651018756818856,4,0,0
243,green,yellow,pink,blue,0.0244496668023181,0.216895568982419,0.321525623969673,0.803748109340494,1,0,0
244,green,yellow,pink,blue,0.588768871232514,0.0288986786230121,0.627498568181057,0.630317598135853,4,0,0
245,green,yellow,pink,blue,0.660531360829903,0.744538517005286,0.499109417631057,0.976002288971031,3,0,1
246,green,yellow,pink,blue,0.0531820370817694,0.383858766401556,0.583999020665834,0.0122818708120829,1,0,0
247,green,yellow,pink,blue,0.678196916645083,0.0554148610900696,0.994420124847099,0.75163452115639,4,0,0
248,green,yellow,pink,blue,0.388699153502917,0.62807933075735,0.516773233732541,0.989253042654784,2,0,1
249,green,yellow,pink,blue,0.956694637972128,0.0949346032725288,0.245811453093791,0.66959483508277,3,0,0
250,green,yellow,pink,blue,0.7788870615092,0.101320532624309,0.354208923586131,0.0868408011429325,3,0,0
251,green,yellow,pink,blue,0.238605324642462,0.649287802838911,0.578457764263063,0.572760262005025,2,0,0
252,green,yellow,pink,blue,0.636557465981741,0.151598481283651,0.0123168708424605,0.841959227179712,3,0,0
253,green,yellow,pink,blue,0.648219895731996,0.703981937004911,0.454721436779133,0.782423124389489,3,0,1
254,green,yellow,pink,blue,0.227716536771795,0.365287974957603,0.734476554775524,0.305748057798665,1,0,0
255,green,yellow,pink,blue,0.854531895692015,0.529917597730571,0.728462937193003,0.683069021977077,4,0,1
256,green,yellow,pink,blue,0.964960702815657,0.380316272629961,0.106923906659854,0.643539947156937,3,0,0
257,green,yellow,pink,blue,0.0374889005834833,0.720756774379688,0.384422258324061,0.525979064661234,2,0,0
258,green,yellow,pink,blue,0.998623165325446,0.859265767403166,0.151794575681013,0.968255390120315,3,0,0
259,green,yellow,pink,blue,0.365386800267217,0.504904184311992,0.511042419479543,0.492351265483707,2,0,1
260,green,yellow,pink,blue,0.908581012951599,0.788624211319734,0.0229414201856819,0.334331500386759,3,0,0
261,green,yellow,pink,blue,0.419610402577939,0.214161200638917,0.246214554013512,0.0721612317431783,1,0,0
262,green,yellow,pink,blue,0.48265258619915,0.591936845305201,0.938276523301792,0.601477764298538,2,1,1
263,green,yellow,pink,blue,0.30484103922903,0.00982184976343098,0.110689083018112,0.993036233921841,1,0,0
264,green,yellow,pink,blue,0.806426246063245,0.144951942425046,0.201390692839016,0.936770560520752,3,0,0
265,green,yellow,pink,blue,0.201645361040594,0.707803425683447,0.127790057240567,0.630165072302439,2,0,0
266,green,yellow,pink,blue,0.597206376262789,0.746535510325157,0.0194908356402319,0.195709388624474,3,0,0
267,green,yellow,pink,blue,0.163867748851807,0.753178135288601,0.185366544624902,0.735315903213584,2,0,0
268,green,yellow,pink,blue,0.48999632732194,0.575364152001063,0.0540291700066317,0.246146760609704,2,1,1
269,green,yellow,pink,blue,0.937252186358717,0.957070138694998,0.973640840561092,0.45237261200785,4,0,0
270,green,yellow,pink,blue,0.711975895051789,0.111208574896794,0.739474036046909,0.784358350450035,4,0,0
271,green,yellow,pink,blue,0.518915393191398,0.380688386692457,0.877264271428102,0.996900110127049,4,1,1
272,green,yellow,pink,blue,0.139793211766442,0.808963841324076,0.898071406441445,0.106549844270439,2,0,0
273,green,yellow,pink,blue,0.453527547282313,0.322994092004898,0.568143346094252,0.178542155304723,1,1,1
274,green,yellow,pink,blue,0.0834772515280833,0.422265588149802,0.264737985106628,0.835296287671953,1,0,0
275,green,yellow,pink,blue,0.524165742343259,0.969744974808775,0.984072147605474,0.0745858354624044,4,1,1
276,green,yellow,pink,blue,0.859396052883133,0.700411643481991,0.564696384667214,0.26822145363565,4,0,0
277,green,yellow,pink,blue,0.816038436702749,0.217536709534947,0.562531425116418,0.627818266514537,4,0,0
278,green,yellow,pink,blue,0.220801131322387,0.0179422571708765,0.267886565661426,0.709996816602226,1,0,0
279,green,yellow,pink,blue,0.181178845172321,0.641517653888793,0.872614904748912,0.870687151403816,2,0,0
280,green,yellow,pink,blue,0.982229438693216,0.405949316167491,0.775922376285592,0.798653403128326,4,0,0
281,green,yellow,pink,blue,0.517892204585081,0.309422826402719,0.573215788058347,0.138887826871441,4,1,1
282,green,yellow,pink,blue,0.304663613155338,0.937275907781499,0.0181839493457427,0.868073565286645,2,0,0
283,green,yellow,pink,blue,0.968096987156981,0.530225427586602,0.43710712020887,0.245469310272855,3,0,1
284,green,yellow,pink,blue,0.612846394819494,0.257595063932961,0.160120744297426,0.957040579732198,3,0,0
285,green,yellow,pink,blue,0.99399645796917,0.172813390956823,0.974062270230707,0.530182989020078,4,0,0
286,green,yellow,pink,blue,0.055858246749002,0.175819939623678,0.879463311023613,0.122982971199171,1,0,0
287,green,yellow,pink,blue,0.953693598704642,0.520313340547567,0.532686657569991,0.665274029960321,4,0,1
288,green,yellow,pink,blue,0.522439544967073,0.077889449721405,0.660171680268054,0.460480157531513,4,1,1
289,green,yellow,pink,blue,0.53200957909902,0.17800652937615,0.192952847738099,0.978588758008653,3,1,1
290,green,yellow,pink,blue,0.791940245985545,0.121722853499025,0.486997966223883,0.605146416928901,3,0,1
291,green,yellow,pink,blue,0.409830529720624,0.128112572009703,0.112981707028135,0.0620796662265811,1,0,0
292,green,yellow,pink,blue,0.602579199503499,0.361622510106499,0.890013785686402,0.322148141737872,4,0,0
293,green,yellow,pink,blue,0.0243752168763649,0.171669623959966,0.715600658775071,0.13792683551647,1,0,0
294,green,yellow,pink,blue,0.137131181319716,0.678791271407235,0.855909803224364,0.114388231002688,2,0,0
295,green,yellow,pink,blue,0.87203691033782,0.49449396626617,0.724009216867434,0.186528118080333,4,0,1
296,green,yellow,pink,blue,0.555835925866875,0.199936586926685,0.301315535894785,0.355890772136729,3,0,0
297,green,yellow,pink,blue,0.649480962032117,0.450916993399997,0.506941376322091,0.394533031098734,4,0,1
298,green,yellow,pink,blue,0.212940715581846,0.32680541598419,0.409441833403331,0.985864162444061,1,0,0
299,green,yellow,pink,blue,0.104949555717357,0.91142694827308,0.396417133250436,0.516158148163548,2,0,0
300,green,yellow,pink,blue,0.396969388804023,0.928711118054062,0.832033301004333,0.0925807982452457,2,0,0
301,green,yellow,pink,blue,0.204812645809793,0.796949295127816,0.171764952764493,0.702670272412075,2,0,0
302,green,yellow,pink,blue,0.677609065031229,0.697288409652973,0.142810353043441,0.223292337700996,3,0,0
303,green,yellow,pink,blue,0.278665898637412,0.606627093889325,0.908154242109982,0.984876389781565,2,0,0
304,green,yellow,pink,blue,0.105051457348945,0.907487024190478,0.183797797488034,0.2341327934559,2,0,0
305,green,yellow,pink,blue,0.397403017133024,0.207809936026575,0.217562381432276,0.353759778411455,1,0,0
306,green,yellow,pink,blue,0.505480880883074,0.452557063257196,0.0373145213872798,0.461174209041087,3,1,1
307,green,yellow,pink,blue,0.674317699636419,0.0649147219249076,0.687290749838984,0.58461050571111,4,0,0
308,green,yellow,pink,blue,0.438165548758073,0.0316365094323666,0.388173264787662,0.374269451904599,1,0,0
309,green,yellow,pink,blue,0.58273081996019,0.383462288294459,0.0346546858834689,0.782332679105034,3,0,0
310,green,yellow,pink,blue,0.692611370217668,0.654848773368892,0.493570452207469,0.552807791023566,3,0,1
311,green,yellow,pink,blue,0.863856993532969,0.240518171132291,0.628623152783171,0.212724071253425,4,0,0
312,green,yellow,pink,blue,0.994398921480704,0.94805712257769,0.559672377891882,0.233468855865121,4,0,0
313,green,yellow,pink,blue,0.0598220034768873,0.51064384119238,0.998859850115635,0.297107562794612,2,0,1
314,green,yellow,pink,blue,0.210506675771153,0.474290612070286,0.0836221013042295,0.520430264939325,1,0,1
315,green,yellow,pink,blue,0.0794983732635515,0.817830614664832,0.856285414022362,0.173393506814907,2,0,0
316,green,yellow,pink,blue,0.861963450158863,0.379124066566048,0.323569402926453,0.111116114660966,3,0,0
317,green,yellow,pink,blue,0.369984396701574,0.280678037561776,0.559871259442648,0.379710153028065,1,0,0
318,green,yellow,pink,blue,0.450234600783806,0.263091568927821,0.696414151697026,0.982964826245296,1,1,1
319,green,yellow,pink,blue,0.0239879120676931,0.214623915665756,0.332972435624364,0.42831382232402,1,0,0
320,green,yellow,pink,blue,0.522135492465378,0.74487870303086,0.56079567527722,0.466489157676512,4,1,1
321,green,yellow,pink,blue,0.244990276576679,0.0210469416004903,0.641864208621234,0.567568848809516,1,0,0
322,green,yellow,pink,blue,0.49814361182275,0.332089063873305,0.525739748387176,0.865546177200312,1,1,1
323,green,yellow,pink,blue,0.806404191242988,0.212282738982561,0.945782060293066,0.44085948651768,4,0,0
324,green,yellow,pink,blue,0.382194199031817,0.987762835606897,0.793377377807962,0.711574555144609,2,0,0
325,green,yellow,pink,blue,0.750692512612129,0.351501409634781,0.197603506890048,0.321727366695137,3,0,0
326,green,yellow,pink,blue,0.153825506790593,0.363740890681254,0.430837707431059,0.753148626137298,1,0,0
327,green,yellow,pink,blue,0.580590554597048,0.924483849571646,0.232124059127779,0.264258857269894,3,0,0
328,green,yellow,pink,blue,0.656118637749967,0.507187302728708,0.313661783578986,0.375879290650089,3,0,1
329,green,yellow,pink,blue,0.410874367428192,0.2026739139292,0.259282464443872,0.33980345451598,1,0,0
330,green,yellow,pink,blue,0.968264735876811,0.427171350477019,0.346332404397784,0.937109395936984,3,0,0
331,green,yellow,pink,blue,0.264226593755769,0.85992512937835,0.391026547668313,0.958155404581884,2,0,0
332,green,yellow,pink,blue,0.0618602933004466,0.121920060266199,0.982124180913023,0.922270106705847,1,0,0
333,green,yellow,pink,blue,0.589751262180511,0.571449582138835,0.773464347896572,0.433237773961995,4,0,0
334,green,yellow,pink,blue,0.526442200910436,0.557662531213016,0.602334321965413,0.362475093609173,4,1,1
335,green,yellow,pink,blue,0.33459132225201,0.705261183908486,0.975478772057847,0.294477127432225,2,0,0
336,green,yellow,pink,blue,0.404552397004279,0.902985742496693,0.0592976136681609,0.453700253110009,2,0,0
337,green,yellow,pink,blue,0.41939040774408,0.305061995086207,0.536390911702999,0.378617518878007,1,0,1
338,green,yellow,pink,blue,0.150091924424208,0.639352198576434,0.2490552644676,0.655653138570276,2,0,0
339,green,yellow,pink,blue,0.213560444426032,0.147386336295422,0.985416102604402,0.88140843064256,1,0,0
340,green,yellow,pink,blue,0.599831782471295,0.527267365971394,0.530752350725892,0.253282358844224,4,0,1
341,green,yellow,pink,blue,0.167396447108178,0.377450857695417,0.107060320933297,0.287884368493111,1,0,0
342,green,yellow,pink,blue,0.831265249106887,0.807301017552221,0.339049564945449,0.461218992884447,3,0,0
343,green,yellow,pink,blue,0.484797195117388,0.711826519833647,0.459768659524477,0.132709141700722,2,1,1
344,green,yellow,pink,blue,0.972311549984128,0.957133327981723,0.681865796557217,0.503336082263113,4,0,0
345,green,yellow,pink,blue,0.527614917402107,0.383708611628391,0.604038733975264,0.343678496639944,4,1,1
346,green,yellow,pink,blue,0.691383756452847,0.499196601431426,0.913389718272804,0.338545839078229,4,0,1
347,green,yellow,pink,blue,0.616515527509093,0.511519690330341,0.433643341589147,0.318548598908397,3,0,1
348,green,yellow,pink,blue,0.348355354196457,0.65523774563649,0.741368168736604,0.139628048241676,2,0,0
349,green,yellow,pink,blue,0.00210524707811993,0.625980872441888,0.811071139445986,0.284411719904317,2,0,0
350,green,yellow,pink,blue,0.944869601370937,0.527075874888876,0.602790710901648,0.621092664367795,4,0,1
351,green,yellow,pink,blue,0.734326855034284,0.942933723380031,0.754764533208349,0.0751786867940043,4,0,0
352,green,yellow,pink,blue,0.838793501157927,0.185948223516849,0.786954912904937,0.881789767106605,4,0,0
353,green,yellow,pink,blue,0.00686473473767157,0.793111122755843,0.0576126634998304,0.474158527459403,2,0,0
354,green,yellow,pink,blue,0.655164320476032,0.72584519410827,0.284642277562082,0.436001862968899,3,0,0
355,green,yellow,pink,blue,0.162296466750959,0.831562747194735,0.391907813504003,0.153859666507179,2,0,0
356,green,yellow,pink,blue,0.73550967586715,0.867778603691501,0.0763639943273307,0.546979515031536,3,0,0
357,green,yellow,pink,blue,0.962591574191214,0.807308039787524,0.352340180362178,0.766891235419521,3,0,0
358,green,yellow,pink,blue,0.591061961012421,0.280758905601116,0.305545225596542,0.945547947204061,3,0,0
359,green,yellow,pink,blue,0.150886253398693,0.223607885835246,0.928060901323816,0.126773808964834,1,0,0
360,green,yellow,pink,blue,0.932281412719384,0.563811573839865,0.930483874618245,0.0399087741128602,4,0,0
361,green,yellow,pink,blue,0.869624760677499,0.903812985489565,0.573745691343131,0.913217514384569,4,0,0
362,green,yellow,pink,blue,0.556920919857851,0.131724547527467,0.997271560062106,0.743476032644466,4,0,0
363,green,yellow,pink,blue,0.635523691565876,0.657568425072093,0.536620178835038,0.563182990373554,4,0,1
364,green,yellow,pink,blue,0.0606271051474266,0.608404180891906,0.282751322779923,0.589286705218109,2,0,0
365,green,yellow,pink,blue,0.531959177726679,0.395639143260022,0.149682375728095,0.550750142920746,3,1,1
366,green,yellow,pink,blue,0.406082134551361,0.438174410915816,0.571409803852311,0.671775274147273,1,0,0
367,green,yellow,pink,blue,0.508858023032473,0.00613405238387271,0.77356331533346,0.0241696603192335,4,1,1
368,green,yellow,pink,blue,0.454792573202966,0.392253582884655,0.808785207040203,0.635608911950705,1,1,1
369,green,yellow,pink,blue,0.74673698979035,0.850201681770156,0.321603991400569,0.26888947774676,3,0,0
370,green,yellow,pink,blue,0.341097798059023,0.659062163110231,0.849819570624913,0.141006452215488,2,0,0
371,green,yellow,pink,blue,0.731008824472758,0.914702442232769,0.242227069079655,0.756883780046715,3,0,0
372,green,yellow,pink,blue,0.264213672575856,0.861283360946228,0.817845544606333,0.0790428101057153,2,0,0
373,green,yellow,pink,blue,0.431787255619807,0.00692281215593843,0.0650776230260674,0.545173377180639,1,0,0
374,green,yellow,pink,blue,0.47916785925112,0.391600613002251,0.979038911057882,0.474944165410592,1,1,1
375,green,yellow,pink,blue,0.682185988350631,0.0694451372800949,0.398666155321389,0.874909969063694,3,0,0
376,green,yellow,pink,blue,0.409735520948331,0.529720972242312,0.0741517181479469,0.892365220721333,2,0,1
377,green,yellow,pink,blue,0.459176188834167,0.88720837813337,0.679040337189043,0.179799333569329,2,1,1
378,green,yellow,pink,blue,0.100591985584348,0.525257826993287,0.486799643806307,0.707571178274019,2,0,1
379,green,yellow,pink,blue,0.634295481710084,0.697631818019963,0.150748426772912,0.151153967484437,3,0,0
380,green,yellow,pink,blue,0.411034482182096,0.272972441183084,0.930128755600474,0.617219962335723,1,0,0
381,green,yellow,pink,blue,0.757830474971337,0.101513573488651,0.346511307038328,0.813089173009493,3,0,0
382,green,yellow,pink,blue,0.407201210265914,0.781611065178482,0.728002972886024,0.600970267413109,2,0,0
383,green,yellow,pink,blue,0.106643854170893,0.802142252314569,0.908397157720571,0.775470143147319,2,0,0
384,green,yellow,pink,blue,0.679110808636565,0.420200620943822,0.740381685575761,0.0835552109374837,4,0,0
385,green,yellow,pink,blue,0.421295142571716,0.96777733790952,0.493548438549382,0.838833139801084,2,0,1
386,green,yellow,pink,blue,0.515995123505331,0.0258317614079182,0.387557509051981,0.20502801050223,3,1,1
387,green,yellow,pink,blue,0.760534246208803,0.638271263630573,0.794146616845809,0.675899309745298,4,0,0
388,green,yellow,pink,blue,0.60501800882001,0.713723018979063,0.862149418529178,0.0510865848017459,4,0,0
389,green,yellow,pink,blue,0.476040625440476,0.349157757494197,0.432500942501561,0.518381122728838,1,1,1
390,green,yellow,pink,blue,0.139132563974991,0.693960426049957,0.0539098248976123,0.753713832355498,2,0,0
391,green,yellow,pink,blue,0.69795040946618,0.173025674075359,0.277514793177108,0.245126422401598,3,0,0
392,green,yellow,pink,blue,0.190103329065916,0.403367542628305,0.295803214784657,0.385541920353161,1,0,0
393,green,yellow,pink,blue,0.269778492631532,0.0764427395804748,0.0300446019162388,0.130069069332396,1,0,0
394,green,yellow,pink,blue,0.412174037344406,0.14359657561265,0.761912720053154,0.787810033359272,1,0,0
395,green,yellow,pink,blue,0.988152107626806,0.422286816842701,0.220015043657104,0.492348937500791,3,0,0
396,green,yellow,pink,blue,0.789671809730382,0.243253351532912,0.95493098113909,0.686071454614813,4,0,0
397,green,yellow,pink,blue,0.884468467493587,0.86488443596992,0.0171367569422718,0.589922587370625,3,0,0
398,green,yellow,pink,blue,0.313784688491504,0.867667643924013,0.535024945043851,0.678757466434619,2,0,1
399,green,yellow,pink,blue,0.132131110213115,0.422460389639208,0.749922318881568,0.327419933537255,1,0,0
400,green,yellow,pink,blue,0.406154340396795,0.1677541618896,0.0293021336179295,0.988920667390779,1,0,0
401,green,yellow,pink,blue,0.982174391317942,0.0948815513942516,0.127589027774771,0.970085802675206,3,0,0
402,green,yellow,pink,blue,0.769987599473111,0.546124113477683,0.532840345530353,0.256407644514451,4,0,1
403,green,yellow,pink,blue,0.382918534338002,0.835581265309596,0.890687915748741,0.337359335896716,2,0,0
404,green,yellow,pink,blue,0.106065771113383,0.100836521429345,0.535031038522022,0.912236621037114,1,0,1
405,green,yellow,pink,blue,0.757966214474053,0.789207042495583,0.33659814132213,0.882073603407175,3,0,0
406,green,yellow,pink,blue,0.3942004136256,0.491995259014294,0.49799150905153,0.659536240794797,1,0,1
407,green,yellow,pink,blue,0.330210624127864,0.0331255081334889,0.910951732804026,0.48893393432747,1,0,0
408,green,yellow,pink,blue,0.817740055438373,0.319436450575699,0.686014546533167,0.195241105129243,4,0,0
409,green,yellow,pink,blue,0.846344652446865,0.282079058339184,0.685547649201882,0.566118823362145,4,0,0
410,green,yellow,pink,blue,0.786059133966889,0.296894553953201,0.896446569919579,0.790026567403124,4,0,0
411,green,yellow,pink,blue,0.848843271937883,0.952250896720814,0.212027781234342,0.202804101486756,3,0,0
412,green,yellow,pink,blue,0.756535646669192,0.453197769575685,0.0733028997051743,0.258674427401305,3,0,1
413,green,yellow,pink,blue,0.159193932132925,0.669842284530156,0.203712173454299,0.621537182599393,2,0,0
414,green,yellow,pink,blue,0.274385301648071,0.613346206443374,0.709909562314099,0.74558212266044,2,0,0
415,green,yellow,pink,blue,0.210106897139903,0.128759145019643,0.168071072603824,0.205797017477748,1,0,0
416,green,yellow,pink,blue,0.421686018064432,0.855076175610334,0.275753522530812,0.468688729311341,2,0,0
417,green,yellow,pink,blue,0.369622588139957,0.047791171777639,0.128292707946621,0.684992268064851,1,0,0
418,green,yellow,pink,blue,0.205370094039141,0.642666630736399,0.467532050477993,0.795409672586047,2,0,1
419,green,yellow,pink,blue,0.906805813551461,0.258164614337635,0.519399010860156,0.514479753067487,4,0,1
420,green,yellow,pink,blue,0.499629581404795,0.981245073262561,0.699702672681515,0.561756370740894,2,1,1
421,green,yellow,pink,blue,0.530423133902501,0.606750493362847,0.654038152052057,0.467110470464254,4,1,1
422,green,yellow,pink,blue,0.657105891485468,0.0272525655881626,0.348763455419429,0.296495754633693,3,0,0
423,green,yellow,pink,blue,0.751121681919284,0.253664819638386,0.929795971715548,0.170255466217755,4,0,0
424,green,yellow,pink,blue,0.884270053246574,0.873798425727118,0.629789922934716,0.126661470279398,4,0,0
425,green,yellow,pink,blue,0.704181822285142,0.838596736097958,0.983248936128703,0.492465796666671,4,0,0
426,green,yellow,pink,blue,0.785097491735169,0.823083015542178,0.783412386751778,0.771435830575348,4,0,0
427,green,yellow,pink,blue,0.156922611852701,0.394897742300844,0.26876147411342,0.755946530215405,1,0,0
428,green,yellow,pink,blue,0.862155377175928,0.817738693178272,0.226930037580387,0.862127195189027,3,0,0
429,green,yellow,pink,blue,0.747286569790846,0.948791398617271,0.0464892120276185,0.279870246534466,3,0,0
430,green,yellow,pink,blue,0.125890841035004,0.320412937576682,0.883481040313433,0.429355444586528,1,0,0
431,green,yellow,pink,blue,0.877908029711808,0.93868028140327,0.335863027357191,0.293572231116354,3,0,0
432,green,yellow,pink,blue,0.158153540408388,0.682996452770894,0.0408008056706853,0.203619209642294,2,0,0
433,green,yellow,pink,blue,0.0539545627959125,0.162007546339981,0.236878297348164,0.290936904884848,1,0,0
434,green,yellow,pink,blue,0.366337204454258,0.262487422527868,0.543419101931347,0.0737661905858863,1,0,1
435,green,yellow,pink,blue,0.694995441818079,0.250711529390661,0.460673834773713,0.519743938681535,3,0,1
436,green,yellow,pink,blue,0.579109202037838,0.473255304282855,0.296950112933194,0.308969693575209,3,0,1
437,green,yellow,pink,blue,0.376913648541258,0.721122411794234,0.0123813096360953,0.289209204256594,2,0,0
438,green,yellow,pink,blue,0.0166893849801177,0.489605711103442,0.70265433187699,0.804198309605296,1,0,1
439,green,yellow,pink,blue,0.414666776205778,0.966758845260002,0.555693668786296,0.876164482671443,2,0,0
440,green,yellow,pink,blue,0.276175058373323,0.896347363793945,0.852132194476606,0.828796241197693,2,0,0
441,green,yellow,pink,blue,0.991474012652274,0.800114095388427,0.969040967118374,0.253061720955634,4,0,0
442,green,yellow,pink,blue,0.305312666709053,0.860150606117898,0.0620524898515405,0.122656293142596,2,0,0
443,green,yellow,pink,blue,0.140888013021881,0.329406583503754,0.32416946791655,0.329003688946009,1,0,0
444,green,yellow,pink,blue,0.570357658605276,0.112985467290984,0.556219328889876,0.00123038636888106,4,0,0
445,green,yellow,pink,blue,0.846291273127056,0.858320827692228,0.144965393192268,0.133954873395771,3,0,0
446,green,yellow,pink,blue,0.532689786672965,0.50283373379742,0.178177616169629,0.577960037392289,3,1,1
447,green,yellow,pink,blue,0.190147385440266,0.527647106870934,0.626014126008613,0.605147896006363,2,0,1
448,green,yellow,pink,blue,0.789838910901575,0.477729422727993,0.601440278300316,0.909306362341781,4,0,1
449,green,yellow,pink,blue,0.451563210174081,0.886292059077488,0.168710520165785,0.0439151408258865,2,1,1
450,green,yellow,pink,blue,0.0285029257118943,0.640149938537459,0.16042119632985,0.829921730454615,2,0,0
451,green,yellow,pink,blue,0.911574264096648,0.60491659496096,0.677169045369368,0.925395991073776,4,0,0
452,green,yellow,pink,blue,0.318396932526054,0.400780482883382,0.327870259688068,0.669081879390472,1,0,0
453,green,yellow,pink,blue,0.709870707879246,0.897535384306567,0.399848578113177,0.614113484180126,3,0,0
454,green,yellow,pink,blue,0.731636861722023,0.213595200573668,0.405864405740608,0.000822998457186808,3,0,0
455,green,yellow,pink,blue,0.174113707493193,0.431262554491598,0.576061421515432,0.122755241092376,1,0,0
456,green,yellow,pink,blue,0.254965136382224,0.917061649354205,0.859403085676497,0.120985831906613,2,0,0
457,green,yellow,pink,blue,0.679775434803906,0.50124495603362,0.505292970079387,0.733773842232582,4,0,1
458,green,yellow,pink,blue,0.925772672405487,0.90046139545717,0.48752443353117,0.133665403480274,3,0,1
459,green,yellow,pink,blue,0.987471453671667,0.610744659995892,0.935162239623866,0.141141998948152,4,0,0
460,green,yellow,pink,blue,0.879099529212839,0.300411086425138,0.352294102090959,0.90831611888199,3,0,0
461,green,yellow,pink,blue,0.267546031429459,0.511108619080893,0.10476216348459,0.41265466337164,2,0,1
462,green,yellow,pink,blue,0.095431282808783,0.695588388632308,0.788205582083349,0.884490508176682,2,0,0
463,green,yellow,pink,blue,0.469556227356592,0.399059132447146,0.930109484531763,0.901681142719091,1,1,1
464,green,yellow,pink,blue,0.081995747155838,0.00818065282698638,0.195873713007264,0.653923313961416,1,0,0
465,green,yellow,pink,blue,0.196003476662815,0.286995599975772,0.813812471593974,0.446630459513974,1,0,0
466,green,yellow,pink,blue,0.308588022720117,0.32771813447879,0.838974467709558,0.843505817551147,1,0,0
467,green,yellow,pink,blue,0.76205608103741,0.210830756418676,0.615549395308692,0.0425993180297741,4,0,0
468,green,yellow,pink,blue,0.871390959127644,0.634228240256888,0.983249363226946,0.984471206570822,4,0,0
469,green,yellow,pink,blue,0.251684495598385,0.749287472940089,0.173758497469617,0.481027944239716,2,0,0
470,green,yellow,pink,blue,0.577514075407401,0.294050330633503,0.86710064868302,0.549138499685594,4,0,0
471,green,yellow,pink,blue,0.299787815737208,0.308279333322894,0.775424218715608,0.117309272407857,1,0,0
472,green,yellow,pink,blue,0.0295553389781356,0.946454097231291,0.6208303157713,0.344668898730032,2,0,0
473,green,yellow,pink,blue,0.523602101937916,0.0989623977253318,0.182089911372255,0.569113299604495,3,1,1
474,green,yellow,pink,blue,0.531429279745828,0.45618863612177,0.847989352936699,0.173466892883598,4,1,1
475,green,yellow,pink,blue,0.641108601054577,0.722870589944396,0.45321998844432,0.129693248018022,3,0,1
476,green,yellow,pink,blue,0.395229532844907,0.48864816312999,0.889198351800877,0.421762466574601,1,0,1
477,green,yellow,pink,blue,0.866246607657334,0.043697259316737,0.821093126684586,0.124399242392548,4,0,0
478,green,yellow,pink,blue,0.670018925026728,0.405620447298292,0.290209713833155,0.992795472784281,3,0,0
479,green,yellow,pink,blue,0.647743722722692,0.857202928902341,0.775499829812112,0.334134141647691,4,0,0
480,green,yellow,pink,blue,0.614654825989786,0.668223343411632,0.614119893279503,0.702112885863644,4,0,0
481,green,yellow,pink,blue,0.0817462503204189,0.157211703168918,0.517775998356642,0.708236479378878,1,0,1
482,green,yellow,pink,blue,0.256322646085422,0.79936117194987,0.464082200043763,0.919227772159827,2,0,1
483,green,yellow,pink,blue,0.443029705153653,0.693720518325468,0.29787918448489,0.0259593249693197,2,0,0
484,green,yellow,pink,blue,0.211381538348855,0.000123331213329247,0.407012544921123,0.0347302960652011,1,0,0
485,green,yellow,pink,blue,0.379168771669867,0.942432434929832,0.763610750153106,0.137504228313458,2,0,0
486,green,yellow,pink,blue,0.692370595825096,0.380872169681612,0.776023728578408,0.415888440730015,4,0,0
487,green,yellow,pink,blue,0.836536742357533,0.356106111058795,0.443285530638524,0.0274178624315702,3,0,0
488,green,yellow,pink,blue,0.634908279309593,0.827221900501407,0.928829776236609,0.0438295166811212,4,0,0
489,green,yellow,pink,blue,0.341609067508816,0.852629468910296,0.479738077245353,0.341171227984847,2,0,1
490,green,yellow,pink,blue,0.597627155408404,0.940227385315041,0.443991962214213,0.333406888208104,3,0,0
491,green,yellow,pink,blue,0.163784408298165,0.905081106401129,0.797983758,0.202536501712199,2,0,0
492,green,yellow,pink,blue,0.227688206362919,0.983635392847221,0.607293765439451,0.583605565960226,2,0,0
493,green,yellow,pink,blue,0.875766532728431,0.648318481651991,0.107015724249713,0.933144327129234,3,0,0
494,green,yellow,pink,blue,0.198212179126981,0.471066888714159,0.0537771876047651,0.0354313854677126,1,0,1
495,green,yellow,pink,blue,0.566698986338303,0.390037517511527,0.336965147957503,0.959653440729867,3,0,0
496,green,yellow,pink,blue,0.61230420766741,0.204493006047673,0.857214471819862,0.246856448603121,4,0,0
497,green,yellow,pink,blue,0.18092232661803,0.128698383708673,0.00912402635038007,0.680331807765232,1,0,0
498,green,yellow,pink,blue,0.530396044330213,0.705843684610854,0.205068853774367,0.630508949302709,3,1,1
499,green,yellow,pink,blue,0.385176596013401,0.365221153062956,0.437688331634092,0.549007494837078,1,0,0
500,green,yellow,pink,blue,0.560926044865969,0.689870872248485,0.945287571956898,0.279819132716264,4,0,0
501,green,yellow,pink,blue,0.40138972930333,0.373938206489267,0.198507763015884,0.133839239624054,1,0,0
502,green,yellow,pink,blue,0.581566584171426,0.680970321062032,0.472433247119955,0.292493511757168,3,0,1
503,green,yellow,pink,blue,0.942500562827843,0.309834077955467,0.32384759820019,0.0236172500205015,3,0,0
504,green,yellow,pink,blue,0.727010617345453,0.272366797825688,0.897735911110175,0.467250692099731,4,0,0
505,green,yellow,pink,blue,0.312612794585922,0.934745609993913,0.185494496409343,0.406368506897586,2,0,0
506,green,yellow,pink,blue,0.368582678839965,0.817502073775379,0.956731481592488,0.733847113195883,2,0,0
507,green,yellow,pink,blue,0.535431086395739,0.482125781907642,0.318173179912743,0.598900005280356,3,1,1
508,green,yellow,pink,blue,0.273638170413568,0.600946551003668,0.622654871875967,0.10139372304953,2,0,0
509,green,yellow,pink,blue,0.802897873633366,0.702430067907611,0.386595003772461,0.619708001632495,3,0,0
510,green,yellow,pink,blue,0.906901170224436,0.639909295220572,0.996608314748537,0.488298113029501,4,0,0
511,green,yellow,pink,blue,0.560627395070825,0.0731539631328789,0.908548071657888,0.417672211962136,4,0,0
512,green,yellow,pink,blue,0.000153687961064186,0.98203551044371,0.232694608557189,0.383615831828798,2,0,0
513,green,yellow,pink,blue,0.138132051399987,0.992396705116809,0.342421865135705,0.185917653691275,2,0,0
514,green,yellow,pink,blue,0.509314612172976,0.633338057864616,0.357590618638219,0.717659144946339,3,1,1
515,green,yellow,pink,blue,0.0266943998952797,0.323348724990978,0.000641873190680653,0.0318004011120472,1,0,0
516,green,yellow,pink,blue,0.764849214804404,0.0408639239229533,0.258653610820394,0.416819369137012,3,0,0
517,green,yellow,pink,blue,0.190782070627942,0.0578353237215569,0.089431692816156,0.214994730645043,1,0,0
518,green,yellow,pink,blue,0.83298904279594,0.683945400509372,0.185313867052742,0.796108896459352,3,0,0
519,green,yellow,pink,blue,0.456293183793358,0.503874191481086,0.223868116677574,0.715573770878281,2,1,1
520,green,yellow,pink,blue,0.0335208186845407,0.396811083447981,0.777450587891523,0.679075861093868,1,0,0
521,green,yellow,pink,blue,0.679122432365717,0.224246432289428,0.987762194233377,0.994350909914758,4,0,0
522,green,yellow,pink,blue,0.539280005592202,0.472230336876237,0.412455730447275,0.0424609232632197,3,1,1
523,green,yellow,pink,blue,0.00631392051292196,0.180538133113913,0.298669345132901,0.741116554068621,1,0,0
524,green,yellow,pink,blue,0.398641058446291,0.311305913445502,0.64600209487111,0.685106569262692,1,0,0
525,green,yellow,pink,blue,0.98306740445387,0.690842876227518,0.609831467099319,0.396088060389822,4,0,0
526,green,yellow,pink,blue,0.889083478009862,0.887491860146646,0.413184994627788,0.608645097226427,3,0,0
527,green,yellow,pink,blue,0.210923569890265,0.238618782788793,0.810837719139138,0.880915890230435,1,0,0
528,green,yellow,pink,blue,0.655575545744073,0.326744664545682,0.640218180492874,0.503592540434843,4,0,0
529,green,yellow,pink,blue,0.37643078378226,0.924769391409315,0.362375075379558,0.318359415182879,2,0,0
530,green,yellow,pink,blue,0.353868325025834,0.181776066563784,0.527564868988719,0.958757774350731,1,0,1
531,green,yellow,pink,blue,0.388775747472306,0.838590720437991,0.647964891394997,0.70131916612882,2,0,0
532,green,yellow,pink,blue,0.879791717823716,0.890032740964701,0.683859604973528,0.20827264839694,4,0,0
533,green,yellow,pink,blue,0.530655620420305,0.781720695610865,0.485866135214234,0.440209483197051,3,1,1
534,green,yellow,pink,blue,0.228285000585662,0.502465098834201,0.818193920960397,0.247145519694154,2,0,1
535,green,yellow,pink,blue,0.901089534786766,0.0882493791417203,0.2461887481094,0.431113091912488,3,0,0
536,green,yellow,pink,blue,0.466717424531561,0.250754360498581,0.300670410315545,0.32379827657675,1,1,1
537,green,yellow,pink,blue,0.422435067987092,0.511898974511128,0.604872418433383,0.229660035449245,2,0,1
538,green,yellow,pink,blue,0.26602078996197,0.710084906775837,0.261251343703351,0.923179420427734,2,0,0
539,green,yellow,pink,blue,0.00278589447620586,0.724548673468284,0.0837281850168656,0.368742662069316,2,0,0
540,green,yellow,pink,blue,0.379749206541735,0.376888799144007,0.375021382734704,0.447156445484186,1,0,0
541,green,yellow,pink,blue,0.471289705329954,0.383884346481143,0.584270464751575,0.67377784195511,1,1,1
542,green,yellow,pink,blue,0.985738536808541,0.0699899671332997,0.921307147490097,0.075629992992065,4,0,0
543,green,yellow,pink,blue,0.480607427556362,0.819960093545031,0.278948915430234,0.818626697913501,2,1,1
544,green,yellow,pink,blue,0.40426280717987,0.725752713283858,0.742924945247061,0.242681034635545,2,0,0
545,green,yellow,pink,blue,0.0228428097989432,0.0686961587737965,0.43580906850796,0.341143048150465,1,0,0
546,green,yellow,pink,blue,0.0842387506167085,0.304466064280268,0.776181252351214,0.940370607488702,1,0,0
547,green,yellow,pink,blue,0.836491482688175,0.204548774955286,0.867094312013198,0.600448719414606,4,0,0
548,green,yellow,pink,blue,0.656487158202754,0.740560836027136,0.60972473104904,0.358872840660283,4,0,0
549,green,yellow,pink,blue,0.754671023973059,0.373117825678112,0.187682651560959,0.243673976939463,3,0,0
550,green,yellow,pink,blue,0.650481733398913,0.794064127215366,0.414959058465976,0.489172903661435,3,0,0
551,green,yellow,pink,blue,0.0422190532589253,0.304347125613398,0.193532141912117,0.491506027252617,1,0,0
552,green,yellow,pink,blue,0.534802971317751,0.0788647183073209,0.0141571343920036,0.991145064299121,3,1,1
553,green,yellow,pink,blue,0.531935619124346,0.556262101075682,0.380451266664761,0.101932156001005,3,1,1
554,green,yellow,pink,blue,0.0972551806632403,0.970799807460092,0.766913323921732,0.331138770784967,2,0,0
555,green,yellow,pink,blue,0.917017428447351,0.800566702935424,0.523846555717075,0.871188118693054,4,0,1
556,green,yellow,pink,blue,0.236535276620547,0.402442520013063,0.304463832864489,0.517024880736951,1,0,0
557,green,yellow,pink,blue,0.716022467197652,0.827567394002857,0.865201499290444,0.405972321737937,4,0,0
558,green,yellow,pink,blue,0.572393452447517,0.477531770061968,0.464902700866832,0.975479455562243,3,0,1
559,green,yellow,pink,blue,0.796733070767336,0.635205769811857,0.514418506096454,0.917472185709979,4,0,1
560,green,yellow,pink,blue,0.175434026995196,0.986491927196757,0.804402121676262,0.90416792358262,2,0,0
561,green,yellow,pink,blue,0.863648877078903,0.236684495442892,0.645847150031489,0.958219431085909,4,0,0
562,green,yellow,pink,blue,0.800358931187295,0.483114001178043,0.609032887344448,0.0899342056879548,4,0,1
563,green,yellow,pink,blue,0.690333439873019,0.138267067121871,0.466373357093334,0.75193463571041,3,0,1
564,green,yellow,pink,blue,0.720880342362102,0.84784565333857,0.496132005004633,0.0237998099469249,3,0,1
565,green,yellow,pink,blue,0.647121035170763,0.0200519671170733,0.0475321360339707,0.855223910830175,3,0,0
566,green,yellow,pink,blue,0.840287862778361,0.601992907952281,0.606047662722612,0.834246423895185,4,0,0
567,green,yellow,pink,blue,0.259721464094471,0.130267402193511,0.733586776172738,0.216693096097973,1,0,0
568,green,yellow,pink,blue,0.426515363172423,0.280082346716319,0.168476127767437,0.997722943706458,1,0,0
569,green,yellow,pink,blue,0.75282605353793,0.529771072632274,0.968306190360025,0.422112526961582,4,0,1
570,green,yellow,pink,blue,0.442088233469693,0.595952834583059,0.800540346724427,0.767276008335583,2,0,0
571,green,yellow,pink,blue,0.956198174668756,0.568040834952409,0.250146376321987,0.909725407506712,3,0,0
572,green,yellow,pink,blue,0.336856742076847,0.911774705417937,0.49785862547333,0.0774229264278125,2,0,1
573,green,yellow,pink,blue,0.330165968483274,0.295617237654148,0.55104325376817,0.85848858921272,1,0,0
574,green,yellow,pink,blue,0.795326989993811,0.442894828685041,0.765853541537422,0.388612957146835,4,0,0
575,green,yellow,pink,blue,0.135483839373514,0.0869389078170529,0.528750216548713,0.114881256548772,1,0,1
576,green,yellow,pink,blue,0.873758064058121,0.486604081473033,0.816803663338842,0.210319299884946,4,0,1
577,green,yellow,pink,blue,0.659341025240546,0.583103960479999,0.762125533167532,0.0157757482492429,4,0,0
578,green,yellow,pink,blue,0.625601467182417,0.441471234052149,0.0960572439549375,0.892562954267608,3,0,0
579,green,yellow,pink,blue,0.958187248328639,0.211247023064629,0.742207275123654,0.410899508421334,4,0,0
580,green,yellow,pink,blue,0.836372917532183,0.539000268564356,0.100257807433271,0.756435304115245,3,0,1
581,green,yellow,pink,blue,0.560194265157296,0.29754069065617,0.315615148360598,0.340958616637455,3,0,0
582,green,yellow,pink,blue,0.581319693009671,0.161756894856268,0.812552424033446,0.574116619835076,4,0,0
583,green,yellow,pink,blue,0.494317167877801,0.771690394273148,0.917553776349792,0.82421048812794,2,1,1
584,green,yellow,pink,blue,0.80779407965565,0.320280153555637,0.42834951765704,0.73318943496507,3,0,0
585,green,yellow,pink,blue,0.658979986929441,0.337281606750891,0.137079707439575,0.0134184845914118,3,0,0
586,green,yellow,pink,blue,0.0473685971993071,0.627220832822427,0.914823297326599,0.262537914876556,2,0,0
587,green,yellow,pink,blue,0.653528344816798,0.0848131074797498,0.383003292383858,0.495110216059414,3,0,0
588,green,yellow,pink,blue,0.797665143556544,0.337452875736901,0.306742825543643,0.682113585718948,3,0,0
589,green,yellow,pink,blue,0.463734391082049,0.607683908136722,0.0250896155976633,0.283945957152962,2,1,1
590,green,yellow,pink,blue,0.629981427521034,0.813246298227485,0.108838787929564,0.521081638617608,3,0,0
591,green,yellow,pink,blue,0.312796804110714,0.119487153154378,0.0249466859457977,0.752809827329366,1,0,0
592,green,yellow,pink,blue,0.576611204449987,0.646270779962679,0.27449072631619,0.969042221421991,3,0,0
593,green,yellow,pink,blue,0.553006574428771,0.754143045431746,0.369831240067555,0.0829647501223859,3,0,0
594,green,yellow,pink,blue,0.603141971870996,0.482114831355238,0.0755511544088702,0.794649626151222,3,0,1
595,green,yellow,pink,blue,0.455386688044503,0.549720567836246,0.445933364358974,0.770227352070954,2,1,1
596,green,yellow,pink,blue,0.987594689310492,0.332748408673567,0.768160985891869,0.888960116904026,4,0,0
597,green,yellow,pink,blue,0.155821690763424,0.225088255151841,0.602622511203572,0.0299954101133025,1,0,0
598,green,yellow,pink,blue,0.456345169357588,0.491390200513085,0.891154873720637,0.476728295551021,1,1,1
599,green,yellow,pink,blue,0.899328003465638,0.504641306694772,0.878720783598002,0.787257909024662,4,0,1
600,green,yellow,pink,blue,0.99769031767549,0.860297926594672,0.965796466756307,0.305319901583597,4,0,0
601,green,yellow,pink,blue,0.811568910948035,0.398006648992983,0.729782812283829,0.304906383897333,4,0,0
602,green,yellow,pink,blue,0.186702546884978,0.696855737341996,0.934757409902731,0.725422138465918,2,0,0
603,green,yellow,pink,blue,0.0219156049711627,0.107661299050901,0.212571603647311,0.510092827901661,1,0,0
604,green,yellow,pink,blue,0.288942254625059,0.557918119198766,0.576222757145389,0.512154411567579,2,0,0
605,green,yellow,pink,blue,0.689823026583878,0.0909422618845587,0.748613327923186,0.220190454592781,4,0,0
606,green,yellow,pink,blue,0.746023358196159,0.914981250007284,0.671484461757542,0.862572030763068,4,0,0
607,green,yellow,pink,blue,0.9062132833777,0.819423447605937,0.746721500621351,0.577872622210573,4,0,0
608,green,yellow,pink,blue,0.749858761985886,0.674154106397023,0.362810935575049,0.132411477644619,3,0,0
609,green,yellow,pink,blue,0.479307136449202,0.205095750363661,0.0504544012225491,0.852565205701481,1,1,1
610,green,yellow,pink,blue,0.41703841668998,0.910994434535731,0.177108927290465,0.598234708824882,2,0,0
611,green,yellow,pink,blue,0.106673202872552,0.0481998682636959,0.802673596480191,0.174347096122148,1,0,0
612,green,yellow,pink,blue,0.697547661449607,0.199947820124642,0.893689819533034,0.593268588915688,4,0,0
613,green,yellow,pink,blue,0.942179711764988,0.342540411973402,0.317485939519643,0.584169740496511,3,0,0
614,green,yellow,pink,blue,0.918696199174958,0.558672508211636,0.11270242082924,0.461579267683942,3,0,0
615,green,yellow,pink,blue,0.72501223728743,0.022186092652012,0.55314905180227,0.477911218390587,4,0,0
616,green,yellow,pink,blue,0.913333512425042,0.0867964615795178,0.818484111722439,0.336296502894392,4,0,0
617,green,yellow,pink,blue,0.820147117310225,0.193835570626426,0.0331627244615822,0.373144170307341,3,0,0
618,green,yellow,pink,blue,0.671740053376343,0.455137839213203,0.62473322472163,0.88057162145907,4,0,1
619,green,yellow,pink,blue,0.285707266594431,0.533608084672032,0.0852803673617795,0.421530752987625,2,0,1
620,green,yellow,pink,blue,0.0548134520098671,0.331300270384385,0.647624035023213,0.985087289329541,1,0,0
621,green,yellow,pink,blue,0.198145402991235,0.483053699269327,0.968854521045124,0.33096711508415,1,0,1
622,green,yellow,pink,blue,0.747633656891387,0.700315112624699,0.68278521291086,0.46471548201995,4,0,0
623,green,yellow,pink,blue,0.4344114573847,0.633500071998326,0.521821957029673,0.745966224647189,2,0,1
624,green,yellow,pink,blue,0.366864515926105,0.0164662390798645,0.126541478088639,0.88343784738325,1,0,0
625,green,yellow,pink,blue,0.967550907191474,0.851894974420818,0.847341600854637,0.640829293378606,4,0,0
626,green,yellow,pink,blue,0.0141722878883856,0.677868742354569,0.273748397153556,0.837127732801454,2,0,0
627,green,yellow,pink,blue,0.503838847628348,0.794009554659798,0.259268890548364,0.81517925771434,3,1,1
628,green,yellow,pink,blue,0.256521717371553,0.550194664454283,0.908058487848344,0.443960983210753,2,0,0
629,green,yellow,pink,blue,0.488860428629528,0.0254458850041714,0.375346836952615,0.798235123296946,1,1,1
630,green,yellow,pink,blue,0.246024075037153,0.273227773960152,0.433851480335124,0.0515998067416362,1,0,0
631,green,yellow,pink,blue,0.208654863517391,0.150650862386687,0.816394413591887,0.383372092474425,1,0,0
632,green,yellow,pink,blue,0.362752746083932,0.597350483438158,0.276604962308141,0.118239427963358,2,0,0
633,green,yellow,pink,blue,0.425346626310694,0.249597445098826,0.0171480585549417,0.292673846560839,1,0,0
634,green,yellow,pink,blue,0.368078716192016,0.177459888596203,0.252869330426075,0.745594993980791,1,0,0
635,green,yellow,pink,blue,0.516897044309417,0.98884502222449,0.631878889486815,0.696078555617825,4,1,1
636,green,yellow,pink,blue,0.406143877225542,0.122243842692107,0.476178118231886,0.608446549945255,1,0,1
637,green,yellow,pink,blue,0.405324207011049,0.728194389528219,0.271746414254395,0.837286432160906,2,0,0
638,green,yellow,pink,blue,0.617860435231509,0.962146852990686,0.0555953973959065,0.263903539134573,3,0,0
639,green,yellow,pink,blue,0.128748000588049,0.512385364500485,0.924952070885894,0.213036247378173,2,0,1
640,green,yellow,pink,blue,0.0162691723755012,0.225654397148313,0.942022918993764,0.464813674769016,1,0,0
641,green,yellow,pink,blue,0.389499086341128,0.793122474115207,0.109505120949735,0.814989826547248,2,0,0
642,green,yellow,pink,blue,0.168495316056461,0.821460997987173,0.816182099208462,0.167513649375292,2,0,0
643,green,yellow,pink,blue,0.199698059752713,0.538246141753065,0.530684484661169,0.583373686141259,2,0,1
644,green,yellow,pink,blue,0.272493491679702,0.686823234050403,0.183981893115727,0.769253403349829,2,0,0
645,green,yellow,pink,blue,0.568638209100769,0.711298997087849,0.0058211289424821,0.870246258204427,3,0,0
646,green,yellow,pink,blue,0.472976888937038,0.391095636179085,0.967756227720001,0.00684564219851336,1,1,1
647,green,yellow,pink,blue,0.503996764221657,0.613383321289917,0.859773710423806,0.457269349861523,4,1,1
648,green,yellow,pink,blue,0.317873132744388,0.429696823377776,0.517441744371829,0.925987691896533,1,0,1
649,green,yellow,pink,blue,0.514201061894967,0.59332101796249,0.757970741360159,0.28139951515316,4,1,1
650,green,yellow,pink,blue,0.716949509722225,0.522987585896585,0.730222744677902,0.917566339787142,4,0,1
651,green,yellow,pink,blue,0.218192832765517,0.909195456141698,0.183407834228435,0.755429001319301,2,0,0
652,green,yellow,pink,blue,0.0791884542950126,0.561034395050415,0.23483621498906,0.689377091474629,2,0,0
653,green,yellow,pink,blue,0.736796557502007,0.692577547592888,0.922718211887105,0.981556165558126,4,0,0
654,green,yellow,pink,blue,0.984961286734008,0.0935005807678702,0.938697389606259,0.279112793846588,4,0,0
655,green,yellow,pink,blue,0.984994727604587,0.853989283570185,0.757463975065908,0.271617034349379,4,0,0
656,green,yellow,pink,blue,0.653563123339195,0.307216711264152,0.958483058921776,0.642102168026578,4,0,0
657,green,yellow,pink,blue,0.492344030540068,0.86877837693318,0.0274926216058886,0.835109126197415,2,1,1
658,green,yellow,pink,blue,0.150865987272515,0.263739611994167,0.865218449295281,0.361418197036147,1,0,0
659,green,yellow,pink,blue,0.784839270991246,0.441042872223662,0.248163146099029,0.0371449152080938,3,0,0
660,green,yellow,pink,blue,0.332513651226867,0.728926717416606,0.634999471204181,0.0365780306366676,2,0,0
661,green,yellow,pink,blue,0.868800031766959,0.343501222371777,0.0228208221191349,0.0540598394658433,3,0,0
662,green,yellow,pink,blue,0.662174539584783,0.647113691625241,0.0280206279690126,0.15425583664231,3,0,0
663,green,yellow,pink,blue,0.319720780022625,0.247785718631924,0.668547734651748,0.670912265897922,1,0,0
664,green,yellow,pink,blue,0.667052640737356,0.511407648117038,0.831187156911904,0.183905819170205,4,0,1
665,green,yellow,pink,blue,0.0269770663800495,0.750782143684936,0.394271174061598,0.0641692431809453,2,0,0
666,green,yellow,pink,blue,0.600163643891002,0.563806894241846,0.427742766811559,0.0111006734999199,3,0,0
667,green,yellow,pink,blue,0.726309155564078,0.189905404080776,0.461118105198099,0.0591197194729505,3,0,1
668,green,yellow,pink,blue,0.455328171458809,0.229156845841665,0.963812223895043,0.191468714824139,1,1,1
669,green,yellow,pink,blue,0.304461923940953,0.337446464509307,0.863794331113736,0.262000527638772,1,0,0
670,green,yellow,pink,blue,0.541323303608762,0.473142402296945,0.838245052319096,0.626266634041738,4,1,1
671,green,yellow,pink,blue,0.916922592556121,0.924753243806677,0.408580797801155,0.670884754565659,3,0,0
672,green,yellow,pink,blue,0.506999458928322,0.960307479926473,0.972554227757905,0.432657918152469,4,1,1
673,green,yellow,pink,blue,0.313823527063653,0.0569944099669928,0.560441256600304,0.040455196116044,1,0,0
674,green,yellow,pink,blue,0.893653356215759,0.380240175080726,0.939694867966387,0.785936197390924,4,0,0
675,green,yellow,pink,blue,0.075733541706541,0.29604437504803,0.977989993639172,0.703083031653026,1,0,0
676,green,yellow,pink,blue,0.0939579849729111,0.0463136659298666,0.161530938470872,0.242267525990864,1,0,0
677,green,yellow,pink,blue,0.928551145699329,0.359436419523388,0.451998301414329,0.684434296906753,3,0,1
678,green,yellow,pink,blue,0.34165414694376,0.575984676844297,0.116886935378523,0.168522333699787,2,0,0
679,green,yellow,pink,blue,0.375688268443475,0.806167608920024,0.335967777349056,0.440100178394701,2,0,0
680,green,yellow,pink,blue,0.703522726325798,0.251385337423927,0.872577243825633,0.292096442063053,4,0,0
681,green,yellow,pink,blue,0.537730905591721,0.9904243131787,0.120784125042746,0.327869187861694,3,1,1
682,green,yellow,pink,blue,0.926032272998251,0.326906110664061,0.926834957094594,0.152216133600321,4,0,0
683,green,yellow,pink,blue,0.00308053078476123,0.561579063200657,0.678834511569495,0.609980365481944,2,0,0
684,green,yellow,pink,blue,0.961994297008995,0.531342469185117,0.917961103261485,0.417586507277775,4,0,1
685,green,yellow,pink,blue,0.36340180435072,0.234282256197103,0.457669857849537,0.638650829183197,1,0,1
686,green,yellow,pink,blue,0.0909951319717243,0.752441291026072,0.191489246657519,0.0625211164759991,2,0,0
687,green,yellow,pink,blue,0.0423706555193993,0.479264474295074,0.525519463441751,0.163630330101656,1,0,1
688,green,yellow,pink,blue,0.00881080122128419,0.850991665285919,0.689586090904822,0.139778831633895,2,0,0
689,green,yellow,pink,blue,0.328676567442239,0.696112370702656,0.72794095819915,0.562598427116414,2,0,0
690,green,yellow,pink,blue,0.991515529077149,0.326426336487747,0.591826314025018,0.742317024601492,4,0,0
691,green,yellow,pink,blue,0.357702973682518,0.345332036068186,0.775328697841328,0.0995061995467418,1,0,0
692,green,yellow,pink,blue,0.518625904926782,0.57779394106305,0.431141273628799,0.657002692531198,3,1,1
693,green,yellow,pink,blue,0.958247488240605,0.961619731458992,0.274652369595238,0.20548777433224,3,0,0
694,green,yellow,pink,blue,0.695501395329994,0.556989058950652,0.339377556539092,0.816137715010025,3,0,0
695,green,yellow,pink,blue,0.246644362252793,0.4501736645205,0.389113074995237,0.217026043310207,1,0,1
696,green,yellow,pink,blue,0.90249624703418,0.381549924004308,0.937683850629666,0.271893779808706,4,0,0
697,green,yellow,pink,blue,0.204274761033765,0.461392012693807,0.243087097162987,0.634017662280023,1,0,1
698,green,yellow,pink,blue,0.250096593002968,0.760409883685121,0.435944358945542,0.423888749638775,2,0,0
699,green,yellow,pink,blue,0.111092974507943,0.765288090936702,0.58895388722588,0.0484868084708757,2,0,0
700,green,yellow,pink,blue,0.333425587232246,0.434768636274894,0.350887844215094,0.170348037199354,1,0,0
701,green,yellow,pink,blue,0.867118340973184,0.327252715751134,0.0401657009784815,0.269016417133134,3,0,0
702,green,yellow,pink,blue,0.518728602281508,0.300734021596556,0.314598303778345,0.449714562434529,3,1,1
703,green,yellow,pink,blue,0.773357830481188,0.645395138254909,0.258925184058804,0.151444417828979,3,0,0
704,green,yellow,pink,blue,0.938076688570598,0.14426475526981,0.198246350525543,0.72633673713617,3,0,0
705,green,yellow,pink,blue,0.734024446263142,0.045962388972304,0.768568367488308,0.15495799315617,4,0,0
706,green,yellow,pink,blue,0.633355568140608,0.973357202019608,0.974018730444996,0.00285142461996535,4,0,0
707,green,yellow,pink,blue,0.859226752135632,0.0390753167609724,0.149885738833781,0.730262313341557,3,0,0
708,green,yellow,pink,blue,0.0557969047765633,0.944217426408935,0.525614288431607,0.414576034388212,2,0,1
709,green,yellow,pink,blue,0.403587119491205,0.419744393731011,0.392250973660241,0.0287033246693232,1,0,0
710,green,yellow,pink,blue,0.0374872835216761,0.572005315398495,0.329829751069909,0.366922869233862,2,0,0
711,green,yellow,pink,blue,0.726709903103322,0.691419879985938,0.757495701539316,0.153389227284666,4,0,0
712,green,yellow,pink,blue,0.877444967052053,0.27499729143504,0.479411012513376,0.645395232175097,3,0,1
713,green,yellow,pink,blue,0.369231538717046,0.00211549845455916,0.152546136248124,0.678798416327664,1,0,0
714,green,yellow,pink,blue,0.0331063708615008,0.871093116719351,0.900582521602411,0.643949994272248,2,0,0
715,green,yellow,pink,blue,0.237706568293556,0.311461682226868,0.552103510751117,0.162794051107231,1,0,0
716,green,yellow,pink,blue,0.142298048731457,0.297018465086242,0.380219303857259,0.869186769385442,1,0,0
717,green,yellow,pink,blue,0.196276637215871,0.638485909612631,0.682291791484451,0.890187704473621,2,0,0
718,green,yellow,pink,blue,0.778005168032525,0.607775399613536,0.413721295694893,0.368231755940703,3,0,0
719,green,yellow,pink,blue,0.304290125248974,0.456053986361897,0.375822154093601,0.79144906987984,1,0,1
720,green,yellow,pink,blue,0.12020246987951,0.779714077990351,0.854691447492089,0.0993004229902322,2,0,0
721,green,yellow,pink,blue,0.567057502837156,0.899160527611288,0.741354631216356,0.82588826164023,4,0,0
722,green,yellow,pink,blue,0.537959440342034,0.704112302325819,0.0565610841722125,0.174111899742986,3,1,1
723,green,yellow,pink,blue,0.303249913950222,0.198725013950153,0.403457095189442,0.152592553370741,1,0,0
724,green,yellow,pink,blue,0.415133227723485,0.943331530103139,0.625341833527658,0.206187154189634,2,0,0
725,green,yellow,pink,blue,0.794687644442282,0.20105440999285,0.801750864257919,0.041572758227542,4,0,0
726,green,yellow,pink,blue,0.263084220214599,0.584074032151813,0.651662270613226,0.994956162611787,2,0,0
727,green,yellow,pink,blue,0.183741237743578,0.271669368244027,0.591327781085724,0.502357470072092,1,0,0
728,green,yellow,pink,blue,0.488166794249253,0.818034250693316,0.83096830933341,0.424109213406205,2,1,1
729,green,yellow,pink,blue,0.135966855298844,0.472607147955218,0.314109063803249,0.802583542719739,1,0,1
730,green,yellow,pink,blue,0.644060525561176,0.486219972081036,0.105518065076635,0.285989662292149,3,0,1
731,green,yellow,pink,blue,0.250671718313356,0.446635640522824,0.330734791497165,0.384934001428016,1,0,0
732,green,yellow,pink,blue,0.184628312738445,0.647065283799334,0.402719735074295,0.957147569174532,2,0,0
733,green,yellow,pink,blue,0.0910810703016348,0.774963453520025,0.835369556951117,0.872545299176258,2,0,0
734,green,yellow,pink,blue,0.981425586171423,0.555378280671077,0.577483699297402,0.472765378007256,4,0,0
735,green,yellow,pink,blue,0.584448109806841,0.340015983083726,0.110572820757303,0.33342086031148,3,0,0
736,green,yellow,pink,blue,0.561155584791092,0.523193302229124,0.516494163246485,0.590698312278423,4,0,1
737,green,yellow,pink,blue,0.343633235081574,0.309676837056672,0.222928569836314,0.0772850367772345,1,0,0
738,green,yellow,pink,blue,0.56291485386162,0.536154923978981,0.132262204404787,0.385695205703739,3,0,1
739,green,yellow,pink,blue,0.310394691855979,0.655999397444763,0.0629579722597646,0.601946579465811,2,0,0
740,green,yellow,pink,blue,0.423862393722348,0.00954047658345086,0.234918422315827,0.365922280218516,1,0,0
741,green,yellow,pink,blue,0.811390281131484,0.686564564558114,0.209420194441279,0.187220329866543,3,0,0
742,green,yellow,pink,blue,0.0529889220545463,0.71565981734568,0.745176127524333,0.82617464508328,2,0,0
743,green,yellow,pink,blue,0.218818784578413,0.442689897863199,0.937372266863026,0.0101667381723687,1,0,0
744,green,yellow,pink,blue,0.0348678084971404,0.767535314136075,0.178981579658645,0.0428598651979342,2,0,0
745,green,yellow,pink,blue,0.621822066980471,0.303406850822098,0.419745928669395,0.793256886174125,3,0,0
746,green,yellow,pink,blue,0.821216829682572,0.0738012925445505,0.285850401169104,0.952705004587755,3,0,0
747,green,yellow,pink,blue,0.714456500181721,0.360516945627945,0.43091531416487,0.939697311373092,3,0,0
748,green,yellow,pink,blue,0.729304527447304,0.961377510474636,0.931879448543605,0.785886940125957,4,0,0
749,green,yellow,pink,blue,0.539310377669306,0.227548056433192,0.940268067691155,0.419039502462791,4,1,1
750,green,yellow,pink,blue,0.263913523820297,0.637144111817124,0.0812176048538729,0.214676005624059,2,0,0
751,green,yellow,pink,blue,0.333524306383847,0.0298062851591911,0.0520800374558767,0.684700691478584,1,0,0
752,green,yellow,pink,blue,0.521099579725266,0.19282874333018,0.675156711835756,0.728662091039259,4,1,1
753,green,yellow,pink,blue,0.64806532376637,0.877310677220073,0.261610182486343,0.874155677643279,3,0,0
754,green,yellow,pink,blue,0.676926768357349,0.431322841751217,0.817625792342253,0.013234490968366,4,0,0
755,green,yellow,pink,blue,0.493925024966585,0.710226009474386,0.328204660299449,0.0273174663514684,2,1,1
756,green,yellow,pink,blue,0.853114627894447,0.610614236215317,0.164131691894339,0.613309609647402,3,0,0
757,green,yellow,pink,blue,0.323305379673081,0.0337724428491275,0.189340722933493,0.173268993945207,1,0,0
758,green,yellow,pink,blue,0.0307387069940092,0.860696009998476,0.31382997726203,0.560168277704471,2,0,0
759,green,yellow,pink,blue,0.595783715928241,0.825566247463776,0.102389871926022,0.597612332107911,3,0,0
760,green,yellow,pink,blue,0.390761662434132,0.693544798483365,0.417849852870401,0.902487288879346,2,0,0
761,green,yellow,pink,blue,0.66484886142655,0.1990196426739,0.951818578007016,0.245236065033595,4,0,0
762,green,yellow,pink,blue,0.608623001329336,0.762707931902907,0.246675192014175,0.136855333982202,3,0,0
763,green,yellow,pink,blue,0.555977099596447,0.0901116460853021,0.754348900171148,0.260500904150096,4,0,0
764,green,yellow,pink,blue,0.458675610855904,0.50912775715683,0.801754584271868,0.158886148256085,2,1,1
765,green,yellow,pink,blue,0.784423097114788,0.523346301170003,0.655870578524517,0.76347569656959,4,0,1
766,green,yellow,pink,blue,0.0611144598131458,0.784297804011165,0.528094551519106,0.394576656266748,2,0,1
767,green,yellow,pink,blue,0.142393725204137,0.664849336000067,0.222434870069492,0.265643027951399,2,0,0
768,green,yellow,pink,blue,0.866162933245916,0.37740758414043,0.639482367772414,0.533930388134223,4,0,0
769,green,yellow,pink,blue,0.87066557004524,0.385141996069992,0.439820981032237,0.3966487912639,3,0,0
770,green,yellow,pink,blue,0.11518154493576,0.479030406689676,0.132284734921565,0.471961385438853,1,0,1
771,green,yellow,pink,blue,0.270110608009025,0.296562134817237,0.986705163904235,0.590941844275076,1,0,0
772,green,yellow,pink,blue,0.171975653389129,0.708235107207786,0.926482472351003,0.0468623602976233,2,0,0
773,green,yellow,pink,blue,0.790344587029774,0.375978233857701,0.316678804405724,0.555021055419337,3,0,0
774,green,yellow,pink,blue,0.443503109265758,0.167532626264425,0.729723026766821,0.272895220055653,1,0,0
775,green,yellow,pink,blue,0.739492127943561,0.248012657719299,0.101713313814263,0.799973760413949,3,0,0
776,green,yellow,pink,blue,0.879392580668975,0.671750443530059,0.884319372557072,0.365433644504612,4,0,0
777,green,yellow,pink,blue,0.465026469233733,0.733076220188414,0.926181381545949,0.329608317068802,2,1,1
778,green,yellow,pink,blue,0.961620516648985,0.945871199681656,0.35173794635707,0.738278512141793,3,0,0
779,green,yellow,pink,blue,0.868986843778934,0.680659740257818,0.934432530342961,0.631087777464986,4,0,0
780,green,yellow,pink,blue,0.553761858808851,0.880274903013951,0.834914362336072,0.955104217724116,4,0,0
781,green,yellow,pink,blue,0.326278492391762,0.834081183905761,0.285342545357958,0.446991633556569,2,0,0
782,green,yellow,pink,blue,0.613886510000286,0.328334110791588,0.731215323347357,0.0846298385552364,4,0,0
783,green,yellow,pink,blue,0.106853499716781,0.144490623509252,0.861815999435962,0.478636372623486,1,0,0
784,green,yellow,pink,blue,0.792253994687156,0.0135321218570946,0.846405211924516,0.761501989323603,4,0,0
785,green,yellow,pink,blue,0.137640338561872,0.0780961200509779,0.93432037549804,0.507846826465582,1,0,0
786,green,yellow,pink,blue,0.803563800370061,0.967995852806465,0.994733124279765,0.68203337131877,4,0,0
787,green,yellow,pink,blue,0.641329691424517,0.594112281266486,0.156177279061975,0.984836945515683,3,0,0
788,green,yellow,pink,blue,0.279105605306136,0.160004199343886,0.878898984999808,0.318802744517352,1,0,0
789,green,yellow,pink,blue,0.325737021406764,0.337500273924591,0.00232002824288546,0.287496615645523,1,0,0
790,green,yellow,pink,blue,0.268861790409575,0.207555186712366,0.64155393834097,0.95453567080251,1,0,0
791,green,yellow,pink,blue,0.700084154327531,0.336680623102447,0.0833121922121244,0.478855202822225,3,0,0
792,green,yellow,pink,blue,0.250387442856435,0.0106717580115754,0.595265837997863,0.443684480629621,1,0,0
793,green,yellow,pink,blue,0.161231508635252,0.968883372803299,0.248600297836357,0.07102358141419,2,0,0
794,green,yellow,pink,blue,0.423983213793299,0.812070113554487,0.704791567657682,0.658448609988048,2,0,0
795,green,yellow,pink,blue,0.340803892785051,0.680048158617998,0.245540899920171,0.592666634067657,2,0,0
796,green,yellow,pink,blue,0.824988125481527,0.35411858285022,0.198445848660478,0.991130385231531,3,0,0
797,green,yellow,pink,blue,0.30839152975763,0.500444640076541,0.987034601532807,0.898842578485961,2,0,1
798,green,yellow,pink,blue,0.382966144341659,0.41065629319449,0.888910001273613,0.135797365757599,1,0,0
799,green,yellow,pink,blue,0.828042833617578,0.274568560806396,0.988017339680199,0.0266519200445716,4,0,0
800,green,yellow,pink,blue,0.167865926319664,0.0112998752788081,0.209377077653891,0.198821741689945,1,0,0
801,green,yellow,pink,blue,0.914131332006997,0.657212447195296,0.60848220907989,0.13523317740669,4,0,0
802,green,yellow,pink,blue,0.391411012655894,0.657420313356377,0.860990118756869,0.776400719357718,2,0,0
803,green,yellow,pink,blue,0.103780828038012,0.52261572054653,0.539477039880457,0.546010913197341,2,0,1
804,green,yellow,pink,blue,0.849519774552379,0.250047411304728,0.200334841069228,0.868442571047726,3,0,0
805,green,yellow,pink,blue,0.0049418456287893,0.704888518813248,0.638767889443871,0.883051016406546,2,0,0
806,green,yellow,pink,blue,0.819666018852456,0.957556147489151,0.909048661348796,0.426511715065333,4,0,0
807,green,yellow,pink,blue,0.913495640238178,0.439154997367714,0.708753250043159,0.26675121788712,4,0,0
808,green,yellow,pink,blue,0.353666081087918,0.887957990868527,0.0238453419401727,0.980180436978348,2,0,0
809,green,yellow,pink,blue,0.144190900096479,0.325565515374547,0.683936587960078,0.183550350748465,1,0,0
810,green,yellow,pink,blue,0.913962297089044,0.120245474462115,0.137667090963361,0.127784514291647,3,0,0
811,green,yellow,pink,blue,0.213509285476269,0.330500462470272,0.702479418293858,0.867426677961835,1,0,0
812,green,yellow,pink,blue,0.789038157131266,0.528461826510466,0.962109940447662,0.993703374666425,4,0,1
813,green,yellow,pink,blue,0.772200097417989,0.821307993262131,0.675032658887891,0.697574678553708,4,0,0
814,green,yellow,pink,blue,0.421776021655394,0.509461922838073,0.561505428666409,0.385379013100444,2,0,1
815,green,yellow,pink,blue,0.920896885348347,0.290477142386427,0.517141968172134,0.613159019808267,4,0,1
816,green,yellow,pink,blue,0.852547955905967,0.299364387172119,0.19818604009843,0.519773732554248,3,0,0
817,green,yellow,pink,blue,0.143069435314483,0.178923127342267,0.0899374707399498,0.937298410506019,1,0,0
818,green,yellow,pink,blue,0.369851873289232,0.622990500984272,0.0168573548189135,0.00141144778613245,2,0,0
819,green,yellow,pink,blue,0.921268639995795,0.612385258973767,0.144400063105502,0.824020800168832,3,0,0
820,green,yellow,pink,blue,0.362695519128751,0.29226264836765,0.220207414931129,0.15790049033361,1,0,0
821,green,yellow,pink,blue,0.527395465150563,0.548656083650543,0.286511326650213,0.769165277494339,3,1,1
822,green,yellow,pink,blue,0.243779178809207,0.277881415903918,0.341055285632948,0.491212535485293,1,0,0
823,green,yellow,pink,blue,0.0920252192504867,0.707652249269181,0.473768463802264,0.565878587788685,2,0,1
824,green,yellow,pink,blue,0.852669770063648,0.576970769182997,0.220029273521888,0.451902844435071,3,0,0
825,green,yellow,pink,blue,0.0693505520569297,0.944564305476538,0.561736748974279,0.181188263400019,2,0,0
826,green,yellow,pink,blue,0.673524827498068,0.76971412946237,0.50077408194982,0.63392675920983,4,0,1
827,green,yellow,pink,blue,0.949902592904652,0.898447434426466,0.103400077378153,0.918662905745622,3,0,0
828,green,yellow,pink,blue,0.410859469155904,0.282037717820541,0.810274779667942,0.420703336747875,1,0,0
829,green,yellow,pink,blue,0.111009397356563,0.234237447385025,0.913443280367351,0.760598080001893,1,0,0
830,green,yellow,pink,blue,0.154901279019488,0.599093166347396,0.183461764692765,0.503682608125495,2,0,0
831,green,yellow,pink,blue,0.116926681085484,0.193850128358736,0.211347659470134,0.104705967615181,1,0,0
832,green,yellow,pink,blue,0.689338246177218,0.913386201110634,0.322916327636745,0.32376301230898,3,0,0
833,green,yellow,pink,blue,0.59933610435574,0.977970437290636,0.516079467216663,0.329594947431044,4,0,1
834,green,yellow,pink,blue,0.961945869123588,0.410685715296349,0.232445475328155,0.783636416459026,3,0,0
835,green,yellow,pink,blue,0.2460388557925,0.0341349900588727,0.180477175206711,0.32336100168529,1,0,0
836,green,yellow,pink,blue,0.379119697742351,0.783833313378763,0.175857907261465,0.984120053320296,2,0,0
837,green,yellow,pink,blue,0.907426178993111,0.729920253665729,0.111006463888044,0.783728323129958,3,0,0
838,green,yellow,pink,blue,0.536211149588201,0.325724906790017,0.68217059301558,0.919788071477362,4,1,1
839,green,yellow,pink,blue,0.378220841812018,0.0415660789713099,0.935248395703699,0.595126456084363,1,0,0
840,green,yellow,pink,blue,0.7794070100751,0.267078517645462,0.889370997948075,0.614551369793963,4,0,0
841,green,yellow,pink,blue,0.229971325616178,0.897235028181775,0.215685477528416,0.000565501432754689,2,0,0
842,green,yellow,pink,blue,0.252157364711256,0.15445104568941,0.608481381745256,0.16937920124504,1,0,0
843,green,yellow,pink,blue,0.0142543691287509,0.0672807031823641,0.249413527605283,0.262715907638768,1,0,0
844,green,yellow,pink,blue,0.848361061752001,0.192343216927841,0.457714573671671,0.405419367949869,3,0,1
845,green,yellow,pink,blue,0.467098539492329,0.642539548911534,0.526586623883341,0.643033185883906,2,1,1
846,green,yellow,pink,blue,0.694413435114923,0.531259287936291,0.237079294054383,0.0433429093312422,3,0,1
847,green,yellow,pink,blue,0.395286071090031,0.778957062553081,0.0938974653660639,0.618227105311446,2,0,0
848,green,yellow,pink,blue,0.565074199810428,0.4552071108503,0.0548642655770505,0.234491350916012,3,0,1
849,green,yellow,pink,blue,0.587155550953691,0.311938317835909,0.611899839419658,0.422730520497725,4,0,0
850,green,yellow,pink,blue,0.562431048403293,0.795041371066631,0.29976622002089,0.0655783083316693,3,0,0
851,green,yellow,pink,blue,0.635006131034628,0.140842618702795,0.696614392474304,0.890745637215298,4,0,0
852,green,yellow,pink,blue,0.958326881267047,0.970116870354967,0.961618552890651,0.0832015804989448,4,0,0
853,green,yellow,pink,blue,0.370836192424052,0.816327997349236,0.654556225505046,0.805239902950387,2,0,0
854,green,yellow,pink,blue,0.875336545983221,0.0157204285393764,0.703741886653735,0.102508376489888,4,0,0
855,green,yellow,pink,blue,0.782090386959974,0.679169113914891,0.536982933732815,0.101975774880163,4,0,1
856,green,yellow,pink,blue,0.0534088363105745,0.490138383844314,0.229158537410992,0.151551333532874,1,0,1
857,green,yellow,pink,blue,0.601869798128946,0.38927723601099,0.789881975247019,0.229432047060542,4,0,0
858,green,yellow,pink,blue,0.389740203338533,0.300494354538133,0.957537601635915,0.101171742297007,1,0,0
859,green,yellow,pink,blue,0.730769538818334,0.716657058460584,0.645071740744522,0.24435993348506,4,0,0
860,green,yellow,pink,blue,0.485469855290791,0.177151500058099,0.133134331112672,0.941621859696817,1,1,1
861,green,yellow,pink,blue,0.514788037821246,0.902492500639915,0.435740717431258,0.365781164954968,3,1,1
862,green,yellow,pink,blue,0.522263063792773,0.0952811897875905,0.456997910049259,0.12791826364936,3,1,1
863,green,yellow,pink,blue,0.267673707750314,0.233870265476124,0.947736669171613,0.651016108220281,1,0,0
864,green,yellow,pink,blue,0.58820273885397,0.25159947842411,0.101227617167573,0.655289434399979,3,0,0
865,green,yellow,pink,blue,0.077375533764507,0.325901101659679,0.622215966494246,0.889452954305318,1,0,0
866,green,yellow,pink,blue,0.587699332119766,0.539101248445174,0.846405261316653,0.518022668229152,4,0,1
867,green,yellow,pink,blue,0.113553099790772,0.581168307081757,0.123587090527687,0.323313725337199,2,0,0
868,green,yellow,pink,blue,0.325626542743816,0.151657237737248,0.160897971269875,0.136098191531751,1,0,0
869,green,yellow,pink,blue,0.649584779919817,0.952070974978034,0.42724170296921,0.491646132021371,3,0,0
870,green,yellow,pink,blue,0.246592225870644,0.649465104029826,0.699951906679568,0.253701727291519,2,0,0
871,green,yellow,pink,blue,0.272222524436003,0.933736946570122,0.509202786959217,0.502297399956734,2,0,1
872,green,yellow,pink,blue,0.586069147023847,0.639869056284092,0.398913941451974,0.667157849464108,3,0,0
873,green,yellow,pink,blue,0.237357125010852,0.808049008103032,0.874287734037132,0.754490266080461,2,0,0
874,green,yellow,pink,blue,0.945367269092185,0.151051569314811,0.727790988078021,0.505262636651869,4,0,0
875,green,yellow,pink,blue,0.149813407963597,0.188495087299128,0.139787983381532,0.937300985454345,1,0,0
876,green,yellow,pink,blue,0.328484265015889,0.471414965681358,0.462349472123093,0.0767896571429618,1,0,1
877,green,yellow,pink,blue,0.0586689820348114,0.716393670864543,0.111429976027904,0.523633017655771,2,0,0
878,green,yellow,pink,blue,0.917028923724545,0.0223230034207262,0.0681480741236348,0.302960451416741,3,0,0
879,green,yellow,pink,blue,0.609940749363522,0.376691140692643,0.251153819476187,0.541500206628481,3,0,0
880,green,yellow,pink,blue,0.778680105853014,0.623780529952517,0.318269152281087,0.692124970085659,3,0,0
881,green,yellow,pink,blue,0.549698836202691,0.117445763727174,0.879421033427394,0.989540517522755,4,1,1
882,green,yellow,pink,blue,0.647866246164161,0.920057730224083,0.307794188888396,0.489783138379323,3,0,0
883,green,yellow,pink,blue,0.0939582804592745,0.0860318282561296,0.324611844195549,0.364838545140512,1,0,0
884,green,yellow,pink,blue,0.430849594325091,0.197069350324437,0.91037665288642,0.356364233153358,1,0,0
885,green,yellow,pink,blue,0.939996490745274,0.264435838714385,0.136574027808942,0.0815257977583821,3,0,0
886,green,yellow,pink,blue,0.0126102802402082,0.216466812899847,0.921421589644554,0.506864398567826,1,0,0
887,green,yellow,pink,blue,0.64292347277838,0.942499456937845,0.240726358537805,0.793787569382483,3,0,0
888,green,yellow,pink,blue,0.0104767665463157,0.190858627087338,0.0362462095669288,0.451933309970063,1,0,0
889,green,yellow,pink,blue,0.127187536964843,0.907770141783119,0.155287804684908,0.502002432094699,2,0,0
890,green,yellow,pink,blue,0.334647356809928,0.640267378793213,0.942330031014971,0.31744007682275,2,0,0
891,green,yellow,pink,blue,0.954532738679733,0.471679916820391,0.543807196928045,0.75706551694123,4,0,1
892,green,yellow,pink,blue,0.165216050795587,0.506421262088322,0.336653552805233,0.575897825647687,2,0,1
893,green,yellow,pink,blue,0.604267052883465,0.122381601660141,0.0758155209309182,0.936738348188494,3,0,0
894,green,yellow,pink,blue,0.417424517072523,0.138986208038607,0.0592349312905068,0.52011037545562,1,0,0
895,green,yellow,pink,blue,0.217834384804606,0.916839657075781,0.161170143068082,0.495317299610502,2,0,0
896,green,yellow,pink,blue,0.423396474501451,0.882465985949545,0.312777972771314,0.15076125368376,2,0,0
897,green,yellow,pink,blue,0.864695702818108,0.27431569601923,0.910638787392579,0.609231580151746,4,0,0
898,green,yellow,pink,blue,0.420403206900072,0.575065441371794,0.586100525275513,0.224948891571079,2,0,0
899,green,yellow,pink,blue,0.951860113079737,0.738190339704583,0.0477250809264154,0.0992454375644004,3,0,0
900,green,yellow,pink,blue,0.569294436553161,0.409334628614147,0.264046069063502,0.203356500717166,3,0,0
901,green,yellow,pink,blue,0.00812462707051803,0.270117770171538,0.467337839636162,0.381128747472304,1,0,1
902,green,yellow,pink,blue,0.920746442133473,0.531414739628422,0.837162579681231,0.00564834602676456,4,0,1
903,green,yellow,pink,blue,0.575580497548949,0.98866227236425,0.433884609724185,0.0277508398063561,3,0,0
904,green,yellow,pink,blue,0.316759159458936,0.335018338257204,0.389246539715495,0.477266778096752,1,0,0
905,green,yellow,pink,blue,0.502327907864631,0.141421098074273,0.587039631987868,0.852736653617795,4,1,1
906,green,yellow,pink,blue,0.292043219754193,0.184839640569033,0.991085717245506,0.836521631930867,1,0,0
907,green,yellow,pink,blue,0.816595020559524,0.925959007845991,0.413654266834712,0.558915642240086,3,0,0
908,green,yellow,pink,blue,0.35309607999995,0.412955137668919,0.802659565753141,0.185439595666147,1,0,0
909,green,yellow,pink,blue,0.812641819174278,0.651260565480994,0.533974320632623,0.714710839651514,4,0,1
910,green,yellow,pink,blue,0.291444284585198,0.815579112864641,0.0434397035417093,0.234025019717309,2,0,0
911,green,yellow,pink,blue,0.740461496818101,0.255002578813583,0.625639303155686,0.386353626423411,4,0,0
912,green,yellow,pink,blue,0.658045524478629,0.719861763219938,0.913665144,0.296559202670066,4,0,0
913,green,yellow,pink,blue,0.326348640568886,0.693533949704639,0.801434592144874,0.0309024767955678,2,0,0
914,green,yellow,pink,blue,0.578910858550829,0.43002091877926,0.737224164925657,0.382842873594005,4,0,0
915,green,yellow,pink,blue,0.333330353961838,0.712536187203919,0.354620814017554,0.115465169165576,2,0,0
916,green,yellow,pink,blue,0.953794130987313,0.487432353597983,0.205453514613793,0.427177415239443,3,0,1
917,green,yellow,pink,blue,0.666019218991016,0.669138772786961,0.835615652482813,0.536307025412629,4,0,0
918,green,yellow,pink,blue,0.8079885285615,0.392300651550288,0.159638849969682,0.262665565395866,3,0,0
919,green,yellow,pink,blue,0.232209136996952,0.867522811176867,0.691195342854888,0.422112317441236,2,0,0
920,green,yellow,pink,blue,0.719165885898187,0.352152077519153,0.364747060469453,0.957967844992657,3,0,0
921,green,yellow,pink,blue,0.456838822646932,0.344564255570515,0.578656087117495,0.685214349099841,1,1,1
922,green,yellow,pink,blue,0.441980572435765,0.863883178990822,0.325285424803195,0.186023456520872,2,0,0
923,green,yellow,pink,blue,0.841915518077079,0.00932136503986047,0.735473478250809,0.97071432659106,4,0,0
924,green,yellow,pink,blue,0.0730597216426005,0.935434285468062,0.987561864589008,0.769235965566352,2,0,0
925,green,yellow,pink,blue,0.578482502030946,0.509331116101898,0.295867267384215,0.999184519471651,3,0,1
926,green,yellow,pink,blue,0.609979269016987,0.860823401832282,0.809800214148918,0.879599827816676,4,0,0
927,green,yellow,pink,blue,0.920767719346148,0.560671162272244,0.865415267763249,0.741313237634616,4,0,0
928,green,yellow,pink,blue,0.405438202537284,0.474616924310364,0.883944744809836,0.584370218695287,1,0,1
929,green,yellow,pink,blue,0.741717844385499,0.624569166241974,0.624391452097467,0.182777804880335,4,0,0
930,green,yellow,pink,blue,0.221181875929183,0.903993939174201,0.676196117153732,0.410329208355805,2,0,0
931,green,yellow,pink,blue,0.721051528594653,0.296526482008703,0.561378331368059,0.917796449230783,4,0,0
932,green,yellow,pink,blue,0.0476558345237357,0.0186393830524435,0.0174021755661777,0.523974614012938,1,0,0
933,green,yellow,pink,blue,0.33378856457996,0.23056389439321,0.69586430112418,0.756207879984842,1,0,0
934,green,yellow,pink,blue,0.0732576849175521,0.0775630295614513,0.526931392819026,0.26740146686314,1,0,1
935,green,yellow,pink,blue,0.548928097776534,0.798157626629628,0.560336301589963,0.83306246209141,4,1,1
936,green,yellow,pink,blue,0.722842018572675,0.281829324933764,0.1711154640887,0.587146383405448,3,0,0
937,green,yellow,pink,blue,0.734827667536595,0.699301014175026,0.545529218262248,0.791780051055557,4,0,1
938,green,yellow,pink,blue,0.686559544518582,0.467754115997345,0.873913479058735,0.700236694433024,4,0,1
939,green,yellow,pink,blue,0.119903234488467,0.166058670135029,0.931062648620888,0.490637916734888,1,0,0
940,green,yellow,pink,blue,0.0986293781649205,0.64773709354983,0.717335978056354,0.327251605719469,2,0,0
941,green,yellow,pink,blue,0.425001557418469,0.624868934256474,0.0308043580391791,0.711898999489583,2,0,0
942,green,yellow,pink,blue,0.479649469127583,0.0049538254069737,0.771147405545668,0.198769664404263,1,1,1
943,green,yellow,pink,blue,0.463395356335202,0.112355665882372,0.926775355947836,0.40193512580912,1,1,1
944,green,yellow,pink,blue,0.123401974804809,0.0608584456731373,0.423969582797503,0.56729960830517,1,0,0
945,green,yellow,pink,blue,0.0119458009230656,0.472983409215831,0.860976953606768,0.624221149870989,1,0,1
946,green,yellow,pink,blue,0.450712490236719,0.447999079354355,0.455424202574141,0.947118400333181,1,1,1
947,green,yellow,pink,blue,0.843049221301931,0.366780209787674,0.0914545999949959,0.455154862533026,3,0,0
948,green,yellow,pink,blue,0.991277422221897,0.760318345316293,0.248397999249962,0.318854597825147,3,0,0
949,green,yellow,pink,blue,0.78413958730431,0.778574597700668,0.247133755970193,0.124163579040656,3,0,0
950,green,yellow,pink,blue,0.817846663894253,0.658626145480344,0.475457036956132,0.990772596823043,3,0,1
951,green,yellow,pink,blue,0.702024552503701,0.282069084543214,0.613676335253923,0.347941182909732,4,0,0
952,green,yellow,pink,blue,0.893810861042316,0.68917911632813,0.66821529895556,0.510396648607413,4,0,0
953,green,yellow,pink,blue,0.836376214897439,0.786183811896772,0.788849170571929,0.696908029565738,4,0,0
954,green,yellow,pink,blue,0.311157380759045,0.632351837761055,0.273950348574347,0.185586059913675,2,0,0
955,green,yellow,pink,blue,0.448884952737424,0.0379649119502793,0.33160846651714,0.855898606227523,1,0,0
956,green,yellow,pink,blue,0.745230576706575,0.74877992914504,0.676757659255085,0.897053422272607,4,0,0
957,green,yellow,pink,blue,0.230497582422356,0.803263687435363,0.825866370144181,0.969054711286094,2,0,0
958,green,yellow,pink,blue,0.502592015806002,0.357421899880934,0.166958653598264,0.351990552393442,3,1,1
959,green,yellow,pink,blue,0.704846134107394,0.744914754210139,0.995821983198068,0.660128512804078,4,0,0
960,green,yellow,pink,blue,0.309893867085943,0.249232310293068,0.612154167175436,0.269548816113163,1,0,0
961,green,yellow,pink,blue,0.491536848149233,0.437229817450989,0.964221183125399,0.551571010174297,1,1,1
962,green,yellow,pink,blue,0.831841606482179,0.326558214644486,0.38505381961646,0.865036435297667,3,0,0
963,green,yellow,pink,blue,0.295090205172008,0.559871223333318,0.32737858558386,0.277452298162383,2,0,0
964,green,yellow,pink,blue,0.189400863517807,0.373598340457606,0.00856184768967588,0.520708684185264,1,0,0
965,green,yellow,pink,blue,0.153962944413991,0.622482964631451,0.0731024214978462,0.970130897395527,2,0,0
966,green,yellow,pink,blue,0.54604988321825,0.312091813458674,0.882091050542427,0.731326940684888,4,1,1
967,green,yellow,pink,blue,0.813744758912671,0.315607438726225,0.432810981827036,0.933258879257316,3,0,0
968,green,yellow,pink,blue,0.0315030271867505,0.357022312247002,0.30276412118152,0.116957913830334,1,0,0
969,green,yellow,pink,blue,0.587303012187194,0.217046889947351,0.021644980941022,0.28017549041021,3,0,0
970,green,yellow,pink,blue,0.844138759968448,0.427138568063738,0.888590259358364,0.263614057675727,4,0,0
971,green,yellow,pink,blue,0.375058203415377,0.632813729695686,0.713271475551325,0.541346023893848,2,0,0
972,green,yellow,pink,blue,0.441757446516162,0.733758618235001,0.120966503449992,0.580391377777175,2,0,0
973,green,yellow,pink,blue,0.84955019697189,0.210438518836645,0.0620951273972442,0.0464800911001747,3,0,0
974,green,yellow,pink,blue,0.496146810241649,0.881753584925235,0.843773213700116,0.896906436166231,2,1,1
975,green,yellow,pink,blue,0.701243429717033,0.239589678164489,0.290923828171162,0.609340769655499,3,0,0
976,green,yellow,pink,blue,0.0739244153317732,0.824207567295324,0.75628209623482,0.812293171367141,2,0,0
977,green,yellow,pink,blue,0.410196432656889,0.978092796756388,0.863321500139218,0.592132195591329,2,0,0
978,green,yellow,pink,blue,0.891123648544117,0.648487805987719,0.00887333718926631,0.145831183394333,3,0,0
979,green,yellow,pink,blue,0.0907666494213185,0.181482278287467,0.992782484553547,0.770046606500859,1,0,0
980,green,yellow,pink,blue,0.185636317672665,0.970609279972654,0.859292087663484,0.00378099046104019,2,0,0
981,green,yellow,pink,blue,0.357102397385212,0.48502477333863,0.30582304365946,0.799202427792797,1,0,1
982,green,yellow,pink,blue,0.456838765056633,0.619822729147254,0.77595559429335,0.622248541064489,2,1,1
983,green,yellow,pink,blue,0.713980125806137,0.0808273264301802,0.922036596188256,0.485495476414971,4,0,0
984,green,yellow,pink,blue,0.689442916999419,0.631324770173928,0.65076908212329,0.370579717122892,4,0,0
985,green,yellow,pink,blue,0.0865753314004972,0.903875886906781,0.736201519668911,0.513527865356621,2,0,0
986,green,yellow,pink,blue,0.906216162618094,0.644153342798546,0.117738367227398,0.982807227360202,3,0,0
987,green,yellow,pink,blue,0.38667004760089,0.0759155949765644,0.243270903819532,0.17835952355415,1,0,0
988,green,yellow,pink,blue,0.333254007010821,0.679083009395504,0.44232167300203,0.933128552307775,2,0,0
989,green,yellow,pink,blue,0.658286231703287,0.513059382918193,0.285598821405668,0.340884982622247,3,0,1
990,green,yellow,pink,blue,0.686727460026404,0.930183032848692,0.430089763045444,0.876244486922268,3,0,0
991,green,yellow,pink,blue,0.508213900233987,0.185908943525319,0.567628127456873,0.60049064415382,4,1,1
992,green,yellow,pink,blue,0.136847997981216,0.598205677321138,0.0937463859996281,0.237194776034768,2,0,0
993,green,yellow,pink,blue,0.652574513130002,0.65532281356975,0.251412274953095,0.0590064160566319,3,0,0
994,green,yellow,pink,blue,0.740768654515429,0.138183387753167,0.548617244356975,0.815446682285878,4,0,1
995,green,yellow,pink,blue,0.0637083820337793,0.901915007288286,0.0300010985955303,0.534899854901367,2,0,0
996,green,yellow,pink,blue,0.364576268011501,0.112087019049245,0.512772399802082,0.677164944781661,1,0,1
997,green,yellow,pink,blue,0.2904858385788,0.479983847636254,0.117859963616996,0.139041915246362,1,0,1
998,green,yellow,pink,blue,0.56182854840646,0.0875306749670612,0.0532557222257298,0.289563805574575,3,0,0
999,green,yellow,pink,blue,0.309137601006969,0.798589672619864,0.330790613940918,0.177712300220553,2,0,0
1000,green,yellow,pink,blue,0.732358259119034,0.228263778612138,0.639871363080168,0.241104454316563,4,0,0
1001,green,yellow,pink,blue,0.348334580672003,0.202936771655883,0.15921444227422,0.00294718975597075,1,0,0
1002,green,yellow,pink,blue,0.882458493093006,0.781009324355564,0.871502610814067,0.572275324990615,4,0,0
1003,green,yellow,pink,blue,0.845918798573911,0.735228436607816,0.296471960284842,0.173079160959565,3,0,0
1004,green,yellow,pink,blue,0.515018826315056,0.955356778395133,0.853893390461948,0.019329025252214,4,1,1
1005,green,yellow,pink,blue,0.665984362612859,0.297471283751386,0.408012087443303,0.766217574513337,3,0,0
1006,green,yellow,pink,blue,0.958929386696452,0.567206450392626,0.511750550650007,0.494785112438325,4,0,1
1007,green,yellow,pink,blue,0.093562626579413,0.34399155709061,0.989866805527528,0.978396909276417,1,0,0
1008,green,yellow,pink,blue,0.554486098492595,0.13615686666797,0.857470179836661,0.456841072763473,4,0,0
1009,green,yellow,pink,blue,0.000270463095416285,0.540717074007386,0.40027309270766,0.87163537853608,2,0,1
1010,green,yellow,pink,blue,0.857247034766351,0.378732548307103,0.151525335758381,0.656471191973014,3,0,0
1011,green,yellow,pink,blue,0.868663157395974,0.340149907121692,0.50039059517183,0.839041716154652,4,0,1
1012,green,yellow,pink,blue,0.781961146358886,0.163270529166486,0.681458487129589,0.842029138777623,4,0,0
1013,green,yellow,pink,blue,0.942046968847878,0.817804334348047,0.650026731587766,0.38887809748425,4,0,0
1014,green,yellow,pink,blue,0.86176748288122,0.480722430809893,0.549188110350907,0.331273902005524,4,0,1
1015,green,yellow,pink,blue,0.707505582923838,0.264123999685882,0.491670593080622,0.209094507317553,3,0,1
1016,green,yellow,pink,blue,0.636438606858935,0.125009730479024,0.349076470106754,0.589425383410729,3,0,0
1017,green,yellow,pink,blue,0.867421008499873,0.352404096321371,0.14469856882922,0.554396146840249,3,0,0
1018,green,yellow,pink,blue,0.818183796780599,0.695706357119302,0.208417227833332,0.557578040808214,3,0,0
1019,green,yellow,pink,blue,0.0883976998231261,0.198626701582253,0.309630902851367,0.298899875259818,1,0,0
1020,green,yellow,pink,blue,0.0548559252252185,0.248453498834669,0.855212729032755,0.7731931701903,1,0,0
1021,green,yellow,pink,blue,0.631047380186851,0.94054495784597,0.781990128876777,0.0447461366067069,4,0,0
1022,green,yellow,pink,blue,0.178981896912833,0.718548115743521,0.675144267942676,0.0625614991230309,2,0,0
1023,green,yellow,pink,blue,0.671780684533086,0.900875641467591,0.744020957149405,0.305199183240279,4,0,0
1024,green,yellow,pink,blue,0.142546323597888,0.617809093634467,0.47931407317045,0.92610540250169,2,0,1
1025,green,yellow,pink,blue,0.17520875205914,0.208963669120202,0.758730599744451,0.513165385496081,1,0,0
1026,green,yellow,pink,blue,0.573770241939162,0.588146644673339,0.520465824320654,0.0430107612692108,4,0,1
1027,green,yellow,pink,blue,0.974854393875081,0.63566648863197,0.929864170555778,0.627605939186481,4,0,0
1028,green,yellow,pink,blue,0.43301150797803,0.106444888581466,0.806888102643499,0.120926752041367,1,0,0
1029,green,yellow,pink,blue,0.467286707547535,0.342828117138818,0.33952404782478,0.651596850596683,1,1,1
1030,green,yellow,pink,blue,0.633595305238115,0.827583700854368,0.256313418522261,0.834101141394254,3,0,0
1031,green,yellow,pink,blue,0.0597325915110652,0.0488169496577808,0.494612719676383,0.0798521169166958,1,0,1
1032,green,yellow,pink,blue,0.526851282612646,0.16448494549515,0.569541218647334,0.935042871860744,4,1,1
1033,green,yellow,pink,blue,0.63268151170053,0.492312561413352,0.643954770629133,0.234302955250307,4,0,1
1034,green,yellow,pink,blue,0.444135775339074,0.397458428804332,0.331221705766534,0.201848640039916,1,0,0
1035,green,yellow,pink,blue,0.311757612099293,0.727226457597697,0.147254846974204,0.431915806242575,2,0,0
1036,green,yellow,pink,blue,0.20786852641838,0.139652083952905,0.238791508983318,0.0187635704780881,1,0,0
1037,green,yellow,pink,blue,0.0578126192824162,0.973072880481588,0.736586725615828,0.318305336577672,2,0,0
1038,green,yellow,pink,blue,0.219754355554195,0.0756323353924495,0.493638592539033,0.660378014195227,1,0,1
1039,green,yellow,pink,blue,0.0638088885199708,0.498065504262415,0.505212288804404,0.847138949256719,1,0,1
1040,green,yellow,pink,blue,0.607054936009166,0.385130644040146,0.258961814212765,0.0807357439959352,3,0,0
1041,green,yellow,pink,blue,0.417625552621306,0.147725889319847,0.621443508032914,0.409750131227472,1,0,0
1042,green,yellow,pink,blue,0.609690133646734,0.681548543387299,0.266417197709808,0.639058626392361,3,0,0
1043,green,yellow,pink,blue,0.1376479388356,0.48578909287029,0.323476208711965,0.985404297300196,1,0,1
1044,green,yellow,pink,blue,0.459928224585707,0.591776529219702,0.427510400595883,0.8434206103773,2,1,1
1045,green,yellow,pink,blue,0.25786241611191,0.72012718458264,0.72444544087804,0.377500731538016,2,0,0
1046,green,yellow,pink,blue,0.523157488294874,0.648403099275534,0.336290758172499,0.310101229547909,3,1,1
1047,green,yellow,pink,blue,0.237931916885929,0.186390545624712,0.353379913713002,0.595677567200913,1,0,0
1048,green,yellow,pink,blue,0.621144224639167,0.543252847563221,0.501086062566361,0.420343462801351,4,0,1
1049,green,yellow,pink,blue,0.425453141823442,0.586259278835978,0.83525621003089,0.0413919569499294,2,0,0
1050,green,yellow,pink,blue,0.995720067430817,0.338957181360109,0.509623295571539,0.805997022359685,4,0,1
1051,green,yellow,pink,blue,0.380329561811155,0.356287017102387,0.555415854101265,0.0307755618786938,1,0,0
1052,green,yellow,pink,blue,0.220683454688328,0.789018850224888,0.973381570760137,0.267153764250737,2,0,0
1053,green,yellow,pink,blue,0.717610270041165,0.0541018695842624,0.740432789541892,0.676756461827836,4,0,0
1054,green,yellow,pink,blue,0.330638851301059,0.0847760066212889,0.811177473614375,0.0303158758676892,1,0,0
1055,green,yellow,pink,blue,0.452184243331951,0.692001112964048,0.124093142926873,0.495774663633869,2,1,1
1056,green,yellow,pink,blue,0.598699125178502,0.457512855680257,0.0316130854114839,0.467604363591496,3,0,1
1057,green,yellow,pink,blue,0.19801741494952,0.494617957526595,0.222477732791801,0.0931293884218068,1,0,1
1058,green,yellow,pink,blue,0.827262471941916,0.702099078611243,0.952747567414582,0.152747883465186,4,0,0
1059,green,yellow,pink,blue,0.909179858061331,0.892587754727393,0.0870162884947241,0.950273914085227,3,0,0
1060,green,yellow,pink,blue,0.8614067740352,0.363917738428441,0.993377674765838,0.750191379193822,4,0,0
1061,green,yellow,pink,blue,0.719859545003525,0.880640685056582,0.280069461596538,0.218447496444459,3,0,0
1062,green,yellow,pink,blue,0.792230979581235,0.333231983632686,0.132641540836726,0.132256942105798,3,0,0
1063,green,yellow,pink,blue,0.11594478846712,0.833624677312795,0.205172804296243,0.127197401096673,2,0,0
1064,green,yellow,pink,blue,0.82784627836587,0.492174372458296,0.264953193345557,0.377361677395589,3,0,1
1065,green,yellow,pink,blue,0.301008514531803,0.453026000250155,0.850756722655363,0.735753620631875,1,0,1
1066,green,yellow,pink,blue,0.109104584845882,0.604280146703922,0.67695079506643,0.794100445516547,2,0,0
1067,green,yellow,pink,blue,0.824922068364479,0.307042653512815,0.512437121246506,0.243019573361117,4,0,1
1068,green,yellow,pink,blue,0.232357077429356,0.904416283330046,0.76438103652651,0.800466546444536,2,0,0
1069,green,yellow,pink,blue,0.51745869688119,0.837485844513292,0.553149390083298,0.208793450522099,4,1,1
1070,green,yellow,pink,blue,0.606317102615066,0.240049524605343,0.333429692840478,0.806329640686001,3,0,0
1071,green,yellow,pink,blue,0.395164241947098,0.814268349062196,0.337593277865155,0.150659852254073,2,0,0
1072,green,yellow,pink,blue,0.643565595289969,0.985799155008473,0.341799384291835,0.72465970630255,3,0,0
1073,green,yellow,pink,blue,0.464784360870937,0.474950405389659,0.540428873734556,0.489553706603717,1,1,1
1074,green,yellow,pink,blue,0.951674484298416,0.81131974161353,0.352320158161229,0.389273788010405,3,0,0
1075,green,yellow,pink,blue,0.0417448887894949,0.903817933815662,0.814065907560581,0.0543542342616424,2,0,0
1076,green,yellow,pink,blue,0.0178776474801853,0.96489083874173,0.167613081989039,0.0613372181360401,2,0,0
1077,green,yellow,pink,blue,0.332091406424619,0.597730300731256,0.127766220508559,0.627045765918507,2,0,0
1078,green,yellow,pink,blue,0.599095518430658,0.852067290102256,0.0994331292030032,0.774708089493279,3,0,0
1079,green,yellow,pink,blue,0.985683396727585,0.912782327154805,0.804823099118305,0.461261311449748,4,0,0
1080,green,yellow,pink,blue,0.479325221739518,0.687173337375704,0.551777247771443,0.0454639953656485,2,1,1
