iSession,stiID,feature1_name,feature2_name,feature3_name,feature4_name,feature1,feature2,feature3,feature4,dist_category1,dist_category2,prob_category1,prob_category2,ambiguous
1,1,green,yellow,pink,blue,0.779983393261128,0.163723746857993,0.192450636474012,0.908197687992673,0.809429477501042,0.61252974277702,0.122496622383816,0.877503377616184,0
1,2,green,yellow,pink,blue,0.357144212450077,0.725136566458911,0.54286123021611,0.407241881334494,0.269457806441857,0.46418024193451,0.875143670441784,0.124856329558216,0
1,3,green,yellow,pink,blue,0.968263456341289,0.380147732238236,0.362810077710802,0.440175317543561,0.743415782864275,0.290522924862072,0.0106770041787506,0.989322995821249,0
1,4,green,yellow,pink,blue,0.723112918727358,0.0773934284919388,0.71958747290346,0.961647300082546,0.814720219509833,0.663819340898404,0.181085737457028,0.818914262542972,0
1,5,green,yellow,pink,blue,0.604232805300761,0.329989669835607,0.669059009025313,0.577072017598207,0.434632531160671,0.290985621367055,0.192092724562274,0.807907275437726,0
1,6,green,yellow,pink,blue,0.368781750397207,0.681470479602674,0.464656648491846,0.386738180986358,0.247220612685829,0.438561604497646,0.871401749977376,0.128598250022624,0
1,7,green,yellow,pink,blue,0.668739890533626,0.836858405147023,0.619756388397648,0.621147413135336,0.563768542323657,0.386128319060018,0.144747954230661,0.855252045769339,0
1,8,green,yellow,pink,blue,0.0372929860159306,0.69933376626493,0.225710505523603,0.0240299729008238,0.621900649339015,0.921665574724563,0.952467814908854,0.0475321850911456,0
1,9,green,yellow,pink,blue,0.742794995875313,0.872518799746066,0.514774264637348,0.150191564965554,0.710071393763206,0.511279168718528,0.120476851787232,0.879523148212768,0
1,10,green,yellow,pink,blue,0.279101862202974,0.780511304376005,0.676280147798033,0.224467378140566,0.431887052923376,0.638298178189367,0.887365735395591,0.112634264604409,0
1,11,green,yellow,pink,blue,0.259396059161693,0.423938113802859,0.236158190019979,0.353532926448869,0.311349965132169,0.580984286901212,0.936810520435279,0.0631894795647212,0
1,12,green,yellow,pink,blue,0.0624022781974721,0.972055679876438,0.384005156180461,0.535302214130336,0.522236077118699,0.842809730631331,0.961049583395539,0.0389504166044609,0
1,13,green,yellow,pink,blue,0.477438427290045,0.230609183227702,0.794288090028266,0.768196656812969,0.531821941092649,0.552626591594639,0.551824831612067,0.448175168387933,1
1,14,green,yellow,pink,blue,0.323908119054758,0.808682618317059,0.172264650143004,0.87765434683234,0.592267367107573,0.725859845346041,0.791818974557208,0.208181025442792,0
1,15,green,yellow,pink,blue,0.418007057918101,0.553489679620655,0.0958129387561831,0.038087602010185,0.638606108043002,0.699864775018524,0.648530630380386,0.351469369619614,0
1,16,green,yellow,pink,blue,0.81354718598196,0.79494350416648,0.118342399288684,0.709410750900008,0.770773954056189,0.529665273799833,0.082331169926366,0.917668830073634,0
1,17,green,yellow,pink,blue,0.401993008248233,0.459714296665167,0.88734819137648,0.788649259853036,0.508017547950723,0.596731782945766,0.70830010207921,0.29169989792079,0
1,18,green,yellow,pink,blue,0.514294993201579,0.539633879949845,0.898002304348921,0.856937196854383,0.597689455015409,0.585608821172494,0.469835092458374,0.530164907541626,1
1,19,green,yellow,pink,blue,0.0249281993510481,0.64593061588803,0.919448450958672,0.605508519551352,0.508942148785467,0.856792805443253,0.970069989971598,0.0299300100284024,0
1,20,green,yellow,pink,blue,0.937123684376063,0.989255454944441,0.853929370728145,0.689420865308097,0.934160650799163,0.659948814019279,0.0605333215649099,0.93946667843509,0
1,21,green,yellow,pink,blue,0.157456258982344,0.854803931898178,0.0673032020874048,0.167620107319098,0.657383515213403,0.880168635598876,0.902722827153757,0.097277172846243,0
1,22,green,yellow,pink,blue,0.836608755038064,0.966694571522108,0.410452887821445,0.256178321784329,0.793335585135909,0.541084647356467,0.0742951772253392,0.925704822774661,0
1,23,green,yellow,pink,blue,0.584234554119475,0.819849852691455,0.470633027814994,0.975111936067703,0.663784932251031,0.59697226247459,0.338916431329122,0.661083568670878,0
1,24,green,yellow,pink,blue,0.620520006274487,0.48079458737142,0.0593321128693744,0.427682093460795,0.580579012089021,0.465351461804705,0.240073698634608,0.759926301365392,0
1,25,green,yellow,pink,blue,0.521830080791434,0.312290088833186,0.448339759742454,0.512257267593238,0.334582761967275,0.300192511256055,0.414861823987269,0.585138176012732,1
1,26,green,yellow,pink,blue,0.0805524007945903,0.623413653804549,0.395669843764251,0.0080179295369173,0.544861962316313,0.846358173106749,0.953245506135168,0.046754493864832,0
1,27,green,yellow,pink,blue,0.0126067272752413,0.450701409604759,0.337858155466105,0.989802622819999,0.570072367353596,0.901318909568024,0.964853981056124,0.0351460189438762,0
1,28,green,yellow,pink,blue,0.762698578286559,0.0510826280312266,0.765678719713664,0.374126232599594,0.742169809720573,0.536765729321566,0.11364471684438,0.88635528315562,0
1,29,green,yellow,pink,blue,0.890011137226979,0.709801854936178,0.981227688092745,0.06998720123204,0.93280339246841,0.692900448674696,0.0832467366507403,0.91675326334926,0
1,30,green,yellow,pink,blue,0.643652812049545,0.0061956929419335,0.021178758900878,0.930364547800941,0.901825179863161,0.818312802652921,0.302562766757669,0.697437233242331,0
1,31,green,yellow,pink,blue,0.194311864128014,0.916937697174903,0.0418352243268282,0.547566845864276,0.623791454170006,0.833548987263206,0.890667290348012,0.109332709651988,0
1,32,green,yellow,pink,blue,0.173685472268366,0.92446626312695,0.607366786268091,0.405504010432353,0.454370591603117,0.72990900956585,0.94021670881124,0.0597832911887603,0
1,33,green,yellow,pink,blue,0.629562897088157,0.593714403613049,0.76448394072803,0.674008258970013,0.503071576799274,0.351451439455226,0.180021567719321,0.819978432280679,0
1,34,green,yellow,pink,blue,0.869635552548436,0.103615334989103,0.630869382751411,0.814901811866238,0.810776767733376,0.536398559419901,0.0604387768213003,0.9395612231787,0
1,35,green,yellow,pink,blue,0.898190803048781,0.528902817360554,0.517346442971794,0.11154252277202,0.756430301287899,0.417128274824089,0.0325143121811672,0.967485687818833,0
1,36,green,yellow,pink,blue,0.0759298374219496,0.293273775727289,0.323313975433562,0.0991846349639907,0.514691229212274,0.830046519181962,0.959048487913004,0.0409515120869958,0
1,37,green,yellow,pink,blue,0.142382821671199,0.208958949576152,0.940294759629974,0.177277623516879,0.627929580242721,0.867129019277178,0.916214795106686,0.0837852048933141,0
1,38,green,yellow,pink,blue,0.952851050517827,0.274575705210488,0.805975520964669,0.489451272401735,0.799091989059398,0.430925697146362,0.0245625546160468,0.975437445383953,0
1,39,green,yellow,pink,blue,0.983350805159555,0.348683820337508,0.203313648692671,0.525537565942249,0.805838040788675,0.407460602785809,0.0182750510017023,0.981724948998298,0
1,40,green,yellow,pink,blue,0.239052853932657,0.0191571686448555,0.146597543295273,0.898981566567866,0.717920089800067,0.881110890527338,0.836430849020073,0.163569150979927,0
1,41,green,yellow,pink,blue,0.691684155553688,0.628781682491974,0.0891465757600416,0.644075902056584,0.633425620555212,0.457759610736976,0.147209132565268,0.852790867434732,0
1,42,green,yellow,pink,blue,0.209762005619064,0.486243430990054,0.432240567895658,0.306481344796141,0.209401886175217,0.578002719988993,0.97554134348705,0.0244586565129497,0
1,43,green,yellow,pink,blue,0.570354575980928,0.93976202502669,0.168549292153288,0.468703534443264,0.637853222533151,0.580088060138284,0.359473133785106,0.640526866214894,0
1,44,green,yellow,pink,blue,0.67906787044112,0.372511307756068,0.937443090595211,0.316588030033855,0.65218786582648,0.496267208155221,0.17376052757661,0.82623947242339,0
1,45,green,yellow,pink,blue,0.810202524534059,0.413610662851678,0.130113630315302,0.21154987591149,0.735737308169472,0.48073575080121,0.0724254391146316,0.927574560885368,0
1,46,green,yellow,pink,blue,0.42623917715209,0.600589097519857,0.874976781347797,0.840077110185904,0.545379172251246,0.609261244765629,0.6544868352863,0.3455131647137,0
1,47,green,yellow,pink,blue,0.28663432249509,0.893502535412372,0.74222419018415,0.0584169820062348,0.640198749648489,0.789442915324723,0.81644446909813,0.18355553090187,0
1,48,green,yellow,pink,blue,0.917758070721783,0.0799866994312071,0.817065560866683,0.341593272889975,0.864832512542275,0.574610480263283,0.0520439136751476,0.947956086324853,0
1,49,green,yellow,pink,blue,0.497346147418283,0.39868137454917,0.270527466613889,0.475457130872689,0.353136767428078,0.356874528498841,0.509343314917865,0.490656685082135,1
1,50,green,yellow,pink,blue,0.791079519635929,0.0407714702750458,0.830543171363348,0.580792176396642,0.787047681519129,0.573031005573614,0.105253683859309,0.894746316140691,0
1,51,green,yellow,pink,blue,0.341348850248375,0.185617861922869,0.65284712242505,0.952549790161551,0.579089195713864,0.702848096208672,0.775144066880769,0.224855933119231,0
1,52,green,yellow,pink,blue,0.449072571735775,0.750444828251023,0.961307437027267,0.80000512890984,0.636521900364831,0.67534254856945,0.595850871907929,0.404149128092071,1
1,53,green,yellow,pink,blue,0.30704396309159,0.32302387500054,0.56885029451444,0.239511769675746,0.327366833593762,0.547836728091149,0.900670684787142,0.0993293152128582,0
1,54,green,yellow,pink,blue,0.386918585995299,0.235537707485924,0.986565499762316,0.756837181024675,0.625618355284119,0.710267372524677,0.69983035812954,0.30016964187046,0
1,55,green,yellow,pink,blue,0.560282282040816,0.743196816948522,0.550984605416076,0.286488902671807,0.451227442642922,0.378581461449521,0.325972077566757,0.674027922433243,0
1,56,green,yellow,pink,blue,0.707092192713981,0.260434194282408,0.301301085271835,0.639302465702449,0.570273165749649,0.34368487144497,0.0939882123234303,0.90601178767657,0
1,57,green,yellow,pink,blue,0.229545344042447,0.153135137070958,0.352960186943429,0.0920040034911088,0.555711315231316,0.761097708466969,0.886337465730063,0.113662534269937,0
1,58,green,yellow,pink,blue,0.845018624257309,0.129303361221462,0.0057837637680168,0.738038494401572,0.890154578815972,0.668847179802481,0.0985825687015192,0.901417431298481,0
1,59,green,yellow,pink,blue,0.999832856503522,0.875101210587869,0.26514364496306,0.135979089051282,0.943726105385396,0.625128871099685,0.039697034260194,0.960302965739806,0
1,60,green,yellow,pink,blue,0.453902752766749,0.669915895652157,0.486518721193796,0.196691392876777,0.40326864521608,0.456861956664881,0.630865850397284,0.369134149602716,0
1,61,green,yellow,pink,blue,0.0941512212415554,0.572357267052652,0.689956850005311,0.730484137489748,0.34457358928705,0.724278770358904,0.978055541476553,0.0219444585234473,0
1,62,green,yellow,pink,blue,0.542212941628493,0.192261280898084,0.58085796043185,0.275672279255117,0.486777627412618,0.441293005746709,0.388209154345406,0.611790845654594,0
1,63,green,yellow,pink,blue,0.135261711160438,0.510377752907119,0.715767444151927,0.665468669069248,0.295310079544595,0.672269538146864,0.977458429604634,0.0225415703953656,0
1,64,green,yellow,pink,blue,0.124765848896703,0.118893002308336,0.291494066481874,0.868764098506482,0.583427648429247,0.845944426103144,0.932463875366574,0.0675361246334259,0
1,65,green,yellow,pink,blue,0.779983393261128,0.163723746857993,0.192450636474012,0.908197687992673,0.809429477501042,0.61252974277702,0.122496622383816,0.877503377616184,0
1,66,green,yellow,pink,blue,0.357144212450077,0.725136566458911,0.54286123021611,0.407241881334494,0.269457806441857,0.46418024193451,0.875143670441784,0.124856329558216,0
1,67,green,yellow,pink,blue,0.968263456341289,0.380147732238236,0.362810077710802,0.440175317543561,0.743415782864275,0.290522924862072,0.0106770041787506,0.989322995821249,0
1,68,green,yellow,pink,blue,0.723112918727358,0.0773934284919388,0.71958747290346,0.961647300082546,0.814720219509833,0.663819340898404,0.181085737457028,0.818914262542972,0
1,69,green,yellow,pink,blue,0.604232805300761,0.329989669835607,0.669059009025313,0.577072017598207,0.434632531160671,0.290985621367055,0.192092724562274,0.807907275437726,0
1,70,green,yellow,pink,blue,0.368781750397207,0.681470479602674,0.464656648491846,0.386738180986358,0.247220612685829,0.438561604497646,0.871401749977376,0.128598250022624,0
1,71,green,yellow,pink,blue,0.668739890533626,0.836858405147023,0.619756388397648,0.621147413135336,0.563768542323657,0.386128319060018,0.144747954230661,0.855252045769339,0
1,72,green,yellow,pink,blue,0.0372929860159306,0.69933376626493,0.225710505523603,0.0240299729008238,0.621900649339015,0.921665574724563,0.952467814908854,0.0475321850911456,0
1,73,green,yellow,pink,blue,0.742794995875313,0.872518799746066,0.514774264637348,0.150191564965554,0.710071393763206,0.511279168718528,0.120476851787232,0.879523148212768,0
1,74,green,yellow,pink,blue,0.279101862202974,0.780511304376005,0.676280147798033,0.224467378140566,0.431887052923376,0.638298178189367,0.887365735395591,0.112634264604409,0
1,75,green,yellow,pink,blue,0.259396059161693,0.423938113802859,0.236158190019979,0.353532926448869,0.311349965132169,0.580984286901212,0.936810520435279,0.0631894795647212,0
1,76,green,yellow,pink,blue,0.0624022781974721,0.972055679876438,0.384005156180461,0.535302214130336,0.522236077118699,0.842809730631331,0.961049583395539,0.0389504166044609,0
1,77,green,yellow,pink,blue,0.477438427290045,0.230609183227702,0.794288090028266,0.768196656812969,0.531821941092649,0.552626591594639,0.551824831612067,0.448175168387933,1
1,78,green,yellow,pink,blue,0.323908119054758,0.808682618317059,0.172264650143004,0.87765434683234,0.592267367107573,0.725859845346041,0.791818974557208,0.208181025442792,0
1,79,green,yellow,pink,blue,0.418007057918101,0.553489679620655,0.0958129387561831,0.038087602010185,0.638606108043002,0.699864775018524,0.648530630380386,0.351469369619614,0
1,80,green,yellow,pink,blue,0.81354718598196,0.79494350416648,0.118342399288684,0.709410750900008,0.770773954056189,0.529665273799833,0.082331169926366,0.917668830073634,0
1,81,green,yellow,pink,blue,0.401993008248233,0.459714296665167,0.88734819137648,0.788649259853036,0.508017547950723,0.596731782945766,0.70830010207921,0.29169989792079,0
1,82,green,yellow,pink,blue,0.514294993201579,0.539633879949845,0.898002304348921,0.856937196854383,0.597689455015409,0.585608821172494,0.469835092458374,0.530164907541626,1
1,83,green,yellow,pink,blue,0.0249281993510481,0.64593061588803,0.919448450958672,0.605508519551352,0.508942148785467,0.856792805443253,0.970069989971598,0.0299300100284024,0
1,84,green,yellow,pink,blue,0.937123684376063,0.989255454944441,0.853929370728145,0.689420865308097,0.934160650799163,0.659948814019279,0.0605333215649099,0.93946667843509,0
1,85,green,yellow,pink,blue,0.157456258982344,0.854803931898178,0.0673032020874048,0.167620107319098,0.657383515213403,0.880168635598876,0.902722827153757,0.097277172846243,0
1,86,green,yellow,pink,blue,0.836608755038064,0.966694571522108,0.410452887821445,0.256178321784329,0.793335585135909,0.541084647356467,0.0742951772253392,0.925704822774661,0
1,87,green,yellow,pink,blue,0.584234554119475,0.819849852691455,0.470633027814994,0.975111936067703,0.663784932251031,0.59697226247459,0.338916431329122,0.661083568670878,0
1,88,green,yellow,pink,blue,0.620520006274487,0.48079458737142,0.0593321128693744,0.427682093460795,0.580579012089021,0.465351461804705,0.240073698634608,0.759926301365392,0
1,89,green,yellow,pink,blue,0.521830080791434,0.312290088833186,0.448339759742454,0.512257267593238,0.334582761967275,0.300192511256055,0.414861823987269,0.585138176012732,1
1,90,green,yellow,pink,blue,0.0805524007945903,0.623413653804549,0.395669843764251,0.0080179295369173,0.544861962316313,0.846358173106749,0.953245506135168,0.046754493864832,0
1,91,green,yellow,pink,blue,0.0126067272752413,0.450701409604759,0.337858155466105,0.989802622819999,0.570072367353596,0.901318909568024,0.964853981056124,0.0351460189438762,0
1,92,green,yellow,pink,blue,0.762698578286559,0.0510826280312266,0.765678719713664,0.374126232599594,0.742169809720573,0.536765729321566,0.11364471684438,0.88635528315562,0
1,93,green,yellow,pink,blue,0.890011137226979,0.709801854936178,0.981227688092745,0.06998720123204,0.93280339246841,0.692900448674696,0.0832467366507403,0.91675326334926,0
1,94,green,yellow,pink,blue,0.643652812049545,0.0061956929419335,0.021178758900878,0.930364547800941,0.901825179863161,0.818312802652921,0.302562766757669,0.697437233242331,0
1,95,green,yellow,pink,blue,0.194311864128014,0.916937697174903,0.0418352243268282,0.547566845864276,0.623791454170006,0.833548987263206,0.890667290348012,0.109332709651988,0
1,96,green,yellow,pink,blue,0.173685472268366,0.92446626312695,0.607366786268091,0.405504010432353,0.454370591603117,0.72990900956585,0.94021670881124,0.0597832911887603,0
1,97,green,yellow,pink,blue,0.629562897088157,0.593714403613049,0.76448394072803,0.674008258970013,0.503071576799274,0.351451439455226,0.180021567719321,0.819978432280679,0
1,98,green,yellow,pink,blue,0.869635552548436,0.103615334989103,0.630869382751411,0.814901811866238,0.810776767733376,0.536398559419901,0.0604387768213003,0.9395612231787,0
1,99,green,yellow,pink,blue,0.898190803048781,0.528902817360554,0.517346442971794,0.11154252277202,0.756430301287899,0.417128274824089,0.0325143121811672,0.967485687818833,0
1,100,green,yellow,pink,blue,0.0759298374219496,0.293273775727289,0.323313975433562,0.0991846349639907,0.514691229212274,0.830046519181962,0.959048487913004,0.0409515120869958,0
1,101,green,yellow,pink,blue,0.142382821671199,0.208958949576152,0.940294759629974,0.177277623516879,0.627929580242721,0.867129019277178,0.916214795106686,0.0837852048933141,0
1,102,green,yellow,pink,blue,0.952851050517827,0.274575705210488,0.805975520964669,0.489451272401735,0.799091989059398,0.430925697146362,0.0245625546160468,0.975437445383953,0
1,103,green,yellow,pink,blue,0.983350805159555,0.348683820337508,0.203313648692671,0.525537565942249,0.805838040788675,0.407460602785809,0.0182750510017023,0.981724948998298,0
1,104,green,yellow,pink,blue,0.239052853932657,0.0191571686448555,0.146597543295273,0.898981566567866,0.717920089800067,0.881110890527338,0.836430849020073,0.163569150979927,0
1,105,green,yellow,pink,blue,0.691684155553688,0.628781682491974,0.0891465757600416,0.644075902056584,0.633425620555212,0.457759610736976,0.147209132565268,0.852790867434732,0
1,106,green,yellow,pink,blue,0.209762005619064,0.486243430990054,0.432240567895658,0.306481344796141,0.209401886175217,0.578002719988993,0.97554134348705,0.0244586565129497,0
1,107,green,yellow,pink,blue,0.570354575980928,0.93976202502669,0.168549292153288,0.468703534443264,0.637853222533151,0.580088060138284,0.359473133785106,0.640526866214894,0
1,108,green,yellow,pink,blue,0.67906787044112,0.372511307756068,0.937443090595211,0.316588030033855,0.65218786582648,0.496267208155221,0.17376052757661,0.82623947242339,0
1,109,green,yellow,pink,blue,0.810202524534059,0.413610662851678,0.130113630315302,0.21154987591149,0.735737308169472,0.48073575080121,0.0724254391146316,0.927574560885368,0
1,110,green,yellow,pink,blue,0.42623917715209,0.600589097519857,0.874976781347797,0.840077110185904,0.545379172251246,0.609261244765629,0.6544868352863,0.3455131647137,0
1,111,green,yellow,pink,blue,0.28663432249509,0.893502535412372,0.74222419018415,0.0584169820062348,0.640198749648489,0.789442915324723,0.81644446909813,0.18355553090187,0
1,112,green,yellow,pink,blue,0.917758070721783,0.0799866994312071,0.817065560866683,0.341593272889975,0.864832512542275,0.574610480263283,0.0520439136751476,0.947956086324853,0
1,113,green,yellow,pink,blue,0.497346147418283,0.39868137454917,0.270527466613889,0.475457130872689,0.353136767428078,0.356874528498841,0.509343314917865,0.490656685082135,1
1,114,green,yellow,pink,blue,0.791079519635929,0.0407714702750458,0.830543171363348,0.580792176396642,0.787047681519129,0.573031005573614,0.105253683859309,0.894746316140691,0
1,115,green,yellow,pink,blue,0.341348850248375,0.185617861922869,0.65284712242505,0.952549790161551,0.579089195713864,0.702848096208672,0.775144066880769,0.224855933119231,0
1,116,green,yellow,pink,blue,0.449072571735775,0.750444828251023,0.961307437027267,0.80000512890984,0.636521900364831,0.67534254856945,0.595850871907929,0.404149128092071,1
1,117,green,yellow,pink,blue,0.30704396309159,0.32302387500054,0.56885029451444,0.239511769675746,0.327366833593762,0.547836728091149,0.900670684787142,0.0993293152128582,0
1,118,green,yellow,pink,blue,0.386918585995299,0.235537707485924,0.986565499762316,0.756837181024675,0.625618355284119,0.710267372524677,0.69983035812954,0.30016964187046,0
1,119,green,yellow,pink,blue,0.560282282040816,0.743196816948522,0.550984605416076,0.286488902671807,0.451227442642922,0.378581461449521,0.325972077566757,0.674027922433243,0
1,120,green,yellow,pink,blue,0.707092192713981,0.260434194282408,0.301301085271835,0.639302465702449,0.570273165749649,0.34368487144497,0.0939882123234303,0.90601178767657,0
1,121,green,yellow,pink,blue,0.229545344042447,0.153135137070958,0.352960186943429,0.0920040034911088,0.555711315231316,0.761097708466969,0.886337465730063,0.113662534269937,0
1,122,green,yellow,pink,blue,0.845018624257309,0.129303361221462,0.0057837637680168,0.738038494401572,0.890154578815972,0.668847179802481,0.0985825687015192,0.901417431298481,0
1,123,green,yellow,pink,blue,0.999832856503522,0.875101210587869,0.26514364496306,0.135979089051282,0.943726105385396,0.625128871099685,0.039697034260194,0.960302965739806,0
1,124,green,yellow,pink,blue,0.453902752766749,0.669915895652157,0.486518721193796,0.196691392876777,0.40326864521608,0.456861956664881,0.630865850397284,0.369134149602716,0
1,125,green,yellow,pink,blue,0.0941512212415554,0.572357267052652,0.689956850005311,0.730484137489748,0.34457358928705,0.724278770358904,0.978055541476553,0.0219444585234473,0
1,126,green,yellow,pink,blue,0.542212941628493,0.192261280898084,0.58085796043185,0.275672279255117,0.486777627412618,0.441293005746709,0.388209154345406,0.611790845654594,0
1,127,green,yellow,pink,blue,0.135261711160438,0.510377752907119,0.715767444151927,0.665468669069248,0.295310079544595,0.672269538146864,0.977458429604634,0.0225415703953656,0
1,128,green,yellow,pink,blue,0.124765848896703,0.118893002308336,0.291494066481874,0.868764098506482,0.583427648429247,0.845944426103144,0.932463875366574,0.0675361246334259,0
1,129,green,yellow,pink,blue,0.185061158181047,0.385404005693101,0.022352231876744,0.939035397354559,0.662003599394578,0.867863818482099,0.886813940715244,0.113186059284756,0
1,130,green,yellow,pink,blue,0.216647028567196,0.0912989946879372,0.744906931698882,0.892685056214323,0.618328303585317,0.815893903916128,0.878217327278272,0.121782672721728,0
1,131,green,yellow,pink,blue,0.798894220227728,0.415272369979954,0.0909028512864782,0.921308211827425,0.808285050416606,0.595340660881857,0.106267796124422,0.893732203875578,0
1,132,green,yellow,pink,blue,0.472528573412247,0.363884478185325,0.478388079186732,0.524662782110529,0.262910116211684,0.31079439472776,0.617474578127549,0.382525421872451,0
1,133,green,yellow,pink,blue,0.289686723032268,0.242476568152892,0.117882112969248,0.280366211703298,0.512002377421979,0.687357048013251,0.852399587058897,0.147600412941103,0
1,134,green,yellow,pink,blue,0.332991419560434,0.500402726318015,0.897593557924981,0.811417777455927,0.511809932815081,0.654948843626541,0.807117662632626,0.192882337367374,0
1,135,green,yellow,pink,blue,0.688500368557087,0.885960243779598,0.153845873777176,0.157910002316441,0.760326330347261,0.624176064954629,0.203996190185043,0.796003809814957,0
1,136,green,yellow,pink,blue,0.550680100743821,0.609383610264146,0.732366689395031,0.96125217194404,0.607553406410691,0.564305804415844,0.393535236122177,0.606464763877824,0
1,137,green,yellow,pink,blue,0.631243958072742,0.30961142501057,0.368952321064429,0.685145785778121,0.482749646503521,0.319066236268479,0.162896307267819,0.837103692732181,0
1,138,green,yellow,pink,blue,0.933584342302799,0.8679741663526,0.785492489995431,0.822475095994298,0.887799915253862,0.595486647391833,0.0510218075437705,0.94897819245623,0
1,139,green,yellow,pink,blue,0.249270467790048,0.965177327255058,0.40100956574247,0.844984731588563,0.58754067868798,0.771967344725853,0.863452536836294,0.136547463163706,0
1,140,green,yellow,pink,blue,0.565648303118843,0.539885866346619,0.988488051946552,0.19601455875849,0.657459093006826,0.605478452018331,0.372897502644561,0.627102497355439,0
1,141,green,yellow,pink,blue,0.989928758900878,0.225119265446959,0.890446335959626,0.420358545007083,0.884220045630441,0.540292818936011,0.0310903987552749,0.968909601244725,0
1,142,green,yellow,pink,blue,0.738474916567574,0.522040794366908,0.967373533653993,0.151218042294895,0.761039036260853,0.583699835656371,0.145121006850283,0.854878993149717,0
1,143,green,yellow,pink,blue,0.0043241864228816,0.494897753125389,0.4684709910662,0.0152450772584041,0.54439328782279,0.889966215877673,0.96940154146596,0.0305984585340404,0
1,144,green,yellow,pink,blue,0.0492821522635968,0.13471214667954,0.101078713848798,0.499328014403069,0.576941517220399,0.885200181896151,0.956168719231713,0.0438312807682872,0
1,145,green,yellow,pink,blue,0.367174727304472,0.202482854844346,0.628489010004416,0.389701434557996,0.3618308549736,0.513562888365636,0.82014354715689,0.17985645284311,0
1,146,green,yellow,pink,blue,0.508407055859296,0.690790398342281,0.257338957858895,0.477591819561266,0.403189397852991,0.392625310801229,0.473614316479051,0.526385683520949,1
1,147,green,yellow,pink,blue,0.447989078840192,0.782535160670666,0.0648546521252081,0.0819097945461343,0.695109118073354,0.731565176309345,0.590143972411211,0.409856027588789,1
1,148,green,yellow,pink,blue,0.516508852829997,0.281679288582161,0.606762093684518,0.250493720122666,0.4385686149474,0.419325144949457,0.452039237112306,0.547960762887694,1
1,149,green,yellow,pink,blue,0.0853479657306972,0.183770909884006,0.0381606788774475,0.995660195831927,0.765562354150002,1.00036880817076,0.912780263909209,0.0872197360907913,0
1,150,green,yellow,pink,blue,0.65197502077239,0.459040160920806,0.800117163684447,0.0190833783052479,0.696141318054493,0.576747530493419,0.232555389759497,0.767444610240503,0
1,151,green,yellow,pink,blue,0.882468193299082,0.597989126729336,0.980077858777668,0.372570773559092,0.81014248298189,0.52331887930112,0.0537462924058854,0.946253707594115,0
1,152,green,yellow,pink,blue,0.821421649168681,0.829751348219159,0.906959378456921,0.740242631108552,0.811536265552569,0.580662949686244,0.0904022626375778,0.909597737362422,0
1,153,green,yellow,pink,blue,0.671559693591287,0.779685149170552,0.287656350320923,0.248283403463841,0.603645117977535,0.439121549080462,0.161753899924294,0.838246100075706,0
1,154,green,yellow,pink,blue,0.110671856470565,0.443708769027475,0.354579254992588,0.66184866923893,0.264429988988927,0.677680870768918,0.984210720405284,0.0157892795947157,0
1,155,green,yellow,pink,blue,0.430425638837662,0.0258111015357801,0.55273466139574,0.343241595270014,0.533631581283101,0.595262148725282,0.649377866312404,0.350622133687596,0
1,156,green,yellow,pink,blue,0.538458256280687,0.722449382712893,0.52362011050667,0.724542633839814,0.428566444694297,0.38106553404529,0.38343134259516,0.61656865740484,0
1,157,green,yellow,pink,blue,0.850075224029112,0.578989230278639,0.869482527828115,0.399085781614468,0.71626153801263,0.403677305291127,0.0420537814514628,0.957946218548537,0
1,158,green,yellow,pink,blue,0.835873798845037,0.432194754900977,0.497766929489245,0.466617758025548,0.590732613048577,0.114416874953668,0.0084663166046355,0.991533683395365,0
1,159,green,yellow,pink,blue,0.231455258418553,0.91772209740666,0.506412906057856,0.0741029869450735,0.596879426011114,0.790449107012466,0.873878630944117,0.126121369055883,0
1,160,green,yellow,pink,blue,0.730668786328041,0.328350833836456,0.377059418053212,0.536238896522412,0.526244774515899,0.215092483311825,0.0426344405912725,0.957365559408727,0
1,161,green,yellow,pink,blue,0.709519114997138,0.0405616992879452,0.230070746303831,0.875041101395759,0.797344968596434,0.652870495541735,0.190811674991187,0.809188325008813,0
1,162,green,yellow,pink,blue,0.325859175236477,0.171243498853467,0.847149319615694,0.443558029371542,0.487374391686444,0.641618751623778,0.823819671925438,0.176180328074562,0
1,163,green,yellow,pink,blue,0.163621593278151,0.0626919691863985,0.710129769703371,0.776200741104266,0.564925581350334,0.809641475707527,0.920353441456049,0.0796465585439513,0
1,164,green,yellow,pink,blue,0.140900331648759,0.663448853049956,0.0008547092982933,0.321975836229271,0.565205174528379,0.823745444700544,0.929916193226246,0.0700838067737543,0
1,165,green,yellow,pink,blue,0.677921279246674,0.819330480298622,0.0497618411374448,0.181709218422202,0.767536317194963,0.641241544947404,0.220466875595363,0.779533124404637,0
1,166,green,yellow,pink,blue,0.764205505347399,0.0604328766208539,0.407631269274505,0.131321921426329,0.775939472975827,0.581271503150297,0.124915854843093,0.875084145156907,0
1,167,green,yellow,pink,blue,0.960073538528396,0.554326105107547,0.212060155768205,0.604441719493536,0.775224601313316,0.375366013316329,0.0180112041812624,0.981988795818738,0
1,168,green,yellow,pink,blue,0.608054555664548,0.943103543085689,0.334843629844612,0.5570762366242,0.595884332834245,0.497014670259103,0.271169595324002,0.728830404675998,0
1,169,green,yellow,pink,blue,0.251155789486114,0.119160630743971,0.663619750781094,0.623399739020415,0.432479917985379,0.660214427269297,0.906983308619272,0.093016691380728,0
1,170,green,yellow,pink,blue,0.0349272084457631,0.143757714389181,0.759040412329087,0.505665440478417,0.490202921410705,0.839864093597188,0.970591208585351,0.0294087914146486,0
1,171,green,yellow,pink,blue,0.0666439178829735,0.739615855522504,0.944697832480918,0.761637996,0.597700438435632,0.889157970342264,0.948562261739116,0.0514377382608843,0
1,172,green,yellow,pink,blue,0.621518307147625,0.348982359615139,0.778014209218327,0.355512690277132,0.508921077821986,0.370786132836528,0.200792359632297,0.799207640367703,0
1,173,green,yellow,pink,blue,0.768904709129512,0.93231053410652,0.925315540438567,0.936955113315902,0.909932731056374,0.747711753229946,0.164900340184371,0.835099659815629,0
1,174,green,yellow,pink,blue,0.974533763768017,0.6754079579959,0.300076637597477,0.109718358712479,0.864873538113262,0.522945956252206,0.0316984486175725,0.968301551382428,0
1,175,green,yellow,pink,blue,0.274534612373368,0.204182401333525,0.446112970458626,0.10134737288337,0.499937724066603,0.689494826355881,0.869389431128633,0.130610568871367,0
1,176,green,yellow,pink,blue,0.344689120224026,0.895714607991806,0.835869269836179,0.636674324066789,0.545017538934584,0.672573414225008,0.781692829618157,0.218307170381843,0
1,177,green,yellow,pink,blue,0.787524955374998,0.257400943214681,0.644406172546042,0.576090825647061,0.611907130552561,0.294797186292663,0.0402679044410546,0.959732095558945,0
1,178,green,yellow,pink,blue,0.899524729967722,0.992779972900824,0.16332722199179,0.286806611663276,0.907476973159119,0.651144935361027,0.0715366914443158,0.928463308555684,0
1,179,green,yellow,pink,blue,0.0210689374167332,0.801862894948433,0.431677867862711,0.64987151779036,0.413110184268948,0.805972137812462,0.980708667438987,0.0192913325610126,0
1,180,green,yellow,pink,blue,0.0999520396828995,0.399995366618416,0.242234998454153,0.842171945762727,0.464800767622095,0.784912551752862,0.960876321885795,0.0391236781142049,0
1,181,green,yellow,pink,blue,0.942779907277073,0.4766306633787,0.821429200062691,0.0592871540449847,0.882062735333298,0.579011883976993,0.0460664755776006,0.953933524422399,0
1,182,green,yellow,pink,blue,0.198418708666466,0.0078650760272224,0.623870296134241,0.229763254266472,0.577260047135048,0.796749931504165,0.899790489159819,0.100209510840181,0
1,183,green,yellow,pink,blue,0.419980078353294,0.10066620219219,0.315674811706012,0.861713169254359,0.594283519004396,0.658173854393316,0.654505520201419,0.345494479798581,0
1,184,green,yellow,pink,blue,0.462430356063282,0.852530344063905,0.535197998829902,0.298790150699215,0.45948732544028,0.498696547187747,0.596786256437638,0.403213743562362,1
1,185,green,yellow,pink,blue,0.392876284059896,0.276910821953549,0.686259297054551,0.690566131225215,0.37575309714972,0.498311254094979,0.773044310101106,0.226955689898894,0
1,186,green,yellow,pink,blue,0.381997936632234,0.976767929536917,0.575511554366813,0.0430654392764135,0.677659428870163,0.759752831455337,0.694434571893731,0.305565428106269,0
1,187,green,yellow,pink,blue,0.140507176320314,0.571354547661312,0.581285807227864,0.431749075464742,0.168361875333771,0.622766846215813,0.989481544252633,0.0105184557473673,0
1,188,green,yellow,pink,blue,0.300901828414534,0.628801422961755,0.695233102316261,0.57883443173506,0.252015147481132,0.512454686919149,0.931143924601893,0.068856075398107,0
1,189,green,yellow,pink,blue,0.864885742457618,0.760200893540823,0.179451246621433,0.973455700058344,0.879034006445365,0.638603979027512,0.0828453663250027,0.917154633674997,0
1,190,green,yellow,pink,blue,0.496437405121559,0.64450411552321,0.191721413706582,0.786023006592178,0.508387333745925,0.511879161513468,0.508728682540095,0.491271317459905,1
1,191,green,yellow,pink,blue,0.582387309768047,0.31303796122301,0.275402464023829,0.203674118250579,0.53262482949974,0.448666802016352,0.30162319033167,0.69837680966833,0
1,192,green,yellow,pink,blue,0.915978157939887,0.70865624814669,0.134755172846423,0.713396224290639,0.816091948892773,0.500027910328732,0.0406740585776809,0.959325941422319,0
1,193,green,yellow,pink,blue,0.018721304156155,0.0900636588470127,0.815366246824817,0.363481934975125,0.582778423299658,0.906040499374879,0.962043567918833,0.0379564320811665,0
1,194,green,yellow,pink,blue,0.965133451466841,0.829185006934582,0.086919537162816,0.154782288303404,0.953723942996198,0.666675264260924,0.0536319394759317,0.946368060524068,0
1,195,green,yellow,pink,blue,0.106258978090287,0.328194265206765,0.136962249200865,0.0163617550084967,0.644888403067731,0.899790016793341,0.927507390052586,0.072492609947414,0
1,196,green,yellow,pink,blue,0.30995226285957,0.616565467335501,0.480036933617036,0.609929865582644,0.172234959760078,0.468735126168272,0.950967738747007,0.0490322612529925,0
1,197,green,yellow,pink,blue,0.0836479746453822,0.482986973273216,0.963931707615562,0.629995886747386,0.509994116946774,0.82246338804529,0.957899881569188,0.0421001184308117,0
1,198,green,yellow,pink,blue,0.342145313411117,0.866361382161925,0.33328463337226,0.204294515191795,0.507884995189566,0.644826996121897,0.797286431187122,0.202713568812878,0
1,199,green,yellow,pink,blue,0.267719375303164,0.899101996876063,0.674284949201884,0.508769836944645,0.435945562805649,0.649868570117659,0.894658070758509,0.105341929241492,0
1,200,green,yellow,pink,blue,0.179671867176522,0.754048841958024,0.750570710103535,0.542615013828714,0.366181076152306,0.674104378679993,0.956027953407405,0.0439720465925952,0
1,201,green,yellow,pink,blue,0.987529460047215,0.0229209508329492,0.0352621892653936,0.119146738386091,1.06422956320524,0.803153225202269,0.0684489117824026,0.931551088217597,0
1,202,green,yellow,pink,blue,0.354881288263249,0.39537242826469,0.237226688710935,0.485474970538595,0.302006296294731,0.486134255878365,0.8630999726942,0.1369000273058,0
1,203,green,yellow,pink,blue,0.141658156049298,0.162778630095155,0.117974474084807,0.332767463583631,0.54714388524242,0.810992154776402,0.933297569407225,0.0667024305927754,0
1,204,green,yellow,pink,blue,0.212045403639686,0.982241354535466,0.298778607732902,0.326716556555625,0.55182830290492,0.769720125920609,0.898340322046872,0.101659677953127,0
1,205,green,yellow,pink,blue,0.512644944157122,0.0353975981090996,0.72846633626195,0.125641274763799,0.69078149982431,0.681567411443946,0.476981062533029,0.523018937466971,1
1,206,green,yellow,pink,blue,0.537176455050407,0.534849369191432,0.538510298055939,0.550836313815144,0.296229925441419,0.224890448166704,0.328849153904241,0.671150846095759,0
1,207,green,yellow,pink,blue,0.431705948401054,0.314838926848452,0.214853382124468,0.5924821525319,0.396438162791813,0.474823407717747,0.686509810429261,0.313490189570739,0
1,208,green,yellow,pink,blue,0.943568862483253,0.488904861504756,0.643631709802417,0.528353641964521,0.708939254222787,0.242952677891616,0.0093789359697905,0.990621064030209,0
1,209,green,yellow,pink,blue,0.0120776889655843,0.567371625588083,0.972965506952186,0.569438959609506,0.538204516796847,0.881808603345954,0.968812111564359,0.0311878884356413,0
1,210,green,yellow,pink,blue,0.229259619389194,0.821132214883902,0.254376997593464,0.2991340531633,0.451922394592176,0.689183742803567,0.914714963323649,0.0852850366763508,0
1,211,green,yellow,pink,blue,0.635063738147346,0.296904487289635,0.414623756825185,0.750876194244032,0.509656587768772,0.353109188932775,0.172862568009817,0.827137431990183,0
1,212,green,yellow,pink,blue,0.730174509980695,0.29195689745275,0.630379452674919,0.192350658334118,0.620883573353288,0.394108997206678,0.0938297050150395,0.906170294984961,0
1,213,green,yellow,pink,blue,0.661433241465939,0.193036870170388,0.736841449400347,0.220992390304056,0.630430641450955,0.485808143421169,0.19058322520877,0.80941677479123,0
1,214,green,yellow,pink,blue,0.618944674486099,0.131633930408951,0.22760535233121,0.0146986794902546,0.762581110325136,0.680136218222952,0.304820094373524,0.695179905626476,0
1,215,green,yellow,pink,blue,0.454294007026242,0.85014974345028,0.394758547622374,0.732623193016209,0.479093098857356,0.524629574410843,0.611913992951691,0.388086007048309,0
1,216,green,yellow,pink,blue,0.716340555939986,0.409087709778753,0.771888310598818,0.375184916930042,0.56146292578382,0.314483800997351,0.078003246997514,0.921996753002486,0
1,217,green,yellow,pink,blue,0.261254393405734,0.0105876531501028,0.903140494355129,0.438402941671972,0.637155838397185,0.802940327171257,0.839948492706882,0.160051507293118,0
1,218,green,yellow,pink,blue,0.131216070922861,0.734336591114082,0.563886361624065,0.642187733562482,0.305486625761534,0.679783794743819,0.976864318556973,0.0231356814430272,0
1,219,green,yellow,pink,blue,0.247781496523457,0.151868865253396,0.367644883733285,0.665739164100331,0.407661079889025,0.646843149096308,0.916201460152388,0.0837985398476121,0
1,220,green,yellow,pink,blue,0.168462301706502,0.441534840667273,0.509774493090165,0.894558156514371,0.407232428332999,0.705248856063935,0.951669927656736,0.0483300723432644,0
1,221,green,yellow,pink,blue,0.68236227166988,0.23769231188811,0.0550075442358166,0.819527091318574,0.745559055326733,0.611143218329232,0.206827047855987,0.793172952144013,0
1,222,green,yellow,pink,blue,0.489429567859338,0.936641404455758,0.785649316781137,0.800516687089361,0.647987689271256,0.65609334517869,0.52025305215682,0.47974694784318,1
1,223,green,yellow,pink,blue,0.553872560777452,0.122582707078831,0.292997628802898,0.454435566748996,0.528874697303717,0.475221932017711,0.368995707772563,0.631004292227437,0
1,224,green,yellow,pink,blue,0.972507368535336,0.0589483074521341,0.0080541070478269,0.159041549507604,1.03672895186827,0.776079603588797,0.0687216782570697,0.93127832174293,0
1,225,green,yellow,pink,blue,0.0615125415505083,0.673187514849103,0.16412643172296,0.469309538102206,0.423408072208134,0.785978278364294,0.974060387520512,0.0259396124794878,0
1,226,green,yellow,pink,blue,0.771419819394051,0.746147313386387,0.616680767217589,0.0998951538826999,0.711453032370581,0.484505518931667,0.0936827671351586,0.906317232864841,0
1,227,green,yellow,pink,blue,0.900191712561605,0.919322508311954,0.488877764473795,0.792876997397723,0.827333831526687,0.533188105856669,0.0501418220053101,0.94985817799469,0
1,228,green,yellow,pink,blue,0.91945141887942,0.175949472820146,0.703100185014626,0.267624728780165,0.80524648290612,0.478508599037945,0.0367073999827897,0.96329260001721,0
1,229,green,yellow,pink,blue,0.880060359318029,0.654885492924009,0.658639876387021,0.855882336327414,0.756825224204522,0.439003485947658,0.0399937200672042,0.960006279932796,0
1,230,green,yellow,pink,blue,0.84470431150623,0.373659933879367,0.441450159703855,0.358405667317231,0.626986498481465,0.220017630593136,0.0167957883738807,0.983204211626119,0
1,231,green,yellow,pink,blue,0.927329741552708,0.257660027236324,0.431321227448269,0.0449279414797616,0.85399742004061,0.549528754373517,0.0454474207841146,0.954552579215885,0
1,232,green,yellow,pink,blue,0.0384562738996876,0.209856146800338,0.0246047559796398,0.294051240573175,0.6303568300166,0.92676505072693,0.95092484843509,0.0490751515649102,0
1,233,green,yellow,pink,blue,0.387756352020086,0.424437890893066,0.833906824786048,0.950686799588373,0.582493608391097,0.671969085446938,0.709870414849234,0.290129585150766,0
1,234,green,yellow,pink,blue,0.807407476290926,0.793897045810583,0.149771864346086,0.842386241493805,0.798101906731889,0.574072449467966,0.0961899292769884,0.903810070723012,0
1,235,green,yellow,pink,blue,0.583112994279361,0.959101845794709,0.51933528687389,0.241433001735214,0.623674207964405,0.553042967047468,0.33041417437125,0.66958582562875,0
1,236,green,yellow,pink,blue,0.826946991995125,0.985880660245088,0.183905878057666,0.0795703080318927,0.919578418291403,0.720192665466813,0.119849352145214,0.880150647854786,0
1,237,green,yellow,pink,blue,0.750170248219517,0.230084043895714,0.870384046022629,0.0572603439426583,0.810078789475154,0.637226331014353,0.150776398853247,0.849223601146753,0
1,238,green,yellow,pink,blue,0.193702121184622,0.950058661442537,0.193619418907418,0.973302328526973,0.72360652606112,0.910990825076532,0.866902317556924,0.133097682443076,0
1,239,green,yellow,pink,blue,0.417718673514318,0.881362041314982,0.584250718554451,0.60726199393116,0.438371850054679,0.523880907655589,0.701633915484377,0.298366084515623,0
1,240,green,yellow,pink,blue,0.296586581816503,0.603368002676253,0.350912645910998,0.936315750936766,0.474819678664856,0.654879489242787,0.858221726526559,0.141778273473441,0
1,241,green,yellow,pink,blue,0.602147535554497,0.777124939466631,0.949755430990119,0.172861797858666,0.714216682720911,0.638715847871622,0.319730987475677,0.680269012524323,0
1,242,green,yellow,pink,blue,0.438684169898767,0.69073712289586,0.599612441254331,0.683152371324659,0.339779039370398,0.42043504337377,0.691375985663051,0.308624014336949,0
1,243,green,yellow,pink,blue,0.785566519786522,0.638639009452177,0.844445463382463,0.0743654783172145,0.778369896226095,0.565944498660866,0.106761716684085,0.893238283315915,0
1,244,green,yellow,pink,blue,0.830464931873396,0.105983603458144,0.934423940170621,0.403170956962696,0.830836013451212,0.5998529397895,0.0903120497044608,0.909687950295539,0
1,245,green,yellow,pink,blue,0.0753064824307644,0.591727482774158,0.799874121323246,0.860462414986351,0.508713472825301,0.826730255284765,0.960081098485674,0.0399189015143256,0
1,246,green,yellow,pink,blue,0.698772439980466,0.356286320847981,0.105831048360697,0.91614745452866,0.742023039270709,0.593149012330017,0.184110881376332,0.815889118623668,0
1,247,green,yellow,pink,blue,0.312726242850769,0.274750067621702,0.0676830550579174,0.424096305354005,0.4973242657699,0.659245919572356,0.834687052485167,0.165312947514833,0
1,248,green,yellow,pink,blue,0.11842276104444,0.505135234850706,0.998507147197161,0.702501206485041,0.553944992650615,0.829718201462551,0.940348546658309,0.0596514533416913,0
1,249,green,yellow,pink,blue,0.644746797177312,0.550601570017217,0.88734928504167,0.251278828942917,0.608512318958501,0.474910986551102,0.208166430458554,0.791833569541446,0
1,250,green,yellow,pink,blue,0.394681840161827,0.806404247847894,0.318606522734608,0.717775207813361,0.441753361848474,0.54814614159237,0.743440436706303,0.256559563293697,0
1,251,green,yellow,pink,blue,0.745438078490544,0.383154739151403,0.703786202789725,0.96169179538271,0.71679832238388,0.518036443198546,0.120509010624796,0.879490989375203,0
1,252,green,yellow,pink,blue,0.517388566831648,0.66586837330429,0.389828001828498,0.418415034645362,0.343224327063093,0.316882268131659,0.434523038265136,0.565476961734864,1
1,253,green,yellow,pink,blue,0.471230064131705,0.0668826246296176,0.281244093574991,0.745161052327085,0.586933974393541,0.610951246963039,0.559756214360364,0.440243785639636,1
1,254,green,yellow,pink,blue,0.364720012462434,0.522817115972003,0.915815942690244,0.767278590603321,0.507958704257477,0.627137969483989,0.7670615253384,0.2329384746616,0
1,255,green,yellow,pink,blue,0.5703822445563,0.71814199666922,0.460987116702174,0.879966698609994,0.544175900287356,0.475126473580724,0.333923130099304,0.666076869900696,0
1,256,green,yellow,pink,blue,0.871092372337636,0.455981971375361,0.557791429029792,0.999007782176814,0.800026210672076,0.518603476101621,0.0565601815603671,0.943439818439633,0
1,257,green,yellow,pink,blue,0.150795582874047,0.477875495120763,0.130182196,0.83962555668419,0.512290675957255,0.782078099551889,0.936901090875447,0.0630989091245535,0
1,258,green,yellow,pink,blue,0.570162447352411,0.580133928295766,0.952299038560285,0.287839571175867,0.59875863835121,0.536981805695299,0.350289180708474,0.649710819291526,0
1,259,green,yellow,pink,blue,0.795814482647526,0.266317086217612,0.715451584301576,0.217375925956125,0.691965971756437,0.427787825237354,0.0664973648560211,0.933502635143979,0
1,260,green,yellow,pink,blue,0.698684781105797,0.902389092164708,0.477980766337592,0.85366284688534,0.69914037947126,0.538620914095824,0.167256842020006,0.832743157979994,0
1,261,green,yellow,pink,blue,0.533977326442808,0.363579628241382,0.0621791207139435,0.661528193525548,0.563056053521146,0.532028939968494,0.423048559141533,0.576951440858467,1
1,262,green,yellow,pink,blue,0.672198975971312,0.508786891610917,0.986516961629517,0.873529319815452,0.744682544102128,0.618347083375596,0.220396955827454,0.779603044172546,0
1,263,green,yellow,pink,blue,0.174010346305563,0.877153506475862,0.83556401197532,0.121456976912945,0.635544822476352,0.854345875550959,0.899167674059493,0.100832325940507,0
1,264,green,yellow,pink,blue,0.0408643844404826,0.91194463475951,0.563196669587759,0.430375995668907,0.47146305139288,0.825477452380259,0.971808657677484,0.0281913423225158,0
1,265,green,yellow,pink,blue,0.131249839760317,0.828245860542169,0.970064534568812,0.189685331989488,0.662648327064883,0.898806411637996,0.913850343608874,0.086149656391126,0
1,266,green,yellow,pink,blue,0.466485791788867,0.0012217029186309,0.881984137735379,0.353483863245637,0.680459218099591,0.70465520342068,0.5601965676118,0.4398034323882,1
1,267,green,yellow,pink,blue,0.327007707161244,0.566957432365682,0.672037226974144,0.166480714335229,0.388902823448903,0.569418737771497,0.858775794536147,0.141224205463853,0
1,268,green,yellow,pink,blue,0.297906356861636,0.211808109824728,0.447996404814766,0.692693087508768,0.353814336165738,0.572082360866655,0.898683373701018,0.101316626298982,0
1,269,green,yellow,pink,blue,0.0495021599275876,0.516642689924915,0.687741335179121,0.539374247592064,0.27798112041993,0.726478728788622,0.988848598878197,0.0111514011218027,0
1,270,green,yellow,pink,blue,0.598966452491731,0.228579805923249,0.255389885328383,0.172287384604996,0.602226015052505,0.513526747808027,0.291730823914157,0.708269176085843,0
1,271,green,yellow,pink,blue,0.437217133302693,0.623378181606577,0.552098773474726,0.755558363110874,0.343943003784208,0.425534553884183,0.693368627138093,0.306631372861907,0
1,272,green,yellow,pink,blue,0.800904183344299,0.962241924034582,0.544634570011992,0.973480423441024,0.86217108034513,0.665157716965826,0.122374533962047,0.877625466037953,0
1,273,green,yellow,pink,blue,0.192739717962804,0.0265245733964604,0.307046070807756,0.826167013622442,0.609158320194751,0.823610430421863,0.895155683589059,0.104844316410941,0
1,274,green,yellow,pink,blue,0.485882831227012,0.683732459350631,0.625487166689589,0.0480330083043772,0.556254903145018,0.568802853408685,0.531328780196166,0.468671219803834,1
1,275,green,yellow,pink,blue,0.954050043227083,0.693921471660049,0.60888634557374,0.0707945193284717,0.854029028446773,0.524705191705452,0.0358038828676213,0.964196117132379,0
1,276,green,yellow,pink,blue,0.730232955778186,0.433648514539994,0.733797723385156,0.0447717821419145,0.704925752992848,0.51641781674759,0.131806536118794,0.868193463881206,0
1,277,green,yellow,pink,blue,0.77799699743885,0.234808803793048,0.198086753110209,0.316805087867166,0.688345250821859,0.442518007419086,0.0788357028622375,0.921164297137763,0
1,278,green,yellow,pink,blue,0.386760045901444,0.769953033942091,0.750601582476132,0.382464422295661,0.410114271704045,0.530503223320929,0.76921598401928,0.23078401598072,0
1,279,green,yellow,pink,blue,0.123033254329634,0.380099241520224,0.913844864736185,0.766066766151066,0.522068810128269,0.805929642201547,0.944726836413142,0.0552731635868579,0
1,280,green,yellow,pink,blue,0.476846851996801,0.16876538116658,0.22421936900695,0.55981888402228,0.49072306068818,0.51377258616471,0.557370041716309,0.442629958283691,1
1,281,green,yellow,pink,blue,0.400324167407675,0.18738752847438,0.427689770644626,0.927856563335017,0.555530305850585,0.638975549853646,0.697295550955312,0.302704449044688,0
1,282,green,yellow,pink,blue,0.765177732590105,0.634164854355057,0.338959760714879,0.506145985050427,0.556219413632826,0.210243438689391,0.0304791319051799,0.96952086809482,0
1,283,green,yellow,pink,blue,0.743085098291382,0.98663362689666,0.737462079642808,0.270386802630757,0.76749961606377,0.588192623522815,0.142696753923111,0.857303246076888,0
1,284,green,yellow,pink,blue,0.512123001321996,0.441620719125109,0.86171536687275,0.992953127382403,0.667800419800333,0.658661065619872,0.477167505236274,0.522832494763726,1
1,285,green,yellow,pink,blue,0.718379145332301,0.465449564929538,0.416874110826896,0.951388877879578,0.65668454288949,0.461362594428371,0.124202730290116,0.875797269709884,0
1,286,green,yellow,pink,blue,0.227127344432432,0.307649852711566,0.0085139756485293,0.80872926028568,0.611877443467197,0.804528844350232,0.872863071092243,0.127136928907757,0
1,287,green,yellow,pink,blue,0.854412614196602,0.400410320123083,0.204214853712775,0.732035011997478,0.71872234701224,0.402677535874775,0.0406815617205429,0.959318438279457,0
1,288,green,yellow,pink,blue,0.264180273748358,0.859265344090664,0.855138312930968,0.336755214565878,0.531078853760012,0.719628011657892,0.868240628132172,0.131759371867828,0
1,289,green,yellow,pink,blue,0.941480632724449,0.117205901858104,0.381384185788542,0.703265672334389,0.824659585487169,0.488449382445531,0.0335010953371737,0.966498904662826,0
1,290,green,yellow,pink,blue,0.409301795756425,0.0344128187998694,0.365484309324715,0.0307861489203294,0.693112252461294,0.755713436929332,0.651584610994954,0.348415389005046,0
1,291,green,yellow,pink,blue,0.020349029459606,0.718642788778607,0.777553370068983,0.0034836579207145,0.65123620027105,0.950662694694532,0.952314362643821,0.0476856373561786,0
1,292,green,yellow,pink,blue,0.885875636482503,0.976241995474639,0.0934794636282321,0.655831231117303,0.905917536208025,0.659401960815037,0.0783372787051577,0.921662721294842,0
1,293,green,yellow,pink,blue,0.92239783963767,0.418594833697912,0.669867524654861,0.149834836250006,0.781163410360794,0.433380241876388,0.0299496109001627,0.970050389099837,0
1,294,green,yellow,pink,blue,0.549046822451518,0.0901500266412822,0.793588854827063,0.786560844313882,0.65247033331259,0.613735051468893,0.404354717863948,0.595645282136052,1
1,295,green,yellow,pink,blue,0.836683493106332,0.804335543245369,0.934146929692315,0.572876507295584,0.794110940513206,0.542151909280449,0.0744961867755801,0.92550381322442,0
1,296,green,yellow,pink,blue,0.441425978838836,0.344676775608078,0.0768967582327557,0.591283893882379,0.498114757747841,0.553798097728183,0.635719533985352,0.364280466014648,0
1,297,green,yellow,pink,blue,0.347214842081358,0.0955488358070468,0.347235887281119,0.105722695075842,0.593146640427966,0.710357723242047,0.763526345882761,0.236473654117239,0
1,298,green,yellow,pink,blue,0.648243030017613,0.873214095963874,0.530184446385808,0.297503077175342,0.582925704477693,0.43767493293905,0.189615926176351,0.810384073823649,0
1,299,green,yellow,pink,blue,0.156614318601707,0.60506546725002,0.0367069975297772,0.0935978012749364,0.632109793600074,0.861944587872922,0.908740123863852,0.091259876136148,0
1,300,green,yellow,pink,blue,0.863062166226686,0.0710977002999604,0.161168044570786,0.624282128912129,0.830695819138061,0.571833347844255,0.0698741122926355,0.930125887707364,0
1,301,green,yellow,pink,blue,0.291491157580972,0.660966454613736,0.289846808841485,0.524135494126585,0.269032714551905,0.529988154507433,0.931473958968007,0.0685260410319934,0
1,302,green,yellow,pink,blue,0.245427410891455,0.154965987926685,0.397492662516516,0.440517412223008,0.364849709531425,0.622645886241699,0.929429698095501,0.0705703019044986,0
1,303,green,yellow,pink,blue,0.343691123298628,0.126827867838159,0.966656469541559,0.919917372891221,0.736297716571245,0.83572914519562,0.729939231949383,0.270060768050617,0
1,304,green,yellow,pink,blue,0.624086977782535,0.758760459519511,0.105167035398813,0.960460797828696,0.758165719767137,0.671363002292713,0.295664971648756,0.704335028351244,0
1,305,green,yellow,pink,blue,0.591860803158543,0.189571946211699,0.592804892606281,0.473583105622212,0.471746738955583,0.361502672959252,0.249282867620287,0.750717132379713,0
1,306,green,yellow,pink,blue,0.896142347199979,0.736412830097451,0.827942062926392,0.498274968487675,0.762194156006145,0.429880895423304,0.0347860747265811,0.965213925273419,0
1,307,green,yellow,pink,blue,0.204651495055222,0.334112653571042,0.313505662901176,0.237801530292515,0.364833213801656,0.654562280335204,0.947712342215758,0.0522876577842418,0
1,308,green,yellow,pink,blue,0.359454144436617,0.733976265929896,0.906029225969689,0.679294376270584,0.513547766480054,0.635827935860037,0.772556219639697,0.227443780360303,0
1,309,green,yellow,pink,blue,0.630659496022382,0.792214944784369,0.491276901575988,0.637462268484346,0.499262649885131,0.344388875470653,0.175268651899645,0.824731348100356,0
1,310,green,yellow,pink,blue,0.0876776996388646,0.645144454785836,0.647175676903434,0.890447690213711,0.470664977042922,0.796145602874216,0.962845435245458,0.0371545647545417,0
1,311,green,yellow,pink,blue,0.912039696132344,0.0579814544964029,0.121807073501229,0.454260499763538,0.882495861383898,0.605606513527855,0.0590284442068185,0.940971555793182,0
1,312,green,yellow,pink,blue,0.530136913056927,0.56025448232169,0.809427496714549,0.131107029245584,0.560298752713202,0.53272673974097,0.431503354082463,0.568496645917537,1
1,313,green,yellow,pink,blue,0.0764682928409033,0.814695833808771,0.0187793006267585,0.7461667262285,0.649090240115715,0.919157139434044,0.937066108160876,0.0629338918391238,0
1,314,green,yellow,pink,blue,0.0956434175254689,0.929600762454628,0.61473157395591,0.230057015133463,0.542600514924074,0.835925774976703,0.949465964317053,0.0505340356829468,0
1,315,green,yellow,pink,blue,0.826550238118779,0.940660356762989,0.239564749336732,0.902462226941923,0.869709199100709,0.655624780557918,0.105189904091883,0.894810095908117,0
1,316,green,yellow,pink,blue,0.670465576458313,0.250735214220665,0.511239224069374,0.370828039018333,0.505703421065717,0.292010913527657,0.105559361468789,0.894440638531211,0
1,317,green,yellow,pink,blue,0.971101902422935,0.541955671871384,0.152222796944183,0.600044348730787,0.80790227550023,0.426150424539874,0.0215094551795431,0.978490544820457,0
1,318,green,yellow,pink,blue,0.991456160462103,0.296800082456346,0.270540114698912,0.399968611454342,0.808520600871562,0.402801938391077,0.017003495480243,0.982996504519757,0
1,319,green,yellow,pink,blue,0.276302599604926,0.490953741930325,0.464872803317472,0.414536426550346,0.0964966520900986,0.482710062314503,0.979409783692467,0.0205902163075331,0
1,320,green,yellow,pink,blue,0.0155636924369899,0.313516184887554,0.171990144235602,0.256274340011705,0.506684574876701,0.860909731610111,0.971866340187511,0.0281336598124893,0
2,1,green,yellow,pink,blue,0.779983393261128,0.163723746857993,0.192450636474012,0.908197687992673,0.809429477501042,0.61252974277702,0.122496622383816,0.877503377616184,0
2,2,green,yellow,pink,blue,0.357144212450077,0.725136566458911,0.54286123021611,0.407241881334494,0.269457806441857,0.46418024193451,0.875143670441784,0.124856329558216,0
2,3,green,yellow,pink,blue,0.968263456341289,0.380147732238236,0.362810077710802,0.440175317543561,0.743415782864275,0.290522924862072,0.0106770041787506,0.989322995821249,0
2,4,green,yellow,pink,blue,0.723112918727358,0.0773934284919388,0.71958747290346,0.961647300082546,0.814720219509833,0.663819340898404,0.181085737457028,0.818914262542972,0
2,5,green,yellow,pink,blue,0.604232805300761,0.329989669835607,0.669059009025313,0.577072017598207,0.434632531160671,0.290985621367055,0.192092724562274,0.807907275437726,0
2,6,green,yellow,pink,blue,0.368781750397207,0.681470479602674,0.464656648491846,0.386738180986358,0.247220612685829,0.438561604497646,0.871401749977376,0.128598250022624,0
2,7,green,yellow,pink,blue,0.668739890533626,0.836858405147023,0.619756388397648,0.621147413135336,0.563768542323657,0.386128319060018,0.144747954230661,0.855252045769339,0
2,8,green,yellow,pink,blue,0.0372929860159306,0.69933376626493,0.225710505523603,0.0240299729008238,0.621900649339015,0.921665574724563,0.952467814908854,0.0475321850911456,0
2,9,green,yellow,pink,blue,0.742794995875313,0.872518799746066,0.514774264637348,0.150191564965554,0.710071393763206,0.511279168718528,0.120476851787232,0.879523148212768,0
2,10,green,yellow,pink,blue,0.279101862202974,0.780511304376005,0.676280147798033,0.224467378140566,0.431887052923376,0.638298178189367,0.887365735395591,0.112634264604409,0
2,11,green,yellow,pink,blue,0.259396059161693,0.423938113802859,0.236158190019979,0.353532926448869,0.311349965132169,0.580984286901212,0.936810520435279,0.0631894795647212,0
2,12,green,yellow,pink,blue,0.0624022781974721,0.972055679876438,0.384005156180461,0.535302214130336,0.522236077118699,0.842809730631331,0.961049583395539,0.0389504166044609,0
2,13,green,yellow,pink,blue,0.477438427290045,0.230609183227702,0.794288090028266,0.768196656812969,0.531821941092649,0.552626591594639,0.551824831612067,0.448175168387933,1
2,14,green,yellow,pink,blue,0.323908119054758,0.808682618317059,0.172264650143004,0.87765434683234,0.592267367107573,0.725859845346041,0.791818974557208,0.208181025442792,0
2,15,green,yellow,pink,blue,0.418007057918101,0.553489679620655,0.0958129387561831,0.038087602010185,0.638606108043002,0.699864775018524,0.648530630380386,0.351469369619614,0
2,16,green,yellow,pink,blue,0.81354718598196,0.79494350416648,0.118342399288684,0.709410750900008,0.770773954056189,0.529665273799833,0.082331169926366,0.917668830073634,0
2,17,green,yellow,pink,blue,0.401993008248233,0.459714296665167,0.88734819137648,0.788649259853036,0.508017547950723,0.596731782945766,0.70830010207921,0.29169989792079,0
2,18,green,yellow,pink,blue,0.514294993201579,0.539633879949845,0.898002304348921,0.856937196854383,0.597689455015409,0.585608821172494,0.469835092458374,0.530164907541626,1
2,19,green,yellow,pink,blue,0.0249281993510481,0.64593061588803,0.919448450958672,0.605508519551352,0.508942148785467,0.856792805443253,0.970069989971598,0.0299300100284024,0
2,20,green,yellow,pink,blue,0.937123684376063,0.989255454944441,0.853929370728145,0.689420865308097,0.934160650799163,0.659948814019279,0.0605333215649099,0.93946667843509,0
2,21,green,yellow,pink,blue,0.157456258982344,0.854803931898178,0.0673032020874048,0.167620107319098,0.657383515213403,0.880168635598876,0.902722827153757,0.097277172846243,0
2,22,green,yellow,pink,blue,0.836608755038064,0.966694571522108,0.410452887821445,0.256178321784329,0.793335585135909,0.541084647356467,0.0742951772253392,0.925704822774661,0
2,23,green,yellow,pink,blue,0.584234554119475,0.819849852691455,0.470633027814994,0.975111936067703,0.663784932251031,0.59697226247459,0.338916431329122,0.661083568670878,0
2,24,green,yellow,pink,blue,0.620520006274487,0.48079458737142,0.0593321128693744,0.427682093460795,0.580579012089021,0.465351461804705,0.240073698634608,0.759926301365392,0
2,25,green,yellow,pink,blue,0.521830080791434,0.312290088833186,0.448339759742454,0.512257267593238,0.334582761967275,0.300192511256055,0.414861823987269,0.585138176012732,1
2,26,green,yellow,pink,blue,0.0805524007945903,0.623413653804549,0.395669843764251,0.0080179295369173,0.544861962316313,0.846358173106749,0.953245506135168,0.046754493864832,0
2,27,green,yellow,pink,blue,0.0126067272752413,0.450701409604759,0.337858155466105,0.989802622819999,0.570072367353596,0.901318909568024,0.964853981056124,0.0351460189438762,0
2,28,green,yellow,pink,blue,0.762698578286559,0.0510826280312266,0.765678719713664,0.374126232599594,0.742169809720573,0.536765729321566,0.11364471684438,0.88635528315562,0
2,29,green,yellow,pink,blue,0.890011137226979,0.709801854936178,0.981227688092745,0.06998720123204,0.93280339246841,0.692900448674696,0.0832467366507403,0.91675326334926,0
2,30,green,yellow,pink,blue,0.643652812049545,0.0061956929419335,0.021178758900878,0.930364547800941,0.901825179863161,0.818312802652921,0.302562766757669,0.697437233242331,0
2,31,green,yellow,pink,blue,0.194311864128014,0.916937697174903,0.0418352243268282,0.547566845864276,0.623791454170006,0.833548987263206,0.890667290348012,0.109332709651988,0
2,32,green,yellow,pink,blue,0.173685472268366,0.92446626312695,0.607366786268091,0.405504010432353,0.454370591603117,0.72990900956585,0.94021670881124,0.0597832911887603,0
2,33,green,yellow,pink,blue,0.629562897088157,0.593714403613049,0.76448394072803,0.674008258970013,0.503071576799274,0.351451439455226,0.180021567719321,0.819978432280679,0
2,34,green,yellow,pink,blue,0.869635552548436,0.103615334989103,0.630869382751411,0.814901811866238,0.810776767733376,0.536398559419901,0.0604387768213003,0.9395612231787,0
2,35,green,yellow,pink,blue,0.898190803048781,0.528902817360554,0.517346442971794,0.11154252277202,0.756430301287899,0.417128274824089,0.0325143121811672,0.967485687818833,0
2,36,green,yellow,pink,blue,0.0759298374219496,0.293273775727289,0.323313975433562,0.0991846349639907,0.514691229212274,0.830046519181962,0.959048487913004,0.0409515120869958,0
2,37,green,yellow,pink,blue,0.142382821671199,0.208958949576152,0.940294759629974,0.177277623516879,0.627929580242721,0.867129019277178,0.916214795106686,0.0837852048933141,0
2,38,green,yellow,pink,blue,0.952851050517827,0.274575705210488,0.805975520964669,0.489451272401735,0.799091989059398,0.430925697146362,0.0245625546160468,0.975437445383953,0
2,39,green,yellow,pink,blue,0.983350805159555,0.348683820337508,0.203313648692671,0.525537565942249,0.805838040788675,0.407460602785809,0.0182750510017023,0.981724948998298,0
2,40,green,yellow,pink,blue,0.239052853932657,0.0191571686448555,0.146597543295273,0.898981566567866,0.717920089800067,0.881110890527338,0.836430849020073,0.163569150979927,0
2,41,green,yellow,pink,blue,0.691684155553688,0.628781682491974,0.0891465757600416,0.644075902056584,0.633425620555212,0.457759610736976,0.147209132565268,0.852790867434732,0
2,42,green,yellow,pink,blue,0.209762005619064,0.486243430990054,0.432240567895658,0.306481344796141,0.209401886175217,0.578002719988993,0.97554134348705,0.0244586565129497,0
2,43,green,yellow,pink,blue,0.570354575980928,0.93976202502669,0.168549292153288,0.468703534443264,0.637853222533151,0.580088060138284,0.359473133785106,0.640526866214894,0
2,44,green,yellow,pink,blue,0.67906787044112,0.372511307756068,0.937443090595211,0.316588030033855,0.65218786582648,0.496267208155221,0.17376052757661,0.82623947242339,0
2,45,green,yellow,pink,blue,0.810202524534059,0.413610662851678,0.130113630315302,0.21154987591149,0.735737308169472,0.48073575080121,0.0724254391146316,0.927574560885368,0
2,46,green,yellow,pink,blue,0.42623917715209,0.600589097519857,0.874976781347797,0.840077110185904,0.545379172251246,0.609261244765629,0.6544868352863,0.3455131647137,0
2,47,green,yellow,pink,blue,0.28663432249509,0.893502535412372,0.74222419018415,0.0584169820062348,0.640198749648489,0.789442915324723,0.81644446909813,0.18355553090187,0
2,48,green,yellow,pink,blue,0.917758070721783,0.0799866994312071,0.817065560866683,0.341593272889975,0.864832512542275,0.574610480263283,0.0520439136751476,0.947956086324853,0
2,49,green,yellow,pink,blue,0.497346147418283,0.39868137454917,0.270527466613889,0.475457130872689,0.353136767428078,0.356874528498841,0.509343314917865,0.490656685082135,1
2,50,green,yellow,pink,blue,0.791079519635929,0.0407714702750458,0.830543171363348,0.580792176396642,0.787047681519129,0.573031005573614,0.105253683859309,0.894746316140691,0
2,51,green,yellow,pink,blue,0.341348850248375,0.185617861922869,0.65284712242505,0.952549790161551,0.579089195713864,0.702848096208672,0.775144066880769,0.224855933119231,0
2,52,green,yellow,pink,blue,0.449072571735775,0.750444828251023,0.961307437027267,0.80000512890984,0.636521900364831,0.67534254856945,0.595850871907929,0.404149128092071,1
2,53,green,yellow,pink,blue,0.30704396309159,0.32302387500054,0.56885029451444,0.239511769675746,0.327366833593762,0.547836728091149,0.900670684787142,0.0993293152128582,0
2,54,green,yellow,pink,blue,0.386918585995299,0.235537707485924,0.986565499762316,0.756837181024675,0.625618355284119,0.710267372524677,0.69983035812954,0.30016964187046,0
2,55,green,yellow,pink,blue,0.560282282040816,0.743196816948522,0.550984605416076,0.286488902671807,0.451227442642922,0.378581461449521,0.325972077566757,0.674027922433243,0
2,56,green,yellow,pink,blue,0.707092192713981,0.260434194282408,0.301301085271835,0.639302465702449,0.570273165749649,0.34368487144497,0.0939882123234303,0.90601178767657,0
2,57,green,yellow,pink,blue,0.229545344042447,0.153135137070958,0.352960186943429,0.0920040034911088,0.555711315231316,0.761097708466969,0.886337465730063,0.113662534269937,0
2,58,green,yellow,pink,blue,0.845018624257309,0.129303361221462,0.0057837637680168,0.738038494401572,0.890154578815972,0.668847179802481,0.0985825687015192,0.901417431298481,0
2,59,green,yellow,pink,blue,0.999832856503522,0.875101210587869,0.26514364496306,0.135979089051282,0.943726105385396,0.625128871099685,0.039697034260194,0.960302965739806,0
2,60,green,yellow,pink,blue,0.453902752766749,0.669915895652157,0.486518721193796,0.196691392876777,0.40326864521608,0.456861956664881,0.630865850397284,0.369134149602716,0
2,61,green,yellow,pink,blue,0.0941512212415554,0.572357267052652,0.689956850005311,0.730484137489748,0.34457358928705,0.724278770358904,0.978055541476553,0.0219444585234473,0
2,62,green,yellow,pink,blue,0.542212941628493,0.192261280898084,0.58085796043185,0.275672279255117,0.486777627412618,0.441293005746709,0.388209154345406,0.611790845654594,0
2,63,green,yellow,pink,blue,0.135261711160438,0.510377752907119,0.715767444151927,0.665468669069248,0.295310079544595,0.672269538146864,0.977458429604634,0.0225415703953656,0
2,64,green,yellow,pink,blue,0.124765848896703,0.118893002308336,0.291494066481874,0.868764098506482,0.583427648429247,0.845944426103144,0.932463875366574,0.0675361246334259,0
2,65,green,yellow,pink,blue,0.719750368557087,0.917210243779598,0.185095873777176,0.189160002316441,0.768450329654576,0.608905198359432,0.168618317096587,0.831381682903413,0
2,66,green,yellow,pink,blue,0.0978939178829735,0.770865855522504,0.975947832480918,0.792887996,0.639385868790599,0.900511172238377,0.931582303779674,0.0684176962203257,0
2,67,green,yellow,pink,blue,0.581930100743821,0.640633610264146,0.763616689395031,0.99250217194404,0.664836485470618,0.600064539586454,0.343503635924479,0.656496364075521,0
2,68,green,yellow,pink,blue,0.930774729967722,0.94897209740666,0.19457722199179,0.318056611663276,0.889616011039629,0.600534692695051,0.0526095731552184,0.947390426844782,0
2,69,green,yellow,pink,blue,0.0805321522635968,0.13191620219219,0.346924811706012,0.530578014403069,0.434248847852362,0.779769138654196,0.969385924244095,0.0306140757559048,0
2,70,green,yellow,pink,blue,0.413247936632234,0.490290160920806,0.638012093684518,0.0743154392764135,0.476443966307941,0.560134730577393,0.697813530375749,0.302186469624251,0
2,71,green,yellow,pink,blue,0.247897028567196,0.122548994687937,0.776156931698882,0.923935056214323,0.631234716023063,0.806573144944413,0.852379151508456,0.147620848491544,0
2,72,green,yellow,pink,blue,0.364241419560434,0.531652726318015,0.0310607521343815,0.842667777455927,0.592771643149285,0.697951861779499,0.741120818223199,0.258879181776801,0
2,73,green,yellow,pink,blue,0.913718193299082,0.0916828766208539,0.400202321064429,0.403820773559092,0.791488934654502,0.461233715573174,0.0354837378260809,0.964516262173919,0
2,74,green,yellow,pink,blue,0.375939120224026,0.215020909884006,0.0694106788774475,0.968205113315902,0.708305679354669,0.791048554250656,0.695810977982704,0.304189022017296,0
2,75,green,yellow,pink,blue,0.398424727304472,0.431245366618416,0.741379769703371,0.807450741104266,0.423730162620574,0.530209886186579,0.743606235427397,0.256393764572603,0
2,76,green,yellow,pink,blue,0.503778573412247,0.359600833836456,0.509638079186732,0.555912782110529,0.295524317030465,0.289060631259388,0.483846409219442,0.516153590780558,1
2,77,green,yellow,pink,blue,0.639304555664548,0.474958769027475,0.331326637597477,0.140968358712479,0.556362761999376,0.412595403846221,0.191905866330049,0.808094133669952,0
2,78,green,yellow,pink,blue,0.172150331648759,0.694698853049956,0.0321047092982934,0.353225836229271,0.533326234543922,0.782487406163217,0.923551673934272,0.076448326065728,0
2,79,green,yellow,pink,blue,0.451230078353294,0.273726568152892,0.149132112969248,0.892963169254359,0.607636023400354,0.646522589381455,0.596009600191522,0.403990399808478,1
2,80,green,yellow,pink,blue,0.539657055859296,0.0570611015357801,0.58398466139574,0.508841819561266,0.535936263845509,0.4975646923219,0.405231025247937,0.594768974752063,1
2,81,green,yellow,pink,blue,0.0254503690606993,0.7066579579959,0.273484998454153,0.873421945762727,0.532806760336754,0.870880402121812,0.967097046337292,0.0329029536627084,0
2,82,green,yellow,pink,blue,0.171757176320314,0.380232359615139,0.0048502274204044,0.462999075464742,0.516728742032816,0.771525382941159,0.927436777344397,0.0725632226556032,0
2,83,green,yellow,pink,blue,0.493680356063282,0.883780344063905,0.566447998829902,0.330040150699215,0.489866466849672,0.496274923082458,0.516015659822903,0.483984340177097,1
2,84,green,yellow,pink,blue,0.68322502077239,0.235432401333525,0.606761554366813,0.0503333783052479,0.686496928649045,0.536705703595725,0.182737110706048,0.817262889293952,0
2,85,green,yellow,pink,blue,0.800154709129512,0.926964607991806,0.867119269836179,0.474808029371542,0.787642161215466,0.565884674641978,0.0981833246859357,0.901816675314064,0
2,86,green,yellow,pink,blue,0.818774955374998,0.175007714389181,0.477362970458626,0.607340825647061,0.664198331468414,0.349834915567938,0.0413428441249536,0.958657155875046,0
2,87,green,yellow,pink,blue,0.761918786328041,0.571135866346619,0.408309418053212,0.567488896522412,0.529228749453403,0.13477493431633,0.0189924588057284,0.981007541194272,0
2,88,green,yellow,pink,blue,0.424126284059896,0.150410630743971,0.694869750781094,0.721816131225215,0.489601170074729,0.561767764898136,0.672973764682074,0.327026235317926,0
2,89,green,yellow,pink,blue,0.947228157939887,0.73990624814669,0.166005172846423,0.744646224290639,0.845627832884587,0.517550262109098,0.0362366161785908,0.963763383821409,0
2,90,green,yellow,pink,blue,0.229668708666466,0.791450893540823,0.55487011050667,0.755792633839814,0.392170352406651,0.651251776688778,0.930268055075797,0.069731944924203,0
2,91,green,yellow,pink,blue,0.652768307147625,0.722040398342281,0.288588957858895,0.386762690277132,0.518692167659223,0.340988647381989,0.144669612688657,0.855330387311343,0
2,92,green,yellow,pink,blue,0.896135742457618,0.0718116992879452,0.655120296134241,0.261013254266472,0.825841140569426,0.534675459507347,0.0515803243883145,0.948419675611685,0
2,93,green,yellow,pink,blue,0.974029907277073,0.833112894948433,0.900732527828115,0.0905371540449847,0.98154464416534,0.699571283867907,0.056267077874552,0.943732922125448,0
2,94,green,yellow,pink,blue,0.867123798845037,0.463444754900977,0.529016929489245,0.497867758025548,0.618889810627062,0.126098369747446,0.0071895269303041,0.992810473069696,0
2,95,green,yellow,pink,blue,0.769724916567574,0.553290794366908,0.998623533653993,0.182468042294895,0.788927037274714,0.593869475200978,0.124490606169691,0.875509393830309,0
2,96,green,yellow,pink,blue,0.262705258418553,0.395134478185325,0.537662906057856,0.105352986945074,0.4102718131469,0.636881230877698,0.906029773666702,0.0939702263332977,0
2,97,green,yellow,pink,blue,0.116597965730697,0.0214573725080992,0.816742489995431,0.667924324066789,0.612636542050696,0.871048544528453,0.929832552407035,0.0701674475929647,0
2,98,green,yellow,pink,blue,0.852671649168681,0.660051422961755,0.726483102316261,0.0295814690248864,0.81327594617286,0.555649273782195,0.0706815609745814,0.929318439025419,0
2,99,green,yellow,pink,blue,0.1312020396829,0.256369265446959,0.659739010004416,0.420951434557996,0.324398084473363,0.688499874747329,0.974444572101578,0.0255554278984225,0
2,100,green,yellow,pink,blue,0.216311158181047,0.416654005693101,0.053602231876744,0.970285397354559,0.654615012950717,0.843925148931717,0.869108741387644,0.130891258612356,0
2,101,green,yellow,pink,blue,0.527687405121559,0.67575411552321,0.222971413706582,0.817273006592178,0.534234782115748,0.507660710810578,0.433953041087343,0.566046958912657,1
2,102,green,yellow,pink,blue,0.795455505347399,0.34086142501057,0.0810118411374448,0.162571921426329,0.782467622231365,0.562849957353651,0.100094353111811,0.899905646888189,0
2,103,green,yellow,pink,blue,0.596898303118843,0.629239126729336,0.438881269274505,0.22726455875849,0.463854831535892,0.343893881336013,0.231544691208604,0.768455308791396,0
2,104,green,yellow,pink,blue,0.702809693591287,0.810935149170552,0.318906350320923,0.279533403463841,0.618965035961058,0.424626921133114,0.125276871890751,0.874723128109249,0
2,105,green,yellow,pink,blue,0.569708256280687,0.0391150760272224,0.385829254992588,0.69309866923893,0.604111196185622,0.54336183255372,0.352631145133584,0.647368854866415,0
2,106,green,yellow,pink,blue,0.613637309768047,0.308160821953549,0.717509297054551,0.234924118250579,0.535359580729885,0.415899712564497,0.232437474314525,0.767562525685474,0
2,107,green,yellow,pink,blue,0.194871593278151,0.233732854844346,0.43225956574247,0.876234731588563,0.469125434722899,0.724711722152883,0.927966401730837,0.0720335982691631,0
2,108,green,yellow,pink,blue,0.991323538528396,0.585576105107547,0.243310155768205,0.635691719493536,0.800740767922113,0.387120444931678,0.0157319710938523,0.984268028906148,0
2,109,green,yellow,pink,blue,0.881325224029112,0.602604547661312,0.809264209218327,0.430335781614468,0.713860410810752,0.358150055275416,0.0277304078880779,0.972269592111922,0
2,110,green,yellow,pink,blue,0.332151828414534,0.202493498853467,0.878399319615694,0.771492631108552,0.558706841705171,0.69282141028813,0.792678285920763,0.207321714079237,0
2,111,green,yellow,pink,blue,0.141921856470565,0.753699382712893,0.366093629844612,0.5883262366242,0.319024610245131,0.678125980531267,0.973169362461211,0.0268306375387886,0
2,112,green,yellow,pink,blue,0.0661772084457631,0.996427327255058,0.675656172546042,0.0139136409585791,0.73984184076062,0.990549716518207,0.924636579662314,0.0753634203376864,0
2,113,green,yellow,pink,blue,0.357109175236477,0.96356053410652,0.956565540438567,0.61008443173506,0.668529295564041,0.767998856633833,0.73001439506585,0.26998560493415,0
2,114,green,yellow,pink,blue,0.280520467790048,0.0939419691863985,0.790290412329087,0.536915440478417,0.501443811985201,0.686240066440456,0.863887704861748,0.136112295138252,0
2,115,green,yellow,pink,blue,0.709171279246674,0.5078806633787,0.462927867862711,0.212959218422202,0.542832498852374,0.29239672119167,0.0755532477787068,0.924446752221293,0
2,116,green,yellow,pink,blue,0.0061903145155142,0.974353543085689,0.921696335959626,0.451608545007083,0.681633317299042,0.978996253688737,0.951368470326827,0.0486315296731724,0
2,117,green,yellow,pink,blue,0.662493958072742,0.850580480298622,0.852679200062691,0.716395785778121,0.681371919638841,0.549339362142909,0.210764131388655,0.789235868611345,0
2,118,green,yellow,pink,blue,0.740769114997138,0.0058685647840687,0.210701246621433,0.906291101395759,0.856613347598205,0.702151915390298,0.17586548903204,0.82413451096796,0
2,119,green,yellow,pink,blue,0.461675638837662,0.16596214667954,0.132328713848798,0.374491595270014,0.554366663721962,0.587917306267265,0.583098568686678,0.416901431313322,1
2,120,green,yellow,pink,blue,0.830144220227728,0.446522369979954,0.122152851286478,0.952558211827425,0.828857391871228,0.597377900354412,0.0899050423195965,0.910094957680403,0
2,121,green,yellow,pink,blue,0.0355741864228817,0.34428796122301,0.306652464023829,0.0464950772584041,0.559709436374994,0.881873271362916,0.961640495765257,0.0383595042347431,0
2,122,green,yellow,pink,blue,0.305784612373368,0.288650943214681,0.831367163684447,0.13259737288337,0.540896694722909,0.697699521276029,0.827502340235729,0.172497659764271,0
2,123,green,yellow,pink,blue,0.0523189374167332,0.610239230278639,0.612535807227864,0.68112151779036,0.310965918569201,0.737821702781135,0.986191386044016,0.0138086139559844,0
2,124,green,yellow,pink,blue,0.282405789486114,0.861001348219159,0.938209378456921,0.654649739020415,0.589335311817433,0.751605162481497,0.835166950707667,0.164833049292333,0
2,125,green,yellow,pink,blue,0.964834342302799,0.8992241663526,0.261320746303831,0.853725095994298,0.923286142870421,0.622593735363391,0.047114045002605,0.952885954997395,0
2,126,green,yellow,pink,blue,0.479239078840192,0.813785160670666,0.0961046521252081,0.113159794546134,0.681020175116056,0.696095826790329,0.53761790932028,0.46238209067972,1
2,127,green,yellow,pink,blue,0.320936723032268,0.526147753125389,0.4997209910662,0.311616211703298,0.202988308055082,0.469326677459098,0.93483111121269,0.0651688887873104,0
2,128,green,yellow,pink,blue,0.547758852829997,0.312929288582161,0.928843557924981,0.281743720122666,0.59598522329724,0.554472301885914,0.397682871889921,0.602317128110079,0
2,129,green,yellow,pink,blue,0.049971304156155,0.825147045810583,0.831124121323246,0.873636241493805,0.628473790416153,0.919243167548115,0.948225459655464,0.0517745403445363,0
2,130,green,yellow,pink,blue,0.462955948401054,0.346088926848452,0.246103382124468,0.6237321525319,0.385761574728309,0.431110245918385,0.611467910428577,0.388532089571423,0
2,131,green,yellow,pink,blue,0.692683241465939,0.808374939466631,0.768091449400347,0.204111797858666,0.671182843176022,0.507743210203652,0.163228997860027,0.836771002139973,0
2,132,green,yellow,pink,blue,0.34120226285957,0.785298841958024,0.846616246824817,0.573865013828714,0.464017397092107,0.611645225555276,0.814009779340653,0.185990220659347,0
2,133,green,yellow,pink,blue,0.95070141887942,0.930351996876063,0.734350185014626,0.540019836944645,0.85598301163067,0.531041897895912,0.0373480530597409,0.962651946940259,0
2,134,green,yellow,pink,blue,0.730022439980466,0.32320689745275,0.137081048360697,0.1311451538827,0.727627244512099,0.547191892278938,0.141321939352373,0.858678060647627,0
2,135,green,yellow,pink,blue,0.137508978090287,0.207199472820146,0.168212249200865,0.298874728780165,0.498919697978235,0.781928313172254,0.944280135143086,0.0557198648569142,0
2,136,green,yellow,pink,blue,0.210921867176522,0.121313658847013,0.181021864346086,0.394731934975125,0.507699578471495,0.739484276238252,0.910344371552977,0.0896556284470227,0
2,137,green,yellow,pink,blue,0.485544007026242,0.765586591114082,0.426008547622374,0.673437733562482,0.401960942224264,0.41955761469383,0.543878517307005,0.456121482692995,1
2,138,green,yellow,pink,blue,0.162466070922861,0.0541709508329492,0.595136361624065,0.150396738386091,0.581118832645291,0.82172563957331,0.917288855287058,0.082711144712942,0
2,139,green,yellow,pink,blue,0.199712301706502,0.852382214883902,0.541024493090165,0.925808156514371,0.556504872533578,0.78101560256317,0.904227664511835,0.0957723354881652,0
2,140,green,yellow,pink,blue,0.675996797177312,0.581851570017217,0.91859928504167,0.282528828942917,0.640852574620675,0.484453532571119,0.173074793136291,0.826925206863709,0
2,141,green,yellow,pink,blue,0.6016322445563,0.74939199666922,0.803138310598818,0.911216698609994,0.668456140657537,0.587538396555042,0.308065805722586,0.691934194277414,0
2,142,green,yellow,pink,blue,0.386131288263249,0.42662242826469,0.0665121892653936,0.516724970538595,0.46055119408485,0.570943179405562,0.75099384729083,0.24900615270917,0
2,143,green,yellow,pink,blue,0.002653513307102,0.554067115972003,0.947065942690244,0.798528590603321,0.594214451212667,0.922191574849212,0.963728287794828,0.0362717122051719,0
2,144,green,yellow,pink,blue,0.974818862483253,0.0418376531501028,0.934390494355129,0.469652941671972,0.961712620806123,0.670874282212791,0.0517406949109793,0.948259305089021,0
2,145,green,yellow,pink,blue,0.958579741552708,0.288910027236324,0.0311812308623358,0.455346305354005,0.876600945403075,0.55664124526382,0.0391808911640458,0.960819108835954,0
2,146,green,yellow,pink,blue,0.0927625415505083,0.472784840667273,0.19537643172296,0.500559538102206,0.343889683866623,0.724912114065821,0.97833648809534,0.0216635119046601,0
2,147,green,yellow,pink,blue,0.0157978182613531,0.837654247847894,0.865156824786048,0.981936799588373,0.731070200805765,1.00928976029921,0.941706090198749,0.0582939098012506,0
2,148,green,yellow,pink,blue,0.802669819394051,0.387536320847981,0.647930767217589,0.434420956962696,0.586750484595228,0.203976252977358,0.0212953261656644,0.978704673834335,0
2,149,green,yellow,pink,blue,0.520679567859338,0.261334043895714,0.816899316781137,0.0885103439426583,0.632437966189753,0.615871912997251,0.458679322189223,0.541320677810777,1
2,150,green,yellow,pink,blue,0.996383451466841,0.860435006934582,0.118169537162816,0.186032288303404,0.96507609916832,0.659536523415573,0.0449850940324829,0.955014905967517,0
2,151,green,yellow,pink,blue,0.298969375303164,0.514236973273216,0.705534949201884,0.661245886747386,0.266168259681609,0.521417459583751,0.927740751070472,0.0722592489295284,0
2,152,green,yellow,pink,blue,0.548638566831648,0.69711837330429,0.324247628802898,0.449665034645362,0.401824777001179,0.33589371024239,0.34089447750861,0.65910552249139,0
2,153,green,yellow,pink,blue,0.292504393405734,0.536385234850706,0.511286933617036,0.733751206485041,0.24061905613982,0.51516321372152,0.939655390304086,0.0603446096959139,0
2,154,green,yellow,pink,blue,0.114897974645382,0.88139974345028,0.995181707615562,0.763873193016209,0.691774751713658,0.929330044958792,0.9149439948891,0.0850560051109003,0
2,155,green,yellow,pink,blue,0.260509619389194,0.0240827088895237,0.285626997593464,0.3303840531633,0.548938132816206,0.735406999062797,0.865842514402438,0.134157485597562,0
2,156,green,yellow,pink,blue,0.448968673514318,0.704437514849103,0.615500718554451,0.63851199393116,0.337504398441123,0.406128730149427,0.66513071354852,0.33486928645148,0
2,157,green,yellow,pink,blue,0.858196991995125,0.404909933879367,0.215155878057666,0.110820308031893,0.782011961668257,0.50333459666221,0.058043101734461,0.941956898265539,0
2,158,green,yellow,pink,blue,0.243295403639686,0.487231971375361,0.330028607732902,0.357966556555625,0.221972402368395,0.553151284707457,0.964831029849417,0.0351689701505832,0
2,159,green,yellow,pink,blue,0.568426455050407,0.566099369191432,0.268476688710935,0.582086313815144,0.407560719978614,0.31253685449732,0.278836829099211,0.721163170900789,0
2,160,green,yellow,pink,blue,0.543894944157122,0.0666475981090996,0.492237116702174,0.156891274763799,0.626061021080243,0.589963946321226,0.41072459565206,0.58927540434794,1
2,161,green,yellow,pink,blue,0.666313738147346,0.912612041314982,0.445873756825185,0.782126194244032,0.652756206318388,0.509683163092355,0.192984899939067,0.807015100060933,0
2,162,green,yellow,pink,blue,0.614362994279361,0.137233603458144,0.55058528687389,0.272683001735214,0.564439313840213,0.451916745351453,0.245043259689238,0.754956740310762,0
2,163,green,yellow,pink,blue,0.931441712561605,0.520154861504756,0.674881709802417,0.559603641964521,0.706332239544551,0.259737405966903,0.0113631845530931,0.988636815446907,0
2,164,green,yellow,pink,blue,0.633397535554497,0.359444265206765,0.981005430990119,0.0476117550084967,0.776383238936165,0.685108311251961,0.28643757977898,0.71356242022102,0
2,165,green,yellow,pink,blue,0.0433276889655843,0.598621625588083,0.224869418907418,0.600688959609506,0.371853159757355,0.771328129563511,0.981920820430951,0.018079179569049,0
2,166,green,yellow,pink,blue,0.373395313411117,0.306000067621702,0.36453463337226,0.223600658334118,0.384200258671872,0.523654967848503,0.801317168356975,0.198682831643025,0
2,167,green,yellow,pink,blue,0.279031496523457,0.183118865253396,0.398894883733285,0.696989164100331,0.38766410287379,0.609304488850593,0.901712941713948,0.0982870582860521,0
2,168,green,yellow,pink,blue,0.650194674486099,0.162883930408951,0.25885535233121,0.0459486794902546,0.733564151672844,0.622833597466772,0.248373559995509,0.751626440004491,0
2,169,green,yellow,pink,blue,0.838657476290926,0.622977482774158,0.312494093574991,0.891712414986351,0.741780403260543,0.459979010793371,0.0563584643859465,0.943641535614054,0
2,170,green,yellow,pink,blue,0.87595431150623,0.26894231188811,0.472700159703855,0.389655667317231,0.676851245373938,0.286658851002408,0.019802925982344,0.980197074017656,0
2,171,green,yellow,pink,blue,0.902342372337636,0.967891404455758,0.589041429029792,0.831766687089361,0.8731955381566,0.600106720108148,0.0611751322989944,0.938824867701006,0
2,172,green,yellow,pink,blue,0.343976242850769,0.0067027919754224,0.0989330550579174,0.235544515191795,0.694956881709583,0.799367765540205,0.739642030803011,0.260357969196989,0
2,173,green,yellow,pink,blue,0.425931840161827,0.328154487289635,0.349856522734608,0.749025207813361,0.380840531605087,0.468089382865515,0.705263241745905,0.294736758254095,0
2,174,green,yellow,pink,blue,0.327836581816503,0.0901983074521341,0.75971633626195,0.190291549507604,0.580833763061088,0.713814596723268,0.79080892964964,0.20919107035036,0
2,175,green,yellow,pink,blue,0.781420248219517,0.224286870170388,0.901634046022629,0.252242390304056,0.762311583451865,0.547447442267631,0.104458246307409,0.895541753692591,0
2,176,green,yellow,pink,blue,0.816816519786522,0.669889009452177,0.875695463382463,0.105615478317214,0.804257094954512,0.574467540421692,0.0912974010743984,0.908702598925602,0
2,177,green,yellow,pink,blue,0.469934169898767,0.72198712289586,0.630862441254331,0.714402371324659,0.400927271685678,0.43681633129103,0.588771852143729,0.411228147856271,1
2,178,green,yellow,pink,blue,0.172908156049298,0.194028630095155,0.149224474084807,0.364017463583631,0.49101563253778,0.753782591565484,0.932621256705505,0.067378743294495,0
2,179,green,yellow,pink,blue,0.71361227166988,0.990351845794709,0.0862575442358166,0.850777091318574,0.865799433248187,0.732117741174875,0.208034002139436,0.791965997860564,0
2,180,green,yellow,pink,blue,0.106556482430764,0.0981326246296176,0.382162645910998,0.776411052327085,0.521883264712501,0.815969153556808,0.949829671466344,0.0501703285336557,0
2,181,green,yellow,pink,blue,0.861714931873396,0.777397313386387,0.965673940170621,0.0220563183282249,0.946798187976118,0.731239958482484,0.103810729749908,0.896189270250092,0
2,182,green,yellow,pink,blue,0.761424509980695,0.897611382161925,0.661629452674919,0.94739745452866,0.80370293201184,0.620091842345739,0.137511899553053,0.862488100446947,0
2,183,green,yellow,pink,blue,0.776688078490544,0.414404739151403,0.735036202789725,0.99294179538271,0.763518507281089,0.553418858072436,0.109000005162373,0.890999994837627,0
2,184,green,yellow,pink,blue,0.14967276104444,0.647815467335501,0.781820710103535,0.641179865582644,0.36231151561778,0.693971810165812,0.964994018145095,0.0350059818549051,0
2,185,green,yellow,pink,blue,0.224952121184622,0.981308661442537,0.462571227448269,0.0761779414797616,0.642893050293607,0.82967424506923,0.866204898528082,0.133795101471918,0
2,186,green,yellow,pink,blue,0.419006352020086,0.455687890893066,0.0116165277768348,0.0128878321293128,0.711564044949629,0.766366125324568,0.633676280565113,0.366323719434887,0
2,187,green,yellow,pink,blue,0.0697062738996876,0.241106146800338,0.0558547559796398,0.325301240573175,0.572115818018415,0.870408085513452,0.951796640210749,0.0482033597892507,0
2,188,green,yellow,pink,blue,0.585122560777452,0.153832707078831,0.569760298055939,0.485685566748996,0.487042428967496,0.389984316142465,0.274764686177858,0.725235313822142,0
2,189,green,yellow,pink,blue,0.502480064131705,0.634618002676253,0.0393041070478269,0.967565750936766,0.716049318595134,0.714315450294091,0.495665437838442,0.504334562161558,1
2,190,green,yellow,pink,blue,0.395970012462434,0.950572508311954,0.520127764473795,0.824126997397723,0.574270203936775,0.65864729155076,0.699258811244184,0.300741188755816,0
2,191,green,yellow,pink,blue,0.747590555939986,0.440337709778753,0.421078001828498,0.406434916930042,0.515886670500779,0.136192881092931,0.0219469036379717,0.978053096362028,0
2,192,green,yellow,pink,blue,0.911310359318029,0.686135492924009,0.689889876387021,0.887132336327414,0.811114926537543,0.496585405276852,0.0412770607012055,0.958722939298794,0
2,193,green,yellow,pink,blue,0.917125636482503,0.835585543245369,0.161432196,0.604126507295584,0.826525715760319,0.51577041630032,0.0427967742359543,0.957203225764046,0
2,194,green,yellow,pink,blue,0.827064482647526,0.297567086217612,0.983549038560285,0.7774167262285,0.82750360385898,0.598078365895367,0.0916000964327302,0.90839990356727,0
2,195,green,yellow,pink,blue,0.472675978838836,0.375926775608078,0.746701584301576,0.348055087867166,0.385911498381176,0.419823422100255,0.583976559266807,0.416023440733193,1
2,196,green,yellow,pink,blue,0.358257707161244,0.148455901858104,0.509230766337592,0.197730714335229,0.47618789590001,0.607039706312886,0.787265075422617,0.212734924577383,0
2,197,green,yellow,pink,blue,0.378464842081358,0.126798835807047,0.0934291207139435,0.136972695075842,0.672956929238342,0.75789589425497,0.700439091995869,0.299560908004131,0
2,198,green,yellow,pink,blue,0.162499839760317,0.859495860542169,0.575884570011992,0.220935331989488,0.469605269014997,0.747013566761897,0.9412591430058,0.0587408569942,0
2,199,green,yellow,pink,blue,0.661909496022382,0.823464944784369,0.86681401197532,0.668712268484346,0.661298232521705,0.524791250226173,0.203417558643007,0.796582441356994,0
2,200,green,yellow,pink,blue,0.761482955778186,0.464898514539994,0.594446669587759,0.413714422295661,0.528405433970053,0.13315159357249,0.0188439723316734,0.981156027668327,0
2,201,green,yellow,pink,blue,0.885662614196602,0.431660320123083,0.913234137735379,0.763285011997478,0.805492843584195,0.512987433441356,0.0509288551910859,0.949071144808914,0
2,202,green,yellow,pink,blue,0.867933493106332,0.411349241520224,0.703287226974144,0.0151453732259989,0.816155907064714,0.546055831880124,0.0629143298001738,0.937085670199826,0
2,203,green,yellow,pink,blue,0.329156356861636,0.573205671871384,0.183472796944183,0.631294348730787,0.359238744442644,0.547627719027344,0.8680572721652,0.1319427278348,0
2,204,green,yellow,pink,blue,0.630216452491731,0.472870719125109,0.89296536687275,0.203537384604996,0.622585263650262,0.507342052290893,0.240045127995813,0.759954872004187,0
2,205,green,yellow,pink,blue,0.118927699638865,0.676394454785836,0.718991335179121,0.921697690213711,0.523527552681103,0.809415467345047,0.945775846505454,0.0542241534945463,0
2,206,green,yellow,pink,blue,0.322741157580972,0.692216454613736,0.0057231568700117,0.555385494126585,0.538159448532391,0.683282104597885,0.810187131088071,0.189812868911929,0
2,207,green,yellow,pink,blue,0.431574167407675,0.21863752847438,0.583348773474726,0.124847801274936,0.509725621193193,0.572927605804705,0.652947314990208,0.347052685009792,0
2,208,green,yellow,pink,blue,0.701715576458313,0.281985214220665,0.542489224069374,0.402078039018333,0.512807423345244,0.247499246422438,0.0657993201723519,0.934200679827648,0
2,209,green,yellow,pink,blue,0.601412447352411,0.611383928295766,0.338296070807756,0.59106888402228,0.412721201284936,0.26253826890126,0.182152845134193,0.817847154865807,0
2,210,green,yellow,pink,blue,0.126893417525469,0.121400026641282,0.370209760714879,0.261307015133463,0.481988607452465,0.778087141770443,0.950780125781683,0.0492198742183173,0
2,211,green,yellow,pink,blue,0.0296633442556621,0.0656628187998694,0.64013634557374,0.485510499763538,0.50699622267364,0.852866827558486,0.969489715670497,0.0305102843295029,0
2,212,green,yellow,pink,blue,0.703448975971312,0.540036891610917,0.765047723385156,0.655532128912129,0.549235345999225,0.313385528261241,0.0863926581958972,0.913607341804103,0
2,213,green,yellow,pink,blue,0.95364783963767,0.449844833697912,0.229336753110209,0.622533893882379,0.765446909524399,0.363677235557551,0.0176762893816616,0.982323710618338,0
2,214,green,yellow,pink,blue,0.894312166226686,0.10234770029996,0.781851582476132,0.0760217821419145,0.912394302243757,0.661929903041241,0.0755332595042191,0.924466740495781,0
2,215,green,yellow,pink,blue,0.985300043227083,0.725171471660049,0.945094864736185,0.687081231117303,0.908007252652858,0.582389154812406,0.0371054166561256,0.962894583343874,0
2,216,green,yellow,pink,blue,0.107718292840903,0.845945833808771,0.25546936900695,0.319089571175867,0.48212697173353,0.790397446878493,0.956173668744458,0.0438263312555423,0
2,217,green,yellow,pink,blue,0.0721143844404826,0.94319463475951,0.458939770644626,0.162357029245584,0.586304950206961,0.878429911943295,0.948886940176444,0.0511130598235563,0
2,218,green,yellow,pink,blue,0.729934781105797,0.960850762454628,0.824838854827063,0.88491284688534,0.83450524304693,0.682981858885738,0.180164432990355,0.819835567009645,0
2,219,green,yellow,pink,blue,0.517132831227012,0.714982459350631,0.301790114698912,0.0792830083043772,0.577812558776884,0.562791721557166,0.46251835393921,0.53748164606079,1
2,220,green,yellow,pink,blue,0.0136528663022828,0.328050082456346,0.768712079642808,0.431218611454342,0.40294392029987,0.805425934896776,0.98244697625679,0.0175530237432103,0
2,221,green,yellow,pink,blue,0.774335098291382,0.259829805923249,0.286639885328383,0.301636802630757,0.646126546449171,0.37834430844794,0.0642947598446704,0.93570524015533,0
2,222,green,yellow,pink,blue,0.749629145332301,0.243058109824728,0.479246404814766,0.723943087508768,0.605169096987279,0.341468139972235,0.0667941959312588,0.933205804068741,0
2,223,green,yellow,pink,blue,0.205260346305563,0.908403506475862,0.235464853712775,0.152706976912945,0.599488405409668,0.8087805647486,0.890213289138767,0.109786710861233,0
2,224,green,yellow,pink,blue,0.497735791788867,0.0324717029186309,0.886388312930968,0.384733863245637,0.665235252942128,0.666934891850854,0.504248994985811,0.495751005014189,1
2,225,green,yellow,pink,blue,0.154283254329634,0.509125495120763,0.412634185788542,0.797316766151066,0.32446111475843,0.671559201158505,0.969850712501175,0.0301492874988248,0
2,226,green,yellow,pink,blue,0.307552599604926,0.0007862850650747,0.396734309324715,0.445786426550346,0.515877455717187,0.677183099104158,0.833835299748486,0.166164700251514,0
2,227,green,yellow,pink,blue,0.390704144436617,0.765226265929896,0.808803370068983,0.710544376270584,0.479407013033693,0.582346065247521,0.736797718776737,0.263202281223263,0
2,228,green,yellow,pink,blue,0.943289696132344,0.0892314544964029,0.124729463628232,0.991710797828696,1.01586853721754,0.767267351564083,0.0768446373897121,0.923155362610288,0
2,229,green,yellow,pink,blue,0.0468136924369899,0.344766184887554,0.701117524654861,0.471767412223008,0.326538742986709,0.748207095819299,0.985466854110032,0.0145331458899677,0
2,230,green,yellow,pink,blue,0.374941123298628,0.933639092164708,0.0174596325348934,0.951167372891221,0.800031468843246,0.874705223398634,0.678467411523119,0.321532588476881,0
2,231,green,yellow,pink,blue,0.655336977782535,0.790010459519511,0.965396929692315,0.102044519328472,0.789535938987034,0.68412719663057,0.258440976089409,0.741559023910591,0
2,232,green,yellow,pink,blue,0.276677410891454,0.186215987926685,0.108146758232756,0.181084836250006,0.59533850474993,0.760099022724294,0.838567120885359,0.161432879114641,0
2,233,green,yellow,pink,blue,0.051599029459606,0.749892788778607,0.378485887281119,0.0347336579207146,0.577102936794308,0.883995910735457,0.955592777805323,0.0444072221946774,0
2,234,green,yellow,pink,blue,0.187864318601707,0.63631546725002,0.561434446385808,0.786808363110874,0.329356915621171,0.648545803521836,0.960527897841703,0.0394721021582968,0
2,235,green,yellow,pink,blue,0.561386913056927,0.59150448232169,0.0679569975297773,0.959106563335017,0.709066197465975,0.664370348022795,0.390084154120789,0.609915845879211,0
2,236,green,yellow,pink,blue,0.832154183344299,0.993491924034582,0.192418044570786,0.904779319815452,0.917000942926745,0.713257699561835,0.115328436540169,0.884671563459831,0
2,237,green,yellow,pink,blue,0.580296822451518,0.665414854355057,0.656737166689589,0.817810844313882,0.511887035534459,0.426299794389745,0.298202437948421,0.701797562051579,0
2,238,green,yellow,pink,blue,0.679493030017613,0.904464095963874,0.428742662516516,0.287524340011705,0.631093481181894,0.467745606043144,0.163354364296279,0.836645635703722,0
2,239,green,yellow,pink,blue,0.182045582874047,0.598207432365682,0.997906469541559,0.87087555668419,0.632235742058241,0.84715786643452,0.895595982628728,0.104404017371272,0
2,240,green,yellow,pink,blue,0.440551795756425,0.890515344090664,0.136417035398813,0.0620361489203294,0.716112510599397,0.756482208700606,0.599575574563702,0.400424425436298,1
2,241,green,yellow,pink,blue,0.857800238118779,0.971910356762989,0.624054892606281,0.933712226941923,0.891973332816567,0.661676800512996,0.0908776718262799,0.90912232817372,0
2,242,green,yellow,pink,blue,0.623110803158543,0.220821946211699,0.859192062926392,0.504833105622212,0.588382829567544,0.472317214350024,0.23854807933187,0.76145192066813,0
2,243,green,yellow,pink,blue,0.508096851996801,0.20001538116658,0.344755662901176,0.857417013622442,0.555384985730916,0.548047105984995,0.481663527545345,0.518336472454655,1
2,244,green,yellow,pink,blue,0.0807521599275876,0.547892689924915,0.937279225969689,0.570624247592064,0.476591488520323,0.803982143459934,0.963522722887199,0.0364772771128013,0
2,245,green,yellow,pink,blue,0.927392347199979,0.767662830097451,0.522526901575988,0.529524968487675,0.729303069868547,0.323250089744314,0.0169477065069443,0.983052293493056,0
2,246,green,yellow,pink,blue,0.235901495055222,0.365362653571042,0.678425676903434,0.0303081305241879,0.52035772053967,0.731348523120146,0.891862463215886,0.108137536784114,0
2,247,green,yellow,pink,blue,0.295430273748358,0.522203741930325,0.153057073501229,0.368005214565878,0.374631730580701,0.587297760773471,0.893467542329558,0.106532457670441,0
2,248,green,yellow,pink,blue,0.418010045901444,0.801203033942091,0.840677496714549,0.461625995668907,0.486296580448413,0.564335288861486,0.685763533434107,0.314236466565893,0
2,249,green,yellow,pink,blue,0.80924699743885,0.266058803793048,0.0500293006267585,0.248625925956125,0.795706128431199,0.569123225131534,0.0939928031034096,0.90600719689659,0
2,250,green,yellow,pink,blue,0.972730632724449,0.158077867838159,0.64598157395591,0.734515672334389,0.845906928949916,0.492775709345569,0.0284343147787184,0.971565685221282,0
2,251,green,yellow,pink,blue,0.223989717962804,0.0577745733964604,0.270814749336732,0.269051530292515,0.549638915551065,0.760337569455401,0.891580381169161,0.108419618830839,0
2,252,green,yellow,pink,blue,0.543373001321996,0.496699564929538,0.448124110826896,0.982638877879578,0.567194856371855,0.527576538307659,0.402229716190027,0.597770283809973,1
2,253,green,yellow,pink,blue,0.796427732590105,0.0177977098244127,0.321096808841485,0.537395985050427,0.751336893210187,0.517763840480032,0.0882066894240789,0.911793310575921,0
2,254,green,yellow,pink,blue,0.565227326442808,0.394829628241382,0.496122803317472,0.692778193525548,0.384197265718036,0.287019533381279,0.274526385741752,0.725473614258248,0
2,255,green,yellow,pink,blue,0.258377344432432,0.338899852711566,0.0397639756485293,0.83997926028568,0.594496873743959,0.77139431451036,0.854330082275814,0.145669917724186,0
2,256,green,yellow,pink,blue,0.468467133302693,0.654628181606577,0.203240144235602,0.328753077175342,0.434775440257007,0.469640873591706,0.586291220268819,0.413708779731181,1
2,257,green,yellow,pink,blue,0.779983393261128,0.163723746857993,0.192450636474012,0.908197687992673,0.809429477501042,0.61252974277702,0.122496622383816,0.877503377616184,0
2,258,green,yellow,pink,blue,0.357144212450077,0.725136566458911,0.54286123021611,0.407241881334494,0.269457806441857,0.46418024193451,0.875143670441784,0.124856329558216,0
2,259,green,yellow,pink,blue,0.968263456341289,0.380147732238236,0.362810077710802,0.440175317543561,0.743415782864275,0.290522924862072,0.0106770041787506,0.989322995821249,0
2,260,green,yellow,pink,blue,0.723112918727358,0.0773934284919388,0.71958747290346,0.961647300082546,0.814720219509833,0.663819340898404,0.181085737457028,0.818914262542972,0
2,261,green,yellow,pink,blue,0.604232805300761,0.329989669835607,0.669059009025313,0.577072017598207,0.434632531160671,0.290985621367055,0.192092724562274,0.807907275437726,0
2,262,green,yellow,pink,blue,0.368781750397207,0.681470479602674,0.464656648491846,0.386738180986358,0.247220612685829,0.438561604497646,0.871401749977376,0.128598250022624,0
2,263,green,yellow,pink,blue,0.668739890533626,0.836858405147023,0.619756388397648,0.621147413135336,0.563768542323657,0.386128319060018,0.144747954230661,0.855252045769339,0
2,264,green,yellow,pink,blue,0.0372929860159306,0.69933376626493,0.225710505523603,0.0240299729008238,0.621900649339015,0.921665574724563,0.952467814908854,0.0475321850911456,0
2,265,green,yellow,pink,blue,0.742794995875313,0.872518799746066,0.514774264637348,0.150191564965554,0.710071393763206,0.511279168718528,0.120476851787232,0.879523148212768,0
2,266,green,yellow,pink,blue,0.279101862202974,0.780511304376005,0.676280147798033,0.224467378140566,0.431887052923376,0.638298178189367,0.887365735395591,0.112634264604409,0
2,267,green,yellow,pink,blue,0.259396059161693,0.423938113802859,0.236158190019979,0.353532926448869,0.311349965132169,0.580984286901212,0.936810520435279,0.0631894795647212,0
2,268,green,yellow,pink,blue,0.0624022781974721,0.972055679876438,0.384005156180461,0.535302214130336,0.522236077118699,0.842809730631331,0.961049583395539,0.0389504166044609,0
2,269,green,yellow,pink,blue,0.477438427290045,0.230609183227702,0.794288090028266,0.768196656812969,0.531821941092649,0.552626591594639,0.551824831612067,0.448175168387933,1
2,270,green,yellow,pink,blue,0.323908119054758,0.808682618317059,0.172264650143004,0.87765434683234,0.592267367107573,0.725859845346041,0.791818974557208,0.208181025442792,0
2,271,green,yellow,pink,blue,0.418007057918101,0.553489679620655,0.0958129387561831,0.038087602010185,0.638606108043002,0.699864775018524,0.648530630380386,0.351469369619614,0
2,272,green,yellow,pink,blue,0.81354718598196,0.79494350416648,0.118342399288684,0.709410750900008,0.770773954056189,0.529665273799833,0.082331169926366,0.917668830073634,0
2,273,green,yellow,pink,blue,0.401993008248233,0.459714296665167,0.88734819137648,0.788649259853036,0.508017547950723,0.596731782945766,0.70830010207921,0.29169989792079,0
2,274,green,yellow,pink,blue,0.514294993201579,0.539633879949845,0.898002304348921,0.856937196854383,0.597689455015409,0.585608821172494,0.469835092458374,0.530164907541626,1
2,275,green,yellow,pink,blue,0.0249281993510481,0.64593061588803,0.919448450958672,0.605508519551352,0.508942148785467,0.856792805443253,0.970069989971598,0.0299300100284024,0
2,276,green,yellow,pink,blue,0.937123684376063,0.989255454944441,0.853929370728145,0.689420865308097,0.934160650799163,0.659948814019279,0.0605333215649099,0.93946667843509,0
2,277,green,yellow,pink,blue,0.157456258982344,0.854803931898178,0.0673032020874048,0.167620107319098,0.657383515213403,0.880168635598876,0.902722827153757,0.097277172846243,0
2,278,green,yellow,pink,blue,0.836608755038064,0.966694571522108,0.410452887821445,0.256178321784329,0.793335585135909,0.541084647356467,0.0742951772253392,0.925704822774661,0
2,279,green,yellow,pink,blue,0.584234554119475,0.819849852691455,0.470633027814994,0.975111936067703,0.663784932251031,0.59697226247459,0.338916431329122,0.661083568670878,0
2,280,green,yellow,pink,blue,0.620520006274487,0.48079458737142,0.0593321128693744,0.427682093460795,0.580579012089021,0.465351461804705,0.240073698634608,0.759926301365392,0
2,281,green,yellow,pink,blue,0.521830080791434,0.312290088833186,0.448339759742454,0.512257267593238,0.334582761967275,0.300192511256055,0.414861823987269,0.585138176012732,1
2,282,green,yellow,pink,blue,0.0805524007945903,0.623413653804549,0.395669843764251,0.0080179295369173,0.544861962316313,0.846358173106749,0.953245506135168,0.046754493864832,0
2,283,green,yellow,pink,blue,0.0126067272752413,0.450701409604759,0.337858155466105,0.989802622819999,0.570072367353596,0.901318909568024,0.964853981056124,0.0351460189438762,0
2,284,green,yellow,pink,blue,0.762698578286559,0.0510826280312266,0.765678719713664,0.374126232599594,0.742169809720573,0.536765729321566,0.11364471684438,0.88635528315562,0
2,285,green,yellow,pink,blue,0.890011137226979,0.709801854936178,0.981227688092745,0.06998720123204,0.93280339246841,0.692900448674696,0.0832467366507403,0.91675326334926,0
2,286,green,yellow,pink,blue,0.643652812049545,0.0061956929419335,0.021178758900878,0.930364547800941,0.901825179863161,0.818312802652921,0.302562766757669,0.697437233242331,0
2,287,green,yellow,pink,blue,0.194311864128014,0.916937697174903,0.0418352243268282,0.547566845864276,0.623791454170006,0.833548987263206,0.890667290348012,0.109332709651988,0
2,288,green,yellow,pink,blue,0.173685472268366,0.92446626312695,0.607366786268091,0.405504010432353,0.454370591603117,0.72990900956585,0.94021670881124,0.0597832911887603,0
2,289,green,yellow,pink,blue,0.629562897088157,0.593714403613049,0.76448394072803,0.674008258970013,0.503071576799274,0.351451439455226,0.180021567719321,0.819978432280679,0
2,290,green,yellow,pink,blue,0.869635552548436,0.103615334989103,0.630869382751411,0.814901811866238,0.810776767733376,0.536398559419901,0.0604387768213003,0.9395612231787,0
2,291,green,yellow,pink,blue,0.898190803048781,0.528902817360554,0.517346442971794,0.11154252277202,0.756430301287899,0.417128274824089,0.0325143121811672,0.967485687818833,0
2,292,green,yellow,pink,blue,0.0759298374219496,0.293273775727289,0.323313975433562,0.0991846349639907,0.514691229212274,0.830046519181962,0.959048487913004,0.0409515120869958,0
2,293,green,yellow,pink,blue,0.142382821671199,0.208958949576152,0.940294759629974,0.177277623516879,0.627929580242721,0.867129019277178,0.916214795106686,0.0837852048933141,0
2,294,green,yellow,pink,blue,0.952851050517827,0.274575705210488,0.805975520964669,0.489451272401735,0.799091989059398,0.430925697146362,0.0245625546160468,0.975437445383953,0
2,295,green,yellow,pink,blue,0.983350805159555,0.348683820337508,0.203313648692671,0.525537565942249,0.805838040788675,0.407460602785809,0.0182750510017023,0.981724948998298,0
2,296,green,yellow,pink,blue,0.239052853932657,0.0191571686448555,0.146597543295273,0.898981566567866,0.717920089800067,0.881110890527338,0.836430849020073,0.163569150979927,0
2,297,green,yellow,pink,blue,0.691684155553688,0.628781682491974,0.0891465757600416,0.644075902056584,0.633425620555212,0.457759610736976,0.147209132565268,0.852790867434732,0
2,298,green,yellow,pink,blue,0.209762005619064,0.486243430990054,0.432240567895658,0.306481344796141,0.209401886175217,0.578002719988993,0.97554134348705,0.0244586565129497,0
2,299,green,yellow,pink,blue,0.570354575980928,0.93976202502669,0.168549292153288,0.468703534443264,0.637853222533151,0.580088060138284,0.359473133785106,0.640526866214894,0
2,300,green,yellow,pink,blue,0.67906787044112,0.372511307756068,0.937443090595211,0.316588030033855,0.65218786582648,0.496267208155221,0.17376052757661,0.82623947242339,0
2,301,green,yellow,pink,blue,0.810202524534059,0.413610662851678,0.130113630315302,0.21154987591149,0.735737308169472,0.48073575080121,0.0724254391146316,0.927574560885368,0
2,302,green,yellow,pink,blue,0.42623917715209,0.600589097519857,0.874976781347797,0.840077110185904,0.545379172251246,0.609261244765629,0.6544868352863,0.3455131647137,0
2,303,green,yellow,pink,blue,0.28663432249509,0.893502535412372,0.74222419018415,0.0584169820062348,0.640198749648489,0.789442915324723,0.81644446909813,0.18355553090187,0
2,304,green,yellow,pink,blue,0.917758070721783,0.0799866994312071,0.817065560866683,0.341593272889975,0.864832512542275,0.574610480263283,0.0520439136751476,0.947956086324853,0
2,305,green,yellow,pink,blue,0.497346147418283,0.39868137454917,0.270527466613889,0.475457130872689,0.353136767428078,0.356874528498841,0.509343314917865,0.490656685082135,1
2,306,green,yellow,pink,blue,0.791079519635929,0.0407714702750458,0.830543171363348,0.580792176396642,0.787047681519129,0.573031005573614,0.105253683859309,0.894746316140691,0
2,307,green,yellow,pink,blue,0.341348850248375,0.185617861922869,0.65284712242505,0.952549790161551,0.579089195713864,0.702848096208672,0.775144066880769,0.224855933119231,0
2,308,green,yellow,pink,blue,0.449072571735775,0.750444828251023,0.961307437027267,0.80000512890984,0.636521900364831,0.67534254856945,0.595850871907929,0.404149128092071,1
2,309,green,yellow,pink,blue,0.30704396309159,0.32302387500054,0.56885029451444,0.239511769675746,0.327366833593762,0.547836728091149,0.900670684787142,0.0993293152128582,0
2,310,green,yellow,pink,blue,0.386918585995299,0.235537707485924,0.986565499762316,0.756837181024675,0.625618355284119,0.710267372524677,0.69983035812954,0.30016964187046,0
2,311,green,yellow,pink,blue,0.560282282040816,0.743196816948522,0.550984605416076,0.286488902671807,0.451227442642922,0.378581461449521,0.325972077566757,0.674027922433243,0
2,312,green,yellow,pink,blue,0.707092192713981,0.260434194282408,0.301301085271835,0.639302465702449,0.570273165749649,0.34368487144497,0.0939882123234303,0.90601178767657,0
2,313,green,yellow,pink,blue,0.229545344042447,0.153135137070958,0.352960186943429,0.0920040034911088,0.555711315231316,0.761097708466969,0.886337465730063,0.113662534269937,0
2,314,green,yellow,pink,blue,0.845018624257309,0.129303361221462,0.0057837637680168,0.738038494401572,0.890154578815972,0.668847179802481,0.0985825687015192,0.901417431298481,0
2,315,green,yellow,pink,blue,0.999832856503522,0.875101210587869,0.26514364496306,0.135979089051282,0.943726105385396,0.625128871099685,0.039697034260194,0.960302965739806,0
2,316,green,yellow,pink,blue,0.453902752766749,0.669915895652157,0.486518721193796,0.196691392876777,0.40326864521608,0.456861956664881,0.630865850397284,0.369134149602716,0
2,317,green,yellow,pink,blue,0.0941512212415554,0.572357267052652,0.689956850005311,0.730484137489748,0.34457358928705,0.724278770358904,0.978055541476553,0.0219444585234473,0
2,318,green,yellow,pink,blue,0.542212941628493,0.192261280898084,0.58085796043185,0.275672279255117,0.486777627412618,0.441293005746709,0.388209154345406,0.611790845654594,0
2,319,green,yellow,pink,blue,0.135261711160438,0.510377752907119,0.715767444151927,0.665468669069248,0.295310079544595,0.672269538146864,0.977458429604634,0.0225415703953656,0
2,320,green,yellow,pink,blue,0.124765848896703,0.118893002308336,0.291494066481874,0.868764098506482,0.583427648429247,0.845944426103144,0.932463875366574,0.0675361246334259,0
3,1,green,yellow,pink,blue,0.779983393261128,0.163723746857993,0.192450636474012,0.908197687992673,0.809429477501042,0.61252974277702,0.122496622383816,0.877503377616184,0
3,2,green,yellow,pink,blue,0.357144212450077,0.725136566458911,0.54286123021611,0.407241881334494,0.269457806441857,0.46418024193451,0.875143670441784,0.124856329558216,0
3,3,green,yellow,pink,blue,0.968263456341289,0.380147732238236,0.362810077710802,0.440175317543561,0.743415782864275,0.290522924862072,0.0106770041787506,0.989322995821249,0
3,4,green,yellow,pink,blue,0.723112918727358,0.0773934284919388,0.71958747290346,0.961647300082546,0.814720219509833,0.663819340898404,0.181085737457028,0.818914262542972,0
3,5,green,yellow,pink,blue,0.604232805300761,0.329989669835607,0.669059009025313,0.577072017598207,0.434632531160671,0.290985621367055,0.192092724562274,0.807907275437726,0
3,6,green,yellow,pink,blue,0.368781750397207,0.681470479602674,0.464656648491846,0.386738180986358,0.247220612685829,0.438561604497646,0.871401749977376,0.128598250022624,0
3,7,green,yellow,pink,blue,0.668739890533626,0.836858405147023,0.619756388397648,0.621147413135336,0.563768542323657,0.386128319060018,0.144747954230661,0.855252045769339,0
3,8,green,yellow,pink,blue,0.0372929860159306,0.69933376626493,0.225710505523603,0.0240299729008238,0.621900649339015,0.921665574724563,0.952467814908854,0.0475321850911456,0
3,9,green,yellow,pink,blue,0.742794995875313,0.872518799746066,0.514774264637348,0.150191564965554,0.710071393763206,0.511279168718528,0.120476851787232,0.879523148212768,0
3,10,green,yellow,pink,blue,0.279101862202974,0.780511304376005,0.676280147798033,0.224467378140566,0.431887052923376,0.638298178189367,0.887365735395591,0.112634264604409,0
3,11,green,yellow,pink,blue,0.259396059161693,0.423938113802859,0.236158190019979,0.353532926448869,0.311349965132169,0.580984286901212,0.936810520435279,0.0631894795647212,0
3,12,green,yellow,pink,blue,0.0624022781974721,0.972055679876438,0.384005156180461,0.535302214130336,0.522236077118699,0.842809730631331,0.961049583395539,0.0389504166044609,0
3,13,green,yellow,pink,blue,0.477438427290045,0.230609183227702,0.794288090028266,0.768196656812969,0.531821941092649,0.552626591594639,0.551824831612067,0.448175168387933,1
3,14,green,yellow,pink,blue,0.323908119054758,0.808682618317059,0.172264650143004,0.87765434683234,0.592267367107573,0.725859845346041,0.791818974557208,0.208181025442792,0
3,15,green,yellow,pink,blue,0.418007057918101,0.553489679620655,0.0958129387561831,0.038087602010185,0.638606108043002,0.699864775018524,0.648530630380386,0.351469369619614,0
3,16,green,yellow,pink,blue,0.81354718598196,0.79494350416648,0.118342399288684,0.709410750900008,0.770773954056189,0.529665273799833,0.082331169926366,0.917668830073634,0
3,17,green,yellow,pink,blue,0.401993008248233,0.459714296665167,0.88734819137648,0.788649259853036,0.508017547950723,0.596731782945766,0.70830010207921,0.29169989792079,0
3,18,green,yellow,pink,blue,0.514294993201579,0.539633879949845,0.898002304348921,0.856937196854383,0.597689455015409,0.585608821172494,0.469835092458374,0.530164907541626,1
3,19,green,yellow,pink,blue,0.0249281993510481,0.64593061588803,0.919448450958672,0.605508519551352,0.508942148785467,0.856792805443253,0.970069989971598,0.0299300100284024,0
3,20,green,yellow,pink,blue,0.937123684376063,0.989255454944441,0.853929370728145,0.689420865308097,0.934160650799163,0.659948814019279,0.0605333215649099,0.93946667843509,0
3,21,green,yellow,pink,blue,0.157456258982344,0.854803931898178,0.0673032020874048,0.167620107319098,0.657383515213403,0.880168635598876,0.902722827153757,0.097277172846243,0
3,22,green,yellow,pink,blue,0.836608755038064,0.966694571522108,0.410452887821445,0.256178321784329,0.793335585135909,0.541084647356467,0.0742951772253392,0.925704822774661,0
3,23,green,yellow,pink,blue,0.584234554119475,0.819849852691455,0.470633027814994,0.975111936067703,0.663784932251031,0.59697226247459,0.338916431329122,0.661083568670878,0
3,24,green,yellow,pink,blue,0.620520006274487,0.48079458737142,0.0593321128693744,0.427682093460795,0.580579012089021,0.465351461804705,0.240073698634608,0.759926301365392,0
3,25,green,yellow,pink,blue,0.521830080791434,0.312290088833186,0.448339759742454,0.512257267593238,0.334582761967275,0.300192511256055,0.414861823987269,0.585138176012732,1
3,26,green,yellow,pink,blue,0.0805524007945903,0.623413653804549,0.395669843764251,0.0080179295369173,0.544861962316313,0.846358173106749,0.953245506135168,0.046754493864832,0
3,27,green,yellow,pink,blue,0.0126067272752413,0.450701409604759,0.337858155466105,0.989802622819999,0.570072367353596,0.901318909568024,0.964853981056124,0.0351460189438762,0
3,28,green,yellow,pink,blue,0.762698578286559,0.0510826280312266,0.765678719713664,0.374126232599594,0.742169809720573,0.536765729321566,0.11364471684438,0.88635528315562,0
3,29,green,yellow,pink,blue,0.890011137226979,0.709801854936178,0.981227688092745,0.06998720123204,0.93280339246841,0.692900448674696,0.0832467366507403,0.91675326334926,0
3,30,green,yellow,pink,blue,0.643652812049545,0.0061956929419335,0.021178758900878,0.930364547800941,0.901825179863161,0.818312802652921,0.302562766757669,0.697437233242331,0
3,31,green,yellow,pink,blue,0.194311864128014,0.916937697174903,0.0418352243268282,0.547566845864276,0.623791454170006,0.833548987263206,0.890667290348012,0.109332709651988,0
3,32,green,yellow,pink,blue,0.173685472268366,0.92446626312695,0.607366786268091,0.405504010432353,0.454370591603117,0.72990900956585,0.94021670881124,0.0597832911887603,0
3,33,green,yellow,pink,blue,0.629562897088157,0.593714403613049,0.76448394072803,0.674008258970013,0.503071576799274,0.351451439455226,0.180021567719321,0.819978432280679,0
3,34,green,yellow,pink,blue,0.869635552548436,0.103615334989103,0.630869382751411,0.814901811866238,0.810776767733376,0.536398559419901,0.0604387768213003,0.9395612231787,0
3,35,green,yellow,pink,blue,0.898190803048781,0.528902817360554,0.517346442971794,0.11154252277202,0.756430301287899,0.417128274824089,0.0325143121811672,0.967485687818833,0
3,36,green,yellow,pink,blue,0.0759298374219496,0.293273775727289,0.323313975433562,0.0991846349639907,0.514691229212274,0.830046519181962,0.959048487913004,0.0409515120869958,0
3,37,green,yellow,pink,blue,0.142382821671199,0.208958949576152,0.940294759629974,0.177277623516879,0.627929580242721,0.867129019277178,0.916214795106686,0.0837852048933141,0
3,38,green,yellow,pink,blue,0.952851050517827,0.274575705210488,0.805975520964669,0.489451272401735,0.799091989059398,0.430925697146362,0.0245625546160468,0.975437445383953,0
3,39,green,yellow,pink,blue,0.983350805159555,0.348683820337508,0.203313648692671,0.525537565942249,0.805838040788675,0.407460602785809,0.0182750510017023,0.981724948998298,0
3,40,green,yellow,pink,blue,0.239052853932657,0.0191571686448555,0.146597543295273,0.898981566567866,0.717920089800067,0.881110890527338,0.836430849020073,0.163569150979927,0
3,41,green,yellow,pink,blue,0.691684155553688,0.628781682491974,0.0891465757600416,0.644075902056584,0.633425620555212,0.457759610736976,0.147209132565268,0.852790867434732,0
3,42,green,yellow,pink,blue,0.209762005619064,0.486243430990054,0.432240567895658,0.306481344796141,0.209401886175217,0.578002719988993,0.97554134348705,0.0244586565129497,0
3,43,green,yellow,pink,blue,0.570354575980928,0.93976202502669,0.168549292153288,0.468703534443264,0.637853222533151,0.580088060138284,0.359473133785106,0.640526866214894,0
3,44,green,yellow,pink,blue,0.67906787044112,0.372511307756068,0.937443090595211,0.316588030033855,0.65218786582648,0.496267208155221,0.17376052757661,0.82623947242339,0
3,45,green,yellow,pink,blue,0.810202524534059,0.413610662851678,0.130113630315302,0.21154987591149,0.735737308169472,0.48073575080121,0.0724254391146316,0.927574560885368,0
3,46,green,yellow,pink,blue,0.42623917715209,0.600589097519857,0.874976781347797,0.840077110185904,0.545379172251246,0.609261244765629,0.6544868352863,0.3455131647137,0
3,47,green,yellow,pink,blue,0.28663432249509,0.893502535412372,0.74222419018415,0.0584169820062348,0.640198749648489,0.789442915324723,0.81644446909813,0.18355553090187,0
3,48,green,yellow,pink,blue,0.917758070721783,0.0799866994312071,0.817065560866683,0.341593272889975,0.864832512542275,0.574610480263283,0.0520439136751476,0.947956086324853,0
3,49,green,yellow,pink,blue,0.497346147418283,0.39868137454917,0.270527466613889,0.475457130872689,0.353136767428078,0.356874528498841,0.509343314917865,0.490656685082135,1
3,50,green,yellow,pink,blue,0.791079519635929,0.0407714702750458,0.830543171363348,0.580792176396642,0.787047681519129,0.573031005573614,0.105253683859309,0.894746316140691,0
3,51,green,yellow,pink,blue,0.341348850248375,0.185617861922869,0.65284712242505,0.952549790161551,0.579089195713864,0.702848096208672,0.775144066880769,0.224855933119231,0
3,52,green,yellow,pink,blue,0.449072571735775,0.750444828251023,0.961307437027267,0.80000512890984,0.636521900364831,0.67534254856945,0.595850871907929,0.404149128092071,1
3,53,green,yellow,pink,blue,0.30704396309159,0.32302387500054,0.56885029451444,0.239511769675746,0.327366833593762,0.547836728091149,0.900670684787142,0.0993293152128582,0
3,54,green,yellow,pink,blue,0.386918585995299,0.235537707485924,0.986565499762316,0.756837181024675,0.625618355284119,0.710267372524677,0.69983035812954,0.30016964187046,0
3,55,green,yellow,pink,blue,0.560282282040816,0.743196816948522,0.550984605416076,0.286488902671807,0.451227442642922,0.378581461449521,0.325972077566757,0.674027922433243,0
3,56,green,yellow,pink,blue,0.707092192713981,0.260434194282408,0.301301085271835,0.639302465702449,0.570273165749649,0.34368487144497,0.0939882123234303,0.90601178767657,0
3,57,green,yellow,pink,blue,0.229545344042447,0.153135137070958,0.352960186943429,0.0920040034911088,0.555711315231316,0.761097708466969,0.886337465730063,0.113662534269937,0
3,58,green,yellow,pink,blue,0.845018624257309,0.129303361221462,0.0057837637680168,0.738038494401572,0.890154578815972,0.668847179802481,0.0985825687015192,0.901417431298481,0
3,59,green,yellow,pink,blue,0.999832856503522,0.875101210587869,0.26514364496306,0.135979089051282,0.943726105385396,0.625128871099685,0.039697034260194,0.960302965739806,0
3,60,green,yellow,pink,blue,0.453902752766749,0.669915895652157,0.486518721193796,0.196691392876777,0.40326864521608,0.456861956664881,0.630865850397284,0.369134149602716,0
3,61,green,yellow,pink,blue,0.0941512212415554,0.572357267052652,0.689956850005311,0.730484137489748,0.34457358928705,0.724278770358904,0.978055541476553,0.0219444585234473,0
3,62,green,yellow,pink,blue,0.542212941628493,0.192261280898084,0.58085796043185,0.275672279255117,0.486777627412618,0.441293005746709,0.388209154345406,0.611790845654594,0
3,63,green,yellow,pink,blue,0.135261711160438,0.510377752907119,0.715767444151927,0.665468669069248,0.295310079544595,0.672269538146864,0.977458429604634,0.0225415703953656,0
3,64,green,yellow,pink,blue,0.124765848896703,0.118893002308336,0.291494066481874,0.868764098506482,0.583427648429247,0.845944426103144,0.932463875366574,0.0675361246334259,0
3,65,green,yellow,pink,blue,0.719750368557087,0.917210243779598,0.185095873777176,0.189160002316441,0.768450329654576,0.608905198359432,0.168618317096587,0.831381682903413,0
3,66,green,yellow,pink,blue,0.0978939178829735,0.770865855522504,0.975947832480918,0.792887995761,0.639385868790599,0.900511172238377,0.931582303779674,0.0684176962203257,0
3,67,green,yellow,pink,blue,0.581930100743821,0.640633610264146,0.763616689395031,0.99250217194404,0.664836485470618,0.600064539586454,0.343503635924479,0.656496364075521,0
3,68,green,yellow,pink,blue,0.930774729967722,0.94897209740666,0.19457722199179,0.318056611663276,0.889616011039629,0.600534692695051,0.0526095731552184,0.947390426844782,0
3,69,green,yellow,pink,blue,0.0805321522635968,0.13191620219219,0.346924811706012,0.530578014403069,0.434248847852362,0.779769138654196,0.969385924244095,0.0306140757559048,0
3,70,green,yellow,pink,blue,0.413247936632234,0.490290160920806,0.638012093684518,0.0743154392764135,0.476443966307941,0.560134730577393,0.697813530375749,0.302186469624251,0
3,71,green,yellow,pink,blue,0.247897028567196,0.122548994687937,0.776156931698882,0.923935056214323,0.631234716023063,0.806573144944413,0.852379151508456,0.147620848491544,0
3,72,green,yellow,pink,blue,0.364241419560434,0.531652726318015,0.0310607521343815,0.842667777455927,0.592771643149285,0.697951861779499,0.741120818223199,0.258879181776801,0
3,73,green,yellow,pink,blue,0.913718193299082,0.0916828766208539,0.400202321064429,0.403820773559092,0.791488934654502,0.461233715573174,0.0354837378260809,0.964516262173919,0
3,74,green,yellow,pink,blue,0.375939120224026,0.215020909884006,0.0694106788774475,0.968205113315902,0.708305679354669,0.791048554250656,0.695810977982704,0.304189022017296,0
3,75,green,yellow,pink,blue,0.398424727304472,0.431245366618416,0.741379769703371,0.807450741104266,0.423730162620574,0.530209886186579,0.743606235427397,0.256393764572603,0
3,76,green,yellow,pink,blue,0.503778573412247,0.359600833836456,0.509638079186732,0.555912782110529,0.295524317030465,0.289060631259388,0.483846409219442,0.516153590780558,1
3,77,green,yellow,pink,blue,0.639304555664548,0.474958769027475,0.331326637597477,0.140968358712479,0.556362761999376,0.412595403846221,0.191905866330049,0.808094133669952,0
3,78,green,yellow,pink,blue,0.172150331648759,0.694698853049956,0.0321047092982934,0.353225836229271,0.533326234543922,0.782487406163217,0.923551673934272,0.076448326065728,0
3,79,green,yellow,pink,blue,0.451230078353294,0.273726568152892,0.149132112969248,0.892963169254359,0.607636023400354,0.646522589381455,0.596009600191522,0.403990399808478,1
3,80,green,yellow,pink,blue,0.539657055859296,0.0570611015357801,0.58398466139574,0.508841819561266,0.535936263845509,0.4975646923219,0.405231025247937,0.594768974752063,1
3,81,green,yellow,pink,blue,0.0254503690606993,0.7066579579959,0.273484998454153,0.873421945762727,0.532806760336754,0.870880402121812,0.967097046337292,0.0329029536627084,0
3,82,green,yellow,pink,blue,0.171757176320314,0.380232359615139,0.0048502274204044,0.462999075464742,0.516728742032816,0.771525382941159,0.927436777344397,0.0725632226556032,0
3,83,green,yellow,pink,blue,0.493680356063282,0.883780344063905,0.566447998829902,0.330040150699215,0.489866466849672,0.496274923082458,0.516015659822903,0.483984340177097,1
3,84,green,yellow,pink,blue,0.68322502077239,0.235432401333525,0.606761554366813,0.0503333783052479,0.686496928649045,0.536705703595725,0.182737110706048,0.817262889293952,0
3,85,green,yellow,pink,blue,0.800154709129512,0.926964607991806,0.867119269836179,0.474808029371542,0.787642161215466,0.565884674641978,0.0981833246859357,0.901816675314064,0
3,86,green,yellow,pink,blue,0.818774955374998,0.175007714389181,0.477362970458626,0.607340825647061,0.664198331468414,0.349834915567938,0.0413428441249536,0.958657155875046,0
3,87,green,yellow,pink,blue,0.761918786328041,0.571135866346619,0.408309418053212,0.567488896522412,0.529228749453403,0.13477493431633,0.0189924588057284,0.981007541194272,0
3,88,green,yellow,pink,blue,0.424126284059896,0.150410630743971,0.694869750781094,0.721816131225215,0.489601170074729,0.561767764898136,0.672973764682074,0.327026235317926,0
3,89,green,yellow,pink,blue,0.947228157939887,0.73990624814669,0.166005172846423,0.744646224290639,0.845627832884587,0.517550262109098,0.0362366161785908,0.963763383821409,0
3,90,green,yellow,pink,blue,0.229668708666466,0.791450893540823,0.55487011050667,0.755792633839814,0.392170352406651,0.651251776688778,0.930268055075797,0.069731944924203,0
3,91,green,yellow,pink,blue,0.652768307147625,0.722040398342281,0.288588957858895,0.386762690277132,0.518692167659223,0.340988647381989,0.144669612688657,0.855330387311343,0
3,92,green,yellow,pink,blue,0.896135742457618,0.0718116992879452,0.655120296134241,0.261013254266472,0.825841140569426,0.534675459507347,0.0515803243883145,0.948419675611685,0
3,93,green,yellow,pink,blue,0.974029907277073,0.833112894948433,0.900732527828115,0.0905371540449847,0.98154464416534,0.699571283867907,0.056267077874552,0.943732922125448,0
3,94,green,yellow,pink,blue,0.867123798845037,0.463444754900977,0.529016929489245,0.497867758025548,0.618889810627062,0.126098369747446,0.0071895269303041,0.992810473069696,0
3,95,green,yellow,pink,blue,0.769724916567574,0.553290794366908,0.998623533653993,0.182468042294895,0.788927037274714,0.593869475200978,0.124490606169691,0.875509393830309,0
3,96,green,yellow,pink,blue,0.262705258418553,0.395134478185325,0.537662906057856,0.105352986945074,0.4102718131469,0.636881230877698,0.906029773666702,0.0939702263332977,0
3,97,green,yellow,pink,blue,0.116597965730697,0.0214573725080992,0.816742489995431,0.667924324066789,0.612636542050696,0.871048544528453,0.929832552407035,0.0701674475929647,0
3,98,green,yellow,pink,blue,0.852671649168681,0.660051422961755,0.726483102316261,0.0295814690248864,0.81327594617286,0.555649273782195,0.0706815609745814,0.929318439025419,0
3,99,green,yellow,pink,blue,0.1312020396829,0.256369265446959,0.659739010004416,0.420951434557996,0.324398084473363,0.688499874747329,0.974444572101578,0.0255554278984225,0
3,100,green,yellow,pink,blue,0.216311158181047,0.416654005693101,0.053602231876744,0.970285397354559,0.654615012950717,0.843925148931717,0.869108741387644,0.130891258612356,0
3,101,green,yellow,pink,blue,0.527687405121559,0.67575411552321,0.222971413706582,0.817273006592178,0.534234782115748,0.507660710810578,0.433953041087343,0.566046958912657,1
3,102,green,yellow,pink,blue,0.795455505347399,0.34086142501057,0.0810118411374448,0.162571921426329,0.782467622231365,0.562849957353651,0.100094353111811,0.899905646888189,0
3,103,green,yellow,pink,blue,0.596898303118843,0.629239126729336,0.438881269274505,0.22726455875849,0.463854831535892,0.343893881336013,0.231544691208604,0.768455308791396,0
3,104,green,yellow,pink,blue,0.702809693591287,0.810935149170552,0.318906350320923,0.279533403463841,0.618965035961058,0.424626921133114,0.125276871890751,0.874723128109249,0
3,105,green,yellow,pink,blue,0.569708256280687,0.0391150760272224,0.385829254992588,0.69309866923893,0.604111196185622,0.54336183255372,0.352631145133584,0.647368854866415,0
3,106,green,yellow,pink,blue,0.613637309768047,0.308160821953549,0.717509297054551,0.234924118250579,0.535359580729885,0.415899712564497,0.232437474314525,0.767562525685474,0
3,107,green,yellow,pink,blue,0.194871593278151,0.233732854844346,0.43225956574247,0.876234731588563,0.469125434722899,0.724711722152883,0.927966401730837,0.0720335982691631,0
3,108,green,yellow,pink,blue,0.991323538528396,0.585576105107547,0.243310155768205,0.635691719493536,0.800740767922113,0.387120444931678,0.0157319710938523,0.984268028906148,0
3,109,green,yellow,pink,blue,0.881325224029112,0.602604547661312,0.809264209218327,0.430335781614468,0.713860410810752,0.358150055275416,0.0277304078880779,0.972269592111922,0
3,110,green,yellow,pink,blue,0.332151828414534,0.202493498853467,0.878399319615694,0.771492631108552,0.558706841705171,0.69282141028813,0.792678285920763,0.207321714079237,0
3,111,green,yellow,pink,blue,0.141921856470565,0.753699382712893,0.366093629844612,0.5883262366242,0.319024610245131,0.678125980531267,0.973169362461211,0.0268306375387886,0
3,112,green,yellow,pink,blue,0.0661772084457631,0.996427327255058,0.675656172546042,0.0139136409585791,0.73984184076062,0.990549716518207,0.924636579662314,0.0753634203376864,0
3,113,green,yellow,pink,blue,0.357109175236477,0.96356053410652,0.956565540438567,0.61008443173506,0.668529295564041,0.767998856633833,0.73001439506585,0.26998560493415,0
3,114,green,yellow,pink,blue,0.280520467790048,0.0939419691863985,0.790290412329087,0.536915440478417,0.501443811985201,0.686240066440456,0.863887704861748,0.136112295138252,0
3,115,green,yellow,pink,blue,0.709171279246674,0.5078806633787,0.462927867862711,0.212959218422202,0.542832498852374,0.29239672119167,0.0755532477787068,0.924446752221293,0
3,116,green,yellow,pink,blue,0.0061903145155142,0.974353543085689,0.921696335959626,0.451608545007083,0.681633317299042,0.978996253688737,0.951368470326827,0.0486315296731724,0
3,117,green,yellow,pink,blue,0.662493958072742,0.850580480298622,0.852679200062691,0.716395785778121,0.681371919638841,0.549339362142909,0.210764131388655,0.789235868611345,0
3,118,green,yellow,pink,blue,0.740769114997138,0.0058685647840687,0.210701246621433,0.906291101395759,0.856613347598205,0.702151915390298,0.17586548903204,0.82413451096796,0
3,119,green,yellow,pink,blue,0.461675638837662,0.16596214667954,0.132328713848798,0.374491595270014,0.554366663721962,0.587917306267265,0.583098568686678,0.416901431313322,1
3,120,green,yellow,pink,blue,0.830144220227728,0.446522369979954,0.122152851286478,0.952558211827425,0.828857391871228,0.597377900354412,0.0899050423195965,0.910094957680403,0
3,121,green,yellow,pink,blue,0.0355741864228817,0.34428796122301,0.306652464023829,0.0464950772584041,0.559709436374994,0.881873271362916,0.961640495765257,0.0383595042347431,0
3,122,green,yellow,pink,blue,0.305784612373368,0.288650943214681,0.831367163684447,0.13259737288337,0.540896694722909,0.697699521276029,0.827502340235729,0.172497659764271,0
3,123,green,yellow,pink,blue,0.0523189374167332,0.610239230278639,0.612535807227864,0.68112151779036,0.310965918569201,0.737821702781135,0.986191386044016,0.0138086139559844,0
3,124,green,yellow,pink,blue,0.282405789486114,0.861001348219159,0.938209378456921,0.654649739020415,0.589335311817433,0.751605162481497,0.835166950707667,0.164833049292333,0
3,125,green,yellow,pink,blue,0.964834342302799,0.8992241663526,0.261320746303831,0.853725095994298,0.923286142870421,0.622593735363391,0.047114045002605,0.952885954997395,0
3,126,green,yellow,pink,blue,0.479239078840192,0.813785160670666,0.0961046521252081,0.113159794546134,0.681020175116056,0.696095826790329,0.53761790932028,0.46238209067972,1
3,127,green,yellow,pink,blue,0.320936723032268,0.526147753125389,0.4997209910662,0.311616211703298,0.202988308055082,0.469326677459098,0.93483111121269,0.0651688887873104,0
3,128,green,yellow,pink,blue,0.547758852829997,0.312929288582161,0.928843557924981,0.281743720122666,0.59598522329724,0.554472301885914,0.397682871889921,0.602317128110079,0
3,129,green,yellow,pink,blue,0.049971304156155,0.825147045810583,0.831124121323246,0.873636241493805,0.628473790416153,0.919243167548115,0.948225459655464,0.0517745403445363,0
3,130,green,yellow,pink,blue,0.462955948401054,0.346088926848452,0.246103382124468,0.6237321525319,0.385761574728309,0.431110245918385,0.611467910428577,0.388532089571423,0
3,131,green,yellow,pink,blue,0.692683241465939,0.808374939466631,0.768091449400347,0.204111797858666,0.671182843176022,0.507743210203652,0.163228997860027,0.836771002139973,0
3,132,green,yellow,pink,blue,0.34120226285957,0.785298841958024,0.846616246824817,0.573865013828714,0.464017397092107,0.611645225555276,0.814009779340653,0.185990220659347,0
3,133,green,yellow,pink,blue,0.95070141887942,0.930351996876063,0.734350185014626,0.540019836944645,0.85598301163067,0.531041897895912,0.0373480530597409,0.962651946940259,0
3,134,green,yellow,pink,blue,0.730022439980466,0.32320689745275,0.137081048360697,0.1311451538827,0.727627244512099,0.547191892278938,0.141321939352373,0.858678060647627,0
3,135,green,yellow,pink,blue,0.137508978090287,0.207199472820146,0.168212249200865,0.298874728780165,0.498919697978235,0.781928313172254,0.944280135143086,0.0557198648569142,0
3,136,green,yellow,pink,blue,0.210921867176522,0.121313658847013,0.181021864346086,0.394731934975125,0.507699578471495,0.739484276238252,0.910344371552977,0.0896556284470227,0
3,137,green,yellow,pink,blue,0.485544007026242,0.765586591114082,0.426008547622374,0.673437733562482,0.401960942224264,0.41955761469383,0.543878517307005,0.456121482692995,1
3,138,green,yellow,pink,blue,0.162466070922861,0.0541709508329492,0.595136361624065,0.150396738386091,0.581118832645291,0.82172563957331,0.917288855287058,0.082711144712942,0
3,139,green,yellow,pink,blue,0.199712301706502,0.852382214883902,0.541024493090165,0.925808156514371,0.556504872533578,0.78101560256317,0.904227664511835,0.0957723354881652,0
3,140,green,yellow,pink,blue,0.675996797177312,0.581851570017217,0.91859928504167,0.282528828942917,0.640852574620675,0.484453532571119,0.173074793136291,0.826925206863709,0
3,141,green,yellow,pink,blue,0.6016322445563,0.74939199666922,0.803138310598818,0.911216698609994,0.668456140657537,0.587538396555042,0.308065805722586,0.691934194277414,0
3,142,green,yellow,pink,blue,0.386131288263249,0.42662242826469,0.0665121892653936,0.516724970538595,0.46055119408485,0.570943179405562,0.75099384729083,0.24900615270917,0
3,143,green,yellow,pink,blue,0.002653513307102,0.554067115972003,0.947065942690244,0.798528590603321,0.594214451212667,0.922191574849212,0.963728287794828,0.0362717122051719,0
3,144,green,yellow,pink,blue,0.974818862483253,0.0418376531501028,0.934390494355129,0.469652941671972,0.961712620806123,0.670874282212791,0.0517406949109793,0.948259305089021,0
3,145,green,yellow,pink,blue,0.958579741552708,0.288910027236324,0.0311812308623358,0.455346305354005,0.876600945403075,0.55664124526382,0.0391808911640458,0.960819108835954,0
3,146,green,yellow,pink,blue,0.0927625415505083,0.472784840667273,0.19537643172296,0.500559538102206,0.343889683866623,0.724912114065821,0.97833648809534,0.0216635119046601,0
3,147,green,yellow,pink,blue,0.0157978182613531,0.837654247847894,0.865156824786048,0.981936799588373,0.731070200805765,1.00928976029921,0.941706090198749,0.0582939098012506,0
3,148,green,yellow,pink,blue,0.802669819394051,0.387536320847981,0.647930767217589,0.434420956962696,0.586750484595228,0.203976252977358,0.0212953261656644,0.978704673834335,0
3,149,green,yellow,pink,blue,0.520679567859338,0.261334043895714,0.816899316781137,0.0885103439426583,0.632437966189753,0.615871912997251,0.458679322189223,0.541320677810777,1
3,150,green,yellow,pink,blue,0.996383451466841,0.860435006934582,0.118169537162816,0.186032288303404,0.96507609916832,0.659536523415573,0.0449850940324829,0.955014905967517,0
3,151,green,yellow,pink,blue,0.298969375303164,0.514236973273216,0.705534949201884,0.661245886747386,0.266168259681609,0.521417459583751,0.927740751070472,0.0722592489295284,0
3,152,green,yellow,pink,blue,0.548638566831648,0.69711837330429,0.324247628802898,0.449665034645362,0.401824777001179,0.33589371024239,0.34089447750861,0.65910552249139,0
3,153,green,yellow,pink,blue,0.292504393405734,0.536385234850706,0.511286933617036,0.733751206485041,0.24061905613982,0.51516321372152,0.939655390304086,0.0603446096959139,0
3,154,green,yellow,pink,blue,0.114897974645382,0.88139974345028,0.995181707615562,0.763873193016209,0.691774751713658,0.929330044958792,0.9149439948891,0.0850560051109003,0
3,155,green,yellow,pink,blue,0.260509619389194,0.0240827088895237,0.285626997593464,0.3303840531633,0.548938132816206,0.735406999062797,0.865842514402438,0.134157485597562,0
3,156,green,yellow,pink,blue,0.448968673514318,0.704437514849103,0.615500718554451,0.63851199393116,0.337504398441123,0.406128730149427,0.66513071354852,0.33486928645148,0
3,157,green,yellow,pink,blue,0.858196991995125,0.404909933879367,0.215155878057666,0.110820308031893,0.782011961668257,0.50333459666221,0.058043101734461,0.941956898265539,0
3,158,green,yellow,pink,blue,0.243295403639686,0.487231971375361,0.330028607732902,0.357966556555625,0.221972402368395,0.553151284707457,0.964831029849417,0.0351689701505832,0
3,159,green,yellow,pink,blue,0.568426455050407,0.566099369191432,0.268476688710935,0.582086313815144,0.407560719978614,0.31253685449732,0.278836829099211,0.721163170900789,0
3,160,green,yellow,pink,blue,0.543894944157122,0.0666475981090996,0.492237116702174,0.156891274763799,0.626061021080243,0.589963946321226,0.41072459565206,0.58927540434794,1
3,161,green,yellow,pink,blue,0.666313738147346,0.912612041314982,0.445873756825185,0.782126194244032,0.652756206318388,0.509683163092355,0.192984899939067,0.807015100060933,0
3,162,green,yellow,pink,blue,0.614362994279361,0.137233603458144,0.55058528687389,0.272683001735214,0.564439313840213,0.451916745351453,0.245043259689238,0.754956740310762,0
3,163,green,yellow,pink,blue,0.931441712561605,0.520154861504756,0.674881709802417,0.559603641964521,0.706332239544551,0.259737405966903,0.0113631845530931,0.988636815446907,0
3,164,green,yellow,pink,blue,0.633397535554497,0.359444265206765,0.981005430990119,0.0476117550084967,0.776383238936165,0.685108311251961,0.28643757977898,0.71356242022102,0
3,165,green,yellow,pink,blue,0.0433276889655843,0.598621625588083,0.224869418907418,0.600688959609506,0.371853159757355,0.771328129563511,0.981920820430951,0.018079179569049,0
3,166,green,yellow,pink,blue,0.373395313411117,0.306000067621702,0.36453463337226,0.223600658334118,0.384200258671872,0.523654967848503,0.801317168356975,0.198682831643025,0
3,167,green,yellow,pink,blue,0.279031496523457,0.183118865253396,0.398894883733285,0.696989164100331,0.38766410287379,0.609304488850593,0.901712941713948,0.0982870582860521,0
3,168,green,yellow,pink,blue,0.650194674486099,0.162883930408951,0.25885535233121,0.0459486794902546,0.733564151672844,0.622833597466772,0.248373559995509,0.751626440004491,0
3,169,green,yellow,pink,blue,0.838657476290926,0.622977482774158,0.312494093574991,0.891712414986351,0.741780403260543,0.459979010793371,0.0563584643859465,0.943641535614054,0
3,170,green,yellow,pink,blue,0.87595431150623,0.26894231188811,0.472700159703855,0.389655667317231,0.676851245373938,0.286658851002408,0.019802925982344,0.980197074017656,0
3,171,green,yellow,pink,blue,0.902342372337636,0.967891404455758,0.589041429029792,0.831766687089361,0.8731955381566,0.600106720108148,0.0611751322989944,0.938824867701006,0
3,172,green,yellow,pink,blue,0.343976242850769,0.0067027919754224,0.0989330550579174,0.235544515191795,0.694956881709583,0.799367765540205,0.739642030803011,0.260357969196989,0
3,173,green,yellow,pink,blue,0.425931840161827,0.328154487289635,0.349856522734608,0.749025207813361,0.380840531605087,0.468089382865515,0.705263241745905,0.294736758254095,0
3,174,green,yellow,pink,blue,0.327836581816503,0.0901983074521341,0.75971633626195,0.190291549507604,0.580833763061088,0.713814596723268,0.79080892964964,0.20919107035036,0
3,175,green,yellow,pink,blue,0.781420248219517,0.224286870170388,0.901634046022629,0.252242390304056,0.762311583451865,0.547447442267631,0.104458246307409,0.895541753692591,0
3,176,green,yellow,pink,blue,0.816816519786522,0.669889009452177,0.875695463382463,0.105615478317214,0.804257094954512,0.574467540421692,0.0912974010743984,0.908702598925602,0
3,177,green,yellow,pink,blue,0.469934169898767,0.72198712289586,0.630862441254331,0.714402371324659,0.400927271685678,0.43681633129103,0.588771852143729,0.411228147856271,1
3,178,green,yellow,pink,blue,0.172908156049298,0.194028630095155,0.149224474084807,0.364017463583631,0.49101563253778,0.753782591565484,0.932621256705505,0.067378743294495,0
3,179,green,yellow,pink,blue,0.71361227166988,0.990351845794709,0.0862575442358166,0.850777091318574,0.865799433248187,0.732117741174875,0.208034002139436,0.791965997860564,0
3,180,green,yellow,pink,blue,0.106556482430764,0.0981326246296176,0.382162645910998,0.776411052327085,0.521883264712501,0.815969153556808,0.949829671466344,0.0501703285336557,0
3,181,green,yellow,pink,blue,0.861714931873396,0.777397313386387,0.965673940170621,0.0220563183282249,0.946798187976118,0.731239958482484,0.103810729749908,0.896189270250092,0
3,182,green,yellow,pink,blue,0.761424509980695,0.897611382161925,0.661629452674919,0.94739745452866,0.80370293201184,0.620091842345739,0.137511899553053,0.862488100446947,0
3,183,green,yellow,pink,blue,0.776688078490544,0.414404739151403,0.735036202789725,0.99294179538271,0.763518507281089,0.553418858072436,0.109000005162373,0.890999994837627,0
3,184,green,yellow,pink,blue,0.14967276104444,0.647815467335501,0.781820710103535,0.641179865582644,0.36231151561778,0.693971810165812,0.964994018145095,0.0350059818549051,0
3,185,green,yellow,pink,blue,0.224952121184622,0.981308661442537,0.462571227448269,0.0761779414797616,0.642893050293607,0.82967424506923,0.866204898528082,0.133795101471918,0
3,186,green,yellow,pink,blue,0.419006352020086,0.455687890893066,0.0116165277768348,0.0128878321293128,0.711564044949629,0.766366125324568,0.633676280565113,0.366323719434887,0
3,187,green,yellow,pink,blue,0.0697062738996876,0.241106146800338,0.0558547559796398,0.325301240573175,0.572115818018415,0.870408085513452,0.951796640210749,0.0482033597892507,0
3,188,green,yellow,pink,blue,0.585122560777452,0.153832707078831,0.569760298055939,0.485685566748996,0.487042428967496,0.389984316142465,0.274764686177858,0.725235313822142,0
3,189,green,yellow,pink,blue,0.502480064131705,0.634618002676253,0.0393041070478269,0.967565750936766,0.716049318595134,0.714315450294091,0.495665437838442,0.504334562161558,1
3,190,green,yellow,pink,blue,0.395970012462434,0.950572508311954,0.520127764473795,0.824126997397723,0.574270203936775,0.65864729155076,0.699258811244184,0.300741188755816,0
3,191,green,yellow,pink,blue,0.747590555939986,0.440337709778753,0.421078001828498,0.406434916930042,0.515886670500779,0.136192881092931,0.0219469036379717,0.978053096362028,0
3,192,green,yellow,pink,blue,0.911310359318029,0.686135492924009,0.689889876387021,0.887132336327414,0.811114926537543,0.496585405276852,0.0412770607012055,0.958722939298794,0
3,193,green,yellow,pink,blue,0.917125636482503,0.835585543245369,0.161432196445,0.604126507295584,0.826525715760319,0.51577041630032,0.0427967742359543,0.957203225764046,0
3,194,green,yellow,pink,blue,0.827064482647526,0.297567086217612,0.983549038560285,0.7774167262285,0.82750360385898,0.598078365895367,0.0916000964327302,0.90839990356727,0
3,195,green,yellow,pink,blue,0.472675978838836,0.375926775608078,0.746701584301576,0.348055087867166,0.385911498381176,0.419823422100255,0.583976559266807,0.416023440733193,1
3,196,green,yellow,pink,blue,0.358257707161244,0.148455901858104,0.509230766337592,0.197730714335229,0.47618789590001,0.607039706312886,0.787265075422617,0.212734924577383,0
3,197,green,yellow,pink,blue,0.378464842081358,0.126798835807047,0.0934291207139435,0.136972695075842,0.672956929238342,0.75789589425497,0.700439091995869,0.299560908004131,0
3,198,green,yellow,pink,blue,0.162499839760317,0.859495860542169,0.575884570011992,0.220935331989488,0.469605269014997,0.747013566761897,0.9412591430058,0.0587408569942,0
3,199,green,yellow,pink,blue,0.661909496022382,0.823464944784369,0.86681401197532,0.668712268484346,0.661298232521705,0.524791250226173,0.203417558643007,0.796582441356994,0
3,200,green,yellow,pink,blue,0.761482955778186,0.464898514539994,0.594446669587759,0.413714422295661,0.528405433970053,0.13315159357249,0.0188439723316734,0.981156027668327,0
3,201,green,yellow,pink,blue,0.885662614196602,0.431660320123083,0.913234137735379,0.763285011997478,0.805492843584195,0.512987433441356,0.0509288551910859,0.949071144808914,0
3,202,green,yellow,pink,blue,0.867933493106332,0.411349241520224,0.703287226974144,0.0151453732259989,0.816155907064714,0.546055831880124,0.0629143298001738,0.937085670199826,0
3,203,green,yellow,pink,blue,0.329156356861636,0.573205671871384,0.183472796944183,0.631294348730787,0.359238744442644,0.547627719027344,0.8680572721652,0.1319427278348,0
3,204,green,yellow,pink,blue,0.630216452491731,0.472870719125109,0.89296536687275,0.203537384604996,0.622585263650262,0.507342052290893,0.240045127995813,0.759954872004187,0
3,205,green,yellow,pink,blue,0.118927699638865,0.676394454785836,0.718991335179121,0.921697690213711,0.523527552681103,0.809415467345047,0.945775846505454,0.0542241534945463,0
3,206,green,yellow,pink,blue,0.322741157580972,0.692216454613736,0.0057231568700117,0.555385494126585,0.538159448532391,0.683282104597885,0.810187131088071,0.189812868911929,0
3,207,green,yellow,pink,blue,0.431574167407675,0.21863752847438,0.583348773474726,0.124847801274936,0.509725621193193,0.572927605804705,0.652947314990208,0.347052685009792,0
3,208,green,yellow,pink,blue,0.701715576458313,0.281985214220665,0.542489224069374,0.402078039018333,0.512807423345244,0.247499246422438,0.0657993201723519,0.934200679827648,0
3,209,green,yellow,pink,blue,0.601412447352411,0.611383928295766,0.338296070807756,0.59106888402228,0.412721201284936,0.26253826890126,0.182152845134193,0.817847154865807,0
3,210,green,yellow,pink,blue,0.126893417525469,0.121400026641282,0.370209760714879,0.261307015133463,0.481988607452465,0.778087141770443,0.950780125781683,0.0492198742183173,0
3,211,green,yellow,pink,blue,0.0296633442556621,0.0656628187998694,0.64013634557374,0.485510499763538,0.50699622267364,0.852866827558486,0.969489715670497,0.0305102843295029,0
3,212,green,yellow,pink,blue,0.703448975971312,0.540036891610917,0.765047723385156,0.655532128912129,0.549235345999225,0.313385528261241,0.0863926581958972,0.913607341804103,0
3,213,green,yellow,pink,blue,0.95364783963767,0.449844833697912,0.229336753110209,0.622533893882379,0.765446909524399,0.363677235557551,0.0176762893816616,0.982323710618338,0
3,214,green,yellow,pink,blue,0.894312166226686,0.10234770029996,0.781851582476132,0.0760217821419145,0.912394302243757,0.661929903041241,0.0755332595042191,0.924466740495781,0
3,215,green,yellow,pink,blue,0.985300043227083,0.725171471660049,0.945094864736185,0.687081231117303,0.908007252652858,0.582389154812406,0.0371054166561256,0.962894583343874,0
3,216,green,yellow,pink,blue,0.107718292840903,0.845945833808771,0.25546936900695,0.319089571175867,0.48212697173353,0.790397446878493,0.956173668744458,0.0438263312555423,0
3,217,green,yellow,pink,blue,0.0721143844404826,0.94319463475951,0.458939770644626,0.162357029245584,0.586304950206961,0.878429911943295,0.948886940176444,0.0511130598235563,0
3,218,green,yellow,pink,blue,0.729934781105797,0.960850762454628,0.824838854827063,0.88491284688534,0.83450524304693,0.682981858885738,0.180164432990355,0.819835567009645,0
3,219,green,yellow,pink,blue,0.517132831227012,0.714982459350631,0.301790114698912,0.0792830083043772,0.577812558776884,0.562791721557166,0.46251835393921,0.53748164606079,1
3,220,green,yellow,pink,blue,0.0136528663022828,0.328050082456346,0.768712079642808,0.431218611454342,0.40294392029987,0.805425934896776,0.98244697625679,0.0175530237432103,0
3,221,green,yellow,pink,blue,0.774335098291382,0.259829805923249,0.286639885328383,0.301636802630757,0.646126546449171,0.37834430844794,0.0642947598446704,0.93570524015533,0
3,222,green,yellow,pink,blue,0.749629145332301,0.243058109824728,0.479246404814766,0.723943087508768,0.605169096987279,0.341468139972235,0.0667941959312588,0.933205804068741,0
3,223,green,yellow,pink,blue,0.205260346305563,0.908403506475862,0.235464853712775,0.152706976912945,0.599488405409668,0.8087805647486,0.890213289138767,0.109786710861233,0
3,224,green,yellow,pink,blue,0.497735791788867,0.0324717029186309,0.886388312930968,0.384733863245637,0.665235252942128,0.666934891850854,0.504248994985811,0.495751005014189,1
3,225,green,yellow,pink,blue,0.154283254329634,0.509125495120763,0.412634185788542,0.797316766151066,0.32446111475843,0.671559201158505,0.969850712501175,0.0301492874988248,0
3,226,green,yellow,pink,blue,0.307552599604926,0.0007862850650747,0.396734309324715,0.445786426550346,0.515877455717187,0.677183099104158,0.833835299748486,0.166164700251514,0
3,227,green,yellow,pink,blue,0.390704144436617,0.765226265929896,0.808803370068983,0.710544376270584,0.479407013033693,0.582346065247521,0.736797718776737,0.263202281223263,0
3,228,green,yellow,pink,blue,0.943289696132344,0.0892314544964029,0.124729463628232,0.991710797828696,1.01586853721754,0.767267351564083,0.0768446373897121,0.923155362610288,0
3,229,green,yellow,pink,blue,0.0468136924369899,0.344766184887554,0.701117524654861,0.471767412223008,0.326538742986709,0.748207095819299,0.985466854110032,0.0145331458899677,0
3,230,green,yellow,pink,blue,0.374941123298628,0.933639092164708,0.0174596325348934,0.951167372891221,0.800031468843246,0.874705223398634,0.678467411523119,0.321532588476881,0
3,231,green,yellow,pink,blue,0.655336977782535,0.790010459519511,0.965396929692315,0.102044519328472,0.789535938987034,0.68412719663057,0.258440976089409,0.741559023910591,0
3,232,green,yellow,pink,blue,0.276677410891454,0.186215987926685,0.108146758232756,0.181084836250006,0.59533850474993,0.760099022724294,0.838567120885359,0.161432879114641,0
3,233,green,yellow,pink,blue,0.051599029459606,0.749892788778607,0.378485887281119,0.0347336579207146,0.577102936794308,0.883995910735457,0.955592777805323,0.0444072221946774,0
3,234,green,yellow,pink,blue,0.187864318601707,0.63631546725002,0.561434446385808,0.786808363110874,0.329356915621171,0.648545803521836,0.960527897841703,0.0394721021582968,0
3,235,green,yellow,pink,blue,0.561386913056927,0.59150448232169,0.0679569975297773,0.959106563335017,0.709066197465975,0.664370348022795,0.390084154120789,0.609915845879211,0
3,236,green,yellow,pink,blue,0.832154183344299,0.993491924034582,0.192418044570786,0.904779319815452,0.917000942926745,0.713257699561835,0.115328436540169,0.884671563459831,0
3,237,green,yellow,pink,blue,0.580296822451518,0.665414854355057,0.656737166689589,0.817810844313882,0.511887035534459,0.426299794389745,0.298202437948421,0.701797562051579,0
3,238,green,yellow,pink,blue,0.679493030017613,0.904464095963874,0.428742662516516,0.287524340011705,0.631093481181894,0.467745606043144,0.163354364296279,0.836645635703722,0
3,239,green,yellow,pink,blue,0.182045582874047,0.598207432365682,0.997906469541559,0.87087555668419,0.632235742058241,0.84715786643452,0.895595982628728,0.104404017371272,0
3,240,green,yellow,pink,blue,0.440551795756425,0.890515344090664,0.136417035398813,0.0620361489203294,0.716112510599397,0.756482208700606,0.599575574563702,0.400424425436298,1
3,241,green,yellow,pink,blue,0.857800238118779,0.971910356762989,0.624054892606281,0.933712226941923,0.891973332816567,0.661676800512996,0.0908776718262799,0.90912232817372,0
3,242,green,yellow,pink,blue,0.623110803158543,0.220821946211699,0.859192062926392,0.504833105622212,0.588382829567544,0.472317214350024,0.23854807933187,0.76145192066813,0
3,243,green,yellow,pink,blue,0.508096851996801,0.20001538116658,0.344755662901176,0.857417013622442,0.555384985730916,0.548047105984995,0.481663527545345,0.518336472454655,1
3,244,green,yellow,pink,blue,0.0807521599275876,0.547892689924915,0.937279225969689,0.570624247592064,0.476591488520323,0.803982143459934,0.963522722887199,0.0364772771128013,0
3,245,green,yellow,pink,blue,0.927392347199979,0.767662830097451,0.522526901575988,0.529524968487675,0.729303069868547,0.323250089744314,0.0169477065069443,0.983052293493056,0
3,246,green,yellow,pink,blue,0.235901495055222,0.365362653571042,0.678425676903434,0.0303081305241879,0.52035772053967,0.731348523120146,0.891862463215886,0.108137536784114,0
3,247,green,yellow,pink,blue,0.295430273748358,0.522203741930325,0.153057073501229,0.368005214565878,0.374631730580701,0.587297760773471,0.893467542329558,0.106532457670441,0
3,248,green,yellow,pink,blue,0.418010045901444,0.801203033942091,0.840677496714549,0.461625995668907,0.486296580448413,0.564335288861486,0.685763533434107,0.314236466565893,0
3,249,green,yellow,pink,blue,0.80924699743885,0.266058803793048,0.0500293006267585,0.248625925956125,0.795706128431199,0.569123225131534,0.0939928031034096,0.90600719689659,0
3,250,green,yellow,pink,blue,0.972730632724449,0.158077867838159,0.64598157395591,0.734515672334389,0.845906928949916,0.492775709345569,0.0284343147787184,0.971565685221282,0
3,251,green,yellow,pink,blue,0.223989717962804,0.0577745733964604,0.270814749336732,0.269051530292515,0.549638915551065,0.760337569455401,0.891580381169161,0.108419618830839,0
3,252,green,yellow,pink,blue,0.543373001321996,0.496699564929538,0.448124110826896,0.982638877879578,0.567194856371855,0.527576538307659,0.402229716190027,0.597770283809973,1
3,253,green,yellow,pink,blue,0.796427732590105,0.0177977098244127,0.321096808841485,0.537395985050427,0.751336893210187,0.517763840480032,0.0882066894240789,0.911793310575921,0
3,254,green,yellow,pink,blue,0.565227326442808,0.394829628241382,0.496122803317472,0.692778193525548,0.384197265718036,0.287019533381279,0.274526385741752,0.725473614258248,0
3,255,green,yellow,pink,blue,0.258377344432432,0.338899852711566,0.0397639756485293,0.83997926028568,0.594496873743959,0.77139431451036,0.854330082275814,0.145669917724186,0
3,256,green,yellow,pink,blue,0.468467133302693,0.654628181606577,0.203240144235602,0.328753077175342,0.434775440257007,0.469640873591706,0.586291220268819,0.413708779731181,1
3,257,green,yellow,pink,blue,0.737841282780246,0.614926285113371,0.488855548753522,0.234195998201165,0.567426765636321,0.29005491131896,0.0587610099413362,0.941238990058664,0
3,258,green,yellow,pink,blue,0.44439679714416,0.85458919108827,0.184264379157826,0.858976597286553,0.626160353938643,0.669088926601245,0.605703093653336,0.394296906346664,0
3,259,green,yellow,pink,blue,0.252972944368185,0.890756475708372,0.0219311751059438,0.843209370367171,0.706429002058705,0.863752852719731,0.828244793023297,0.171755206976702,0
3,260,green,yellow,pink,blue,0.046191526440378,0.129052185949097,0.34776856644022,0.820756402919265,0.552448417520784,0.871210495563983,0.960365758464746,0.0396342415352541,0
3,261,green,yellow,pink,blue,0.83410892111298,0.551783924308008,0.0828056930128149,0.359284848435245,0.733291654256965,0.451229131473065,0.0562197503469141,0.943780249653086,0
3,262,green,yellow,pink,blue,0.669858328619105,0.146662282829135,0.288768411811641,0.598281445795983,0.596159865239746,0.430753126864526,0.160559988491011,0.839440011508989,0
3,263,green,yellow,pink,blue,0.501027949975052,0.834759203971823,0.459732654393225,0.809429342964515,0.521964303111038,0.520978678783634,0.497535959129003,0.502464040870997,1
3,264,green,yellow,pink,blue,0.283131824451885,0.926542722294323,0.430998980000326,0.0223139276157576,0.644966306286337,0.795518517567477,0.818396635831544,0.181603364168456,0
3,265,green,yellow,pink,blue,0.797463147493463,0.511308564435998,0.410866139989142,0.893871460767492,0.680384710366573,0.40676800096264,0.0608726512585152,0.939127348741485,0
3,266,green,yellow,pink,blue,0.483350988304019,0.415403569072252,0.680980340994283,0.178283796379831,0.444819558210244,0.46315596839762,0.545713015433845,0.454286984566155,1
3,267,green,yellow,pink,blue,0.113834094302191,0.496109683836411,0.105979270993084,0.336949005680146,0.447654163467952,0.765872153670572,0.960158140778005,0.0398418592219953,0
3,268,green,yellow,pink,blue,0.15140744272099,0.375312932777726,0.593063913713137,0.861083630378942,0.405351251689876,0.716171902915466,0.957229989254662,0.0427700107453383,0
3,269,green,yellow,pink,blue,0.930584541061818,0.776398858166336,0.965883465703206,0.511956608775626,0.869932187263481,0.571136997028914,0.0479731434429181,0.952026856557082,0
3,270,green,yellow,pink,blue,0.556808703923329,0.786663152866047,0.649204097717858,0.743630778893197,0.507863331235995,0.44846009776879,0.355710185290962,0.644289814709038,0
3,271,green,yellow,pink,blue,0.724314078043178,0.0280146597156388,0.541999923790354,0.959538825684392,0.812824662509129,0.660582965220798,0.17910588356198,0.82089411643802,0
3,272,green,yellow,pink,blue,0.908187891638415,0.462782412370418,0.992644649046983,0.372997599609518,0.832721327616843,0.534075760383807,0.0480415250788714,0.951958474921129,0
3,273,green,yellow,pink,blue,0.82265873061104,0.288050732228647,0.276408019783797,0.925756883239612,0.777253376381712,0.53053188451377,0.0781887349078487,0.921811265092151,0
3,274,green,yellow,pink,blue,0.939757235943331,0.205954750530968,0.937754115039306,0.721596832932117,0.896081176496237,0.602664283766301,0.0504900881097038,0.949509911890296,0
3,275,green,yellow,pink,blue,0.649540466061018,0.921333177954775,0.517533404993583,0.909880065394721,0.710959435667306,0.596592702857952,0.241647671586754,0.758352328413246,0
3,276,green,yellow,pink,blue,0.384798713025361,0.6748825553716,0.506680972811074,0.421497505174325,0.234439498161363,0.412508382063675,0.855781902733764,0.144218097266236,0
3,277,green,yellow,pink,blue,0.619043578600551,0.305637830036307,0.771411181211485,0.256380206324842,0.554061773790826,0.43352147648725,0.23051545242634,0.76948454757366,0
3,278,green,yellow,pink,blue,0.172964192139421,0.247115102932096,0.332030474869194,0.191028723005253,0.439957155002859,0.721524847873438,0.943517120119597,0.0564828798804024,0
3,279,green,yellow,pink,blue,0.541860264857283,0.357516477886606,0.667730926349249,0.2741733067973,0.429668857718644,0.377829409172926,0.373227733257102,0.626772266742898,0
3,280,green,yellow,pink,blue,0.26832806260972,0.117364115315977,0.638632372562112,0.760422979544708,0.48351339291078,0.682244192730414,0.879458045530377,0.120541954469623,0
3,281,green,yellow,pink,blue,0.775783596490752,0.320989055583749,0.397555110009515,0.325107388452697,0.591249261833405,0.271647000954905,0.039315673714095,0.960684326285905,0
3,282,green,yellow,pink,blue,0.0965101376852216,0.862500421509228,0.713054183460623,0.996501225569137,0.668484289650479,0.922150263148194,0.926672175948619,0.0733278240513816,0
3,283,green,yellow,pink,blue,0.694724064720518,0.51691826494507,0.835875176734328,0.307409867256213,0.589888815800805,0.391464877462026,0.120867642188394,0.879132357811606,0
3,284,green,yellow,pink,blue,0.626452056776443,0.450361065240529,0.227712211408589,0.109913621164325,0.608677416752421,0.494000142599126,0.241079048579242,0.758920951420758,0
3,285,green,yellow,pink,blue,0.892602806096785,0.584091666551018,0.206241646312915,0.982403659761712,0.859661000685287,0.588569647537523,0.0623324367579504,0.93766756324205,0
3,286,green,yellow,pink,blue,0.397458196212949,0.984807376905643,0.0729873140813882,0.0119393425737738,0.822997661962204,0.883100761738039,0.645892146827467,0.354107853172533,0
3,287,green,yellow,pink,blue,0.132688114463094,0.0355712757142125,0.610337351250705,0.652244534664683,0.514595810171668,0.795060207395102,0.942926260315253,0.0570737396847465,0
3,288,green,yellow,pink,blue,0.208454173663539,0.724635190076881,0.972678871637453,0.664610378473491,0.550189891492471,0.770879201325965,0.900866807837529,0.0991331921624707,0
3,289,green,yellow,pink,blue,0.971990987912241,0.428777588441759,0.0059320958612396,0.890244116667624,0.960592100232157,0.671376343875911,0.0525426071099667,0.947457392890033,0
3,290,green,yellow,pink,blue,0.994643751173159,0.889515280506493,0.114196539530571,0.161202931597221,0.98480669858495,0.689347867483921,0.0495201026437702,0.95047989735623,0
3,291,green,yellow,pink,blue,0.0563261298185978,0.332142973943812,0.445177999107264,0.393600480539111,0.28286367513497,0.723661335772655,0.987966764438282,0.0120332355617175,0
3,292,green,yellow,pink,blue,0.0108248273099011,0.822449175646428,0.823974169790588,0.383428464257721,0.528891689992586,0.876870339578956,0.970107129350051,0.029892870649949,0
3,293,green,yellow,pink,blue,0.407011044572222,0.223266888311342,0.0381416518280163,0.618913958643088,0.573312608058528,0.649366077021774,0.681469809436923,0.318530190563076,0
3,294,green,yellow,pink,blue,0.486929287693705,0.16066940706804,0.317854282227675,0.696842976001595,0.493158147423889,0.506236773335222,0.532650038008413,0.467349961991587,1
3,295,green,yellow,pink,blue,0.222200649778383,0.0102513034899379,0.471249180766549,0.461257278517466,0.492903842225354,0.721632557401711,0.907818679308115,0.0921813206918851,0
3,296,green,yellow,pink,blue,0.356372414765393,0.667298758860247,0.261496990642691,0.773946095823981,0.413804439595438,0.561125386579062,0.813544719568333,0.186455280431667,0
3,297,green,yellow,pink,blue,0.590488231752948,0.65139237040951,0.857371563049957,0.153586588853902,0.621746388231652,0.544132648833128,0.315152962547688,0.684847037452312,0
3,298,green,yellow,pink,blue,0.315808874962895,0.704040930444794,0.911670576889932,0.0398064149761594,0.653616331569709,0.781924186818485,0.782973358478596,0.217026641521404,0
3,299,green,yellow,pink,blue,0.192672390554876,0.536514712383718,0.881382621107949,0.0802371825136541,0.57120338378935,0.79599052450235,0.904466768840215,0.0955332311597853,0
3,300,green,yellow,pink,blue,0.0793468593838288,0.800974413622273,0.547746344125384,0.125699668876947,0.511945840215155,0.826281842914252,0.958646289666633,0.0413537103333675,0
3,301,green,yellow,pink,blue,0.9683358429437,0.106004431227422,0.192847112197957,0.686507814621445,0.894632300372653,0.576221407035841,0.0397681305893263,0.960231869410674,0
3,302,green,yellow,pink,blue,0.785149864822989,0.066872107823764,0.742482227928386,0.524562619358642,0.730332870636372,0.498233115227174,0.0893988185077784,0.910601181492222,0
3,303,green,yellow,pink,blue,0.463698808503802,0.395144290511685,0.30249881214584,0.492391379626033,0.309397011743879,0.36335616462672,0.631717391816053,0.368282608183947,0
3,304,green,yellow,pink,blue,0.0753061387808492,0.0543484047394317,0.697668614254577,0.0999417557213105,0.654402604963197,0.923545684090272,0.936519096894155,0.0634809031058455,0
3,305,green,yellow,pink,blue,0.52138257626163,0.75570169984957,0.873002969444389,0.718075370023393,0.570718796106744,0.551667805810617,0.452516052751704,0.547483947248296,1
3,306,green,yellow,pink,blue,0.359546284769584,0.196986149345491,0.238968740847121,0.0744348926587078,0.594189162671817,0.702505854969943,0.747092826137081,0.252907173862919,0
3,307,green,yellow,pink,blue,0.0184490067605129,0.091850474221432,0.905306254953841,0.243069982993747,0.67118409680728,0.96542171357728,0.949901925450934,0.0500980745490658,0
3,308,green,yellow,pink,blue,0.763785948891101,0.183788353625176,0.596951230752279,0.452901241584698,0.612848791113804,0.334361618429134,0.0581471751239837,0.941852824876016,0
3,309,green,yellow,pink,blue,0.565753506323714,0.270965183586884,0.930910555818287,0.948670704152497,0.734265981620715,0.688035628032239,0.386439503586078,0.613560496413922,0
3,310,green,yellow,pink,blue,0.704336900459685,0.970060953009007,0.759407637261636,0.283765748043496,0.735818518829135,0.580596238527445,0.174765458180106,0.825234541819894,0
3,311,green,yellow,pink,blue,0.307416677584285,0.937607191385873,0.385793151844089,0.577880027837179,0.462498899154449,0.637564548994682,0.852035586472265,0.147964413527735,0
3,312,green,yellow,pink,blue,0.235814863319435,0.953132945026603,0.152656066823941,0.782933612417667,0.637361687679024,0.818788774716421,0.859877255788664,0.140122744211336,0
3,313,green,yellow,pink,blue,0.342876886512887,0.596895406087777,0.808137761793498,0.631468311194014,0.360898369157517,0.536069721535985,0.852168797080538,0.147831202919462,0
3,314,green,yellow,pink,blue,0.430700797008434,0.741286869540132,0.161383486314351,0.0618261309003921,0.630499495919151,0.683248722901016,0.628898034042752,0.371101965957248,0
3,315,green,yellow,pink,blue,0.605829412294191,0.480655103668034,0.730617576432379,0.561815241219053,0.428945668207802,0.279579995672163,0.183373507211946,0.816626492788054,0
3,316,green,yellow,pink,blue,0.679776202279031,0.372813395625709,0.565825830378304,0.480645542795726,0.453422155762502,0.160671867659784,0.0508106232433513,0.949189376756649,0
3,317,green,yellow,pink,blue,0.879132056885286,0.6380489717563,0.0577877767161238,0.578346756149572,0.78520986253645,0.487260168020356,0.0483607750556668,0.951639224944333,0
3,318,green,yellow,pink,blue,0.87120328854225,0.263425936730977,0.133263953353077,0.209056156036795,0.813021808660519,0.538331842654111,0.0602619847257177,0.939738015274282,0
3,319,green,yellow,pink,blue,0.170208831154818,0.567125220244155,0.373617066705832,0.426109564965118,0.179735550284825,0.601744162315988,0.985515505395034,0.0144844946049658,0
3,320,green,yellow,pink,blue,0.85831091975128,0.68992935269422,0.792950852585117,0.544328051672757,0.702780557712678,0.368224921138783,0.0340409784303188,0.965959021569681,0
