iSub,condition,feature1_name,feature2_name,feature3_name,feature4_name,iSession,iBlock,iTrial,feature1,feature2,feature3,feature4,probCat1,probCat2,choice,rating,feedback,ambiguous,choRT,text,A,b,n_constraints,matched_rules,un_pro
401,1,green,yellow,pink,blue,1,1,1,0.668739890533626,0.836858405147023,0.619756388397648,0.621147413135336,0.145,0.855,2,1,1,0,6.654,,,,,,
401,1,green,yellow,pink,blue,1,1,2,0.643652812049545,0.0061956929419335,0.021178758900878,0.930364547800941,0.303,0.697,1,1,0,0,5.632,,,,,,
401,1,green,yellow,pink,blue,1,1,3,0.30704396309159,0.32302387500054,0.56885029451444,0.239511769675746,0.901,0.099,1,1,1,0,12.808,,,,,,
401,1,green,yellow,pink,blue,1,1,4,0.259396059161693,0.423938113802859,0.236158190019979,0.353532926448869,0.937,0.063,2,1,0,0,10.125,,,,,,
401,1,green,yellow,pink,blue,1,1,5,0.560282282040816,0.743196816948522,0.550984605416076,0.286488902671807,0.326,0.674,2,1,0,0,8.44,,,,,,
401,1,green,yellow,pink,blue,1,1,6,0.279101862202974,0.780511304376005,0.676280147798033,0.224467378140566,0.887,0.113,1,3,1,0,5.43,,,,,,
401,1,green,yellow,pink,blue,1,1,7,0.0624022781974721,0.972055679876438,0.384005156180461,0.535302214130336,0.961,0.039,2,1,0,0,13.862,,,,,,
401,1,green,yellow,pink,blue,1,1,8,0.368781750397207,0.681470479602674,0.464656648491846,0.386738180986358,0.871,0.129,1,2,1,0,8.592,,,,,,
401,1,green,yellow,pink,blue,1,1,9,0.209762005619064,0.486243430990054,0.432240567895658,0.306481344796141,0.976,0.024,1,1,1,0,3.464,,,,,,
401,1,green,yellow,pink,blue,1,1,10,0.42623917715209,0.600589097519857,0.874976781347797,0.840077110185904,0.654,0.346,2,1,1,0,4.512,,,,,,
401,1,green,yellow,pink,blue,1,1,11,0.810202524534059,0.413610662851678,0.130113630315302,0.21154987591149,0.072,0.928,1,1,0,0,22.585,,,,,,
401,1,green,yellow,pink,blue,1,1,12,0.28663432249509,0.893502535412372,0.74222419018415,0.0584169820062348,0.816,0.184,1,4,1,0,2.329,,,,,,
401,1,green,yellow,pink,blue,1,1,13,0.762698578286559,0.0510826280312266,0.765678719713664,0.374126232599594,0.114,0.886,2,2,1,0,8.345,,,,,,
401,1,green,yellow,pink,blue,1,1,14,0.691684155553688,0.628781682491974,0.0891465757600416,0.644075902056584,0.147,0.853,2,1,1,0,12.783,,,,,,
401,1,green,yellow,pink,blue,1,1,15,0.81354718598196,0.79494350416648,0.118342399288684,0.709410750900008,0.082,0.918,1,1,0,0,4.22,,,,,,
401,1,green,yellow,pink,blue,1,1,16,0.0249281993510481,0.64593061588803,0.919448450958672,0.605508519551352,0.97,0.03,2,1,0,0,4.991,,,,,,
401,1,green,yellow,pink,blue,1,1,17,0.968263456341289,0.380147732238236,0.362810077710802,0.440175317543561,0.011,0.989,2,1,1,0,5.543,,,,,,
401,1,green,yellow,pink,blue,1,1,18,0.952851050517827,0.274575705210488,0.805975520964669,0.489451272401735,0.025,0.975,2,2,1,0,7.634,,,,,,
401,1,green,yellow,pink,blue,1,1,19,0.869635552548436,0.103615334989103,0.630869382751411,0.814901811866238,0.06,0.94,2,3,1,0,4.8,,,,,,
401,1,green,yellow,pink,blue,1,1,20,0.323908119054758,0.808682618317059,0.172264650143004,0.87765434683234,0.792,0.208,1,2,1,0,12.524,,,,,,
401,1,green,yellow,pink,blue,1,1,21,0.477438427290045,0.230609183227702,0.794288090028266,0.768196656812969,0.552,0.448,2,3,1,1,5.351,,,,,,
401,1,green,yellow,pink,blue,1,1,22,0.67906787044112,0.372511307756068,0.937443090595211,0.316588030033855,0.174,0.826,1,2,0,0,15.508,,,,,,
401,1,green,yellow,pink,blue,1,1,23,0.845018624257309,0.129303361221462,0.0057837637680168,0.738038494401572,0.099,0.901,2,2,1,0,10.687,,,,,,
401,1,green,yellow,pink,blue,1,1,24,0.142382821671199,0.208958949576152,0.940294759629974,0.177277623516879,0.916,0.084,2,1,0,0,6.134,,,,,,
401,1,green,yellow,pink,blue,1,1,25,0.917758070721783,0.0799866994312071,0.817065560866683,0.341593272889975,0.052,0.948,1,1,0,0,3.312,,,,,,
401,1,green,yellow,pink,blue,1,1,26,0.386918585995299,0.235537707485924,0.986565499762316,0.756837181024675,0.7,0.3,2,1,0,0,4.056,,,,,,
401,1,green,yellow,pink,blue,1,1,27,0.194311864128014,0.916937697174903,0.0418352243268282,0.547566845864276,0.891,0.109,1,5,1,0,2.312,,,,,,
401,1,green,yellow,pink,blue,1,1,28,0.357144212450077,0.725136566458911,0.54286123021611,0.407241881334494,0.875,0.125,1,5,1,0,2.121,,,,,,
401,1,green,yellow,pink,blue,1,1,29,0.401993008248233,0.459714296665167,0.88734819137648,0.788649259853036,0.708,0.292,2,2,0,0,4.731,,,,,,
401,1,green,yellow,pink,blue,1,1,30,0.620520006274487,0.48079458737142,0.0593321128693744,0.427682093460795,0.24,0.76,1,2,1,0,2.54,,,,,,
401,1,green,yellow,pink,blue,1,1,31,0.341348850248375,0.185617861922869,0.65284712242505,0.952549790161551,0.775,0.225,2,1,0,0,3.714,,,,,,
401,1,green,yellow,pink,blue,1,1,32,0.937123684376063,0.989255454944441,0.853929370728145,0.689420865308097,0.061,0.939,1,3,0,0,14.778,,,,,,
401,1,green,yellow,pink,blue,1,1,33,0.707092192713981,0.260434194282408,0.301301085271835,0.639302465702449,0.094,0.906,1,1,0,0,3.237,,,,,,
401,1,green,yellow,pink,blue,1,1,34,0.742794995875313,0.872518799746066,0.514774264637348,0.150191564965554,0.12,0.88,1,6,1,0,2.306,,,,,,
401,1,green,yellow,pink,blue,1,1,35,0.983350805159555,0.348683820337508,0.203313648692671,0.525537565942249,0.018,0.982,2,1,1,0,7.994,,,,,,
401,1,green,yellow,pink,blue,1,1,36,0.418007057918101,0.553489679620655,0.0958129387561831,0.038087602010185,0.649,0.351,1,6,0,0,2.201,,,,,,
401,1,green,yellow,pink,blue,1,1,37,0.898190803048781,0.528902817360554,0.517346442971794,0.11154252277202,0.033,0.967,2,1,1,0,3.454,,,,,,
401,1,green,yellow,pink,blue,1,1,38,0.239052853932657,0.0191571686448555,0.146597543295273,0.898981566567866,0.836,0.164,1,1,1,0,9.2,,,,,,
401,1,green,yellow,pink,blue,1,1,39,0.0805524007945903,0.623413653804549,0.395669843764251,0.0080179295369173,0.953,0.047,1,4,1,0,2.128,,,,,,
401,1,green,yellow,pink,blue,1,1,40,0.157456258982344,0.854803931898178,0.0673032020874048,0.167620107319098,0.903,0.097,1,4,1,0,2.953,,,,,,
401,1,green,yellow,pink,blue,1,1,41,0.999832856503522,0.875101210587869,0.26514364496306,0.135979089051282,0.04,0.96,1,1,0,0,3.89,,,,,,
401,1,green,yellow,pink,blue,1,1,42,0.890011137226979,0.709801854936178,0.981227688092745,0.06998720123204,0.083,0.917,2,1,1,0,1.589,,,,,,
401,1,green,yellow,pink,blue,1,1,43,0.0126067272752413,0.450701409604759,0.337858155466105,0.989802622819999,0.965,0.035,1,1,1,0,16.877,,,,,,
401,1,green,yellow,pink,blue,1,1,44,0.521830080791434,0.312290088833186,0.448339759742454,0.512257267593238,0.415,0.585,2,2,1,1,8.557,,,,,,
401,1,green,yellow,pink,blue,1,1,45,0.570354575980928,0.93976202502669,0.168549292153288,0.468703534443264,0.359,0.641,1,4,1,0,2.089,,,,,,
401,1,green,yellow,pink,blue,1,1,46,0.779983393261128,0.163723746857993,0.192450636474012,0.908197687992673,0.122,0.878,2,2,1,0,3.898,,,,,,
401,1,green,yellow,pink,blue,1,1,47,0.497346147418283,0.39868137454917,0.270527466613889,0.475457130872689,0.509,0.491,2,1,1,1,7.338,,,,,,
401,1,green,yellow,pink,blue,1,1,48,0.173685472268366,0.92446626312695,0.607366786268091,0.405504010432353,0.94,0.06,1,2,1,0,1.706,,,,,,
401,1,green,yellow,pink,blue,1,1,49,0.836608755038064,0.966694571522108,0.410452887821445,0.256178321784329,0.074,0.926,1,4,0,0,1.221,,,,,,
401,1,green,yellow,pink,blue,1,1,50,0.449072571735775,0.750444828251023,0.961307437027267,0.80000512890984,0.596,0.404,2,3,0,1,3.805,,,,,,
401,1,green,yellow,pink,blue,1,1,51,0.584234554119475,0.819849852691455,0.470633027814994,0.975111936067703,0.339,0.661,2,3,0,0,6.983,,,,,,
401,1,green,yellow,pink,blue,1,1,52,0.0759298374219496,0.293273775727289,0.323313975433562,0.0991846349639907,0.959,0.041,2,2,0,0,11.313,,,,,,
401,1,green,yellow,pink,blue,1,1,53,0.604232805300761,0.329989669835607,0.669059009025313,0.577072017598207,0.192,0.808,2,1,1,0,6.157,,,,,,
401,1,green,yellow,pink,blue,1,1,54,0.514294993201579,0.539633879949845,0.898002304348921,0.856937196854383,0.47,0.53,2,1,1,1,4.02,,,,,,
401,1,green,yellow,pink,blue,1,1,55,0.629562897088157,0.593714403613049,0.76448394072803,0.674008258970013,0.18,0.82,2,3,1,0,3.122,,,,,,
401,1,green,yellow,pink,blue,1,1,56,0.791079519635929,0.0407714702750458,0.830543171363348,0.580792176396642,0.105,0.895,2,4,0,0,3.149,,,,,,
401,1,green,yellow,pink,blue,1,1,57,0.135261711160438,0.510377752907119,0.715767444151927,0.665468669069248,0.977,0.023,2,1,0,0,3.348,,,,,,
401,1,green,yellow,pink,blue,1,1,58,0.229545344042447,0.153135137070958,0.352960186943429,0.0920040034911088,0.886,0.114,1,3,1,0,3.588,,,,,,
401,1,green,yellow,pink,blue,1,1,59,0.542212941628493,0.192261280898084,0.58085796043185,0.275672279255117,0.388,0.612,2,3,0,0,4.952,,,,,,
401,1,green,yellow,pink,blue,1,1,60,0.453902752766749,0.669915895652157,0.486518721193796,0.196691392876777,0.631,0.369,1,6,1,0,1.652,,,,,,
401,1,green,yellow,pink,blue,1,1,61,0.0941512212415554,0.572357267052652,0.689956850005311,0.730484137489748,0.978,0.022,2,3,0,0,4.338,,,,,,
401,1,green,yellow,pink,blue,1,1,62,0.0372929860159306,0.69933376626493,0.225710505523603,0.0240299729008238,0.952,0.048,1,6,1,0,0.98,,,,,,
401,1,green,yellow,pink,blue,1,1,63,0.124765848896703,0.118893002308336,0.291494066481874,0.868764098506482,0.932,0.068,2,3,0,0,6.726,,,,,,
401,1,green,yellow,pink,blue,1,1,64,0.723112918727358,0.0773934284919388,0.71958747290346,0.961647300082546,0.181,0.819,2,3,1,0,23.383,,,,,,
401,1,green,yellow,pink,blue,1,1,65,0.668739890533626,0.836858405147023,0.619756388397648,0.621147413135336,0.145,0.855,1,2,0,0,10.498,,,,,,
401,1,green,yellow,pink,blue,1,1,66,0.643652812049545,0.0061956929419335,0.021178758900878,0.930364547800941,0.303,0.697,1,1,0,0,12.274,,,,,,
401,1,green,yellow,pink,blue,1,2,67,0.30704396309159,0.32302387500054,0.56885029451444,0.239511769675746,0.901,0.099,1,1,1,0,9.844,,,,,,
401,1,green,yellow,pink,blue,1,2,68,0.259396059161693,0.423938113802859,0.236158190019979,0.353532926448869,0.937,0.063,1,4,1,0,5.713,,,,,,
401,1,green,yellow,pink,blue,1,2,69,0.560282282040816,0.743196816948522,0.550984605416076,0.286488902671807,0.326,0.674,1,2,0,0,12.095,,,,,,
401,1,green,yellow,pink,blue,1,2,70,0.279101862202974,0.780511304376005,0.676280147798033,0.224467378140566,0.887,0.113,1,3,1,0,2.266,,,,,,
401,1,green,yellow,pink,blue,1,2,71,0.0624022781974721,0.972055679876438,0.384005156180461,0.535302214130336,0.961,0.039,1,3,1,0,4.636,,,,,,
401,1,green,yellow,pink,blue,1,2,72,0.368781750397207,0.681470479602674,0.464656648491846,0.386738180986358,0.871,0.129,1,5,1,0,1.709,,,,,,
401,1,green,yellow,pink,blue,1,2,73,0.209762005619064,0.486243430990054,0.432240567895658,0.306481344796141,0.976,0.024,1,3,1,0,2.055,,,,,,
401,1,green,yellow,pink,blue,1,2,74,0.42623917715209,0.600589097519857,0.874976781347797,0.840077110185904,0.654,0.346,2,4,1,0,11.979,,,,,,
401,1,green,yellow,pink,blue,1,2,75,0.810202524534059,0.413610662851678,0.130113630315302,0.21154987591149,0.072,0.928,1,3,0,0,16.276,,,,,,
401,1,green,yellow,pink,blue,1,2,76,0.28663432249509,0.893502535412372,0.74222419018415,0.0584169820062348,0.816,0.184,1,5,1,0,1.566,,,,,,
401,1,green,yellow,pink,blue,1,2,77,0.762698578286559,0.0510826280312266,0.765678719713664,0.374126232599594,0.114,0.886,2,5,1,0,1.678,,,,,,
401,1,green,yellow,pink,blue,1,2,78,0.691684155553688,0.628781682491974,0.0891465757600416,0.644075902056584,0.147,0.853,2,1,1,0,3.687,,,,,,
401,1,green,yellow,pink,blue,1,2,79,0.81354718598196,0.79494350416648,0.118342399288684,0.709410750900008,0.082,0.918,2,6,1,0,2.089,,,,,,
401,1,green,yellow,pink,blue,1,2,80,0.0249281993510481,0.64593061588803,0.919448450958672,0.605508519551352,0.97,0.03,2,3,0,0,4.11,,,,,,
401,1,green,yellow,pink,blue,1,2,81,0.968263456341289,0.380147732238236,0.362810077710802,0.440175317543561,0.011,0.989,2,2,1,0,2.08,,,,,,
401,1,green,yellow,pink,blue,1,2,82,0.952851050517827,0.274575705210488,0.805975520964669,0.489451272401735,0.025,0.975,2,2,1,0,2.186,,,,,,
401,1,green,yellow,pink,blue,1,2,83,0.869635552548436,0.103615334989103,0.630869382751411,0.814901811866238,0.06,0.94,2,3,1,0,2.539,,,,,,
401,1,green,yellow,pink,blue,1,2,84,0.323908119054758,0.808682618317059,0.172264650143004,0.87765434683234,0.792,0.208,1,1,1,0,2.965,,,,,,
401,1,green,yellow,pink,blue,1,2,85,0.477438427290045,0.230609183227702,0.794288090028266,0.768196656812969,0.552,0.448,2,4,1,1,1.741,,,,,,
401,1,green,yellow,pink,blue,1,2,86,0.67906787044112,0.372511307756068,0.937443090595211,0.316588030033855,0.174,0.826,2,3,0,0,2.292,,,,,,
401,1,green,yellow,pink,blue,1,2,87,0.845018624257309,0.129303361221462,0.0057837637680168,0.738038494401572,0.099,0.901,2,3,1,0,4.588,,,,,,
401,1,green,yellow,pink,blue,1,2,88,0.142382821671199,0.208958949576152,0.940294759629974,0.177277623516879,0.916,0.084,2,4,0,0,2.204,,,,,,
401,1,green,yellow,pink,blue,1,2,89,0.917758070721783,0.0799866994312071,0.817065560866683,0.341593272889975,0.052,0.948,1,3,0,0,3.393,,,,,,
401,1,green,yellow,pink,blue,1,2,90,0.386918585995299,0.235537707485924,0.986565499762316,0.756837181024675,0.7,0.3,2,3,0,0,5.72,,,,,,
401,1,green,yellow,pink,blue,1,2,91,0.194311864128014,0.916937697174903,0.0418352243268282,0.547566845864276,0.891,0.109,1,6,1,0,3.067,,,,,,
401,1,green,yellow,pink,blue,1,2,92,0.357144212450077,0.725136566458911,0.54286123021611,0.407241881334494,0.875,0.125,1,6,1,0,1.785,,,,,,
401,1,green,yellow,pink,blue,1,2,93,0.401993008248233,0.459714296665167,0.88734819137648,0.788649259853036,0.708,0.292,2,2,0,0,5.511,,,,,,
401,1,green,yellow,pink,blue,1,2,94,0.620520006274487,0.48079458737142,0.0593321128693744,0.427682093460795,0.24,0.76,2,3,1,0,4.42,,,,,,
401,1,green,yellow,pink,blue,1,2,95,0.341348850248375,0.185617861922869,0.65284712242505,0.952549790161551,0.775,0.225,2,4,0,0,2.413,,,,,,
401,1,green,yellow,pink,blue,1,2,96,0.937123684376063,0.989255454944441,0.853929370728145,0.689420865308097,0.061,0.939,1,3,0,0,5.522,,,,,,
401,1,green,yellow,pink,blue,1,2,97,0.707092192713981,0.260434194282408,0.301301085271835,0.639302465702449,0.094,0.906,2,2,1,0,1.758,,,,,,
401,1,green,yellow,pink,blue,1,2,98,0.742794995875313,0.872518799746066,0.514774264637348,0.150191564965554,0.12,0.88,1,6,1,0,1.393,,,,,,
401,1,green,yellow,pink,blue,1,2,99,0.983350805159555,0.348683820337508,0.203313648692671,0.525537565942249,0.018,0.982,2,3,1,0,2.843,,,,,,
401,1,green,yellow,pink,blue,1,2,100,0.418007057918101,0.553489679620655,0.0958129387561831,0.038087602010185,0.649,0.351,1,3,0,0,1.315,,,,,,
401,1,green,yellow,pink,blue,1,2,101,0.898190803048781,0.528902817360554,0.517346442971794,0.11154252277202,0.033,0.967,2,2,1,0,4.46,,,,,,
401,1,green,yellow,pink,blue,1,2,102,0.239052853932657,0.0191571686448555,0.146597543295273,0.898981566567866,0.836,0.164,2,5,0,0,2.229,,,,,,
401,1,green,yellow,pink,blue,1,2,103,0.0805524007945903,0.623413653804549,0.395669843764251,0.0080179295369173,0.953,0.047,1,3,1,0,1.736,,,,,,
401,1,green,yellow,pink,blue,1,2,104,0.157456258982344,0.854803931898178,0.0673032020874048,0.167620107319098,0.903,0.097,1,6,1,0,1.148,,,,,,
401,1,green,yellow,pink,blue,1,2,105,0.999832856503522,0.875101210587869,0.26514364496306,0.135979089051282,0.04,0.96,2,3,0,0,2.154,,,,,,
401,1,green,yellow,pink,blue,1,2,106,0.890011137226979,0.709801854936178,0.981227688092745,0.06998720123204,0.083,0.917,2,3,1,0,4.206,,,,,,
401,1,green,yellow,pink,blue,1,2,107,0.0126067272752413,0.450701409604759,0.337858155466105,0.989802622819999,0.965,0.035,2,3,0,0,3.444,,,,,,
401,1,green,yellow,pink,blue,1,2,108,0.521830080791434,0.312290088833186,0.448339759742454,0.512257267593238,0.415,0.585,2,3,1,1,3.037,,,,,,
401,1,green,yellow,pink,blue,1,2,109,0.570354575980928,0.93976202502669,0.168549292153288,0.468703534443264,0.359,0.641,1,5,1,0,1.33,,,,,,
401,1,green,yellow,pink,blue,1,2,110,0.779983393261128,0.163723746857993,0.192450636474012,0.908197687992673,0.122,0.878,2,3,1,0,4.857,,,,,,
401,1,green,yellow,pink,blue,1,2,111,0.497346147418283,0.39868137454917,0.270527466613889,0.475457130872689,0.509,0.491,2,3,1,1,3.953,,,,,,
401,1,green,yellow,pink,blue,1,2,112,0.173685472268366,0.92446626312695,0.607366786268091,0.405504010432353,0.94,0.06,1,5,1,0,1.463,,,,,,
401,1,green,yellow,pink,blue,1,2,113,0.836608755038064,0.966694571522108,0.410452887821445,0.256178321784329,0.074,0.926,1,3,0,0,2.063,,,,,,
401,1,green,yellow,pink,blue,1,2,114,0.449072571735775,0.750444828251023,0.961307437027267,0.80000512890984,0.596,0.404,2,2,0,1,4.564,,,,,,
401,1,green,yellow,pink,blue,1,2,115,0.584234554119475,0.819849852691455,0.470633027814994,0.975111936067703,0.339,0.661,2,3,0,0,9.689,,,,,,
401,1,green,yellow,pink,blue,1,2,116,0.0759298374219496,0.293273775727289,0.323313975433562,0.0991846349639907,0.959,0.041,1,1,1,0,4.281,,,,,,
401,1,green,yellow,pink,blue,1,2,117,0.604232805300761,0.329989669835607,0.669059009025313,0.577072017598207,0.192,0.808,2,2,1,0,2.482,,,,,,
401,1,green,yellow,pink,blue,1,2,118,0.514294993201579,0.539633879949845,0.898002304348921,0.856937196854383,0.47,0.53,2,1,1,1,10.295,,,,,,
401,1,green,yellow,pink,blue,1,2,119,0.629562897088157,0.593714403613049,0.76448394072803,0.674008258970013,0.18,0.82,2,5,1,0,1.9,,,,,,
401,1,green,yellow,pink,blue,1,2,120,0.791079519635929,0.0407714702750458,0.830543171363348,0.580792176396642,0.105,0.895,2,6,0,0,2.614,,,,,,
401,1,green,yellow,pink,blue,1,2,121,0.135261711160438,0.510377752907119,0.715767444151927,0.665468669069248,0.977,0.023,2,1,0,0,10.328,,,,,,
401,1,green,yellow,pink,blue,1,2,122,0.229545344042447,0.153135137070958,0.352960186943429,0.0920040034911088,0.886,0.114,2,3,0,0,4.684,,,,,,
401,1,green,yellow,pink,blue,1,2,123,0.542212941628493,0.192261280898084,0.58085796043185,0.275672279255117,0.388,0.612,2,3,0,0,4.792,,,,,,
401,1,green,yellow,pink,blue,1,2,124,0.453902752766749,0.669915895652157,0.486518721193796,0.196691392876777,0.631,0.369,1,6,1,0,6.236,,,,,,
401,1,green,yellow,pink,blue,1,2,125,0.0941512212415554,0.572357267052652,0.689956850005311,0.730484137489748,0.978,0.022,2,2,0,0,5.08,,,,,,
401,1,green,yellow,pink,blue,1,2,126,0.0372929860159306,0.69933376626493,0.225710505523603,0.0240299729008238,0.952,0.048,1,6,1,0,1.151,,,,,,
401,1,green,yellow,pink,blue,1,2,127,0.124765848896703,0.118893002308336,0.291494066481874,0.868764098506482,0.932,0.068,1,3,1,0,6.146,,,,,,
401,1,green,yellow,pink,blue,1,2,128,0.723112918727358,0.0773934284919388,0.71958747290346,0.961647300082546,0.181,0.819,1,1,0,0,1.792,,,,,,
401,1,green,yellow,pink,blue,1,3,129,0.325859175236477,0.171243498853467,0.847149319615694,0.443558029371542,0.824,0.176,2,1,0,0,4.782,,,,,,
401,1,green,yellow,pink,blue,1,3,130,0.942779907277073,0.4766306633787,0.821429200062691,0.0592871540449847,0.046,0.954,1,1,0,0,2.62,,,,,,
401,1,green,yellow,pink,blue,1,3,131,0.974533763768017,0.6754079579959,0.300076637597477,0.109718358712479,0.032,0.968,2,1,1,0,26.223,,,,,,
401,1,green,yellow,pink,blue,1,3,132,0.516508852829997,0.281679288582161,0.606762093684518,0.250493720122666,0.452,0.548,2,1,1,1,8.358,,,,,,
401,1,green,yellow,pink,blue,1,3,133,0.850075224029112,0.578989230278639,0.869482527828115,0.399085781614468,0.042,0.958,1,1,0,0,2.929,,,,,,
401,1,green,yellow,pink,blue,1,3,134,0.631243958072742,0.30961142501057,0.368952321064429,0.685145785778121,0.163,0.837,1,1,0,0,5.434,,,,,,
401,1,green,yellow,pink,blue,1,3,135,0.764205505347399,0.0604328766208539,0.407631269274505,0.131321921426329,0.125,0.875,2,2,1,0,3.135,,,,,,
401,1,green,yellow,pink,blue,1,3,136,0.621518307147625,0.348982359615139,0.778014209218327,0.355512690277132,0.201,0.799,2,3,0,0,4.423,,,,,,
401,1,green,yellow,pink,blue,1,3,137,0.216647028567196,0.0912989946879372,0.744906931698882,0.892685056214323,0.878,0.122,2,6,0,0,10.493,,,,,,
401,1,green,yellow,pink,blue,1,3,138,0.915978157939887,0.70865624814669,0.134755172846423,0.713396224290639,0.041,0.959,1,1,0,0,15.077,,,,,,
401,1,green,yellow,pink,blue,1,3,139,0.787524955374998,0.257400943214681,0.644406172546042,0.576090825647061,0.04,0.96,2,2,1,0,3.541,,,,,,
401,1,green,yellow,pink,blue,1,3,140,0.538458256280687,0.722449382712893,0.52362011050667,0.724542633839814,0.383,0.617,1,2,1,0,3.337,,,,,,
401,1,green,yellow,pink,blue,1,3,141,0.462430356063282,0.852530344063905,0.535197998829902,0.298790150699215,0.597,0.403,1,6,1,1,1.221,,,,,,
401,1,green,yellow,pink,blue,1,3,142,0.163621593278151,0.0626919691863985,0.710129769703371,0.776200741104266,0.92,0.08,2,6,0,0,3.972,,,,,,
401,1,green,yellow,pink,blue,1,3,143,0.671559693591287,0.779685149170552,0.287656350320923,0.248283403463841,0.162,0.838,1,3,0,0,28.762,,,,,,
401,1,green,yellow,pink,blue,1,3,144,0.65197502077239,0.459040160920806,0.800117163684447,0.0190833783052479,0.233,0.767,1,3,0,0,15.042,,,,,,
401,1,green,yellow,pink,blue,1,3,145,0.608054555664548,0.943103543085689,0.334843629844612,0.5570762366242,0.271,0.729,1,3,0,0,3.158,,,,,,
401,1,green,yellow,pink,blue,1,3,146,0.419980078353294,0.10066620219219,0.315674811706012,0.861713169254359,0.655,0.345,2,3,0,0,31.123,,,,,,
401,1,green,yellow,pink,blue,1,3,147,0.0043241864228816,0.494897753125389,0.4684709910662,0.0152450772584041,0.969,0.031,1,6,1,0,1.087,,,,,,
401,1,green,yellow,pink,blue,1,3,148,0.0349272084457631,0.143757714389181,0.759040412329087,0.505665440478417,0.971,0.029,1,4,1,0,3.614,,,,,,
401,1,green,yellow,pink,blue,1,3,149,0.344689120224026,0.895714607991806,0.835869269836179,0.636674324066789,0.782,0.218,1,5,1,0,2.996,,,,,,
401,1,green,yellow,pink,blue,1,3,150,0.0853479657306972,0.183770909884006,0.0381606788774475,0.995660195831927,0.913,0.087,2,5,0,0,3.783,,,,,,
401,1,green,yellow,pink,blue,1,3,151,0.798894220227728,0.415272369979954,0.0909028512864782,0.921308211827425,0.106,0.894,2,4,1,0,14.601,,,,,,
401,1,green,yellow,pink,blue,1,3,152,0.231455258418553,0.91772209740666,0.506412906057856,0.0741029869450735,0.874,0.126,1,5,1,0,3.57,,,,,,
401,1,green,yellow,pink,blue,1,3,153,0.392876284059896,0.276910821953549,0.686259297054551,0.690566131225215,0.773,0.227,2,2,0,0,7.686,,,,,,
401,1,green,yellow,pink,blue,1,3,154,0.300901828414534,0.628801422961755,0.695233102316261,0.57883443173506,0.931,0.069,1,6,1,0,1.502,,,,,,
401,1,green,yellow,pink,blue,1,3,155,0.140507176320314,0.571354547661312,0.581285807227864,0.431749075464742,0.989,0.011,1,6,1,0,1.188,,,,,,
401,1,green,yellow,pink,blue,1,3,156,0.565648303118843,0.539885866346619,0.988488051946552,0.19601455875849,0.373,0.627,1,3,1,0,1.602,,,,,,
401,1,green,yellow,pink,blue,1,3,157,0.738474916567574,0.522040794366908,0.967373533653993,0.151218042294895,0.145,0.855,1,6,0,0,2.292,,,,,,
401,1,green,yellow,pink,blue,1,3,158,0.899524729967722,0.992779972900824,0.16332722199179,0.286806611663276,0.072,0.928,1,1,0,0,5.322,,,,,,
401,1,green,yellow,pink,blue,1,3,159,0.882468193299082,0.597989126729336,0.980077858777668,0.372570773559092,0.054,0.946,2,3,1,0,10.781,,,,,,
401,1,green,yellow,pink,blue,1,3,160,0.110671856470565,0.443708769027475,0.354579254992588,0.66184866923893,0.984,0.016,1,1,1,0,3.172,,,,,,
401,1,green,yellow,pink,blue,1,3,161,0.381997936632234,0.976767929536917,0.575511554366813,0.0430654392764135,0.694,0.306,1,6,1,0,1.204,,,,,,
401,1,green,yellow,pink,blue,1,3,162,0.249270467790048,0.965177327255058,0.40100956574247,0.844984731588563,0.863,0.137,1,3,1,0,2.579,,,,,,
401,1,green,yellow,pink,blue,1,3,163,0.550680100743821,0.609383610264146,0.732366689395031,0.96125217194404,0.394,0.606,2,3,1,0,2.133,,,,,,
401,1,green,yellow,pink,blue,1,3,164,0.508407055859296,0.690790398342281,0.257338957858895,0.477591819561266,0.474,0.526,2,3,0,1,8.174,,,,,,
401,1,green,yellow,pink,blue,1,3,165,0.864885742457618,0.760200893540823,0.179451246621433,0.973455700058344,0.083,0.917,2,5,1,0,1.886,,,,,,
401,1,green,yellow,pink,blue,1,3,166,0.0492821522635968,0.13471214667954,0.101078713848798,0.499328014403069,0.956,0.044,2,3,0,0,4.936,,,,,,
401,1,green,yellow,pink,blue,1,3,167,0.447989078840192,0.782535160670666,0.0648546521252081,0.0819097945461343,0.59,0.41,1,2,1,1,2.531,,,,,,
401,1,green,yellow,pink,blue,1,3,168,0.185061158181047,0.385404005693101,0.022352231876744,0.939035397354559,0.887,0.113,2,2,0,0,3.595,,,,,,
401,1,green,yellow,pink,blue,1,3,169,0.496437405121559,0.64450411552321,0.191721413706582,0.786023006592178,0.509,0.491,2,2,1,1,8.636,,,,,,
401,1,green,yellow,pink,blue,1,3,170,0.198418708666466,0.0078650760272224,0.623870296134241,0.229763254266472,0.9,0.1,2,3,0,0,2.282,,,,,,
401,1,green,yellow,pink,blue,1,3,171,0.989928758900878,0.225119265446959,0.890446335959626,0.420358545007083,0.031,0.969,2,2,1,0,5.679,,,,,,
401,1,green,yellow,pink,blue,1,3,172,0.709519114997138,0.0405616992879452,0.230070746303831,0.875041101395759,0.191,0.809,2,6,1,0,1.703,,,,,,
401,1,green,yellow,pink,blue,1,3,173,0.0210689374167332,0.801862894948433,0.431677867862711,0.64987151779036,0.981,0.019,1,2,1,0,1.338,,,,,,
401,1,green,yellow,pink,blue,1,3,174,0.274534612373368,0.204182401333525,0.446112970458626,0.10134737288337,0.869,0.131,2,2,0,0,4.645,,,,,,
401,1,green,yellow,pink,blue,1,3,175,0.140900331648759,0.663448853049956,0.0008547092982933,0.321975836229271,0.93,0.07,1,2,1,0,3.391,,,,,,
401,1,green,yellow,pink,blue,1,3,176,0.730668786328041,0.328350833836456,0.377059418053212,0.536238896522412,0.043,0.957,2,4,1,0,1.653,,,,,,
401,1,green,yellow,pink,blue,1,3,177,0.289686723032268,0.242476568152892,0.117882112969248,0.280366211703298,0.852,0.148,2,1,0,0,5.832,,,,,,
401,1,green,yellow,pink,blue,1,3,178,0.430425638837662,0.0258111015357801,0.55273466139574,0.343241595270014,0.649,0.351,2,3,1,0,2.833,,,,,,
401,1,green,yellow,pink,blue,1,3,179,0.768904709129512,0.93231053410652,0.925315540438567,0.936955113315902,0.165,0.835,2,2,1,0,4.236,,,,,,
401,1,green,yellow,pink,blue,1,3,180,0.688500368557087,0.885960243779598,0.153845873777176,0.157910002316441,0.204,0.796,1,2,0,0,6.971,,,,,,
401,1,green,yellow,pink,blue,1,3,181,0.960073538528396,0.554326105107547,0.212060155768205,0.604441719493536,0.018,0.982,2,5,1,0,1.669,,,,,,
401,1,green,yellow,pink,blue,1,3,182,0.332991419560434,0.500402726318015,0.897593557924981,0.811417777455927,0.807,0.193,1,6,1,0,1.053,,,,,,
401,1,green,yellow,pink,blue,1,3,183,0.835873798845037,0.432194754900977,0.497766929489245,0.466617758025548,0.008,0.992,2,5,1,0,1.897,,,,,,
401,1,green,yellow,pink,blue,1,3,184,0.582387309768047,0.31303796122301,0.275402464023829,0.203674118250579,0.302,0.698,2,3,0,0,2.216,,,,,,
401,1,green,yellow,pink,blue,1,3,185,0.0999520396828995,0.399995366618416,0.242234998454153,0.842171945762727,0.961,0.039,2,4,0,0,5.173,,,,,,
401,1,green,yellow,pink,blue,1,3,186,0.472528573412247,0.363884478185325,0.478388079186732,0.524662782110529,0.617,0.383,2,3,0,0,2.213,,,,,,
401,1,green,yellow,pink,blue,1,3,187,0.251155789486114,0.119160630743971,0.663619750781094,0.623399739020415,0.907,0.093,1,4,0,0,4.104,,,,,,
401,1,green,yellow,pink,blue,1,3,188,0.821421649168681,0.829751348219159,0.906959378456921,0.740242631108552,0.09,0.91,2,3,1,0,1.694,,,,,,
401,1,green,yellow,pink,blue,1,3,189,0.0666439178829735,0.739615855522504,0.944697832480918,0.761637996,0.949,0.051,1,6,1,0,1.741,,,,,,
401,1,green,yellow,pink,blue,1,3,190,0.933584342302799,0.8679741663526,0.785492489995431,0.822475095994298,0.051,0.949,2,6,1,0,1.732,,,,,,
401,1,green,yellow,pink,blue,1,3,191,0.367174727304472,0.202482854844346,0.628489010004416,0.389701434557996,0.82,0.18,2,1,1,0,11.228,,,,,,
401,1,green,yellow,pink,blue,1,3,192,0.677921279246674,0.819330480298622,0.0497618411374448,0.181709218422202,0.22,0.78,1,4,1,0,1.514,,,,,,
401,1,green,yellow,pink,blue,1,4,193,0.965133451466841,0.829185006934582,0.086919537162816,0.154782288303404,0.054,0.946,1,2,0,0,7.08,,,,,,
401,1,green,yellow,pink,blue,1,4,194,0.602147535554497,0.777124939466631,0.949755430990119,0.172861797858666,0.32,0.68,1,6,0,0,1.474,,,,,,
401,1,green,yellow,pink,blue,1,4,195,0.635063738147346,0.296904487289635,0.414623756825185,0.750876194244032,0.173,0.827,2,6,1,0,1.735,,,,,,
401,1,green,yellow,pink,blue,1,4,196,0.168462301706502,0.441534840667273,0.509774493090165,0.894558156514371,0.952,0.048,2,3,0,0,3.646,,,,,,
401,1,green,yellow,pink,blue,1,4,197,0.730174509980695,0.29195689745275,0.630379452674919,0.192350658334118,0.094,0.906,2,2,1,0,4.61,,,,,,
401,1,green,yellow,pink,blue,1,4,198,0.553872560777452,0.122582707078831,0.292997628802898,0.454435566748996,0.369,0.631,2,6,1,0,3.278,,,,,,
401,1,green,yellow,pink,blue,1,4,199,0.364720012462434,0.522817115972003,0.915815942690244,0.767278590603321,0.767,0.233,1,6,1,0,1.534,,,,,,
401,1,green,yellow,pink,blue,1,4,200,0.84470431150623,0.373659933879367,0.441450159703855,0.358405667317231,0.017,0.983,2,4,1,0,5.692,,,,,,
401,1,green,yellow,pink,blue,1,4,201,0.106258978090287,0.328194265206765,0.136962249200865,0.0163617550084967,0.928,0.072,1,6,1,0,6.98,,,,,,
401,1,green,yellow,pink,blue,1,4,202,0.871092372337636,0.455981971375361,0.557791429029792,0.999007782176814,0.057,0.943,2,6,1,0,1.757,,,,,,
401,1,green,yellow,pink,blue,1,4,203,0.583112994279361,0.959101845794709,0.51933528687389,0.241433001735214,0.33,0.67,1,6,0,0,1.417,,,,,,
401,1,green,yellow,pink,blue,1,4,204,0.745438078490544,0.383154739151403,0.703786202789725,0.96169179538271,0.121,0.879,2,4,1,0,11.266,,,,,,
401,1,green,yellow,pink,blue,1,4,205,0.91945141887942,0.175949472820146,0.703100185014626,0.267624728780165,0.037,0.963,2,4,1,0,4.382,,,,,,
401,1,green,yellow,pink,blue,1,4,206,0.489429567859338,0.936641404455758,0.785649316781137,0.800516687089361,0.52,0.48,1,5,0,1,1.646,,,,,,
401,1,green,yellow,pink,blue,1,4,207,0.312726242850769,0.274750067621702,0.0676830550579174,0.424096305354005,0.835,0.165,1,2,1,0,1.152,,,,,,
401,1,green,yellow,pink,blue,1,4,208,0.018721304156155,0.0900636588470127,0.815366246824817,0.363481934975125,0.962,0.038,1,3,1,0,16.907,,,,,,
401,1,green,yellow,pink,blue,1,4,209,0.972507368535336,0.0589483074521341,0.0080541070478269,0.159041549507604,0.069,0.931,1,3,0,0,2.091,,,,,,
401,1,green,yellow,pink,blue,1,4,210,0.0615125415505083,0.673187514849103,0.16412643172296,0.469309538102206,0.974,0.026,1,3,1,0,6.704,,,,,,
401,1,green,yellow,pink,blue,1,4,211,0.131216070922861,0.734336591114082,0.563886361624065,0.642187733562482,0.977,0.023,2,2,0,0,5.854,,,,,,
401,1,green,yellow,pink,blue,1,4,212,0.716340555939986,0.409087709778753,0.771888310598818,0.375184916930042,0.078,0.922,2,2,1,0,19.822,,,,,,
401,1,green,yellow,pink,blue,1,4,213,0.750170248219517,0.230084043895714,0.870384046022629,0.0572603439426583,0.151,0.849,2,2,1,0,6.615,,,,,,
401,1,green,yellow,pink,blue,1,4,214,0.212045403639686,0.982241354535466,0.298778607732902,0.326716556555625,0.898,0.102,1,3,1,0,4.156,,,,,,
401,1,green,yellow,pink,blue,1,4,215,0.267719375303164,0.899101996876063,0.674284949201884,0.508769836944645,0.895,0.105,1,6,1,0,2.334,,,,,,
401,1,green,yellow,pink,blue,1,4,216,0.785566519786522,0.638639009452177,0.844445463382463,0.0743654783172145,0.107,0.893,1,3,0,0,2.985,,,,,,
401,1,green,yellow,pink,blue,1,4,217,0.0120776889655843,0.567371625588083,0.972965506952186,0.569438959609506,0.969,0.031,1,2,1,0,3.259,,,,,,
401,1,green,yellow,pink,blue,1,4,218,0.431705948401054,0.314838926848452,0.214853382124468,0.5924821525319,0.687,0.313,1,2,0,0,11.382,,,,,,
401,1,green,yellow,pink,blue,1,4,219,0.387756352020086,0.424437890893066,0.833906824786048,0.950686799588373,0.71,0.29,1,2,1,0,12.034,,,,,,
401,1,green,yellow,pink,blue,1,4,220,0.394681840161827,0.806404247847894,0.318606522734608,0.717775207813361,0.743,0.257,1,3,1,0,1.815,,,,,,
401,1,green,yellow,pink,blue,1,4,221,0.512644944157122,0.0353975981090996,0.72846633626195,0.125641274763799,0.477,0.523,2,2,0,1,4.87,,,,,,
401,1,green,yellow,pink,blue,1,4,222,0.141658156049298,0.162778630095155,0.117974474084807,0.332767463583631,0.933,0.067,1,3,1,0,1.289,,,,,,
401,1,green,yellow,pink,blue,1,4,223,0.618944674486099,0.131633930408951,0.22760535233121,0.0146986794902546,0.305,0.695,2,3,1,0,8.507,,,,,,
401,1,green,yellow,pink,blue,1,4,224,0.193702121184622,0.950058661442537,0.193619418907418,0.973302328526973,0.867,0.133,1,1,1,0,31.143,,,,,,
401,1,green,yellow,pink,blue,1,4,225,0.438684169898767,0.69073712289586,0.599612441254331,0.683152371324659,0.691,0.309,2,4,0,0,1.722,,,,,,
401,1,green,yellow,pink,blue,1,4,226,0.517388566831648,0.66586837330429,0.389828001828498,0.418415034645362,0.435,0.565,2,2,0,1,3.331,,,,,,
401,1,green,yellow,pink,blue,1,4,227,0.927329741552708,0.257660027236324,0.431321227448269,0.0449279414797616,0.045,0.955,2,5,0,0,3.523,,,,,,
401,1,green,yellow,pink,blue,1,4,228,0.537176455050407,0.534849369191432,0.538510298055939,0.550836313815144,0.329,0.671,1,4,1,0,6.361,,,,,,
401,1,green,yellow,pink,blue,1,4,229,0.661433241465939,0.193036870170388,0.736841449400347,0.220992390304056,0.191,0.809,2,2,0,0,8.552,,,,,,
401,1,green,yellow,pink,blue,1,4,230,0.987529460047215,0.0229209508329492,0.0352621892653936,0.119146738386091,0.068,0.932,1,3,0,0,5.503,,,,,,
401,1,green,yellow,pink,blue,1,4,231,0.68236227166988,0.23769231188811,0.0550075442358166,0.819527091318574,0.207,0.793,2,6,1,0,2.227,,,,,,
401,1,green,yellow,pink,blue,1,4,232,0.247781496523457,0.151868865253396,0.367644883733285,0.665739164100331,0.916,0.084,2,3,0,0,3.22,,,,,,
401,1,green,yellow,pink,blue,1,4,233,0.11842276104444,0.505135234850706,0.998507147197161,0.702501206485041,0.94,0.06,2,3,0,0,3.246,,,,,,
401,1,green,yellow,pink,blue,1,4,234,0.0836479746453822,0.482986973273216,0.963931707615562,0.629995886747386,0.958,0.042,1,6,1,0,3.54,,,,,,
401,1,green,yellow,pink,blue,1,4,235,0.0384562738996876,0.209856146800338,0.0246047559796398,0.294051240573175,0.951,0.049,1,4,1,0,0.917,,,,,,
401,1,green,yellow,pink,blue,1,4,236,0.900191712561605,0.919322508311954,0.488877764473795,0.792876997397723,0.05,0.95,2,6,1,0,2.311,,,,,,
401,1,green,yellow,pink,blue,1,4,237,0.179671867176522,0.754048841958024,0.750570710103535,0.542615013828714,0.956,0.044,2,6,0,0,1.824,,,,,,
401,1,green,yellow,pink,blue,1,4,238,0.229259619389194,0.821132214883902,0.254376997593464,0.2991340531633,0.915,0.085,1,6,1,0,2.491,,,,,,
401,1,green,yellow,pink,blue,1,4,239,0.644746797177312,0.550601570017217,0.88734928504167,0.251278828942917,0.208,0.792,1,3,1,0,10.636,,,,,,
401,1,green,yellow,pink,blue,1,4,240,0.880060359318029,0.654885492924009,0.658639876387021,0.855882336327414,0.04,0.96,2,5,1,0,2.572,,,,,,
401,1,green,yellow,pink,blue,1,4,241,0.354881288263249,0.39537242826469,0.237226688710935,0.485474970538595,0.863,0.137,1,3,1,0,185.162,,,,,,
401,1,green,yellow,pink,blue,1,4,242,0.454294007026242,0.85014974345028,0.394758547622374,0.732623193016209,0.612,0.388,1,3,1,0,2.73,,,,,,
401,1,green,yellow,pink,blue,1,4,243,0.471230064131705,0.0668826246296176,0.281244093574991,0.745161052327085,0.56,0.44,2,6,0,1,2.637,,,,,,
401,1,green,yellow,pink,blue,1,4,244,0.826946991995125,0.985880660245088,0.183905878057666,0.0795703080318927,0.12,0.88,1,3,0,0,5.465,,,,,,
401,1,green,yellow,pink,blue,1,4,245,0.296586581816503,0.603368002676253,0.350912645910998,0.936315750936766,0.858,0.142,2,1,0,0,9.48,,,,,,
401,1,green,yellow,pink,blue,1,4,246,0.342145313411117,0.866361382161925,0.33328463337226,0.204294515191795,0.797,0.203,1,6,1,0,0.993,,,,,,
401,1,green,yellow,pink,blue,1,4,247,0.943568862483253,0.488904861504756,0.643631709802417,0.528353641964521,0.009,0.991,2,5,1,0,7.328,,,,,,
401,1,green,yellow,pink,blue,1,4,248,0.261254393405734,0.0105876531501028,0.903140494355129,0.438402941671972,0.84,0.16,2,2,0,0,3.36,,,,,,
401,1,green,yellow,pink,blue,1,4,249,0.830464931873396,0.105983603458144,0.934423940170621,0.403170956962696,0.09,0.91,2,2,1,0,9.617,,,,,,
401,1,green,yellow,pink,blue,1,4,250,0.0753064824307644,0.591727482774158,0.799874121323246,0.860462414986351,0.96,0.04,2,5,0,0,2.933,,,,,,
401,1,green,yellow,pink,blue,1,4,251,0.807407476290926,0.793897045810583,0.149771864346086,0.842386241493805,0.096,0.904,2,4,1,0,2.995,,,,,,
401,1,green,yellow,pink,blue,1,4,252,0.698772439980466,0.356286320847981,0.105831048360697,0.91614745452866,0.184,0.816,2,6,1,0,1.457,,,,,,
401,1,green,yellow,pink,blue,1,4,253,0.5703822445563,0.71814199666922,0.460987116702174,0.879966698609994,0.334,0.666,1,2,0,0,3.466,,,,,,
401,1,green,yellow,pink,blue,1,4,254,0.771419819394051,0.746147313386387,0.616680767217589,0.0998951538826999,0.094,0.906,1,6,0,0,3.037,,,,,,
401,1,green,yellow,pink,blue,1,4,255,0.417718673514318,0.881362041314982,0.584250718554451,0.60726199393116,0.702,0.298,1,4,0,0,12.343,,,,,,
401,1,green,yellow,pink,blue,1,4,256,0.30995226285957,0.616565467335501,0.480036933617036,0.609929865582644,0.951,0.049,1,3,1,0,1.882,,,,,,
401,1,green,yellow,pink,blue,1,5,257,0.297906356861636,0.211808109824728,0.447996404814766,0.692693087508768,0.899,0.101,1,3,1,0,5.096,,,,,,
401,1,green,yellow,pink,blue,1,5,258,0.863062166226686,0.0710977002999604,0.161168044570786,0.624282128912129,0.07,0.93,2,6,1,0,1.38,,,,,,
401,1,green,yellow,pink,blue,1,5,259,0.648243030017613,0.873214095963874,0.530184446385808,0.297503077175342,0.19,0.81,1,6,0,0,1.078,,,,,,
401,1,green,yellow,pink,blue,1,5,260,0.227127344432432,0.307649852711566,0.0085139756485293,0.80872926028568,0.873,0.127,1,4,1,0,1.961,,,,,,
401,1,green,yellow,pink,blue,1,5,261,0.156614318601707,0.60506546725002,0.0367069975297772,0.0935978012749364,0.909,0.091,1,6,1,0,1.586,,,,,,
401,1,green,yellow,pink,blue,1,5,262,0.0876776996388646,0.645144454785836,0.647175676903434,0.890447690213711,0.963,0.037,2,4,0,0,4.281,,,,,,
401,1,green,yellow,pink,blue,1,5,263,0.131249839760317,0.828245860542169,0.970064534568812,0.189685331989488,0.914,0.086,1,6,1,0,4.63,,,,,,
401,1,green,yellow,pink,blue,1,5,264,0.836683493106332,0.804335543245369,0.934146929692315,0.572876507295584,0.074,0.926,2,3,1,0,2.444,,,,,,
401,1,green,yellow,pink,blue,1,5,265,0.854412614196602,0.400410320123083,0.204214853712775,0.732035011997478,0.041,0.959,2,6,1,0,1.042,,,,,,
401,1,green,yellow,pink,blue,1,5,266,0.954050043227083,0.693921471660049,0.60888634557374,0.0707945193284717,0.036,0.964,1,3,0,0,4.401,,,,,,
401,1,green,yellow,pink,blue,1,5,267,0.485882831227012,0.683732459350631,0.625487166689589,0.0480330083043772,0.531,0.469,1,6,0,1,2.301,,,,,,
401,1,green,yellow,pink,blue,1,5,268,0.730232955778186,0.433648514539994,0.733797723385156,0.0447717821419145,0.132,0.868,1,4,0,0,7.888,,,,,,
401,1,green,yellow,pink,blue,1,5,269,0.800904183344299,0.962241924034582,0.544634570011992,0.973480423441024,0.122,0.878,2,3,1,0,7.602,,,,,,
401,1,green,yellow,pink,blue,1,5,270,0.795814482647526,0.266317086217612,0.715451584301576,0.217375925956125,0.066,0.934,1,3,0,0,5.766,,,,,,
401,1,green,yellow,pink,blue,1,5,271,0.991456160462103,0.296800082456346,0.270540114698912,0.399968611454342,0.017,0.983,2,6,1,0,10.212,,,,,,
401,1,green,yellow,pink,blue,1,5,272,0.204651495055222,0.334112653571042,0.313505662901176,0.237801530292515,0.948,0.052,1,6,1,0,1.105,,,,,,
401,1,green,yellow,pink,blue,1,5,273,0.670465576458313,0.250735214220665,0.511239224069374,0.370828039018333,0.106,0.894,1,2,0,0,3.85,,,,,,
401,1,green,yellow,pink,blue,1,5,274,0.0495021599275876,0.516642689924915,0.687741335179121,0.539374247592064,0.989,0.011,1,5,1,0,4.84,,,,,,
401,1,green,yellow,pink,blue,1,5,275,0.291491157580972,0.660966454613736,0.289846808841485,0.524135494126585,0.931,0.069,1,3,1,0,3.008,,,,,,
401,1,green,yellow,pink,blue,1,5,276,0.591860803158543,0.189571946211699,0.592804892606281,0.473583105622212,0.249,0.751,2,1,1,0,12.081,,,,,,
401,1,green,yellow,pink,blue,1,5,277,0.192739717962804,0.0265245733964604,0.307046070807756,0.826167013622442,0.895,0.105,2,1,0,0,6.771,,,,,,
401,1,green,yellow,pink,blue,1,5,278,0.0408643844404826,0.91194463475951,0.563196669587759,0.430375995668907,0.972,0.028,1,6,1,0,1.049,,,,,,
401,1,green,yellow,pink,blue,1,5,279,0.020349029459606,0.718642788778607,0.777553370068983,0.0034836579207145,0.952,0.048,1,6,1,0,1.0,,,,,,
401,1,green,yellow,pink,blue,1,5,280,0.409301795756425,0.0344128187998694,0.365484309324715,0.0307861489203294,0.652,0.348,1,5,1,0,1.498,,,,,,
401,1,green,yellow,pink,blue,1,5,281,0.359454144436617,0.733976265929896,0.906029225969689,0.679294376270584,0.773,0.227,2,6,0,0,1.533,,,,,,
401,1,green,yellow,pink,blue,1,5,282,0.92239783963767,0.418594833697912,0.669867524654861,0.149834836250006,0.03,0.97,2,2,1,0,8.423,,,,,,
401,1,green,yellow,pink,blue,1,5,283,0.743085098291382,0.98663362689666,0.737462079642808,0.270386802630757,0.143,0.857,1,6,0,0,1.154,,,,,,
401,1,green,yellow,pink,blue,1,5,284,0.971101902422935,0.541955671871384,0.152222796944183,0.600044348730787,0.022,0.978,2,6,1,0,9.584,,,,,,
401,1,green,yellow,pink,blue,1,5,285,0.718379145332301,0.465449564929538,0.416874110826896,0.951388877879578,0.124,0.876,2,6,1,0,1.704,,,,,,
401,1,green,yellow,pink,blue,1,5,286,0.912039696132344,0.0579814544964029,0.121807073501229,0.454260499763538,0.059,0.941,2,6,1,0,1.175,,,,,,
401,1,green,yellow,pink,blue,1,5,287,0.0764682928409033,0.814695833808771,0.0187793006267585,0.7461667262285,0.937,0.063,1,1,1,0,2.738,,,,,,
401,1,green,yellow,pink,blue,1,5,288,0.896142347199979,0.736412830097451,0.827942062926392,0.498274968487675,0.035,0.965,2,5,1,0,2.704,,,,,,
401,1,green,yellow,pink,blue,1,5,289,0.327007707161244,0.566957432365682,0.672037226974144,0.166480714335229,0.859,0.141,1,6,1,0,1.735,,,,,,
401,1,green,yellow,pink,blue,1,5,290,0.174010346305563,0.877153506475862,0.83556401197532,0.121456976912945,0.899,0.101,1,6,1,0,0.714,,,,,,
401,1,green,yellow,pink,blue,1,5,291,0.276302599604926,0.490953741930325,0.464872803317472,0.414536426550346,0.979,0.021,1,4,1,0,1.365,,,,,,
401,1,green,yellow,pink,blue,1,5,292,0.466485791788867,0.0012217029186309,0.881984137735379,0.353483863245637,0.56,0.44,2,1,0,1,5.151,,,,,,
401,1,green,yellow,pink,blue,1,5,293,0.549046822451518,0.0901500266412822,0.793588854827063,0.786560844313882,0.404,0.596,1,2,1,1,1.972,,,,,,
401,1,green,yellow,pink,blue,1,5,294,0.885875636482503,0.976241995474639,0.0934794636282321,0.655831231117303,0.078,0.922,2,4,1,0,8.261,,,,,,
401,1,green,yellow,pink,blue,1,5,295,0.264180273748358,0.859265344090664,0.855138312930968,0.336755214565878,0.868,0.132,1,6,1,0,1.078,,,,,,
401,1,green,yellow,pink,blue,1,5,296,0.512123001321996,0.441620719125109,0.86171536687275,0.992953127382403,0.477,0.523,2,5,0,1,2.277,,,,,,
401,1,green,yellow,pink,blue,1,5,297,0.570162447352411,0.580133928295766,0.952299038560285,0.287839571175867,0.35,0.65,1,4,0,0,2.682,,,,,,
401,1,green,yellow,pink,blue,1,5,298,0.941480632724449,0.117205901858104,0.381384185788542,0.703265672334389,0.034,0.966,2,6,1,0,1.485,,,,,,
401,1,green,yellow,pink,blue,1,5,299,0.343691123298628,0.126827867838159,0.966656469541559,0.919917372891221,0.73,0.27,1,2,1,0,6.41,,,,,,
401,1,green,yellow,pink,blue,1,5,300,0.400324167407675,0.18738752847438,0.427689770644626,0.927856563335017,0.697,0.303,2,5,0,0,3.881,,,,,,
401,1,green,yellow,pink,blue,1,5,301,0.624086977782535,0.758760459519511,0.105167035398813,0.960460797828696,0.296,0.704,2,6,0,0,7.393,,,,,,
401,1,green,yellow,pink,blue,1,5,302,0.441425978838836,0.344676775608078,0.0768967582327557,0.591283893882379,0.636,0.364,1,6,0,0,4.142,,,,,,
401,1,green,yellow,pink,blue,1,5,303,0.386760045901444,0.769953033942091,0.750601582476132,0.382464422295661,0.769,0.231,1,6,1,0,0.984,,,,,,
401,1,green,yellow,pink,blue,1,5,304,0.347214842081358,0.0955488358070468,0.347235887281119,0.105722695075842,0.764,0.236,1,6,1,0,0.912,,,,,,
401,1,green,yellow,pink,blue,1,5,305,0.530136913056927,0.56025448232169,0.809427496714549,0.131107029245584,0.432,0.568,1,6,0,1,0.728,,,,,,
401,1,green,yellow,pink,blue,1,5,306,0.245427410891455,0.154965987926685,0.397492662516516,0.440517412223008,0.929,0.071,1,3,1,0,2.366,,,,,,
401,1,green,yellow,pink,blue,1,5,307,0.123033254329634,0.380099241520224,0.913844864736185,0.766066766151066,0.945,0.055,1,4,1,0,2.768,,,,,,
401,1,green,yellow,pink,blue,1,5,308,0.598966452491731,0.228579805923249,0.255389885328383,0.172287384604996,0.292,0.708,1,3,1,0,1.094,,,,,,
401,1,green,yellow,pink,blue,1,5,309,0.630659496022382,0.792214944784369,0.491276901575988,0.637462268484346,0.175,0.825,2,5,1,0,2.853,,,,,,
401,1,green,yellow,pink,blue,1,5,310,0.150795582874047,0.477875495120763,0.130182196,0.83962555668419,0.937,0.063,2,3,1,0,2.671,,,,,,
401,1,green,yellow,pink,blue,1,5,311,0.672198975971312,0.508786891610917,0.986516961629517,0.873529319815452,0.22,0.78,2,6,0,0,7.473,,,,,,
401,1,green,yellow,pink,blue,1,5,312,0.77799699743885,0.234808803793048,0.198086753110209,0.316805087867166,0.079,0.921,2,6,1,0,4.362,,,,,,
401,1,green,yellow,pink,blue,1,5,313,0.533977326442808,0.363579628241382,0.0621791207139435,0.661528193525548,0.423,0.577,2,4,1,1,2.497,,,,,,
401,1,green,yellow,pink,blue,1,5,314,0.765177732590105,0.634164854355057,0.338959760714879,0.506145985050427,0.03,0.97,2,5,1,0,6.148,,,,,,
401,1,green,yellow,pink,blue,1,5,315,0.698684781105797,0.902389092164708,0.477980766337592,0.85366284688534,0.167,0.833,2,5,1,0,5.265,,,,,,
401,1,green,yellow,pink,blue,1,5,316,0.826550238118779,0.940660356762989,0.239564749336732,0.902462226941923,0.105,0.895,2,4,1,0,2.873,,,,,,
401,1,green,yellow,pink,blue,1,5,317,0.0956434175254689,0.929600762454628,0.61473157395591,0.230057015133463,0.949,0.051,1,6,1,0,0.929,,,,,,
401,1,green,yellow,pink,blue,1,5,318,0.0155636924369899,0.313516184887554,0.171990144235602,0.256274340011705,0.972,0.028,1,5,1,0,0.736,,,,,,
401,1,green,yellow,pink,blue,1,5,319,0.437217133302693,0.623378181606577,0.552098773474726,0.755558363110874,0.693,0.307,2,1,0,0,2.855,,,,,,
401,1,green,yellow,pink,blue,1,5,320,0.476846851996801,0.16876538116658,0.22421936900695,0.55981888402228,0.557,0.443,2,4,1,1,1.911,,,,,,
401,1,green,yellow,pink,blue,2,1,1,0.668739890533626,0.836858405147023,0.619756388397648,0.621147413135336,0.145,0.855,1,3,0,0,2.633,,,,,,
401,1,green,yellow,pink,blue,2,1,2,0.643652812049545,0.0061956929419335,0.021178758900878,0.930364547800941,0.303,0.697,2,6,1,0,1.811,,,,,,
401,1,green,yellow,pink,blue,2,1,3,0.30704396309159,0.32302387500054,0.56885029451444,0.239511769675746,0.901,0.099,1,2,1,0,7.297,,,,,,
401,1,green,yellow,pink,blue,2,1,4,0.259396059161693,0.423938113802859,0.236158190019979,0.353532926448869,0.937,0.063,1,3,1,0,6.566,,,,,,
401,1,green,yellow,pink,blue,2,1,5,0.560282282040816,0.743196816948522,0.550984605416076,0.286488902671807,0.326,0.674,1,1,0,0,6.947,,,,,,
401,1,green,yellow,pink,blue,2,1,6,0.279101862202974,0.780511304376005,0.676280147798033,0.224467378140566,0.887,0.113,1,6,1,0,1.272,,,,,,
401,1,green,yellow,pink,blue,2,1,7,0.0624022781974721,0.972055679876438,0.384005156180461,0.535302214130336,0.961,0.039,1,4,1,0,4.267,,,,,,
401,1,green,yellow,pink,blue,2,1,8,0.368781750397207,0.681470479602674,0.464656648491846,0.386738180986358,0.871,0.129,2,2,0,0,3.65,,,,,,
401,1,green,yellow,pink,blue,2,1,9,0.209762005619064,0.486243430990054,0.432240567895658,0.306481344796141,0.976,0.024,1,6,1,0,1.247,,,,,,
401,1,green,yellow,pink,blue,2,1,10,0.42623917715209,0.600589097519857,0.874976781347797,0.840077110185904,0.654,0.346,2,6,0,0,5.251,,,,,,
401,1,green,yellow,pink,blue,2,1,11,0.810202524534059,0.413610662851678,0.130113630315302,0.21154987591149,0.072,0.928,2,5,1,0,6.764,,,,,,
401,1,green,yellow,pink,blue,2,1,12,0.28663432249509,0.893502535412372,0.74222419018415,0.0584169820062348,0.816,0.184,1,6,0,0,1.798,,,,,,
401,1,green,yellow,pink,blue,2,1,13,0.762698578286559,0.0510826280312266,0.765678719713664,0.374126232599594,0.114,0.886,2,2,1,0,11.934,,,,,,
401,1,green,yellow,pink,blue,2,1,14,0.691684155553688,0.628781682491974,0.0891465757600416,0.644075902056584,0.147,0.853,2,4,1,0,6.705,,,,,,
401,1,green,yellow,pink,blue,2,1,15,0.81354718598196,0.79494350416648,0.118342399288684,0.709410750900008,0.082,0.918,2,6,1,0,2.129,,,,,,
401,1,green,yellow,pink,blue,2,1,16,0.0249281993510481,0.64593061588803,0.919448450958672,0.605508519551352,0.97,0.03,1,3,1,0,2.247,,,,,,
401,1,green,yellow,pink,blue,2,1,17,0.968263456341289,0.380147732238236,0.362810077710802,0.440175317543561,0.011,0.989,2,2,1,0,4.699,,,,,,
401,1,green,yellow,pink,blue,2,1,18,0.952851050517827,0.274575705210488,0.805975520964669,0.489451272401735,0.025,0.975,2,4,1,0,2.163,,,,,,
401,1,green,yellow,pink,blue,2,1,19,0.869635552548436,0.103615334989103,0.630869382751411,0.814901811866238,0.06,0.94,2,5,1,0,2.956,,,,,,
401,1,green,yellow,pink,blue,2,1,20,0.323908119054758,0.808682618317059,0.172264650143004,0.87765434683234,0.792,0.208,2,2,0,0,17.327,,,,,,
401,1,green,yellow,pink,blue,2,1,21,0.477438427290045,0.230609183227702,0.794288090028266,0.768196656812969,0.552,0.448,2,2,0,1,5.7,,,,,,
401,1,green,yellow,pink,blue,2,1,22,0.67906787044112,0.372511307756068,0.937443090595211,0.316588030033855,0.174,0.826,1,2,0,0,9.732,,,,,,
401,1,green,yellow,pink,blue,2,1,23,0.845018624257309,0.129303361221462,0.0057837637680168,0.738038494401572,0.099,0.901,2,6,1,0,1.569,,,,,,
401,1,green,yellow,pink,blue,2,1,24,0.142382821671199,0.208958949576152,0.940294759629974,0.177277623516879,0.916,0.084,1,4,1,0,3.052,,,,,,
401,1,green,yellow,pink,blue,2,1,25,0.917758070721783,0.0799866994312071,0.817065560866683,0.341593272889975,0.052,0.948,2,3,0,0,5.846,,,,,,
401,1,green,yellow,pink,blue,2,1,26,0.386918585995299,0.235537707485924,0.986565499762316,0.756837181024675,0.7,0.3,2,3,0,0,11.822,,,,,,
401,1,green,yellow,pink,blue,2,1,27,0.194311864128014,0.916937697174903,0.0418352243268282,0.547566845864276,0.891,0.109,1,1,1,0,12.545,,,,,,
401,1,green,yellow,pink,blue,2,1,28,0.357144212450077,0.725136566458911,0.54286123021611,0.407241881334494,0.875,0.125,1,6,1,0,5.685,,,,,,
401,1,green,yellow,pink,blue,2,1,29,0.401993008248233,0.459714296665167,0.88734819137648,0.788649259853036,0.708,0.292,1,3,0,0,4.786,,,,,,
401,1,green,yellow,pink,blue,2,1,30,0.620520006274487,0.48079458737142,0.0593321128693744,0.427682093460795,0.24,0.76,1,3,0,0,3.412,,,,,,
401,1,green,yellow,pink,blue,2,1,31,0.341348850248375,0.185617861922869,0.65284712242505,0.952549790161551,0.775,0.225,2,3,1,0,5.354,,,,,,
401,1,green,yellow,pink,blue,2,1,32,0.937123684376063,0.989255454944441,0.853929370728145,0.689420865308097,0.061,0.939,2,4,1,0,1.621,,,,,,
401,1,green,yellow,pink,blue,2,1,33,0.707092192713981,0.260434194282408,0.301301085271835,0.639302465702449,0.094,0.906,2,6,1,0,1.691,,,,,,
401,1,green,yellow,pink,blue,2,1,34,0.742794995875313,0.872518799746066,0.514774264637348,0.150191564965554,0.12,0.88,1,3,0,0,7.446,,,,,,
401,1,green,yellow,pink,blue,2,1,35,0.983350805159555,0.348683820337508,0.203313648692671,0.525537565942249,0.018,0.982,2,6,1,0,5.265,,,,,,
401,1,green,yellow,pink,blue,2,1,36,0.418007057918101,0.553489679620655,0.0958129387561831,0.038087602010185,0.649,0.351,1,6,1,0,2.401,,,,,,
401,1,green,yellow,pink,blue,2,1,37,0.898190803048781,0.528902817360554,0.517346442971794,0.11154252277202,0.033,0.967,2,4,1,0,6.127,,,,,,
401,1,green,yellow,pink,blue,2,1,38,0.239052853932657,0.0191571686448555,0.146597543295273,0.898981566567866,0.836,0.164,2,2,0,0,7.117,,,,,,
401,1,green,yellow,pink,blue,2,1,39,0.0805524007945903,0.623413653804549,0.395669843764251,0.0080179295369173,0.953,0.047,1,6,1,0,1.525,,,,,,
401,1,green,yellow,pink,blue,2,1,40,0.157456258982344,0.854803931898178,0.0673032020874048,0.167620107319098,0.903,0.097,1,6,1,0,1.185,,,,,,
401,1,green,yellow,pink,blue,2,1,41,0.999832856503522,0.875101210587869,0.26514364496306,0.135979089051282,0.04,0.96,2,2,1,0,5.639,,,,,,
401,1,green,yellow,pink,blue,2,1,42,0.890011137226979,0.709801854936178,0.981227688092745,0.06998720123204,0.083,0.917,2,4,0,0,3.309,,,,,,
401,1,green,yellow,pink,blue,2,1,43,0.0126067272752413,0.450701409604759,0.337858155466105,0.989802622819999,0.965,0.035,1,3,1,0,3.811,,,,,,
401,1,green,yellow,pink,blue,2,1,44,0.521830080791434,0.312290088833186,0.448339759742454,0.512257267593238,0.415,0.585,1,4,0,1,2.036,,,,,,
401,1,green,yellow,pink,blue,2,1,45,0.570354575980928,0.93976202502669,0.168549292153288,0.468703534443264,0.359,0.641,2,2,1,0,14.532,,,,,,
401,1,green,yellow,pink,blue,2,1,46,0.779983393261128,0.163723746857993,0.192450636474012,0.908197687992673,0.122,0.878,2,6,1,0,1.296,,,,,,
401,1,green,yellow,pink,blue,2,1,47,0.497346147418283,0.39868137454917,0.270527466613889,0.475457130872689,0.509,0.491,1,3,1,1,1.955,,,,,,
401,1,green,yellow,pink,blue,2,1,48,0.173685472268366,0.92446626312695,0.607366786268091,0.405504010432353,0.94,0.06,1,6,1,0,1.038,,,,,,
401,1,green,yellow,pink,blue,2,1,49,0.836608755038064,0.966694571522108,0.410452887821445,0.256178321784329,0.074,0.926,2,4,1,0,2.425,,,,,,
401,1,green,yellow,pink,blue,2,1,50,0.449072571735775,0.750444828251023,0.961307437027267,0.80000512890984,0.596,0.404,2,6,0,1,1.101,,,,,,
401,1,green,yellow,pink,blue,2,1,51,0.584234554119475,0.819849852691455,0.470633027814994,0.975111936067703,0.339,0.661,2,3,0,0,13.849,,,,,,
401,1,green,yellow,pink,blue,2,1,52,0.0759298374219496,0.293273775727289,0.323313975433562,0.0991846349639907,0.959,0.041,1,6,1,0,1.245,,,,,,
401,1,green,yellow,pink,blue,2,1,53,0.604232805300761,0.329989669835607,0.669059009025313,0.577072017598207,0.192,0.808,2,4,1,0,2.894,,,,,,
401,1,green,yellow,pink,blue,2,1,54,0.514294993201579,0.539633879949845,0.898002304348921,0.856937196854383,0.47,0.53,2,4,0,1,3.673,,,,,,
401,1,green,yellow,pink,blue,2,1,55,0.629562897088157,0.593714403613049,0.76448394072803,0.674008258970013,0.18,0.82,2,3,1,0,18.504,,,,,,
401,1,green,yellow,pink,blue,2,1,56,0.791079519635929,0.0407714702750458,0.830543171363348,0.580792176396642,0.105,0.895,2,3,1,0,6.958,,,,,,
401,1,green,yellow,pink,blue,2,1,57,0.135261711160438,0.510377752907119,0.715767444151927,0.665468669069248,0.977,0.023,1,4,1,0,3.463,,,,,,
401,1,green,yellow,pink,blue,2,1,58,0.229545344042447,0.153135137070958,0.352960186943429,0.0920040034911088,0.886,0.114,1,3,1,0,2.591,,,,,,
401,1,green,yellow,pink,blue,2,1,59,0.542212941628493,0.192261280898084,0.58085796043185,0.275672279255117,0.388,0.612,2,1,1,0,17.168,,,,,,
401,1,green,yellow,pink,blue,2,1,60,0.453902752766749,0.669915895652157,0.486518721193796,0.196691392876777,0.631,0.369,1,6,0,0,1.82,,,,,,
401,1,green,yellow,pink,blue,2,1,61,0.0941512212415554,0.572357267052652,0.689956850005311,0.730484137489748,0.978,0.022,1,4,1,0,9.668,,,,,,
401,1,green,yellow,pink,blue,2,1,62,0.0372929860159306,0.69933376626493,0.225710505523603,0.0240299729008238,0.952,0.048,1,6,1,0,1.453,,,,,,
401,1,green,yellow,pink,blue,2,1,63,0.124765848896703,0.118893002308336,0.291494066481874,0.868764098506482,0.932,0.068,2,2,0,0,4.481,,,,,,
401,1,green,yellow,pink,blue,2,1,64,0.723112918727358,0.0773934284919388,0.71958747290346,0.961647300082546,0.181,0.819,2,6,1,0,2.763,,,,,,
401,1,green,yellow,pink,blue,2,2,65,0.216311158181047,0.416654005693101,0.053602231876744,0.970285397354559,0.869,0.131,2,4,0,0,10.514,,,,,,
401,1,green,yellow,pink,blue,2,2,66,0.461675638837662,0.16596214667954,0.132328713848798,0.374491595270014,0.583,0.417,2,1,0,1,18.802,,,,,,
401,1,green,yellow,pink,blue,2,2,67,0.0661772084457631,0.996427327255058,0.675656172546042,0.0139136409585791,0.925,0.075,1,6,1,0,1.66,,,,,,
401,1,green,yellow,pink,blue,2,2,68,0.818774955374998,0.175007714389181,0.477362970458626,0.607340825647061,0.041,0.959,2,5,1,0,1.554,,,,,,
401,1,green,yellow,pink,blue,2,2,69,0.769724916567574,0.553290794366908,0.998623533653993,0.182468042294895,0.124,0.876,1,2,0,0,11.839,,,,,,
401,1,green,yellow,pink,blue,2,2,70,0.398424727304472,0.431245366618416,0.741379769703371,0.807450741104266,0.744,0.256,2,4,0,0,17.31,,,,,,
401,1,green,yellow,pink,blue,2,2,71,0.702809693591287,0.810935149170552,0.318906350320923,0.279533403463841,0.125,0.875,2,2,1,0,21.077,,,,,,
401,1,green,yellow,pink,blue,2,2,72,0.332151828414534,0.202493498853467,0.878399319615694,0.771492631108552,0.793,0.207,1,5,1,0,3.787,,,,,,
401,1,green,yellow,pink,blue,2,2,73,0.930774729967722,0.94897209740666,0.19457722199179,0.318056611663276,0.053,0.947,2,6,1,0,1.99,,,,,,
401,1,green,yellow,pink,blue,2,2,74,0.709171279246674,0.5078806633787,0.462927867862711,0.212959218422202,0.076,0.924,1,2,0,0,6.815,,,,,,
401,1,green,yellow,pink,blue,2,2,75,0.867123798845037,0.463444754900977,0.529016929489245,0.497867758025548,0.007,0.993,2,6,1,0,1.773,,,,,,
401,1,green,yellow,pink,blue,2,2,76,0.305784612373368,0.288650943214681,0.831367163684447,0.13259737288337,0.828,0.172,1,3,1,0,2.182,,,,,,
401,1,green,yellow,pink,blue,2,2,77,0.527687405121559,0.67575411552321,0.222971413706582,0.817273006592178,0.434,0.566,2,5,1,1,13.103,,,,,,
401,1,green,yellow,pink,blue,2,2,78,0.652768307147625,0.722040398342281,0.288588957858895,0.386762690277132,0.145,0.855,2,5,1,0,6.143,,,,,,
401,1,green,yellow,pink,blue,2,2,79,0.424126284059896,0.150410630743971,0.694869750781094,0.721816131225215,0.673,0.327,1,6,0,0,0.986,,,,,,
401,1,green,yellow,pink,blue,2,2,80,0.613637309768047,0.308160821953549,0.717509297054551,0.234924118250579,0.232,0.768,2,3,0,0,9.445,,,,,,
401,1,green,yellow,pink,blue,2,2,81,0.0355741864228817,0.34428796122301,0.306652464023829,0.0464950772584041,0.962,0.038,1,6,1,0,0.991,,,,,,
401,1,green,yellow,pink,blue,2,2,82,0.0254503690606993,0.7066579579959,0.273484998454153,0.873421945762727,0.967,0.033,1,4,1,0,3.656,,,,,,
401,1,green,yellow,pink,blue,2,2,83,0.991323538528396,0.585576105107547,0.243310155768205,0.635691719493536,0.016,0.984,2,6,1,0,6.747,,,,,,
401,1,green,yellow,pink,blue,2,2,84,0.280520467790048,0.0939419691863985,0.790290412329087,0.536915440478417,0.864,0.136,1,5,1,0,1.65,,,,,,
401,1,green,yellow,pink,blue,2,2,85,0.761918786328041,0.571135866346619,0.408309418053212,0.567488896522412,0.019,0.981,2,4,1,0,1.521,,,,,,
401,1,green,yellow,pink,blue,2,2,86,0.0805321522635968,0.13191620219219,0.346924811706012,0.530578014403069,0.969,0.031,1,4,1,0,2.646,,,,,,
401,1,green,yellow,pink,blue,2,2,87,0.0978939178829735,0.770865855522504,0.975947832480918,0.792887996,0.932,0.068,1,6,1,0,4.409,,,,,,
401,1,green,yellow,pink,blue,2,2,88,0.116597965730697,0.0214573725080992,0.816742489995431,0.667924324066789,0.93,0.07,1,5,1,0,1.435,,,,,,
401,1,green,yellow,pink,blue,2,2,89,0.0523189374167332,0.610239230278639,0.612535807227864,0.68112151779036,0.986,0.014,1,6,1,0,1.794,,,,,,
401,1,green,yellow,pink,blue,2,2,90,0.479239078840192,0.813785160670666,0.0961046521252081,0.113159794546134,0.538,0.462,1,2,0,1,2.503,,,,,,
401,1,green,yellow,pink,blue,2,2,91,0.964834342302799,0.8992241663526,0.261320746303831,0.853725095994298,0.047,0.953,2,5,1,0,3.054,,,,,,
401,1,green,yellow,pink,blue,2,2,92,0.172150331648759,0.694698853049956,0.0321047092982934,0.353225836229271,0.924,0.076,1,6,1,0,1.102,,,,,,
401,1,green,yellow,pink,blue,2,2,93,0.539657055859296,0.0570611015357801,0.58398466139574,0.508841819561266,0.405,0.595,2,3,1,1,3.414,,,,,,
401,1,green,yellow,pink,blue,2,2,94,0.0061903145155142,0.974353543085689,0.921696335959626,0.451608545007083,0.951,0.049,1,6,1,0,0.951,,,,,,
401,1,green,yellow,pink,blue,2,2,95,0.947228157939887,0.73990624814669,0.166005172846423,0.744646224290639,0.036,0.964,2,6,1,0,4.973,,,,,,
401,1,green,yellow,pink,blue,2,2,96,0.896135742457618,0.0718116992879452,0.655120296134241,0.261013254266472,0.052,0.948,2,2,1,0,5.063,,,,,,
401,1,green,yellow,pink,blue,2,2,97,0.282405789486114,0.861001348219159,0.938209378456921,0.654649739020415,0.835,0.165,1,6,1,0,1.33,,,,,,
401,1,green,yellow,pink,blue,2,2,98,0.639304555664548,0.474958769027475,0.331326637597477,0.140968358712479,0.192,0.808,2,3,1,0,6.097,,,,,,
401,1,green,yellow,pink,blue,2,2,99,0.375939120224026,0.215020909884006,0.0694106788774475,0.968205113315902,0.696,0.304,1,2,1,0,4.401,,,,,,
401,1,green,yellow,pink,blue,2,2,100,0.68322502077239,0.235432401333525,0.606761554366813,0.0503333783052479,0.183,0.817,2,3,1,0,3.707,,,,,,
401,1,green,yellow,pink,blue,2,2,101,0.320936723032268,0.526147753125389,0.4997209910662,0.311616211703298,0.935,0.065,1,6,1,0,0.929,,,,,,
401,1,green,yellow,pink,blue,2,2,102,0.171757176320314,0.380232359615139,0.0048502274204044,0.462999075464742,0.927,0.073,1,5,1,0,1.604,,,,,,
401,1,green,yellow,pink,blue,2,2,103,0.800154709129512,0.926964607991806,0.867119269836179,0.474808029371542,0.098,0.902,2,6,1,0,1.249,,,,,,
401,1,green,yellow,pink,blue,2,2,104,0.581930100743821,0.640633610264146,0.763616689395031,0.99250217194404,0.344,0.656,2,6,1,0,1.033,,,,,,
401,1,green,yellow,pink,blue,2,2,105,0.547758852829997,0.312929288582161,0.928843557924981,0.281743720122666,0.398,0.602,1,2,1,0,5.614,,,,,,
401,1,green,yellow,pink,blue,2,2,106,0.830144220227728,0.446522369979954,0.122152851286478,0.952558211827425,0.09,0.91,2,5,1,0,2.765,,,,,,
401,1,green,yellow,pink,blue,2,2,107,0.451230078353294,0.273726568152892,0.149132112969248,0.892963169254359,0.596,0.404,2,1,1,1,2.421,,,,,,
401,1,green,yellow,pink,blue,2,2,108,0.1312020396829,0.256369265446959,0.659739010004416,0.420951434557996,0.974,0.026,1,4,1,0,1.338,,,,,,
401,1,green,yellow,pink,blue,2,2,109,0.662493958072742,0.850580480298622,0.852679200062691,0.716395785778121,0.211,0.789,2,6,1,0,0.884,,,,,,
401,1,green,yellow,pink,blue,2,2,110,0.719750368557087,0.917210243779598,0.185095873777176,0.189160002316441,0.169,0.831,2,4,1,0,4.194,,,,,,
401,1,green,yellow,pink,blue,2,2,111,0.357109175236477,0.96356053410652,0.956565540438567,0.61008443173506,0.73,0.27,1,6,1,0,0.906,,,,,,
401,1,green,yellow,pink,blue,2,2,112,0.795455505347399,0.34086142501057,0.0810118411374448,0.162571921426329,0.1,0.9,2,2,1,0,2.612,,,,,,
401,1,green,yellow,pink,blue,2,2,113,0.852671649168681,0.660051422961755,0.726483102316261,0.0295814690248864,0.071,0.929,2,3,1,0,2.655,,,,,,
401,1,green,yellow,pink,blue,2,2,114,0.247897028567196,0.122548994687937,0.776156931698882,0.923935056214323,0.852,0.148,1,6,0,0,1.679,,,,,,
401,1,green,yellow,pink,blue,2,2,115,0.974029907277073,0.833112894948433,0.900732527828115,0.0905371540449847,0.056,0.944,2,6,1,0,2.38,,,,,,
401,1,green,yellow,pink,blue,2,2,116,0.141921856470565,0.753699382712893,0.366093629844612,0.5883262366242,0.973,0.027,1,4,1,0,2.364,,,,,,
401,1,green,yellow,pink,blue,2,2,117,0.913718193299082,0.0916828766208539,0.400202321064429,0.403820773559092,0.035,0.965,2,5,0,0,1.978,,,,,,
401,1,green,yellow,pink,blue,2,2,118,0.569708256280687,0.0391150760272224,0.385829254992588,0.69309866923893,0.353,0.647,2,3,1,0,4.462,,,,,,
401,1,green,yellow,pink,blue,2,2,119,0.364241419560434,0.531652726318015,0.0310607521343815,0.842667777455927,0.741,0.259,2,4,1,0,4.455,,,,,,
401,1,green,yellow,pink,blue,2,2,120,0.262705258418553,0.395134478185325,0.537662906057856,0.105352986945074,0.906,0.094,1,6,1,0,0.96,,,,,,
401,1,green,yellow,pink,blue,2,2,121,0.740769114997138,0.0058685647840687,0.210701246621433,0.906291101395759,0.176,0.824,2,6,1,0,1.309,,,,,,
401,1,green,yellow,pink,blue,2,2,122,0.413247936632234,0.490290160920806,0.638012093684518,0.0743154392764135,0.698,0.302,1,6,1,0,0.82,,,,,,
401,1,green,yellow,pink,blue,2,2,123,0.194871593278151,0.233732854844346,0.43225956574247,0.876234731588563,0.928,0.072,1,4,1,0,4.41,,,,,,
401,1,green,yellow,pink,blue,2,2,124,0.229668708666466,0.791450893540823,0.55487011050667,0.755792633839814,0.93,0.07,1,5,1,0,1.588,,,,,,
401,1,green,yellow,pink,blue,2,2,125,0.881325224029112,0.602604547661312,0.809264209218327,0.430335781614468,0.028,0.972,2,4,1,0,1.496,,,,,,
401,1,green,yellow,pink,blue,2,2,126,0.503778573412247,0.359600833836456,0.509638079186732,0.555912782110529,0.484,0.516,2,2,1,1,2.178,,,,,,
401,1,green,yellow,pink,blue,2,2,127,0.493680356063282,0.883780344063905,0.566447998829902,0.330040150699215,0.516,0.484,1,1,1,1,0.894,,,,,,
401,1,green,yellow,pink,blue,2,2,128,0.596898303118843,0.629239126729336,0.438881269274505,0.22726455875849,0.232,0.768,1,4,1,0,1.36,,,,,,
401,1,green,yellow,pink,blue,2,3,129,0.34120226285957,0.785298841958024,0.846616246824817,0.573865013828714,0.814,0.186,1,6,1,0,1.525,,,,,,
401,1,green,yellow,pink,blue,2,3,130,0.71361227166988,0.990351845794709,0.0862575442358166,0.850777091318574,0.208,0.792,2,6,0,0,2.319,,,,,,
401,1,green,yellow,pink,blue,2,3,131,0.520679567859338,0.261334043895714,0.816899316781137,0.0885103439426583,0.459,0.541,1,3,0,1,6.109,,,,,,
401,1,green,yellow,pink,blue,2,3,132,0.243295403639686,0.487231971375361,0.330028607732902,0.357966556555625,0.965,0.035,1,3,1,0,1.255,,,,,,
401,1,green,yellow,pink,blue,2,3,133,0.996383451466841,0.860435006934582,0.118169537162816,0.186032288303404,0.045,0.955,2,6,1,0,1.855,,,,,,
401,1,green,yellow,pink,blue,2,3,134,0.666313738147346,0.912612041314982,0.445873756825185,0.782126194244032,0.193,0.807,2,4,1,0,1.143,,,,,,
401,1,green,yellow,pink,blue,2,3,135,0.911310359318029,0.686135492924009,0.689889876387021,0.887132336327414,0.041,0.959,2,6,1,0,0.949,,,,,,
401,1,green,yellow,pink,blue,2,3,136,0.650194674486099,0.162883930408951,0.25885535233121,0.0459486794902546,0.248,0.752,1,2,1,0,2.917,,,,,,
401,1,green,yellow,pink,blue,2,3,137,0.95070141887942,0.930351996876063,0.734350185014626,0.540019836944645,0.037,0.963,2,5,1,0,1.493,,,,,,
401,1,green,yellow,pink,blue,2,3,138,0.425931840161827,0.328154487289635,0.349856522734608,0.749025207813361,0.705,0.295,1,3,1,0,3.996,,,,,,
401,1,green,yellow,pink,blue,2,3,139,0.502480064131705,0.634618002676253,0.0393041070478269,0.967565750936766,0.496,0.504,2,3,1,1,3.804,,,,,,
401,1,green,yellow,pink,blue,2,3,140,0.373395313411117,0.306000067621702,0.36453463337226,0.223600658334118,0.801,0.199,1,4,1,0,0.921,,,,,,
401,1,green,yellow,pink,blue,2,3,141,0.543894944157122,0.0666475981090996,0.492237116702174,0.156891274763799,0.411,0.589,1,1,0,1,3.795,,,,,,
401,1,green,yellow,pink,blue,2,3,142,0.224952121184622,0.981308661442537,0.462571227448269,0.0761779414797616,0.866,0.134,1,6,1,0,0.878,,,,,,
401,1,green,yellow,pink,blue,2,3,143,0.692683241465939,0.808374939466631,0.768091449400347,0.204111797858666,0.163,0.837,1,1,0,0,0.834,,,,,,
401,1,green,yellow,pink,blue,2,3,144,0.614362994279361,0.137233603458144,0.55058528687389,0.272683001735214,0.245,0.755,2,2,1,0,6.485,,,,,,
401,1,green,yellow,pink,blue,2,3,145,0.931441712561605,0.520154861504756,0.674881709802417,0.559603641964521,0.011,0.989,2,6,1,0,1.039,,,,,,
401,1,green,yellow,pink,blue,2,3,146,0.448968673514318,0.704437514849103,0.615500718554451,0.63851199393116,0.665,0.335,2,6,1,0,1.723,,,,,,
401,1,green,yellow,pink,blue,2,3,147,0.114897974645382,0.88139974345028,0.995181707615562,0.763873193016209,0.915,0.085,1,6,1,0,2.586,,,,,,
401,1,green,yellow,pink,blue,2,3,148,0.781420248219517,0.224286870170388,0.901634046022629,0.252242390304056,0.104,0.896,2,3,1,0,6.682,,,,,,
401,1,green,yellow,pink,blue,2,3,149,0.386131288263249,0.42662242826469,0.0665121892653936,0.516724970538595,0.751,0.249,1,2,1,0,3.601,,,,,,
401,1,green,yellow,pink,blue,2,3,150,0.485544007026242,0.765586591114082,0.426008547622374,0.673437733562482,0.544,0.456,2,4,1,1,3.919,,,,,,
401,1,green,yellow,pink,blue,2,3,151,0.861714931873396,0.777397313386387,0.965673940170621,0.0220563183282249,0.104,0.896,2,6,1,0,2.092,,,,,,
401,1,green,yellow,pink,blue,2,3,152,0.0157978182613531,0.837654247847894,0.865156824786048,0.981936799588373,0.942,0.058,1,6,1,0,2.285,,,,,,
401,1,green,yellow,pink,blue,2,3,153,0.958579741552708,0.288910027236324,0.0311812308623358,0.455346305354005,0.039,0.961,2,6,1,0,3.024,,,,,,
401,1,green,yellow,pink,blue,2,3,154,0.902342372337636,0.967891404455758,0.589041429029792,0.831766687089361,0.061,0.939,2,6,1,0,1.015,,,,,,
401,1,green,yellow,pink,blue,2,3,155,0.585122560777452,0.153832707078831,0.569760298055939,0.485685566748996,0.275,0.725,1,3,0,0,2.923,,,,,,
401,1,green,yellow,pink,blue,2,3,156,0.002653513307102,0.554067115972003,0.947065942690244,0.798528590603321,0.964,0.036,1,6,1,0,2.097,,,,,,
401,1,green,yellow,pink,blue,2,3,157,0.6016322445563,0.74939199666922,0.803138310598818,0.911216698609994,0.308,0.692,2,6,0,0,0.73,,,,,,
401,1,green,yellow,pink,blue,2,3,158,0.548638566831648,0.69711837330429,0.324247628802898,0.449665034645362,0.341,0.659,1,2,0,0,4.088,,,,,,
401,1,green,yellow,pink,blue,2,3,159,0.049971304156155,0.825147045810583,0.831124121323246,0.873636241493805,0.948,0.052,1,6,1,0,1.44,,,,,,
401,1,green,yellow,pink,blue,2,3,160,0.816816519786522,0.669889009452177,0.875695463382463,0.105615478317214,0.091,0.909,2,5,1,0,2.264,,,,,,
401,1,green,yellow,pink,blue,2,3,161,0.106556482430764,0.0981326246296176,0.382162645910998,0.776411052327085,0.95,0.05,1,5,1,0,6.632,,,,,,
401,1,green,yellow,pink,blue,2,3,162,0.395970012462434,0.950572508311954,0.520127764473795,0.824126997397723,0.699,0.301,2,4,0,0,2.448,,,,,,
401,1,green,yellow,pink,blue,2,3,163,0.838657476290926,0.622977482774158,0.312494093574991,0.891712414986351,0.056,0.944,2,4,0,0,2.675,,,,,,
401,1,green,yellow,pink,blue,2,3,164,0.974818862483253,0.0418376531501028,0.934390494355129,0.469652941671972,0.052,0.948,2,4,0,0,1.793,,,,,,
401,1,green,yellow,pink,blue,2,3,165,0.298969375303164,0.514236973273216,0.705534949201884,0.661245886747386,0.928,0.072,1,4,1,0,2.569,,,,,,
401,1,green,yellow,pink,blue,2,3,166,0.462955948401054,0.346088926848452,0.246103382124468,0.6237321525319,0.611,0.389,1,4,0,0,1.055,,,,,,
401,1,green,yellow,pink,blue,2,3,167,0.199712301706502,0.852382214883902,0.541024493090165,0.925808156514371,0.904,0.096,1,5,1,0,1.83,,,,,,
401,1,green,yellow,pink,blue,2,3,168,0.568426455050407,0.566099369191432,0.268476688710935,0.582086313815144,0.279,0.721,2,2,1,0,2.833,,,,,,
401,1,green,yellow,pink,blue,2,3,169,0.858196991995125,0.404909933879367,0.215155878057666,0.110820308031893,0.058,0.942,2,5,1,0,6.8,,,,,,
401,1,green,yellow,pink,blue,2,3,170,0.419006352020086,0.455687890893066,0.0116165277768348,0.0128878321293128,0.634,0.366,1,6,1,0,1.791,,,,,,
401,1,green,yellow,pink,blue,2,3,171,0.137508978090287,0.207199472820146,0.168212249200865,0.298874728780165,0.944,0.056,1,6,1,0,1.211,,,,,,
401,1,green,yellow,pink,blue,2,3,172,0.87595431150623,0.26894231188811,0.472700159703855,0.389655667317231,0.02,0.98,2,5,1,0,1.336,,,,,,
401,1,green,yellow,pink,blue,2,3,173,0.0433276889655843,0.598621625588083,0.224869418907418,0.600688959609506,0.982,0.018,1,6,1,0,1.429,,,,,,
401,1,green,yellow,pink,blue,2,3,174,0.162466070922861,0.0541709508329492,0.595136361624065,0.150396738386091,0.917,0.083,1,6,1,0,2.103,,,,,,
401,1,green,yellow,pink,blue,2,3,175,0.802669819394051,0.387536320847981,0.647930767217589,0.434420956962696,0.021,0.979,2,6,1,0,0.856,,,,,,
401,1,green,yellow,pink,blue,2,3,176,0.0697062738996876,0.241106146800338,0.0558547559796398,0.325301240573175,0.952,0.048,1,6,1,0,0.739,,,,,,
401,1,green,yellow,pink,blue,2,3,177,0.279031496523457,0.183118865253396,0.398894883733285,0.696989164100331,0.902,0.098,1,5,1,0,2.818,,,,,,
401,1,green,yellow,pink,blue,2,3,178,0.675996797177312,0.581851570017217,0.91859928504167,0.282528828942917,0.173,0.827,2,6,1,0,1.569,,,,,,
401,1,green,yellow,pink,blue,2,3,179,0.292504393405734,0.536385234850706,0.511286933617036,0.733751206485041,0.94,0.06,1,6,1,0,1.715,,,,,,
401,1,green,yellow,pink,blue,2,3,180,0.747590555939986,0.440337709778753,0.421078001828498,0.406434916930042,0.022,0.978,2,6,1,0,1.623,,,,,,
401,1,green,yellow,pink,blue,2,3,181,0.327836581816503,0.0901983074521341,0.75971633626195,0.190291549507604,0.791,0.209,1,6,0,0,1.86,,,,,,
401,1,green,yellow,pink,blue,2,3,182,0.172908156049298,0.194028630095155,0.149224474084807,0.364017463583631,0.933,0.067,1,6,1,0,5.122,,,,,,
401,1,green,yellow,pink,blue,2,3,183,0.210921867176522,0.121313658847013,0.181021864346086,0.394731934975125,0.91,0.09,1,6,1,0,0.796,,,,,,
401,1,green,yellow,pink,blue,2,3,184,0.0927625415505083,0.472784840667273,0.19537643172296,0.500559538102206,0.978,0.022,1,6,1,0,1.664,,,,,,
401,1,green,yellow,pink,blue,2,3,185,0.260509619389194,0.0240827088895237,0.285626997593464,0.3303840531633,0.866,0.134,1,6,0,0,0.724,,,,,,
401,1,green,yellow,pink,blue,2,3,186,0.761424509980695,0.897611382161925,0.661629452674919,0.94739745452866,0.138,0.862,2,6,1,0,0.961,,,,,,
401,1,green,yellow,pink,blue,2,3,187,0.776688078490544,0.414404739151403,0.735036202789725,0.99294179538271,0.109,0.891,2,6,1,0,1.062,,,,,,
401,1,green,yellow,pink,blue,2,3,188,0.343976242850769,0.0067027919754224,0.0989330550579174,0.235544515191795,0.74,0.26,1,6,1,0,0.637,,,,,,
401,1,green,yellow,pink,blue,2,3,189,0.14967276104444,0.647815467335501,0.781820710103535,0.641179865582644,0.965,0.035,1,6,1,0,1.363,,,,,,
401,1,green,yellow,pink,blue,2,3,190,0.633397535554497,0.359444265206765,0.981005430990119,0.0476117550084967,0.286,0.714,2,6,0,0,1.442,,,,,,
401,1,green,yellow,pink,blue,2,3,191,0.469934169898767,0.72198712289586,0.630862441254331,0.714402371324659,0.589,0.411,2,3,0,1,1.396,,,,,,
401,1,green,yellow,pink,blue,2,3,192,0.730022439980466,0.32320689745275,0.137081048360697,0.1311451538827,0.141,0.859,2,2,1,0,2.066,,,,,,
401,1,green,yellow,pink,blue,2,4,193,0.322741157580972,0.692216454613736,0.0057231568700117,0.555385494126585,0.81,0.19,1,5,0,0,2.782,,,,,,
401,1,green,yellow,pink,blue,2,4,194,0.679493030017613,0.904464095963874,0.428742662516516,0.287524340011705,0.163,0.837,2,4,1,0,2.251,,,,,,
401,1,green,yellow,pink,blue,2,4,195,0.832154183344299,0.993491924034582,0.192418044570786,0.904779319815452,0.115,0.885,2,6,1,0,1.352,,,,,,
401,1,green,yellow,pink,blue,2,4,196,0.497735791788867,0.0324717029186309,0.886388312930968,0.384733863245637,0.504,0.496,2,2,0,1,6.32,,,,,,
401,1,green,yellow,pink,blue,2,4,197,0.580296822451518,0.665414854355057,0.656737166689589,0.817810844313882,0.298,0.702,2,2,1,0,1.018,,,,,,
401,1,green,yellow,pink,blue,2,4,198,0.917125636482503,0.835585543245369,0.161432196,0.604126507295584,0.043,0.957,2,6,1,0,1.718,,,,,,
401,1,green,yellow,pink,blue,2,4,199,0.418010045901444,0.801203033942091,0.840677496714549,0.461625995668907,0.686,0.314,1,6,0,0,1.173,,,,,,
401,1,green,yellow,pink,blue,2,4,200,0.329156356861636,0.573205671871384,0.183472796944183,0.631294348730787,0.868,0.132,1,2,1,0,1.579,,,,,,
401,1,green,yellow,pink,blue,2,4,201,0.051599029459606,0.749892788778607,0.378485887281119,0.0347336579207146,0.956,0.044,1,6,1,0,0.884,,,,,,
401,1,green,yellow,pink,blue,2,4,202,0.154283254329634,0.509125495120763,0.412634185788542,0.797316766151066,0.97,0.03,1,6,1,0,1.693,,,,,,
401,1,green,yellow,pink,blue,2,4,203,0.95364783963767,0.449844833697912,0.229336753110209,0.622533893882379,0.018,0.982,2,6,1,0,1.111,,,,,,
401,1,green,yellow,pink,blue,2,4,204,0.703448975971312,0.540036891610917,0.765047723385156,0.655532128912129,0.086,0.914,2,2,1,0,1.146,,,,,,
401,1,green,yellow,pink,blue,2,4,205,0.894312166226686,0.10234770029996,0.781851582476132,0.0760217821419145,0.076,0.924,2,3,1,0,2.181,,,,,,
401,1,green,yellow,pink,blue,2,4,206,0.126893417525469,0.121400026641282,0.370209760714879,0.261307015133463,0.951,0.049,1,6,1,0,0.767,,,,,,
401,1,green,yellow,pink,blue,2,4,207,0.378464842081358,0.126798835807047,0.0934291207139435,0.136972695075842,0.7,0.3,1,6,0,0,0.699,,,,,,
401,1,green,yellow,pink,blue,2,4,208,0.468467133302693,0.654628181606577,0.203240144235602,0.328753077175342,0.586,0.414,1,4,1,1,2.155,,,,,,
401,1,green,yellow,pink,blue,2,4,209,0.927392347199979,0.767662830097451,0.522526901575988,0.529524968487675,0.017,0.983,2,6,1,0,1.102,,,,,,
401,1,green,yellow,pink,blue,2,4,210,0.565227326442808,0.394829628241382,0.496122803317472,0.692778193525548,0.275,0.725,2,6,1,0,1.722,,,,,,
401,1,green,yellow,pink,blue,2,4,211,0.431574167407675,0.21863752847438,0.583348773474726,0.124847801274936,0.653,0.347,1,4,0,0,5.548,,,,,,
401,1,green,yellow,pink,blue,2,4,212,0.182045582874047,0.598207432365682,0.997906469541559,0.87087555668419,0.896,0.104,1,6,1,0,1.243,,,,,,
401,1,green,yellow,pink,blue,2,4,213,0.508096851996801,0.20001538116658,0.344755662901176,0.857417013622442,0.482,0.518,2,6,0,1,2.561,,,,,,
401,1,green,yellow,pink,blue,2,4,214,0.0296633442556621,0.0656628187998694,0.64013634557374,0.485510499763538,0.969,0.031,1,6,1,0,3.387,,,,,,
401,1,green,yellow,pink,blue,2,4,215,0.867933493106332,0.411349241520224,0.703287226974144,0.0151453732259989,0.063,0.937,2,6,0,0,1.343,,,,,,
401,1,green,yellow,pink,blue,2,4,216,0.0468136924369899,0.344766184887554,0.701117524654861,0.471767412223008,0.985,0.015,1,6,1,0,2.414,,,,,,
401,1,green,yellow,pink,blue,2,4,217,0.943289696132344,0.0892314544964029,0.124729463628232,0.991710797828696,0.077,0.923,2,6,1,0,1.46,,,,,,
401,1,green,yellow,pink,blue,2,4,218,0.235901495055222,0.365362653571042,0.678425676903434,0.0303081305241879,0.892,0.108,1,6,1,0,0.916,,,,,,
401,1,green,yellow,pink,blue,2,4,219,0.655336977782535,0.790010459519511,0.965396929692315,0.102044519328472,0.258,0.742,2,4,0,0,2.065,,,,,,
401,1,green,yellow,pink,blue,2,4,220,0.774335098291382,0.259829805923249,0.286639885328383,0.301636802630757,0.064,0.936,2,2,1,0,3.215,,,,,,
401,1,green,yellow,pink,blue,2,4,221,0.258377344432432,0.338899852711566,0.0397639756485293,0.83997926028568,0.854,0.146,1,2,1,0,2.806,,,,,,
401,1,green,yellow,pink,blue,2,4,222,0.205260346305563,0.908403506475862,0.235464853712775,0.152706976912945,0.89,0.11,1,6,1,0,1.661,,,,,,
401,1,green,yellow,pink,blue,2,4,223,0.80924699743885,0.266058803793048,0.0500293006267585,0.248625925956125,0.094,0.906,1,2,0,0,8.243,,,,,,
401,1,green,yellow,pink,blue,2,4,224,0.223989717962804,0.0577745733964604,0.270814749336732,0.269051530292515,0.892,0.108,1,6,1,0,1.524,,,,,,
401,1,green,yellow,pink,blue,2,4,225,0.0807521599275876,0.547892689924915,0.937279225969689,0.570624247592064,0.964,0.036,1,6,1,0,3.931,,,,,,
401,1,green,yellow,pink,blue,2,4,226,0.118927699638865,0.676394454785836,0.718991335179121,0.921697690213711,0.946,0.054,1,6,1,0,1.219,,,,,,
401,1,green,yellow,pink,blue,2,4,227,0.885662614196602,0.431660320123083,0.913234137735379,0.763285011997478,0.051,0.949,2,6,1,0,0.911,,,,,,
401,1,green,yellow,pink,blue,2,4,228,0.630216452491731,0.472870719125109,0.89296536687275,0.203537384604996,0.24,0.76,2,4,1,0,3.483,,,,,,
401,1,green,yellow,pink,blue,2,4,229,0.276677410891454,0.186215987926685,0.108146758232756,0.181084836250006,0.839,0.161,1,6,0,0,0.735,,,,,,
401,1,green,yellow,pink,blue,2,4,230,0.374941123298628,0.933639092164708,0.0174596325348934,0.951167372891221,0.678,0.322,1,2,1,0,3.251,,,,,,
401,1,green,yellow,pink,blue,2,4,231,0.307552599604926,0.0007862850650747,0.396734309324715,0.445786426550346,0.834,0.166,1,4,1,0,1.988,,,,,,
401,1,green,yellow,pink,blue,2,4,232,0.749629145332301,0.243058109824728,0.479246404814766,0.723943087508768,0.067,0.933,2,3,1,0,1.734,,,,,,
401,1,green,yellow,pink,blue,2,4,233,0.358257707161244,0.148455901858104,0.509230766337592,0.197730714335229,0.787,0.213,1,2,1,0,1.633,,,,,,
401,1,green,yellow,pink,blue,2,4,234,0.390704144436617,0.765226265929896,0.808803370068983,0.710544376270584,0.737,0.263,1,6,1,0,2.286,,,,,,
401,1,green,yellow,pink,blue,2,4,235,0.857800238118779,0.971910356762989,0.624054892606281,0.933712226941923,0.091,0.909,2,6,1,0,2.863,,,,,,
401,1,green,yellow,pink,blue,2,4,236,0.517132831227012,0.714982459350631,0.301790114698912,0.0792830083043772,0.463,0.537,1,2,1,1,1.468,,,,,,
401,1,green,yellow,pink,blue,2,4,237,0.623110803158543,0.220821946211699,0.859192062926392,0.504833105622212,0.239,0.761,2,3,0,0,2.716,,,,,,
401,1,green,yellow,pink,blue,2,4,238,0.187864318601707,0.63631546725002,0.561434446385808,0.786808363110874,0.961,0.039,1,6,1,0,1.864,,,,,,
401,1,green,yellow,pink,blue,2,4,239,0.107718292840903,0.845945833808771,0.25546936900695,0.319089571175867,0.956,0.044,1,6,1,0,1.023,,,,,,
401,1,green,yellow,pink,blue,2,4,240,0.561386913056927,0.59150448232169,0.0679569975297773,0.959106563335017,0.39,0.61,2,3,1,0,2.509,,,,,,
401,1,green,yellow,pink,blue,2,4,241,0.972730632724449,0.158077867838159,0.64598157395591,0.734515672334389,0.028,0.972,2,6,1,0,1.917,,,,,,
401,1,green,yellow,pink,blue,2,4,242,0.440551795756425,0.890515344090664,0.136417035398813,0.0620361489203294,0.6,0.4,1,6,0,1,0.923,,,,,,
401,1,green,yellow,pink,blue,2,4,243,0.0721143844404826,0.94319463475951,0.458939770644626,0.162357029245584,0.949,0.051,1,6,1,0,0.865,,,,,,
401,1,green,yellow,pink,blue,2,4,244,0.701715576458313,0.281985214220665,0.542489224069374,0.402078039018333,0.066,0.934,2,2,1,0,1.499,,,,,,
401,1,green,yellow,pink,blue,2,4,245,0.295430273748358,0.522203741930325,0.153057073501229,0.368005214565878,0.893,0.107,1,3,1,0,1.571,,,,,,
401,1,green,yellow,pink,blue,2,4,246,0.472675978838836,0.375926775608078,0.746701584301576,0.348055087867166,0.584,0.416,2,2,0,1,1.88,,,,,,
401,1,green,yellow,pink,blue,2,4,247,0.761482955778186,0.464898514539994,0.594446669587759,0.413714422295661,0.019,0.981,2,4,1,0,0.92,,,,,,
401,1,green,yellow,pink,blue,2,4,248,0.827064482647526,0.297567086217612,0.983549038560285,0.7774167262285,0.092,0.908,2,6,0,0,2.117,,,,,,
401,1,green,yellow,pink,blue,2,4,249,0.985300043227083,0.725171471660049,0.945094864736185,0.687081231117303,0.037,0.963,2,6,1,0,6.359,,,,,,
401,1,green,yellow,pink,blue,2,4,250,0.661909496022382,0.823464944784369,0.86681401197532,0.668712268484346,0.203,0.797,2,6,1,0,0.803,,,,,,
401,1,green,yellow,pink,blue,2,4,251,0.0136528663022828,0.328050082456346,0.768712079642808,0.431218611454342,0.982,0.018,1,4,1,0,1.227,,,,,,
401,1,green,yellow,pink,blue,2,4,252,0.162499839760317,0.859495860542169,0.575884570011992,0.220935331989488,0.941,0.059,1,6,1,0,0.857,,,,,,
401,1,green,yellow,pink,blue,2,4,253,0.796427732590105,0.0177977098244127,0.321096808841485,0.537395985050427,0.088,0.912,2,2,1,0,3.524,,,,,,
401,1,green,yellow,pink,blue,2,4,254,0.543373001321996,0.496699564929538,0.448124110826896,0.982638877879578,0.402,0.598,2,2,0,1,11.741,,,,,,
401,1,green,yellow,pink,blue,2,4,255,0.601412447352411,0.611383928295766,0.338296070807756,0.59106888402228,0.182,0.818,1,6,1,0,2.094,,,,,,
401,1,green,yellow,pink,blue,2,4,256,0.729934781105797,0.960850762454628,0.824838854827063,0.88491284688534,0.18,0.82,2,6,1,0,1.032,,,,,,
401,1,green,yellow,pink,blue,2,5,257,0.668739890533626,0.836858405147023,0.619756388397648,0.621147413135336,0.145,0.855,2,3,1,0,10.026,,,,,,
401,1,green,yellow,pink,blue,2,5,258,0.643652812049545,0.0061956929419335,0.021178758900878,0.930364547800941,0.303,0.697,2,6,1,0,1.362,,,,,,
401,1,green,yellow,pink,blue,2,5,259,0.30704396309159,0.32302387500054,0.56885029451444,0.239511769675746,0.901,0.099,1,4,1,0,2.808,,,,,,
401,1,green,yellow,pink,blue,2,5,260,0.259396059161693,0.423938113802859,0.236158190019979,0.353532926448869,0.937,0.063,1,6,1,0,1.124,,,,,,
401,1,green,yellow,pink,blue,2,5,261,0.560282282040816,0.743196816948522,0.550984605416076,0.286488902671807,0.326,0.674,1,2,0,0,1.531,,,,,,
401,1,green,yellow,pink,blue,2,5,262,0.279101862202974,0.780511304376005,0.676280147798033,0.224467378140566,0.887,0.113,1,6,1,0,0.768,,,,,,
401,1,green,yellow,pink,blue,2,5,263,0.0624022781974721,0.972055679876438,0.384005156180461,0.535302214130336,0.961,0.039,1,5,1,0,1.667,,,,,,
401,1,green,yellow,pink,blue,2,5,264,0.368781750397207,0.681470479602674,0.464656648491846,0.386738180986358,0.871,0.129,1,2,1,0,1.924,,,,,,
401,1,green,yellow,pink,blue,2,5,265,0.209762005619064,0.486243430990054,0.432240567895658,0.306481344796141,0.976,0.024,1,6,1,0,1.279,,,,,,
401,1,green,yellow,pink,blue,2,5,266,0.42623917715209,0.600589097519857,0.874976781347797,0.840077110185904,0.654,0.346,1,6,0,0,2.685,,,,,,
401,1,green,yellow,pink,blue,2,5,267,0.810202524534059,0.413610662851678,0.130113630315302,0.21154987591149,0.072,0.928,2,6,1,0,1.834,,,,,,
401,1,green,yellow,pink,blue,2,5,268,0.28663432249509,0.893502535412372,0.74222419018415,0.0584169820062348,0.816,0.184,1,6,0,0,0.763,,,,,,
401,1,green,yellow,pink,blue,2,5,269,0.762698578286559,0.0510826280312266,0.765678719713664,0.374126232599594,0.114,0.886,2,3,1,0,9.936,,,,,,
401,1,green,yellow,pink,blue,2,5,270,0.691684155553688,0.628781682491974,0.0891465757600416,0.644075902056584,0.147,0.853,2,6,1,0,2.377,,,,,,
401,1,green,yellow,pink,blue,2,5,271,0.81354718598196,0.79494350416648,0.118342399288684,0.709410750900008,0.082,0.918,2,6,1,0,1.573,,,,,,
401,1,green,yellow,pink,blue,2,5,272,0.0249281993510481,0.64593061588803,0.919448450958672,0.605508519551352,0.97,0.03,1,6,1,0,1.376,,,,,,
401,1,green,yellow,pink,blue,2,5,273,0.968263456341289,0.380147732238236,0.362810077710802,0.440175317543561,0.011,0.989,2,3,1,0,1.746,,,,,,
401,1,green,yellow,pink,blue,2,5,274,0.952851050517827,0.274575705210488,0.805975520964669,0.489451272401735,0.025,0.975,2,6,1,0,2.622,,,,,,
401,1,green,yellow,pink,blue,2,5,275,0.869635552548436,0.103615334989103,0.630869382751411,0.814901811866238,0.06,0.94,2,6,1,0,2.785,,,,,,
401,1,green,yellow,pink,blue,2,5,276,0.323908119054758,0.808682618317059,0.172264650143004,0.87765434683234,0.792,0.208,1,6,1,0,3.021,,,,,,
401,1,green,yellow,pink,blue,2,5,277,0.477438427290045,0.230609183227702,0.794288090028266,0.768196656812969,0.552,0.448,1,3,1,1,2.541,,,,,,
401,1,green,yellow,pink,blue,2,5,278,0.67906787044112,0.372511307756068,0.937443090595211,0.316588030033855,0.174,0.826,2,3,1,0,2.794,,,,,,
401,1,green,yellow,pink,blue,2,5,279,0.845018624257309,0.129303361221462,0.0057837637680168,0.738038494401572,0.099,0.901,2,6,1,0,1.116,,,,,,
401,1,green,yellow,pink,blue,2,5,280,0.142382821671199,0.208958949576152,0.940294759629974,0.177277623516879,0.916,0.084,1,6,1,0,1.701,,,,,,
401,1,green,yellow,pink,blue,2,5,281,0.917758070721783,0.0799866994312071,0.817065560866683,0.341593272889975,0.052,0.948,2,6,0,0,1.649,,,,,,
401,1,green,yellow,pink,blue,2,5,282,0.386918585995299,0.235537707485924,0.986565499762316,0.756837181024675,0.7,0.3,2,1,0,0,2.235,,,,,,
401,1,green,yellow,pink,blue,2,5,283,0.194311864128014,0.916937697174903,0.0418352243268282,0.547566845864276,0.891,0.109,1,6,1,0,3.042,,,,,,
401,1,green,yellow,pink,blue,2,5,284,0.357144212450077,0.725136566458911,0.54286123021611,0.407241881334494,0.875,0.125,1,3,1,0,4.118,,,,,,
401,1,green,yellow,pink,blue,2,5,285,0.401993008248233,0.459714296665167,0.88734819137648,0.788649259853036,0.708,0.292,1,6,0,0,1.205,,,,,,
401,1,green,yellow,pink,blue,2,5,286,0.620520006274487,0.48079458737142,0.0593321128693744,0.427682093460795,0.24,0.76,2,5,1,0,1.87,,,,,,
401,1,green,yellow,pink,blue,2,5,287,0.341348850248375,0.185617861922869,0.65284712242505,0.952549790161551,0.775,0.225,1,4,1,0,1.52,,,,,,
401,1,green,yellow,pink,blue,2,5,288,0.937123684376063,0.989255454944441,0.853929370728145,0.689420865308097,0.061,0.939,2,6,1,0,0.801,,,,,,
401,1,green,yellow,pink,blue,2,5,289,0.707092192713981,0.260434194282408,0.301301085271835,0.639302465702449,0.094,0.906,2,6,1,0,1.483,,,,,,
401,1,green,yellow,pink,blue,2,5,290,0.742794995875313,0.872518799746066,0.514774264637348,0.150191564965554,0.12,0.88,2,3,1,0,2.23,,,,,,
401,1,green,yellow,pink,blue,2,5,291,0.983350805159555,0.348683820337508,0.203313648692671,0.525537565942249,0.018,0.982,2,6,1,0,1.286,,,,,,
401,1,green,yellow,pink,blue,2,5,292,0.418007057918101,0.553489679620655,0.0958129387561831,0.038087602010185,0.649,0.351,1,6,1,0,0.775,,,,,,
401,1,green,yellow,pink,blue,2,5,293,0.898190803048781,0.528902817360554,0.517346442971794,0.11154252277202,0.033,0.967,2,4,1,0,1.358,,,,,,
401,1,green,yellow,pink,blue,2,5,294,0.239052853932657,0.0191571686448555,0.146597543295273,0.898981566567866,0.836,0.164,1,6,0,0,3.288,,,,,,
401,1,green,yellow,pink,blue,2,5,295,0.0805524007945903,0.623413653804549,0.395669843764251,0.0080179295369173,0.953,0.047,1,6,1,0,0.823,,,,,,
401,1,green,yellow,pink,blue,2,5,296,0.157456258982344,0.854803931898178,0.0673032020874048,0.167620107319098,0.903,0.097,1,6,1,0,0.853,,,,,,
401,1,green,yellow,pink,blue,2,5,297,0.999832856503522,0.875101210587869,0.26514364496306,0.135979089051282,0.04,0.96,2,6,1,0,1.129,,,,,,
401,1,green,yellow,pink,blue,2,5,298,0.890011137226979,0.709801854936178,0.981227688092745,0.06998720123204,0.083,0.917,2,4,0,0,1.105,,,,,,
401,1,green,yellow,pink,blue,2,5,299,0.0126067272752413,0.450701409604759,0.337858155466105,0.989802622819999,0.965,0.035,1,5,1,0,2.79,,,,,,
401,1,green,yellow,pink,blue,2,5,300,0.521830080791434,0.312290088833186,0.448339759742454,0.512257267593238,0.415,0.585,1,3,0,1,1.698,,,,,,
401,1,green,yellow,pink,blue,2,5,301,0.570354575980928,0.93976202502669,0.168549292153288,0.468703534443264,0.359,0.641,2,3,1,0,2.047,,,,,,
401,1,green,yellow,pink,blue,2,5,302,0.779983393261128,0.163723746857993,0.192450636474012,0.908197687992673,0.122,0.878,2,6,1,0,1.164,,,,,,
401,1,green,yellow,pink,blue,2,5,303,0.497346147418283,0.39868137454917,0.270527466613889,0.475457130872689,0.509,0.491,1,3,1,1,1.362,,,,,,
401,1,green,yellow,pink,blue,2,5,304,0.173685472268366,0.92446626312695,0.607366786268091,0.405504010432353,0.94,0.06,1,6,1,0,0.683,,,,,,
401,1,green,yellow,pink,blue,2,5,305,0.836608755038064,0.966694571522108,0.410452887821445,0.256178321784329,0.074,0.926,2,5,1,0,1.14,,,,,,
401,1,green,yellow,pink,blue,2,5,306,0.449072571735775,0.750444828251023,0.961307437027267,0.80000512890984,0.596,0.404,1,3,1,1,1.287,,,,,,
401,1,green,yellow,pink,blue,2,5,307,0.584234554119475,0.819849852691455,0.470633027814994,0.975111936067703,0.339,0.661,2,3,0,0,1.47,,,,,,
401,1,green,yellow,pink,blue,2,5,308,0.0759298374219496,0.293273775727289,0.323313975433562,0.0991846349639907,0.959,0.041,1,6,1,0,0.942,,,,,,
401,1,green,yellow,pink,blue,2,5,309,0.604232805300761,0.329989669835607,0.669059009025313,0.577072017598207,0.192,0.808,2,3,1,0,2.97,,,,,,
401,1,green,yellow,pink,blue,2,5,310,0.514294993201579,0.539633879949845,0.898002304348921,0.856937196854383,0.47,0.53,1,3,0,1,1.959,,,,,,
401,1,green,yellow,pink,blue,2,5,311,0.629562897088157,0.593714403613049,0.76448394072803,0.674008258970013,0.18,0.82,2,6,1,0,0.892,,,,,,
401,1,green,yellow,pink,blue,2,5,312,0.791079519635929,0.0407714702750458,0.830543171363348,0.580792176396642,0.105,0.895,2,6,1,0,2.016,,,,,,
401,1,green,yellow,pink,blue,2,5,313,0.135261711160438,0.510377752907119,0.715767444151927,0.665468669069248,0.977,0.023,1,6,1,0,1.643,,,,,,
401,1,green,yellow,pink,blue,2,5,314,0.229545344042447,0.153135137070958,0.352960186943429,0.0920040034911088,0.886,0.114,1,6,1,0,0.955,,,,,,
401,1,green,yellow,pink,blue,2,5,315,0.542212941628493,0.192261280898084,0.58085796043185,0.275672279255117,0.388,0.612,2,2,1,0,1.715,,,,,,
401,1,green,yellow,pink,blue,2,5,316,0.453902752766749,0.669915895652157,0.486518721193796,0.196691392876777,0.631,0.369,1,3,0,0,1.69,,,,,,
401,1,green,yellow,pink,blue,2,5,317,0.0941512212415554,0.572357267052652,0.689956850005311,0.730484137489748,0.978,0.022,1,6,1,0,0.762,,,,,,
401,1,green,yellow,pink,blue,2,5,318,0.0372929860159306,0.69933376626493,0.225710505523603,0.0240299729008238,0.952,0.048,1,6,1,0,1.248,,,,,,
401,1,green,yellow,pink,blue,2,5,319,0.124765848896703,0.118893002308336,0.291494066481874,0.868764098506482,0.932,0.068,1,5,1,0,1.881,,,,,,
401,1,green,yellow,pink,blue,2,5,320,0.723112918727358,0.0773934284919388,0.71958747290346,0.961647300082546,0.181,0.819,2,6,1,0,1.661,,,,,,
401,1,green,yellow,pink,blue,3,1,1,0.668739890533626,0.836858405147023,0.619756388397648,0.621147413135336,0.145,0.855,2,2,1,0,5.382,,,,,,
401,1,green,yellow,pink,blue,3,1,2,0.643652812049545,0.0061956929419335,0.021178758900878,0.930364547800941,0.303,0.697,2,6,1,0,1.358,,,,,,
401,1,green,yellow,pink,blue,3,1,3,0.30704396309159,0.32302387500054,0.56885029451444,0.239511769675746,0.901,0.099,1,6,1,0,3.976,,,,,,
401,1,green,yellow,pink,blue,3,1,4,0.259396059161693,0.423938113802859,0.236158190019979,0.353532926448869,0.937,0.063,1,4,1,0,1.973,,,,,,
401,1,green,yellow,pink,blue,3,1,5,0.560282282040816,0.743196816948522,0.550984605416076,0.286488902671807,0.326,0.674,2,3,0,0,3.016,,,,,,
401,1,green,yellow,pink,blue,3,1,6,0.279101862202974,0.780511304376005,0.676280147798033,0.224467378140566,0.887,0.113,1,6,1,0,1.135,,,,,,
401,1,green,yellow,pink,blue,3,1,7,0.0624022781974721,0.972055679876438,0.384005156180461,0.535302214130336,0.961,0.039,1,5,1,0,2.801,,,,,,
401,1,green,yellow,pink,blue,3,1,8,0.368781750397207,0.681470479602674,0.464656648491846,0.386738180986358,0.871,0.129,1,4,1,0,1.519,,,,,,
401,1,green,yellow,pink,blue,3,1,9,0.209762005619064,0.486243430990054,0.432240567895658,0.306481344796141,0.976,0.024,1,6,1,0,1.052,,,,,,
401,1,green,yellow,pink,blue,3,1,10,0.42623917715209,0.600589097519857,0.874976781347797,0.840077110185904,0.654,0.346,1,2,0,0,6.115,,,,,,
401,1,green,yellow,pink,blue,3,1,11,0.810202524534059,0.413610662851678,0.130113630315302,0.21154987591149,0.072,0.928,2,4,1,0,2.801,,,,,,
401,1,green,yellow,pink,blue,3,1,12,0.28663432249509,0.893502535412372,0.74222419018415,0.0584169820062348,0.816,0.184,1,6,0,0,0.977,,,,,,
401,1,green,yellow,pink,blue,3,1,13,0.762698578286559,0.0510826280312266,0.765678719713664,0.374126232599594,0.114,0.886,2,3,1,0,3.326,,,,,,
401,1,green,yellow,pink,blue,3,1,14,0.691684155553688,0.628781682491974,0.0891465757600416,0.644075902056584,0.147,0.853,2,3,1,0,2.617,,,,,,
401,1,green,yellow,pink,blue,3,1,15,0.81354718598196,0.79494350416648,0.118342399288684,0.709410750900008,0.082,0.918,2,6,1,0,1.746,,,,,,
401,1,green,yellow,pink,blue,3,1,16,0.0249281993510481,0.64593061588803,0.919448450958672,0.605508519551352,0.97,0.03,1,6,1,0,2.067,,,,,,
401,1,green,yellow,pink,blue,3,1,17,0.968263456341289,0.380147732238236,0.362810077710802,0.440175317543561,0.011,0.989,2,6,1,0,2.224,,,,,,
401,1,green,yellow,pink,blue,3,1,18,0.952851050517827,0.274575705210488,0.805975520964669,0.489451272401735,0.025,0.975,2,6,1,0,1.935,,,,,,
401,1,green,yellow,pink,blue,3,1,19,0.869635552548436,0.103615334989103,0.630869382751411,0.814901811866238,0.06,0.94,2,6,1,0,1.656,,,,,,
401,1,green,yellow,pink,blue,3,1,20,0.323908119054758,0.808682618317059,0.172264650143004,0.87765434683234,0.792,0.208,1,3,1,0,4.702,,,,,,
401,1,green,yellow,pink,blue,3,1,21,0.477438427290045,0.230609183227702,0.794288090028266,0.768196656812969,0.552,0.448,1,3,1,1,8.028,,,,,,
401,1,green,yellow,pink,blue,3,1,22,0.67906787044112,0.372511307756068,0.937443090595211,0.316588030033855,0.174,0.826,2,2,1,0,2.227,,,,,,
401,1,green,yellow,pink,blue,3,1,23,0.845018624257309,0.129303361221462,0.0057837637680168,0.738038494401572,0.099,0.901,2,6,1,0,1.297,,,,,,
401,1,green,yellow,pink,blue,3,1,24,0.142382821671199,0.208958949576152,0.940294759629974,0.177277623516879,0.916,0.084,1,6,1,0,2.28,,,,,,
401,1,green,yellow,pink,blue,3,1,25,0.917758070721783,0.0799866994312071,0.817065560866683,0.341593272889975,0.052,0.948,2,5,0,0,1.71,,,,,,
401,1,green,yellow,pink,blue,3,1,26,0.386918585995299,0.235537707485924,0.986565499762316,0.756837181024675,0.7,0.3,1,6,1,0,2.869,,,,,,
401,1,green,yellow,pink,blue,3,1,27,0.194311864128014,0.916937697174903,0.0418352243268282,0.547566845864276,0.891,0.109,1,6,1,0,1.67,,,,,,
401,1,green,yellow,pink,blue,3,1,28,0.357144212450077,0.725136566458911,0.54286123021611,0.407241881334494,0.875,0.125,1,6,1,0,2.917,,,,,,
401,1,green,yellow,pink,blue,3,1,29,0.401993008248233,0.459714296665167,0.88734819137648,0.788649259853036,0.708,0.292,1,6,0,0,2.334,,,,,,
401,1,green,yellow,pink,blue,3,1,30,0.620520006274487,0.48079458737142,0.0593321128693744,0.427682093460795,0.24,0.76,2,2,1,0,3.306,,,,,,
401,1,green,yellow,pink,blue,3,1,31,0.341348850248375,0.185617861922869,0.65284712242505,0.952549790161551,0.775,0.225,1,6,1,0,1.057,,,,,,
401,1,green,yellow,pink,blue,3,1,32,0.937123684376063,0.989255454944441,0.853929370728145,0.689420865308097,0.061,0.939,2,6,1,0,1.353,,,,,,
401,1,green,yellow,pink,blue,3,1,33,0.707092192713981,0.260434194282408,0.301301085271835,0.639302465702449,0.094,0.906,2,6,1,0,2.398,,,,,,
401,1,green,yellow,pink,blue,3,1,34,0.742794995875313,0.872518799746066,0.514774264637348,0.150191564965554,0.12,0.88,2,1,1,0,3.222,,,,,,
401,1,green,yellow,pink,blue,3,1,35,0.983350805159555,0.348683820337508,0.203313648692671,0.525537565942249,0.018,0.982,2,6,1,0,1.012,,,,,,
401,1,green,yellow,pink,blue,3,1,36,0.418007057918101,0.553489679620655,0.0958129387561831,0.038087602010185,0.649,0.351,1,2,1,0,1.222,,,,,,
401,1,green,yellow,pink,blue,3,1,37,0.898190803048781,0.528902817360554,0.517346442971794,0.11154252277202,0.033,0.967,2,3,1,0,2.734,,,,,,
401,1,green,yellow,pink,blue,3,1,38,0.239052853932657,0.0191571686448555,0.146597543295273,0.898981566567866,0.836,0.164,1,3,0,0,1.67,,,,,,
401,1,green,yellow,pink,blue,3,1,39,0.0805524007945903,0.623413653804549,0.395669843764251,0.0080179295369173,0.953,0.047,1,6,1,0,1.102,,,,,,
401,1,green,yellow,pink,blue,3,1,40,0.157456258982344,0.854803931898178,0.0673032020874048,0.167620107319098,0.903,0.097,1,6,1,0,1.151,,,,,,
401,1,green,yellow,pink,blue,3,1,41,0.999832856503522,0.875101210587869,0.26514364496306,0.135979089051282,0.04,0.96,2,2,1,0,2.735,,,,,,
401,1,green,yellow,pink,blue,3,1,42,0.890011137226979,0.709801854936178,0.981227688092745,0.06998720123204,0.083,0.917,2,4,0,0,2.768,,,,,,
401,1,green,yellow,pink,blue,3,1,43,0.0126067272752413,0.450701409604759,0.337858155466105,0.989802622819999,0.965,0.035,1,6,1,0,2.029,,,,,,
401,1,green,yellow,pink,blue,3,1,44,0.521830080791434,0.312290088833186,0.448339759742454,0.512257267593238,0.415,0.585,1,2,0,1,2.105,,,,,,
401,1,green,yellow,pink,blue,3,1,45,0.570354575980928,0.93976202502669,0.168549292153288,0.468703534443264,0.359,0.641,2,2,1,0,2.729,,,,,,
401,1,green,yellow,pink,blue,3,1,46,0.779983393261128,0.163723746857993,0.192450636474012,0.908197687992673,0.122,0.878,2,6,1,0,0.989,,,,,,
401,1,green,yellow,pink,blue,3,1,47,0.497346147418283,0.39868137454917,0.270527466613889,0.475457130872689,0.509,0.491,1,2,1,1,1.389,,,,,,
401,1,green,yellow,pink,blue,3,1,48,0.173685472268366,0.92446626312695,0.607366786268091,0.405504010432353,0.94,0.06,1,6,1,0,0.955,,,,,,
401,1,green,yellow,pink,blue,3,1,49,0.836608755038064,0.966694571522108,0.410452887821445,0.256178321784329,0.074,0.926,2,4,1,0,1.951,,,,,,
401,1,green,yellow,pink,blue,3,1,50,0.449072571735775,0.750444828251023,0.961307437027267,0.80000512890984,0.596,0.404,1,2,1,1,2.376,,,,,,
401,1,green,yellow,pink,blue,3,1,51,0.584234554119475,0.819849852691455,0.470633027814994,0.975111936067703,0.339,0.661,2,5,0,0,2.19,,,,,,
401,1,green,yellow,pink,blue,3,1,52,0.0759298374219496,0.293273775727289,0.323313975433562,0.0991846349639907,0.959,0.041,1,6,1,0,0.823,,,,,,
401,1,green,yellow,pink,blue,3,1,53,0.604232805300761,0.329989669835607,0.669059009025313,0.577072017598207,0.192,0.808,1,1,0,0,2.782,,,,,,
401,1,green,yellow,pink,blue,3,1,54,0.514294993201579,0.539633879949845,0.898002304348921,0.856937196854383,0.47,0.53,2,3,0,1,2.018,,,,,,
401,1,green,yellow,pink,blue,3,1,55,0.629562897088157,0.593714403613049,0.76448394072803,0.674008258970013,0.18,0.82,2,6,1,0,1.131,,,,,,
401,1,green,yellow,pink,blue,3,1,56,0.791079519635929,0.0407714702750458,0.830543171363348,0.580792176396642,0.105,0.895,2,6,1,0,2.024,,,,,,
401,1,green,yellow,pink,blue,3,1,57,0.135261711160438,0.510377752907119,0.715767444151927,0.665468669069248,0.977,0.023,1,6,1,0,0.979,,,,,,
401,1,green,yellow,pink,blue,3,1,58,0.229545344042447,0.153135137070958,0.352960186943429,0.0920040034911088,0.886,0.114,1,6,1,0,0.988,,,,,,
401,1,green,yellow,pink,blue,3,1,59,0.542212941628493,0.192261280898084,0.58085796043185,0.275672279255117,0.388,0.612,2,4,1,0,4.993,,,,,,
401,1,green,yellow,pink,blue,3,1,60,0.453902752766749,0.669915895652157,0.486518721193796,0.196691392876777,0.631,0.369,1,5,0,0,0.841,,,,,,
401,1,green,yellow,pink,blue,3,1,61,0.0941512212415554,0.572357267052652,0.689956850005311,0.730484137489748,0.978,0.022,1,6,1,0,0.904,,,,,,
401,1,green,yellow,pink,blue,3,1,62,0.0372929860159306,0.69933376626493,0.225710505523603,0.0240299729008238,0.952,0.048,1,6,1,0,0.843,,,,,,
401,1,green,yellow,pink,blue,3,1,63,0.124765848896703,0.118893002308336,0.291494066481874,0.868764098506482,0.932,0.068,1,6,1,0,1.28,,,,,,
401,1,green,yellow,pink,blue,3,1,64,0.723112918727358,0.0773934284919388,0.71958747290346,0.961647300082546,0.181,0.819,2,6,1,0,2.891,,,,,,
401,1,green,yellow,pink,blue,3,2,65,0.216311158181047,0.416654005693101,0.053602231876744,0.970285397354559,0.869,0.131,1,6,1,0,1.953,,,,,,
401,1,green,yellow,pink,blue,3,2,66,0.461675638837662,0.16596214667954,0.132328713848798,0.374491595270014,0.583,0.417,2,1,0,1,3.665,,,,,,
401,1,green,yellow,pink,blue,3,2,67,0.0661772084457631,0.996427327255058,0.675656172546042,0.0139136409585791,0.925,0.075,1,6,1,0,0.966,,,,,,
401,1,green,yellow,pink,blue,3,2,68,0.818774955374998,0.175007714389181,0.477362970458626,0.607340825647061,0.041,0.959,2,6,1,0,1.811,,,,,,
401,1,green,yellow,pink,blue,3,2,69,0.769724916567574,0.553290794366908,0.998623533653993,0.182468042294895,0.124,0.876,2,1,1,0,8.501,,,,,,
401,1,green,yellow,pink,blue,3,2,70,0.398424727304472,0.431245366618416,0.741379769703371,0.807450741104266,0.744,0.256,2,1,0,0,1.63,,,,,,
401,1,green,yellow,pink,blue,3,2,71,0.702809693591287,0.810935149170552,0.318906350320923,0.279533403463841,0.125,0.875,2,3,1,0,2.214,,,,,,
401,1,green,yellow,pink,blue,3,2,72,0.332151828414534,0.202493498853467,0.878399319615694,0.771492631108552,0.793,0.207,1,6,1,0,0.992,,,,,,
401,1,green,yellow,pink,blue,3,2,73,0.930774729967722,0.94897209740666,0.19457722199179,0.318056611663276,0.053,0.947,2,6,1,0,2.44,,,,,,
401,1,green,yellow,pink,blue,3,2,74,0.709171279246674,0.5078806633787,0.462927867862711,0.212959218422202,0.076,0.924,2,4,1,0,2.208,,,,,,
401,1,green,yellow,pink,blue,3,2,75,0.867123798845037,0.463444754900977,0.529016929489245,0.497867758025548,0.007,0.993,2,6,1,0,1.16,,,,,,
401,1,green,yellow,pink,blue,3,2,76,0.305784612373368,0.288650943214681,0.831367163684447,0.13259737288337,0.828,0.172,1,5,1,0,1.364,,,,,,
401,1,green,yellow,pink,blue,3,2,77,0.527687405121559,0.67575411552321,0.222971413706582,0.817273006592178,0.434,0.566,2,3,1,1,3.117,,,,,,
401,1,green,yellow,pink,blue,3,2,78,0.652768307147625,0.722040398342281,0.288588957858895,0.386762690277132,0.145,0.855,2,3,1,0,2.034,,,,,,
401,1,green,yellow,pink,blue,3,2,79,0.424126284059896,0.150410630743971,0.694869750781094,0.721816131225215,0.673,0.327,1,5,0,0,2.899,,,,,,
401,1,green,yellow,pink,blue,3,2,80,0.613637309768047,0.308160821953549,0.717509297054551,0.234924118250579,0.232,0.768,2,4,0,0,1.958,,,,,,
401,1,green,yellow,pink,blue,3,2,81,0.0355741864228817,0.34428796122301,0.306652464023829,0.0464950772584041,0.962,0.038,1,6,1,0,0.856,,,,,,
401,1,green,yellow,pink,blue,3,2,82,0.0254503690606993,0.7066579579959,0.273484998454153,0.873421945762727,0.967,0.033,1,6,1,0,1.248,,,,,,
401,1,green,yellow,pink,blue,3,2,83,0.991323538528396,0.585576105107547,0.243310155768205,0.635691719493536,0.016,0.984,2,6,1,0,1.354,,,,,,
401,1,green,yellow,pink,blue,3,2,84,0.280520467790048,0.0939419691863985,0.790290412329087,0.536915440478417,0.864,0.136,1,6,1,0,1.732,,,,,,
401,1,green,yellow,pink,blue,3,2,85,0.761918786328041,0.571135866346619,0.408309418053212,0.567488896522412,0.019,0.981,2,6,1,0,1.338,,,,,,
401,1,green,yellow,pink,blue,3,2,86,0.0805321522635968,0.13191620219219,0.346924811706012,0.530578014403069,0.969,0.031,1,5,1,0,1.429,,,,,,
401,1,green,yellow,pink,blue,3,2,87,0.0978939178829735,0.770865855522504,0.975947832480918,0.792887995761,0.932,0.068,1,6,1,0,1.299,,,,,,
401,1,green,yellow,pink,blue,3,2,88,0.116597965730697,0.0214573725080992,0.816742489995431,0.667924324066789,0.93,0.07,1,6,1,0,1.316,,,,,,
401,1,green,yellow,pink,blue,3,2,89,0.0523189374167332,0.610239230278639,0.612535807227864,0.68112151779036,0.986,0.014,1,6,1,0,1.975,,,,,,
401,1,green,yellow,pink,blue,3,2,90,0.479239078840192,0.813785160670666,0.0961046521252081,0.113159794546134,0.538,0.462,2,2,0,1,2.282,,,,,,
401,1,green,yellow,pink,blue,3,2,91,0.964834342302799,0.8992241663526,0.261320746303831,0.853725095994298,0.047,0.953,2,6,1,0,1.699,,,,,,
401,1,green,yellow,pink,blue,3,2,92,0.172150331648759,0.694698853049956,0.0321047092982934,0.353225836229271,0.924,0.076,1,6,1,0,1.093,,,,,,
401,1,green,yellow,pink,blue,3,2,93,0.539657055859296,0.0570611015357801,0.58398466139574,0.508841819561266,0.405,0.595,2,2,1,1,5.371,,,,,,
401,1,green,yellow,pink,blue,3,2,94,0.0061903145155142,0.974353543085689,0.921696335959626,0.451608545007083,0.951,0.049,1,6,1,0,1.139,,,,,,
401,1,green,yellow,pink,blue,3,2,95,0.947228157939887,0.73990624814669,0.166005172846423,0.744646224290639,0.036,0.964,2,6,1,0,1.28,,,,,,
401,1,green,yellow,pink,blue,3,2,96,0.896135742457618,0.0718116992879452,0.655120296134241,0.261013254266472,0.052,0.948,2,3,1,0,2.384,,,,,,
401,1,green,yellow,pink,blue,3,2,97,0.282405789486114,0.861001348219159,0.938209378456921,0.654649739020415,0.835,0.165,1,6,1,0,1.345,,,,,,
401,1,green,yellow,pink,blue,3,2,98,0.639304555664548,0.474958769027475,0.331326637597477,0.140968358712479,0.192,0.808,1,3,0,0,2.812,,,,,,
401,1,green,yellow,pink,blue,3,2,99,0.375939120224026,0.215020909884006,0.0694106788774475,0.968205113315902,0.696,0.304,1,6,1,0,0.921,,,,,,
401,1,green,yellow,pink,blue,3,2,100,0.68322502077239,0.235432401333525,0.606761554366813,0.0503333783052479,0.183,0.817,2,1,1,0,2.128,,,,,,
401,1,green,yellow,pink,blue,3,2,101,0.320936723032268,0.526147753125389,0.4997209910662,0.311616211703298,0.935,0.065,1,4,1,0,1.508,,,,,,
401,1,green,yellow,pink,blue,3,2,102,0.171757176320314,0.380232359615139,0.0048502274204044,0.462999075464742,0.927,0.073,1,4,1,0,0.811,,,,,,
401,1,green,yellow,pink,blue,3,2,103,0.800154709129512,0.926964607991806,0.867119269836179,0.474808029371542,0.098,0.902,2,6,1,0,0.934,,,,,,
401,1,green,yellow,pink,blue,3,2,104,0.581930100743821,0.640633610264146,0.763616689395031,0.99250217194404,0.344,0.656,2,6,1,0,0.936,,,,,,
401,1,green,yellow,pink,blue,3,2,105,0.547758852829997,0.312929288582161,0.928843557924981,0.281743720122666,0.398,0.602,2,1,1,0,2.764,,,,,,
401,1,green,yellow,pink,blue,3,2,106,0.830144220227728,0.446522369979954,0.122152851286478,0.952558211827425,0.09,0.91,2,6,1,0,1.965,,,,,,
401,1,green,yellow,pink,blue,3,2,107,0.451230078353294,0.273726568152892,0.149132112969248,0.892963169254359,0.596,0.404,1,6,1,1,1.343,,,,,,
401,1,green,yellow,pink,blue,3,2,108,0.1312020396829,0.256369265446959,0.659739010004416,0.420951434557996,0.974,0.026,1,4,1,0,0.999,,,,,,
401,1,green,yellow,pink,blue,3,2,109,0.662493958072742,0.850580480298622,0.852679200062691,0.716395785778121,0.211,0.789,2,6,1,0,0.956,,,,,,
401,1,green,yellow,pink,blue,3,2,110,0.719750368557087,0.917210243779598,0.185095873777176,0.189160002316441,0.169,0.831,2,1,1,0,3.153,,,,,,
401,1,green,yellow,pink,blue,3,2,111,0.357109175236477,0.96356053410652,0.956565540438567,0.61008443173506,0.73,0.27,1,6,1,0,1.878,,,,,,
401,1,green,yellow,pink,blue,3,2,112,0.795455505347399,0.34086142501057,0.0810118411374448,0.162571921426329,0.1,0.9,2,1,1,0,2.783,,,,,,
401,1,green,yellow,pink,blue,3,2,113,0.852671649168681,0.660051422961755,0.726483102316261,0.0295814690248864,0.071,0.929,2,2,1,0,1.296,,,,,,
401,1,green,yellow,pink,blue,3,2,114,0.247897028567196,0.122548994687937,0.776156931698882,0.923935056214323,0.852,0.148,1,6,0,0,1.887,,,,,,
401,1,green,yellow,pink,blue,3,2,115,0.974029907277073,0.833112894948433,0.900732527828115,0.0905371540449847,0.056,0.944,2,6,1,0,1.261,,,,,,
401,1,green,yellow,pink,blue,3,2,116,0.141921856470565,0.753699382712893,0.366093629844612,0.5883262366242,0.973,0.027,1,6,1,0,1.45,,,,,,
401,1,green,yellow,pink,blue,3,2,117,0.913718193299082,0.0916828766208539,0.400202321064429,0.403820773559092,0.035,0.965,2,6,0,0,1.323,,,,,,
401,1,green,yellow,pink,blue,3,2,118,0.569708256280687,0.0391150760272224,0.385829254992588,0.69309866923893,0.353,0.647,2,3,1,0,1.486,,,,,,
401,1,green,yellow,pink,blue,3,2,119,0.364241419560434,0.531652726318015,0.0310607521343815,0.842667777455927,0.741,0.259,1,6,1,0,1.179,,,,,,
401,1,green,yellow,pink,blue,3,2,120,0.262705258418553,0.395134478185325,0.537662906057856,0.105352986945074,0.906,0.094,1,6,1,0,0.82,,,,,,
401,1,green,yellow,pink,blue,3,2,121,0.740769114997138,0.0058685647840687,0.210701246621433,0.906291101395759,0.176,0.824,2,6,1,0,1.478,,,,,,
401,1,green,yellow,pink,blue,3,2,122,0.413247936632234,0.490290160920806,0.638012093684518,0.0743154392764135,0.698,0.302,1,6,1,0,1.052,,,,,,
401,1,green,yellow,pink,blue,3,2,123,0.194871593278151,0.233732854844346,0.43225956574247,0.876234731588563,0.928,0.072,1,6,1,0,1.226,,,,,,
401,1,green,yellow,pink,blue,3,2,124,0.229668708666466,0.791450893540823,0.55487011050667,0.755792633839814,0.93,0.07,1,6,1,0,1.151,,,,,,
401,1,green,yellow,pink,blue,3,2,125,0.881325224029112,0.602604547661312,0.809264209218327,0.430335781614468,0.028,0.972,2,6,1,0,1.13,,,,,,
401,1,green,yellow,pink,blue,3,2,126,0.503778573412247,0.359600833836456,0.509638079186732,0.555912782110529,0.484,0.516,2,3,1,1,1.442,,,,,,
401,1,green,yellow,pink,blue,3,2,127,0.493680356063282,0.883780344063905,0.566447998829902,0.330040150699215,0.516,0.484,1,6,1,1,1.309,,,,,,
401,1,green,yellow,pink,blue,3,2,128,0.596898303118843,0.629239126729336,0.438881269274505,0.22726455875849,0.232,0.768,2,3,1,0,1.943,,,,,,
401,1,green,yellow,pink,blue,3,3,129,0.34120226285957,0.785298841958024,0.846616246824817,0.573865013828714,0.814,0.186,1,6,1,0,1.345,,,,,,
401,1,green,yellow,pink,blue,3,3,130,0.71361227166988,0.990351845794709,0.0862575442358166,0.850777091318574,0.208,0.792,2,6,0,0,2.31,,,,,,
401,1,green,yellow,pink,blue,3,3,131,0.520679567859338,0.261334043895714,0.816899316781137,0.0885103439426583,0.459,0.541,2,3,0,1,2.564,,,,,,
401,1,green,yellow,pink,blue,3,3,132,0.243295403639686,0.487231971375361,0.330028607732902,0.357966556555625,0.965,0.035,1,6,1,0,1.229,,,,,,
401,1,green,yellow,pink,blue,3,3,133,0.996383451466841,0.860435006934582,0.118169537162816,0.186032288303404,0.045,0.955,2,3,1,0,1.932,,,,,,
401,1,green,yellow,pink,blue,3,3,134,0.666313738147346,0.912612041314982,0.445873756825185,0.782126194244032,0.193,0.807,2,6,1,0,1.554,,,,,,
401,1,green,yellow,pink,blue,3,3,135,0.911310359318029,0.686135492924009,0.689889876387021,0.887132336327414,0.041,0.959,2,6,1,0,0.748,,,,,,
401,1,green,yellow,pink,blue,3,3,136,0.650194674486099,0.162883930408951,0.25885535233121,0.0459486794902546,0.248,0.752,2,2,1,0,1.936,,,,,,
401,1,green,yellow,pink,blue,3,3,137,0.95070141887942,0.930351996876063,0.734350185014626,0.540019836944645,0.037,0.963,2,6,1,0,1.824,,,,,,
401,1,green,yellow,pink,blue,3,3,138,0.425931840161827,0.328154487289635,0.349856522734608,0.749025207813361,0.705,0.295,1,3,1,0,4.071,,,,,,
401,1,green,yellow,pink,blue,3,3,139,0.502480064131705,0.634618002676253,0.0393041070478269,0.967565750936766,0.496,0.504,2,6,1,1,1.789,,,,,,
401,1,green,yellow,pink,blue,3,3,140,0.373395313411117,0.306000067621702,0.36453463337226,0.223600658334118,0.801,0.199,1,6,1,0,0.766,,,,,,
401,1,green,yellow,pink,blue,3,3,141,0.543894944157122,0.0666475981090996,0.492237116702174,0.156891274763799,0.411,0.589,2,3,1,1,1.858,,,,,,
401,1,green,yellow,pink,blue,3,3,142,0.224952121184622,0.981308661442537,0.462571227448269,0.0761779414797616,0.866,0.134,1,6,1,0,0.79,,,,,,
401,1,green,yellow,pink,blue,3,3,143,0.692683241465939,0.808374939466631,0.768091449400347,0.204111797858666,0.163,0.837,2,3,0,0,2.143,,,,,,
401,1,green,yellow,pink,blue,3,3,144,0.614362994279361,0.137233603458144,0.55058528687389,0.272683001735214,0.245,0.755,2,3,1,0,2.127,,,,,,
401,1,green,yellow,pink,blue,3,3,145,0.931441712561605,0.520154861504756,0.674881709802417,0.559603641964521,0.011,0.989,2,6,1,0,0.933,,,,,,
401,1,green,yellow,pink,blue,3,3,146,0.448968673514318,0.704437514849103,0.615500718554451,0.63851199393116,0.665,0.335,2,4,1,0,2.581,,,,,,
401,1,green,yellow,pink,blue,3,3,147,0.114897974645382,0.88139974345028,0.995181707615562,0.763873193016209,0.915,0.085,1,6,1,0,0.86,,,,,,
401,1,green,yellow,pink,blue,3,3,148,0.781420248219517,0.224286870170388,0.901634046022629,0.252242390304056,0.104,0.896,2,3,1,0,1.251,,,,,,
401,1,green,yellow,pink,blue,3,3,149,0.386131288263249,0.42662242826469,0.0665121892653936,0.516724970538595,0.751,0.249,1,3,1,0,2.603,,,,,,
401,1,green,yellow,pink,blue,3,3,150,0.485544007026242,0.765586591114082,0.426008547622374,0.673437733562482,0.544,0.456,2,6,1,1,1.215,,,,,,
401,1,green,yellow,pink,blue,3,3,151,0.861714931873396,0.777397313386387,0.965673940170621,0.0220563183282249,0.104,0.896,1,3,0,0,2.134,,,,,,
401,1,green,yellow,pink,blue,3,3,152,0.0157978182613531,0.837654247847894,0.865156824786048,0.981936799588373,0.942,0.058,1,6,1,0,1.046,,,,,,
401,1,green,yellow,pink,blue,3,3,153,0.958579741552708,0.288910027236324,0.0311812308623358,0.455346305354005,0.039,0.961,2,6,1,0,1.314,,,,,,
401,1,green,yellow,pink,blue,3,3,154,0.902342372337636,0.967891404455758,0.589041429029792,0.831766687089361,0.061,0.939,2,6,1,0,0.813,,,,,,
401,1,green,yellow,pink,blue,3,3,155,0.585122560777452,0.153832707078831,0.569760298055939,0.485685566748996,0.275,0.725,2,3,0,0,1.999,,,,,,
401,1,green,yellow,pink,blue,3,3,156,0.002653513307102,0.554067115972003,0.947065942690244,0.798528590603321,0.964,0.036,1,6,1,0,1.247,,,,,,
401,1,green,yellow,pink,blue,3,3,157,0.6016322445563,0.74939199666922,0.803138310598818,0.911216698609994,0.308,0.692,2,6,0,0,0.787,,,,,,
401,1,green,yellow,pink,blue,3,3,158,0.548638566831648,0.69711837330429,0.324247628802898,0.449665034645362,0.341,0.659,2,4,0,0,1.732,,,,,,
401,1,green,yellow,pink,blue,3,3,159,0.049971304156155,0.825147045810583,0.831124121323246,0.873636241493805,0.948,0.052,1,6,1,0,1.201,,,,,,
401,1,green,yellow,pink,blue,3,3,160,0.816816519786522,0.669889009452177,0.875695463382463,0.105615478317214,0.091,0.909,1,2,0,0,1.962,,,,,,
401,1,green,yellow,pink,blue,3,3,161,0.106556482430764,0.0981326246296176,0.382162645910998,0.776411052327085,0.95,0.05,1,6,1,0,1.168,,,,,,
401,1,green,yellow,pink,blue,3,3,162,0.395970012462434,0.950572508311954,0.520127764473795,0.824126997397723,0.699,0.301,1,3,0,0,1.275,,,,,,
401,1,green,yellow,pink,blue,3,3,163,0.838657476290926,0.622977482774158,0.312494093574991,0.891712414986351,0.056,0.944,2,5,0,0,1.786,,,,,,
401,1,green,yellow,pink,blue,3,3,164,0.974818862483253,0.0418376531501028,0.934390494355129,0.469652941671972,0.052,0.948,2,6,0,0,1.447,,,,,,
401,1,green,yellow,pink,blue,3,3,165,0.298969375303164,0.514236973273216,0.705534949201884,0.661245886747386,0.928,0.072,1,6,1,0,1.626,,,,,,
401,1,green,yellow,pink,blue,3,3,166,0.462955948401054,0.346088926848452,0.246103382124468,0.6237321525319,0.611,0.389,1,6,0,0,0.959,,,,,,
401,1,green,yellow,pink,blue,3,3,167,0.199712301706502,0.852382214883902,0.541024493090165,0.925808156514371,0.904,0.096,1,6,1,0,1.213,,,,,,
401,1,green,yellow,pink,blue,3,3,168,0.568426455050407,0.566099369191432,0.268476688710935,0.582086313815144,0.279,0.721,2,3,1,0,1.449,,,,,,
401,1,green,yellow,pink,blue,3,3,169,0.858196991995125,0.404909933879367,0.215155878057666,0.110820308031893,0.058,0.942,2,3,1,0,0.828,,,,,,
401,1,green,yellow,pink,blue,3,3,170,0.419006352020086,0.455687890893066,0.0116165277768348,0.0128878321293128,0.634,0.366,1,4,1,0,0.92,,,,,,
401,1,green,yellow,pink,blue,3,3,171,0.137508978090287,0.207199472820146,0.168212249200865,0.298874728780165,0.944,0.056,1,6,1,0,0.628,,,,,,
401,1,green,yellow,pink,blue,3,3,172,0.87595431150623,0.26894231188811,0.472700159703855,0.389655667317231,0.02,0.98,2,6,1,0,0.986,,,,,,
401,1,green,yellow,pink,blue,3,3,173,0.0433276889655843,0.598621625588083,0.224869418907418,0.600688959609506,0.982,0.018,1,6,1,0,2.654,,,,,,
401,1,green,yellow,pink,blue,3,3,174,0.162466070922861,0.0541709508329492,0.595136361624065,0.150396738386091,0.917,0.083,1,6,1,0,1.403,,,,,,
401,1,green,yellow,pink,blue,3,3,175,0.802669819394051,0.387536320847981,0.647930767217589,0.434420956962696,0.021,0.979,2,6,1,0,0.825,,,,,,
401,1,green,yellow,pink,blue,3,3,176,0.0697062738996876,0.241106146800338,0.0558547559796398,0.325301240573175,0.952,0.048,1,6,1,0,0.676,,,,,,
401,1,green,yellow,pink,blue,3,3,177,0.279031496523457,0.183118865253396,0.398894883733285,0.696989164100331,0.902,0.098,1,6,1,0,4.809,,,,,,
401,1,green,yellow,pink,blue,3,3,178,0.675996797177312,0.581851570017217,0.91859928504167,0.282528828942917,0.173,0.827,2,6,1,0,3.659,,,,,,
401,1,green,yellow,pink,blue,3,3,179,0.292504393405734,0.536385234850706,0.511286933617036,0.733751206485041,0.94,0.06,1,6,1,0,1.136,,,,,,
401,1,green,yellow,pink,blue,3,3,180,0.747590555939986,0.440337709778753,0.421078001828498,0.406434916930042,0.022,0.978,2,6,1,0,1.621,,,,,,
401,1,green,yellow,pink,blue,3,3,181,0.327836581816503,0.0901983074521341,0.75971633626195,0.190291549507604,0.791,0.209,1,6,0,0,0.768,,,,,,
401,1,green,yellow,pink,blue,3,3,182,0.172908156049298,0.194028630095155,0.149224474084807,0.364017463583631,0.933,0.067,1,6,1,0,0.745,,,,,,
401,1,green,yellow,pink,blue,3,3,183,0.210921867176522,0.121313658847013,0.181021864346086,0.394731934975125,0.91,0.09,1,6,1,0,0.788,,,,,,
401,1,green,yellow,pink,blue,3,3,184,0.0927625415505083,0.472784840667273,0.19537643172296,0.500559538102206,0.978,0.022,1,6,1,0,1.36,,,,,,
401,1,green,yellow,pink,blue,3,3,185,0.260509619389194,0.0240827088895237,0.285626997593464,0.3303840531633,0.866,0.134,1,6,0,0,0.522,,,,,,
401,1,green,yellow,pink,blue,3,3,186,0.761424509980695,0.897611382161925,0.661629452674919,0.94739745452866,0.138,0.862,2,6,1,0,0.715,,,,,,
401,1,green,yellow,pink,blue,3,3,187,0.776688078490544,0.414404739151403,0.735036202789725,0.99294179538271,0.109,0.891,2,6,1,0,0.684,,,,,,
401,1,green,yellow,pink,blue,3,3,188,0.343976242850769,0.0067027919754224,0.0989330550579174,0.235544515191795,0.74,0.26,1,6,1,0,0.761,,,,,,
401,1,green,yellow,pink,blue,3,3,189,0.14967276104444,0.647815467335501,0.781820710103535,0.641179865582644,0.965,0.035,1,6,1,0,0.987,,,,,,
401,1,green,yellow,pink,blue,3,3,190,0.633397535554497,0.359444265206765,0.981005430990119,0.0476117550084967,0.286,0.714,1,4,0,0,1.935,,,,,,
401,1,green,yellow,pink,blue,3,3,191,0.469934169898767,0.72198712289586,0.630862441254331,0.714402371324659,0.589,0.411,2,4,0,1,2.661,,,,,,
401,1,green,yellow,pink,blue,3,3,192,0.730022439980466,0.32320689745275,0.137081048360697,0.1311451538827,0.141,0.859,2,3,1,0,2.0,,,,,,
401,1,green,yellow,pink,blue,3,4,193,0.322741157580972,0.692216454613736,0.0057231568700117,0.555385494126585,0.81,0.19,1,6,0,0,1.068,,,,,,
401,1,green,yellow,pink,blue,3,4,194,0.679493030017613,0.904464095963874,0.428742662516516,0.287524340011705,0.163,0.837,2,6,1,0,0.836,,,,,,
401,1,green,yellow,pink,blue,3,4,195,0.832154183344299,0.993491924034582,0.192418044570786,0.904779319815452,0.115,0.885,2,6,1,0,1.121,,,,,,
401,1,green,yellow,pink,blue,3,4,196,0.497735791788867,0.0324717029186309,0.886388312930968,0.384733863245637,0.504,0.496,2,3,0,1,6.832,,,,,,
401,1,green,yellow,pink,blue,3,4,197,0.580296822451518,0.665414854355057,0.656737166689589,0.817810844313882,0.298,0.702,2,6,1,0,0.857,,,,,,
401,1,green,yellow,pink,blue,3,4,198,0.917125636482503,0.835585543245369,0.161432196445,0.604126507295584,0.043,0.957,2,2,1,0,2.251,,,,,,
401,1,green,yellow,pink,blue,3,4,199,0.418010045901444,0.801203033942091,0.840677496714549,0.461625995668907,0.686,0.314,1,6,0,0,0.87,,,,,,
401,1,green,yellow,pink,blue,3,4,200,0.329156356861636,0.573205671871384,0.183472796944183,0.631294348730787,0.868,0.132,1,6,1,0,4.827,,,,,,
401,1,green,yellow,pink,blue,3,4,201,0.051599029459606,0.749892788778607,0.378485887281119,0.0347336579207146,0.956,0.044,1,6,1,0,0.592,,,,,,
401,1,green,yellow,pink,blue,3,4,202,0.154283254329634,0.509125495120763,0.412634185788542,0.797316766151066,0.97,0.03,1,6,1,0,2.115,,,,,,
401,1,green,yellow,pink,blue,3,4,203,0.95364783963767,0.449844833697912,0.229336753110209,0.622533893882379,0.018,0.982,2,6,1,0,1.405,,,,,,
401,1,green,yellow,pink,blue,3,4,204,0.703448975971312,0.540036891610917,0.765047723385156,0.655532128912129,0.086,0.914,2,6,1,0,0.744,,,,,,
401,1,green,yellow,pink,blue,3,4,205,0.894312166226686,0.10234770029996,0.781851582476132,0.0760217821419145,0.076,0.924,2,3,1,0,1.022,,,,,,
401,1,green,yellow,pink,blue,3,4,206,0.126893417525469,0.121400026641282,0.370209760714879,0.261307015133463,0.951,0.049,1,6,1,0,0.693,,,,,,
401,1,green,yellow,pink,blue,3,4,207,0.378464842081358,0.126798835807047,0.0934291207139435,0.136972695075842,0.7,0.3,1,6,0,0,0.615,,,,,,
401,1,green,yellow,pink,blue,3,4,208,0.468467133302693,0.654628181606577,0.203240144235602,0.328753077175342,0.586,0.414,1,3,1,1,1.908,,,,,,
401,1,green,yellow,pink,blue,3,4,209,0.927392347199979,0.767662830097451,0.522526901575988,0.529524968487675,0.017,0.983,2,6,1,0,0.653,,,,,,
401,1,green,yellow,pink,blue,3,4,210,0.565227326442808,0.394829628241382,0.496122803317472,0.692778193525548,0.275,0.725,2,3,1,0,0.928,,,,,,
401,1,green,yellow,pink,blue,3,4,211,0.431574167407675,0.21863752847438,0.583348773474726,0.124847801274936,0.653,0.347,1,3,0,0,0.642,,,,,,
401,1,green,yellow,pink,blue,3,4,212,0.182045582874047,0.598207432365682,0.997906469541559,0.87087555668419,0.896,0.104,1,6,1,0,1.407,,,,,,
401,1,green,yellow,pink,blue,3,4,213,0.508096851996801,0.20001538116658,0.344755662901176,0.857417013622442,0.482,0.518,2,2,0,1,1.177,,,,,,
401,1,green,yellow,pink,blue,3,4,214,0.0296633442556621,0.0656628187998694,0.64013634557374,0.485510499763538,0.969,0.031,1,6,1,0,1.62,,,,,,
401,1,green,yellow,pink,blue,3,4,215,0.867933493106332,0.411349241520224,0.703287226974144,0.0151453732259989,0.063,0.937,2,2,0,0,0.697,,,,,,
401,1,green,yellow,pink,blue,3,4,216,0.0468136924369899,0.344766184887554,0.701117524654861,0.471767412223008,0.985,0.015,1,6,1,0,1.024,,,,,,
401,1,green,yellow,pink,blue,3,4,217,0.943289696132344,0.0892314544964029,0.124729463628232,0.991710797828696,0.077,0.923,2,6,1,0,0.812,,,,,,
401,1,green,yellow,pink,blue,3,4,218,0.235901495055222,0.365362653571042,0.678425676903434,0.0303081305241879,0.892,0.108,1,6,1,0,0.652,,,,,,
401,1,green,yellow,pink,blue,3,4,219,0.655336977782535,0.790010459519511,0.965396929692315,0.102044519328472,0.258,0.742,1,3,0,0,1.791,,,,,,
401,1,green,yellow,pink,blue,3,4,220,0.774335098291382,0.259829805923249,0.286639885328383,0.301636802630757,0.064,0.936,1,3,0,0,2.583,,,,,,
401,1,green,yellow,pink,blue,3,4,221,0.258377344432432,0.338899852711566,0.0397639756485293,0.83997926028568,0.854,0.146,1,6,1,0,1.784,,,,,,
401,1,green,yellow,pink,blue,3,4,222,0.205260346305563,0.908403506475862,0.235464853712775,0.152706976912945,0.89,0.11,1,6,1,0,0.88,,,,,,
401,1,green,yellow,pink,blue,3,4,223,0.80924699743885,0.266058803793048,0.0500293006267585,0.248625925956125,0.094,0.906,2,3,1,0,1.563,,,,,,
401,1,green,yellow,pink,blue,3,4,224,0.223989717962804,0.0577745733964604,0.270814749336732,0.269051530292515,0.892,0.108,1,6,1,0,0.599,,,,,,
401,1,green,yellow,pink,blue,3,4,225,0.0807521599275876,0.547892689924915,0.937279225969689,0.570624247592064,0.964,0.036,1,6,1,0,0.883,,,,,,
401,1,green,yellow,pink,blue,3,4,226,0.118927699638865,0.676394454785836,0.718991335179121,0.921697690213711,0.946,0.054,1,6,1,0,0.592,,,,,,
401,1,green,yellow,pink,blue,3,4,227,0.885662614196602,0.431660320123083,0.913234137735379,0.763285011997478,0.051,0.949,2,6,1,0,1.284,,,,,,
401,1,green,yellow,pink,blue,3,4,228,0.630216452491731,0.472870719125109,0.89296536687275,0.203537384604996,0.24,0.76,1,6,1,0,0.874,,,,,,
401,1,green,yellow,pink,blue,3,4,229,0.276677410891454,0.186215987926685,0.108146758232756,0.181084836250006,0.839,0.161,1,6,0,0,0.648,,,,,,
401,1,green,yellow,pink,blue,3,4,230,0.374941123298628,0.933639092164708,0.0174596325348934,0.951167372891221,0.678,0.322,1,3,1,0,1.5,,,,,,
401,1,green,yellow,pink,blue,3,4,231,0.307552599604926,0.0007862850650747,0.396734309324715,0.445786426550346,0.834,0.166,1,4,1,0,0.771,,,,,,
401,1,green,yellow,pink,blue,3,4,232,0.749629145332301,0.243058109824728,0.479246404814766,0.723943087508768,0.067,0.933,2,3,1,0,1.231,,,,,,
401,1,green,yellow,pink,blue,3,4,233,0.358257707161244,0.148455901858104,0.509230766337592,0.197730714335229,0.787,0.213,1,3,1,0,1.153,,,,,,
401,1,green,yellow,pink,blue,3,4,234,0.390704144436617,0.765226265929896,0.808803370068983,0.710544376270584,0.737,0.263,1,6,1,0,0.65,,,,,,
401,1,green,yellow,pink,blue,3,4,235,0.857800238118779,0.971910356762989,0.624054892606281,0.933712226941923,0.091,0.909,2,6,1,0,4.792,,,,,,
401,1,green,yellow,pink,blue,3,4,236,0.517132831227012,0.714982459350631,0.301790114698912,0.0792830083043772,0.463,0.537,1,2,1,1,6.925,,,,,,
401,1,green,yellow,pink,blue,3,4,237,0.623110803158543,0.220821946211699,0.859192062926392,0.504833105622212,0.239,0.761,2,3,0,0,1.167,,,,,,
401,1,green,yellow,pink,blue,3,4,238,0.187864318601707,0.63631546725002,0.561434446385808,0.786808363110874,0.961,0.039,1,6,1,0,1.198,,,,,,
401,1,green,yellow,pink,blue,3,4,239,0.107718292840903,0.845945833808771,0.25546936900695,0.319089571175867,0.956,0.044,1,6,1,0,0.683,,,,,,
401,1,green,yellow,pink,blue,3,4,240,0.561386913056927,0.59150448232169,0.0679569975297773,0.959106563335017,0.39,0.61,2,6,1,0,1.098,,,,,,
401,1,green,yellow,pink,blue,3,4,241,0.972730632724449,0.158077867838159,0.64598157395591,0.734515672334389,0.028,0.972,2,5,1,0,2.949,,,,,,
401,1,green,yellow,pink,blue,3,4,242,0.440551795756425,0.890515344090664,0.136417035398813,0.0620361489203294,0.6,0.4,1,6,0,1,0.715,,,,,,
401,1,green,yellow,pink,blue,3,4,243,0.0721143844404826,0.94319463475951,0.458939770644626,0.162357029245584,0.949,0.051,1,6,1,0,0.883,,,,,,
401,1,green,yellow,pink,blue,3,4,244,0.701715576458313,0.281985214220665,0.542489224069374,0.402078039018333,0.066,0.934,2,4,1,0,0.833,,,,,,
401,1,green,yellow,pink,blue,3,4,245,0.295430273748358,0.522203741930325,0.153057073501229,0.368005214565878,0.893,0.107,1,3,1,0,0.603,,,,,,
401,1,green,yellow,pink,blue,3,4,246,0.472675978838836,0.375926775608078,0.746701584301576,0.348055087867166,0.584,0.416,2,2,0,1,6.34,,,,,,
401,1,green,yellow,pink,blue,3,4,247,0.761482955778186,0.464898514539994,0.594446669587759,0.413714422295661,0.019,0.981,2,6,1,0,0.839,,,,,,
401,1,green,yellow,pink,blue,3,4,248,0.827064482647526,0.297567086217612,0.983549038560285,0.7774167262285,0.092,0.908,2,5,0,0,1.301,,,,,,
401,1,green,yellow,pink,blue,3,4,249,0.985300043227083,0.725171471660049,0.945094864736185,0.687081231117303,0.037,0.963,2,4,1,0,0.579,,,,,,
401,1,green,yellow,pink,blue,3,4,250,0.661909496022382,0.823464944784369,0.86681401197532,0.668712268484346,0.203,0.797,2,3,1,0,2.372,,,,,,
401,1,green,yellow,pink,blue,3,4,251,0.0136528663022828,0.328050082456346,0.768712079642808,0.431218611454342,0.982,0.018,1,6,1,0,0.672,,,,,,
401,1,green,yellow,pink,blue,3,4,252,0.162499839760317,0.859495860542169,0.575884570011992,0.220935331989488,0.941,0.059,1,6,1,0,0.722,,,,,,
401,1,green,yellow,pink,blue,3,4,253,0.796427732590105,0.0177977098244127,0.321096808841485,0.537395985050427,0.088,0.912,2,5,1,0,1.023,,,,,,
401,1,green,yellow,pink,blue,3,4,254,0.543373001321996,0.496699564929538,0.448124110826896,0.982638877879578,0.402,0.598,2,6,0,1,0.891,,,,,,
401,1,green,yellow,pink,blue,3,4,255,0.601412447352411,0.611383928295766,0.338296070807756,0.59106888402228,0.182,0.818,2,6,1,0,0.6,,,,,,
401,1,green,yellow,pink,blue,3,4,256,0.729934781105797,0.960850762454628,0.824838854827063,0.88491284688534,0.18,0.82,2,6,1,0,0.547,,,,,,
401,1,green,yellow,pink,blue,3,5,257,0.192672390554876,0.536514712383718,0.881382621107949,0.0802371825136541,0.904,0.096,1,6,1,0,1.18,,,,,,
401,1,green,yellow,pink,blue,3,5,258,0.307416677584285,0.937607191385873,0.385793151844089,0.577880027837179,0.852,0.148,1,6,0,0,1.689,,,,,,
401,1,green,yellow,pink,blue,3,5,259,0.704336900459685,0.970060953009007,0.759407637261636,0.283765748043496,0.175,0.825,2,6,1,0,3.582,,,,,,
401,1,green,yellow,pink,blue,3,5,260,0.132688114463094,0.0355712757142125,0.610337351250705,0.652244534664683,0.943,0.057,1,6,1,0,1.543,,,,,,
401,1,green,yellow,pink,blue,3,5,261,0.486929287693705,0.16066940706804,0.317854282227675,0.696842976001595,0.533,0.467,2,3,0,1,1.901,,,,,,
401,1,green,yellow,pink,blue,3,5,262,0.930584541061818,0.776398858166336,0.965883465703206,0.511956608775626,0.048,0.952,2,6,1,0,0.615,,,,,,
401,1,green,yellow,pink,blue,3,5,263,0.0563261298185978,0.332142973943812,0.445177999107264,0.393600480539111,0.988,0.012,1,4,1,0,1.393,,,,,,
401,1,green,yellow,pink,blue,3,5,264,0.649540466061018,0.921333177954775,0.517533404993583,0.909880065394721,0.242,0.758,2,6,1,0,0.669,,,,,,
401,1,green,yellow,pink,blue,3,5,265,0.222200649778383,0.0102513034899379,0.471249180766549,0.461257278517466,0.908,0.092,1,3,1,0,2.128,,,,,,
401,1,green,yellow,pink,blue,3,5,266,0.908187891638415,0.462782412370418,0.992644649046983,0.372997599609518,0.048,0.952,2,6,1,0,3.11,,,,,,
401,1,green,yellow,pink,blue,3,5,267,0.605829412294191,0.480655103668034,0.730617576432379,0.561815241219053,0.183,0.817,2,3,1,0,0.717,,,,,,
401,1,green,yellow,pink,blue,3,5,268,0.0108248273099011,0.822449175646428,0.823974169790588,0.383428464257721,0.97,0.03,1,6,1,0,1.02,,,,,,
401,1,green,yellow,pink,blue,3,5,269,0.590488231752948,0.65139237040951,0.857371563049957,0.153586588853902,0.315,0.685,1,4,1,0,1.97,,,,,,
401,1,green,yellow,pink,blue,3,5,270,0.0753061387808492,0.0543484047394317,0.697668614254577,0.0999417557213105,0.937,0.063,1,3,1,0,1.008,,,,,,
401,1,green,yellow,pink,blue,3,5,271,0.384798713025361,0.6748825553716,0.506680972811074,0.421497505174325,0.856,0.144,1,3,1,0,1.666,,,,,,
401,1,green,yellow,pink,blue,3,5,272,0.763785948891101,0.183788353625176,0.596951230752279,0.452901241584698,0.058,0.942,2,6,1,0,1.133,,,,,,
401,1,green,yellow,pink,blue,3,5,273,0.879132056885286,0.6380489717563,0.0577877767161238,0.578346756149572,0.048,0.952,2,3,1,0,1.267,,,,,,
401,1,green,yellow,pink,blue,3,5,274,0.0965101376852216,0.862500421509228,0.713054183460623,0.996501225569137,0.927,0.073,1,6,1,0,2.646,,,,,,
401,1,green,yellow,pink,blue,3,5,275,0.046191526440378,0.129052185949097,0.34776856644022,0.820756402919265,0.96,0.04,1,3,1,0,7.223,,,,,,
401,1,green,yellow,pink,blue,3,5,276,0.87120328854225,0.263425936730977,0.133263953353077,0.209056156036795,0.06,0.94,2,3,1,0,1.352,,,,,,
401,1,green,yellow,pink,blue,3,5,277,0.44439679714416,0.85458919108827,0.184264379157826,0.858976597286553,0.606,0.394,2,3,0,0,1.962,,,,,,
401,1,green,yellow,pink,blue,3,5,278,0.315808874962895,0.704040930444794,0.911670576889932,0.0398064149761594,0.783,0.217,1,6,0,0,0.89,,,,,,
401,1,green,yellow,pink,blue,3,5,279,0.0184490067605129,0.091850474221432,0.905306254953841,0.243069982993747,0.95,0.05,1,3,1,0,1.213,,,,,,
401,1,green,yellow,pink,blue,3,5,280,0.737841282780246,0.614926285113371,0.488855548753522,0.234195998201165,0.059,0.941,2,3,1,0,0.898,,,,,,
401,1,green,yellow,pink,blue,3,5,281,0.694724064720518,0.51691826494507,0.835875176734328,0.307409867256213,0.121,0.879,2,3,1,0,0.839,,,,,,
401,1,green,yellow,pink,blue,3,5,282,0.619043578600551,0.305637830036307,0.771411181211485,0.256380206324842,0.231,0.769,2,3,1,0,1.314,,,,,,
401,1,green,yellow,pink,blue,3,5,283,0.356372414765393,0.667298758860247,0.261496990642691,0.773946095823981,0.814,0.186,2,1,1,0,2.93,,,,,,
401,1,green,yellow,pink,blue,3,5,284,0.785149864822989,0.066872107823764,0.742482227928386,0.524562619358642,0.089,0.911,2,6,0,0,1.466,,,,,,
401,1,green,yellow,pink,blue,3,5,285,0.26832806260972,0.117364115315977,0.638632372562112,0.760422979544708,0.879,0.121,1,2,1,0,1.941,,,,,,
401,1,green,yellow,pink,blue,3,5,286,0.892602806096785,0.584091666551018,0.206241646312915,0.982403659761712,0.062,0.938,2,6,1,0,0.815,,,,,,
401,1,green,yellow,pink,blue,3,5,287,0.82265873061104,0.288050732228647,0.276408019783797,0.925756883239612,0.078,0.922,2,3,1,0,1.114,,,,,,
401,1,green,yellow,pink,blue,3,5,288,0.52138257626163,0.75570169984957,0.873002969444389,0.718075370023393,0.453,0.547,1,2,0,1,2.619,,,,,,
401,1,green,yellow,pink,blue,3,5,289,0.994643751173159,0.889515280506493,0.114196539530571,0.161202931597221,0.05,0.95,2,3,1,0,3.143,,,,,,
401,1,green,yellow,pink,blue,3,5,290,0.85831091975128,0.68992935269422,0.792950852585117,0.544328051672757,0.034,0.966,2,6,1,0,0.703,,,,,,
401,1,green,yellow,pink,blue,3,5,291,0.483350988304019,0.415403569072252,0.680980340994283,0.178283796379831,0.546,0.454,1,3,0,1,1.194,,,,,,
401,1,green,yellow,pink,blue,3,5,292,0.0793468593838288,0.800974413622273,0.547746344125384,0.125699668876947,0.959,0.041,1,6,1,0,0.641,,,,,,
401,1,green,yellow,pink,blue,3,5,293,0.407011044572222,0.223266888311342,0.0381416518280163,0.618913958643088,0.681,0.319,2,2,0,0,1.474,,,,,,
401,1,green,yellow,pink,blue,3,5,294,0.626452056776443,0.450361065240529,0.227712211408589,0.109913621164325,0.241,0.759,2,2,1,0,1.561,,,,,,
401,1,green,yellow,pink,blue,3,5,295,0.939757235943331,0.205954750530968,0.937754115039306,0.721596832932117,0.05,0.95,2,6,1,0,0.71,,,,,,
401,1,green,yellow,pink,blue,3,5,296,0.463698808503802,0.395144290511685,0.30249881214584,0.492391379626033,0.632,0.368,1,3,1,0,1.857,,,,,,
401,1,green,yellow,pink,blue,3,5,297,0.679776202279031,0.372813395625709,0.565825830378304,0.480645542795726,0.051,0.949,2,6,0,0,0.963,,,,,,
401,1,green,yellow,pink,blue,3,5,298,0.359546284769584,0.196986149345491,0.238968740847121,0.0744348926587078,0.747,0.253,1,3,1,0,0.892,,,,,,
401,1,green,yellow,pink,blue,3,5,299,0.775783596490752,0.320989055583749,0.397555110009515,0.325107388452697,0.039,0.961,2,2,1,0,7.624,,,,,,
401,1,green,yellow,pink,blue,3,5,300,0.430700797008434,0.741286869540132,0.161383486314351,0.0618261309003921,0.629,0.371,1,3,1,0,0.723,,,,,,
401,1,green,yellow,pink,blue,3,5,301,0.252972944368185,0.890756475708372,0.0219311751059438,0.843209370367171,0.828,0.172,1,6,0,0,0.979,,,,,,
401,1,green,yellow,pink,blue,3,5,302,0.397458196212949,0.984807376905643,0.0729873140813882,0.0119393425737738,0.646,0.354,1,6,0,0,1.157,,,,,,
401,1,green,yellow,pink,blue,3,5,303,0.556808703923329,0.786663152866047,0.649204097717858,0.743630778893197,0.356,0.644,2,3,0,0,0.823,,,,,,
401,1,green,yellow,pink,blue,3,5,304,0.170208831154818,0.567125220244155,0.373617066705832,0.426109564965118,0.986,0.014,1,4,1,0,0.81,,,,,,
401,1,green,yellow,pink,blue,3,5,305,0.724314078043178,0.0280146597156388,0.541999923790354,0.959538825684392,0.179,0.821,2,6,1,0,1.164,,,,,,
401,1,green,yellow,pink,blue,3,5,306,0.971990987912241,0.428777588441759,0.0059320958612396,0.890244116667624,0.053,0.947,2,5,1,0,0.747,,,,,,
401,1,green,yellow,pink,blue,3,5,307,0.15140744272099,0.375312932777726,0.593063913713137,0.861083630378942,0.957,0.043,1,6,1,0,1.296,,,,,,
401,1,green,yellow,pink,blue,3,5,308,0.565753506323714,0.270965183586884,0.930910555818287,0.948670704152497,0.386,0.614,1,2,0,0,1.646,,,,,,
401,1,green,yellow,pink,blue,3,5,309,0.541860264857283,0.357516477886606,0.667730926349249,0.2741733067973,0.373,0.627,2,3,0,0,0.931,,,,,,
401,1,green,yellow,pink,blue,3,5,310,0.797463147493463,0.511308564435998,0.410866139989142,0.893871460767492,0.061,0.939,2,4,1,0,0.799,,,,,,
401,1,green,yellow,pink,blue,3,5,311,0.83410892111298,0.551783924308008,0.0828056930128149,0.359284848435245,0.056,0.944,2,2,1,0,1.119,,,,,,
401,1,green,yellow,pink,blue,3,5,312,0.9683358429437,0.106004431227422,0.192847112197957,0.686507814621445,0.04,0.96,2,2,1,0,2.104,,,,,,
401,1,green,yellow,pink,blue,3,5,313,0.113834094302191,0.496109683836411,0.105979270993084,0.336949005680146,0.96,0.04,1,3,1,0,1.811,,,,,,
401,1,green,yellow,pink,blue,3,5,314,0.208454173663539,0.724635190076881,0.972678871637453,0.664610378473491,0.901,0.099,1,6,1,0,0.694,,,,,,
401,1,green,yellow,pink,blue,3,5,315,0.283131824451885,0.926542722294323,0.430998980000326,0.0223139276157576,0.818,0.182,1,3,1,0,0.583,,,,,,
401,1,green,yellow,pink,blue,3,5,316,0.172964192139421,0.247115102932096,0.332030474869194,0.191028723005253,0.944,0.056,1,2,1,0,1.655,,,,,,
401,1,green,yellow,pink,blue,3,5,317,0.235814863319435,0.953132945026603,0.152656066823941,0.782933612417667,0.86,0.14,2,6,0,0,1.045,,,,,,
401,1,green,yellow,pink,blue,3,5,318,0.501027949975052,0.834759203971823,0.459732654393225,0.809429342964515,0.498,0.502,2,3,1,1,2.047,,,,,,
401,1,green,yellow,pink,blue,3,5,319,0.669858328619105,0.146662282829135,0.288768411811641,0.598281445795983,0.161,0.839,2,2,1,0,2.088,,,,,,
401,1,green,yellow,pink,blue,3,5,320,0.342876886512887,0.596895406087777,0.808137761793498,0.631468311194014,0.852,0.148,1,6,1,0,1.398,,,,,,
