iSub,condition,feature1_name,feature2_name,feature3_name,feature4_name,iSession,iRun,iTrial,feature1,feature2,feature3,feature4,category,choice,rating,feedback,ambiguous,choRT,text,A,b,n_constraints,matched_rules,un_pro
333,3,green,yellow,pink,blue,1,1,1,0.338540307617467,0.249531275589439,0.477226975418779,0.656601421582224,1,1,1,1.0,1,0.512,,,,,,
333,3,green,yellow,pink,blue,1,1,2,0.193323880727257,0.340363744753379,0.955913489733858,0.55547155083189,1,2,1,0.5,0,1.373,,,,,,
333,3,green,yellow,pink,blue,1,1,3,0.182550236718842,0.600126070319594,0.638884508750067,0.951751408155542,2,2,1,1.0,0,1.162,,,,,,
333,3,green,yellow,pink,blue,1,1,4,0.736529729451832,0.772264406378498,0.285717449112933,0.649631249371428,3,3,2,1.0,0,1.789,,,,,,
333,3,green,yellow,pink,blue,1,1,5,0.372588055010565,0.314297241599861,0.0839876034528789,0.684813055013724,1,2,2,0.5,0,4.632,,,,,,
333,3,green,yellow,pink,blue,1,1,6,0.667858827384855,0.545615197730496,0.711283365753476,0.135772361184586,4,4,1,1.0,1,2.493,,,,,,
333,3,green,yellow,pink,blue,1,1,7,0.620496807396374,0.0001673332202744,0.319220219016344,0.333971195463847,3,2,1,0.0,0,1.686,,,,,,
333,3,green,yellow,pink,blue,1,1,8,0.777020195962353,0.955800198159682,0.166473724211922,0.96209055528601,3,3,3,1.0,0,1.613,,,,,,
333,3,green,yellow,pink,blue,1,1,9,0.380615452356077,0.78251600563847,0.522987240270632,0.870633086768111,2,2,1,1.0,1,0.641,,,,,,
333,3,green,yellow,pink,blue,1,1,10,0.760644250042984,0.381570223641606,0.875618999723335,0.336988074376244,4,4,2,1.0,0,2.874,,,,,,
333,3,green,yellow,pink,blue,1,1,11,0.838391789117747,0.858345353961738,0.335890646698906,0.948998357808051,3,3,3,1.0,0,3.108,,,,,,
333,3,green,yellow,pink,blue,1,1,12,0.602709013562678,0.0831554573819205,0.875800907274642,0.441276481977924,4,1,3,0.0,0,0.296,,,,,,
333,3,green,yellow,pink,blue,1,1,13,0.281418491488066,0.858459047382738,0.0955347181010384,0.0026573956572328,2,1,3,0.5,0,2.24,,,,,,
333,3,green,yellow,pink,blue,1,1,14,0.150655375091456,0.376805873557448,0.421078492268306,0.913102638265413,1,2,1,0.5,0,2.976,,,,,,
333,3,green,yellow,pink,blue,1,1,15,0.693348700285336,0.611351033805061,0.136319284438865,0.291474836337739,3,3,2,1.0,0,0.352,,,,,,
333,3,green,yellow,pink,blue,1,1,16,0.757044097576085,0.83905846635311,0.567999560951486,0.622812243556119,4,1,2,0.0,0,3.626,,,,,,
333,3,green,yellow,pink,blue,1,1,17,0.60858867500497,0.747809997257011,0.103040891831042,0.651572314951661,3,3,3,1.0,0,1.179,,,,,,
333,3,green,yellow,pink,blue,1,1,18,0.635319193290866,0.80529598019842,0.792754487111617,0.888868229574326,4,1,1,0.0,0,1.547,,,,,,
333,3,green,yellow,pink,blue,1,1,19,0.854162597098904,0.487356690115702,0.706066266637805,0.576423571807912,4,1,1,0.0,1,1.186,,,,,,
333,3,green,yellow,pink,blue,1,1,20,0.839824250248795,0.239659340311907,0.238782862798406,0.751914802202189,3,3,1,1.0,0,0.336,,,,,,
333,3,green,yellow,pink,blue,1,1,21,0.404435093867519,0.36767295259649,0.952379627664773,0.819934006911178,1,1,1,1.0,0,0.888,,,,,,
333,3,green,yellow,pink,blue,1,1,22,0.510888498745883,0.357142096135755,0.370324906133733,0.733827784440533,3,1,1,0.0,1,4.104,,,,,,
333,3,green,yellow,pink,blue,1,1,23,0.986569246990042,0.523011178614968,0.789039117811581,0.185858357907612,4,4,1,1.0,1,1.712,,,,,,
333,3,green,yellow,pink,blue,1,1,24,0.337122320524509,0.479627198939952,0.418474674850211,0.969212765288818,1,2,1,0.5,1,1.328,,,,,,
333,3,green,yellow,pink,blue,1,1,25,0.686134119203102,0.507540584345851,0.316507760247758,0.326847594793022,3,1,2,0.0,1,7.117,,,,,,
333,3,green,yellow,pink,blue,1,1,26,0.725235744179621,0.0341359355628322,0.834202843911858,0.369464731354038,4,1,1,0.0,0,4.28,,,,,,
333,3,green,yellow,pink,blue,1,1,27,0.982506255172626,0.119313042046731,0.807252059818017,0.0819532909704777,4,4,1,1.0,0,1.163,,,,,,
333,3,green,yellow,pink,blue,1,1,28,0.973886172477944,0.996181048149038,0.801143335790506,0.64529843031441,4,1,2,0.0,0,4.782,,,,,,
333,3,green,yellow,pink,blue,1,1,29,0.300812376905953,0.14568796088802,0.173852804439967,0.127067779393876,1,1,1,1.0,0,0.594,,,,,,
333,3,green,yellow,pink,blue,1,1,30,0.204512657547971,0.950021798758643,0.848029479466423,0.090010040683454,2,4,1,0.0,0,2.238,,,,,,
333,3,green,yellow,pink,blue,1,1,31,0.302941199456475,0.390105922880454,0.971689901046317,0.597108864573855,1,3,1,0.0,0,5.414,,,,,,
333,3,green,yellow,pink,blue,1,1,32,0.434667453627807,0.744794302053674,0.377777407864368,0.20391776625318,2,4,1,0.0,0,1.615,,,,,,
333,3,green,yellow,pink,blue,1,1,33,0.570111446116527,0.401674661378228,0.563843574729314,0.112225977282465,4,4,1,1.0,0,0.872,,,,,,
333,3,green,yellow,pink,blue,1,1,34,0.386083709097766,0.210700100910222,0.71182244303753,0.766823341472693,1,2,1,0.5,0,2.59,,,,,,
333,3,green,yellow,pink,blue,1,1,35,0.0285651261531494,0.531843537956469,0.449532770399511,0.690362016333493,2,2,1,1.0,1,1.055,,,,,,
333,3,green,yellow,pink,blue,1,1,36,0.802741317660312,0.563799428772799,0.550908950917404,0.0020051104826764,4,2,1,0.0,0,1.302,,,,,,
333,3,green,yellow,pink,blue,1,2,37,0.104375789222493,0.598690167844827,0.529324053279458,0.296431550256506,2,4,2,0.0,1,1.109,,,,,,
333,3,green,yellow,pink,blue,1,2,38,0.0995955013579098,0.089013020615799,0.612860957513424,0.17124095619481,1,1,1,1.0,0,1.143,,,,,,
333,3,green,yellow,pink,blue,1,2,39,0.0781282036557939,0.353344113580975,0.22195439187123,0.73107151730749,1,4,1,0.0,0,3.316,,,,,,
333,3,green,yellow,pink,blue,1,2,40,0.0211465004028558,0.0863709225230821,0.754800233449589,0.96501559686499,1,2,1,0.5,0,3.189,,,,,,
333,3,green,yellow,pink,blue,1,2,41,0.243155199176024,0.664285843184594,0.490081147572976,0.981201878337786,2,2,1,1.0,1,2.968,,,,,,
333,3,green,yellow,pink,blue,1,2,42,0.273971029472466,0.782676781895452,0.863676262394078,0.204020618346124,2,1,1,0.5,0,1.326,,,,,,
333,3,green,yellow,pink,blue,1,2,43,0.673328248808855,0.875053347020122,0.449303071468478,0.217250380267658,3,4,1,0.5,0,2.877,,,,,,
333,3,green,yellow,pink,blue,1,2,44,0.548263790335234,0.79357609248907,0.0850005532883895,0.128146078685893,3,1,1,0.0,1,0.569,,,,,,
333,3,green,yellow,pink,blue,1,2,45,0.734902178071617,0.801159991328717,0.622339527862731,0.263512123168346,4,4,1,1.0,0,2.72,,,,,,
333,3,green,yellow,pink,blue,1,2,46,0.304924051515122,0.54318640403044,0.480623410518346,0.277144261142359,2,2,1,1.0,1,2.482,,,,,,
333,3,green,yellow,pink,blue,1,2,47,0.115177122259193,0.379372327969644,0.42120741313032,0.892623997819066,1,2,2,0.5,0,0.443,,,,,,
333,3,green,yellow,pink,blue,1,2,48,0.786071805568956,0.243030716653047,0.0430523534037094,0.807221626302438,3,3,2,1.0,0,1.575,,,,,,
333,3,green,yellow,pink,blue,1,2,49,0.097363208057821,0.694150222062143,0.0331232434958778,0.597434020539696,2,3,1,0.0,0,2.3,,,,,,
333,3,green,yellow,pink,blue,1,2,50,0.148284582469214,0.835934486478226,0.980925402439669,0.309388214773432,2,1,1,0.5,0,1.316,,,,,,
333,3,green,yellow,pink,blue,1,2,51,0.957556090234298,0.75068187966773,0.474626203316088,0.885318449454633,3,3,1,1.0,1,3.426,,,,,,
333,3,green,yellow,pink,blue,1,2,52,0.144791157673957,0.048293663116095,0.086721121230573,0.540935738707139,1,1,2,1.0,0,6.347,,,,,,
333,3,green,yellow,pink,blue,1,2,53,0.762150499210794,0.208487502261558,0.307281279900562,0.0863666770173886,3,4,2,0.5,0,3.033,,,,,,
333,3,green,yellow,pink,blue,1,2,54,0.495714205277787,0.514902773558037,0.407266865021864,0.767461186683123,2,2,1,1.0,1,4.019,,,,,,
333,3,green,yellow,pink,blue,1,2,55,0.644172553640729,0.753557700678155,0.995548465487242,0.918082544896002,4,2,2,0.0,0,0.879,,,,,,
333,3,green,yellow,pink,blue,1,2,56,0.456493627391345,0.238836307319485,0.267928371076376,0.776742520530591,1,3,1,0.0,1,3.67,,,,,,
333,3,green,yellow,pink,blue,1,2,57,0.519536201331106,0.474341682106941,0.453585445305823,0.149843374820798,3,4,2,0.5,1,4.732,,,,,,
333,3,green,yellow,pink,blue,1,2,58,0.468765954689914,0.810514305936315,0.0134801679307477,0.749981163933274,2,3,2,0.0,1,2.422,,,,,,
333,3,green,yellow,pink,blue,1,2,59,0.301121366366183,0.081104690847175,0.559778564180917,0.336687098395901,1,1,2,1.0,0,12.759,,,,,,
333,3,green,yellow,pink,blue,1,2,60,0.287553374242272,0.885378573724251,0.608418942695846,0.882221194022763,2,2,1,1.0,0,1.477,,,,,,
333,3,green,yellow,pink,blue,1,2,61,0.856245391116627,0.114017524797255,0.899118765110629,0.440914365799874,4,3,1,0.5,0,4.254,,,,,,
333,3,green,yellow,pink,blue,1,2,62,0.112271313079764,0.720166716205716,0.896562988144801,0.560827824350063,2,1,1,0.5,0,4.843,,,,,,
333,3,green,yellow,pink,blue,1,2,63,0.621108567330535,0.264367890715012,0.788830705412681,0.483150574654749,4,4,1,1.0,0,2.995,,,,,,
333,3,green,yellow,pink,blue,1,2,64,0.364722132285368,0.270783175619408,0.919435429132033,0.353445502080976,1,1,1,1.0,0,12.793,,,,,,
333,3,green,yellow,pink,blue,1,2,65,0.936584380146442,0.46694945019221,0.488552426117003,0.273065902091723,3,4,2,0.5,1,3.219,,,,,,
333,3,green,yellow,pink,blue,1,2,66,0.754717387302335,0.274862271755082,0.108992928450309,0.210785603192278,3,3,1,1.0,0,3.052,,,,,,
333,3,green,yellow,pink,blue,1,3,67,0.219957100956476,0.447704677137601,0.957666144786035,0.468181926500067,1,2,2,0.5,0,3.096,,,,,,
333,3,green,yellow,pink,blue,1,3,68,0.287562276828998,0.572195437914478,0.729621043377509,0.640487879832434,2,2,1,1.0,0,2.655,,,,,,
333,3,green,yellow,pink,blue,1,3,69,0.7015639893487,0.121598633825249,0.951896261827674,0.996194077289132,4,1,2,0.0,0,4.452,,,,,,
333,3,green,yellow,pink,blue,1,3,70,0.530021862915806,0.575529518292631,0.814773807512089,0.580541746599803,4,1,1,0.0,1,4.324,,,,,,
333,3,green,yellow,pink,blue,1,3,71,0.897899957742367,0.404230604051963,0.101199654870196,0.964436375604122,3,3,2,1.0,0,1.37,,,,,,
333,3,green,yellow,pink,blue,1,3,72,0.127056953890691,0.618305614105582,0.276763705265492,0.238285702056903,2,2,1,1.0,0,4.558,,,,,,
333,3,green,yellow,pink,blue,1,3,73,0.37787160659288,0.694622907018215,0.196708651954612,0.477664507703182,2,3,2,0.0,0,1.236,,,,,,
333,3,green,yellow,pink,blue,1,3,74,0.489044499319282,0.321712233194486,0.633163919069855,0.436839995930885,1,1,1,1.0,1,0.775,,,,,,
333,3,green,yellow,pink,blue,1,3,75,0.0798650258574817,0.545001492881026,0.442833538112252,0.383875684415037,2,2,1,1.0,1,3.664,,,,,,
333,3,green,yellow,pink,blue,1,3,76,0.611172612705356,0.168751439244483,0.0536676020384427,0.179227648693296,3,3,2,1.0,0,3.697,,,,,,
333,3,green,yellow,pink,blue,1,3,77,0.551476276252972,0.41123381713775,0.170605224264913,0.750391438203067,3,3,3,1.0,0,0.245,,,,,,
333,3,green,yellow,pink,blue,1,3,78,0.499841434094373,0.489464722196795,0.0359371711896007,0.253416912541172,1,3,3,0.0,1,0.499,,,,,,
333,3,green,yellow,pink,blue,1,3,79,0.914767507064846,0.684583197269554,0.899164229523606,0.922977061653135,4,1,1,0.0,0,1.606,,,,,,
333,3,green,yellow,pink,blue,1,3,80,0.841131563422315,0.148603486516948,0.762683151477588,0.310099186216144,4,1,1,0.0,0,4.537,,,,,,
333,3,green,yellow,pink,blue,1,3,81,0.383809910943029,0.971961747392607,0.951591098897774,0.584413339311815,2,2,1,1.0,0,3.728,,,,,,
333,3,green,yellow,pink,blue,1,3,82,0.955681690185346,0.500577151267434,0.586978826994628,0.112952048014391,4,4,3,1.0,1,0.878,,,,,,
333,3,green,yellow,pink,blue,1,3,83,0.842038084499628,0.932818165544831,0.361551365395791,0.508736154141371,3,3,2,1.0,0,1.433,,,,,,
333,3,green,yellow,pink,blue,1,3,84,0.88135040059712,0.4732584352661,0.698561630616361,0.85595066689521,4,3,1,0.5,1,3.427,,,,,,
333,3,green,yellow,pink,blue,1,3,85,0.469477769384897,0.937997655036378,0.881155494199879,0.741853689830892,2,2,2,1.0,1,0.454,,,,,,
333,3,green,yellow,pink,blue,1,3,86,0.595727527910202,0.999785923476787,0.105989207709199,0.169311238204767,3,3,2,1.0,0,5.496,,,,,,
333,3,green,yellow,pink,blue,1,3,87,0.672335851391435,0.131825708300722,0.409670818557396,0.511458285269348,3,4,2,0.5,0,1.144,,,,,,
333,3,green,yellow,pink,blue,1,3,88,0.633075963007514,0.755530926502715,0.189921142530413,0.988587942371461,3,3,4,1.0,0,0.38,,,,,,
333,3,green,yellow,pink,blue,1,3,89,0.0584011388033517,0.700360475427647,0.940783221335081,0.380867520174349,2,2,4,1.0,0,0.882,,,,,,
333,3,green,yellow,pink,blue,1,3,90,0.249337553732062,0.492849166645286,0.460865352687429,0.825729079657505,1,2,2,0.5,1,5.013,,,,,,
333,3,green,yellow,pink,blue,1,3,91,0.508444489010769,0.554451414163814,0.824349808539752,0.188160781810542,4,4,4,1.0,1,0.327,,,,,,
333,3,green,yellow,pink,blue,1,3,92,0.603165275117232,0.290318550426025,0.385799476108823,0.845108951835216,3,3,1,1.0,0,3.029,,,,,,
333,3,green,yellow,pink,blue,1,3,93,0.0333548619748134,0.278683557574123,0.618953458516499,0.872322340129482,1,2,3,0.5,0,2.951,,,,,,
333,3,green,yellow,pink,blue,1,3,94,0.317413360603382,0.420128596059343,0.500466249363283,0.327046879315903,1,1,3,1.0,1,1.634,,,,,,
333,3,green,yellow,pink,blue,1,3,95,0.534360414023599,0.891188582487199,0.417723862295388,0.735668165321065,3,3,2,1.0,1,0.177,,,,,,
333,3,green,yellow,pink,blue,1,3,96,0.299392823752563,0.0163484357899549,0.339367872080041,0.96778377101096,1,1,1,1.0,0,3.196,,,,,,
333,3,green,yellow,pink,blue,1,3,97,0.39661925122508,0.710117446423244,0.0341487072425715,0.286282965221524,2,3,2,0.0,0,10.14,,,,,,
333,3,green,yellow,pink,blue,1,3,98,0.0481873014709518,0.96741987665905,0.790179430645945,0.301214367375024,2,2,2,1.0,0,3.206,,,,,,
333,3,green,yellow,pink,blue,1,3,99,0.0202474369253686,0.484136627177461,0.346886759754267,0.277882750789198,1,2,2,0.5,1,1.818,,,,,,
333,3,green,yellow,pink,blue,1,4,100,0.842761933560642,0.539238072460923,0.0887159112737243,0.522326288265602,3,3,2,1.0,1,1.06,,,,,,
333,3,green,yellow,pink,blue,1,4,101,0.84987670664048,0.039103867047985,0.793073235251088,0.0326216097732698,4,4,2,1.0,0,0.586,,,,,,
333,3,green,yellow,pink,blue,1,4,102,0.22451774039969,0.23674723537888,0.0426539100194002,0.693827636987624,1,3,1,0.0,0,2.511,,,,,,
333,3,green,yellow,pink,blue,1,4,103,0.0006912512239644,0.770643059962927,0.757821413157917,0.767689984211554,2,2,3,1.0,0,0.042,,,,,,
333,3,green,yellow,pink,blue,1,4,104,0.904110478652394,0.763623243669191,0.68374779221879,0.0563179837846178,4,4,3,1.0,0,1.733,,,,,,
333,3,green,yellow,pink,blue,1,4,105,0.062247273690726,0.688784265709547,0.843163717660291,0.0534603932133541,2,2,2,1.0,0,0.707,,,,,,
333,3,green,yellow,pink,blue,1,4,106,0.795947944433113,0.501963365755429,0.393971562329176,0.558382754529527,3,1,1,0.0,1,2.181,,,,,,
333,3,green,yellow,pink,blue,1,4,107,0.958987707318927,0.674138123657053,0.643361046116861,0.671856368090389,4,3,1,0.5,0,0.627,,,,,,
333,3,green,yellow,pink,blue,1,4,108,0.015390951462697,0.110859226683083,0.0638249375414536,0.174218083582396,1,1,1,1.0,0,1.428,,,,,,
333,3,green,yellow,pink,blue,1,4,109,0.521554899641459,0.858007613022709,0.874841645454256,0.676709594235911,4,2,2,0.0,1,2.626,,,,,,
333,3,green,yellow,pink,blue,1,4,110,0.977114820099923,0.748403364873798,0.899366104710736,0.309944383390176,4,4,2,1.0,0,1.904,,,,,,
333,3,green,yellow,pink,blue,1,4,111,0.0478336053889375,0.0754059838251717,0.290935590141729,0.71236376172294,1,2,2,0.5,0,4.242,,,,,,
333,3,green,yellow,pink,blue,1,4,112,0.678077553853502,0.861694890020046,0.0562084053259748,0.258657465055,3,3,2,1.0,0,0.965,,,,,,
333,3,green,yellow,pink,blue,1,4,113,0.947626175530301,0.384827682518702,0.493854798269526,0.561051094060093,3,1,1,0.0,1,8.951,,,,,,
333,3,green,yellow,pink,blue,1,4,114,0.0999716004542859,0.218008537269885,0.113468487005104,0.340768576639366,1,3,2,0.0,0,0.856,,,,,,
333,3,green,yellow,pink,blue,1,4,115,0.475049829081837,0.674686110342458,0.322489875398822,0.655624631080674,2,3,1,0.0,1,3.927,,,,,,
333,3,green,yellow,pink,blue,1,4,116,0.545555122116302,0.99966956278375,0.564226165900427,0.450198926383195,4,4,2,1.0,1,4.063,,,,,,
333,3,green,yellow,pink,blue,1,4,117,0.20052635152566,0.122260143172182,0.665443828359254,0.626591762856134,1,1,2,1.0,0,0.505,,,,,,
333,3,green,yellow,pink,blue,1,4,118,0.534702363747072,0.330541424798944,0.595225194350357,0.349927952622915,4,2,2,0.0,1,2.898,,,,,,
333,3,green,yellow,pink,blue,1,4,119,0.0375489917649622,0.814047325024636,0.400026409622652,0.666530432728925,2,2,2,1.0,0,0.628,,,,,,
333,3,green,yellow,pink,blue,1,4,120,0.682099299165151,0.487602251083886,0.4650008345086,0.291283705880188,3,4,2,0.5,1,1.656,,,,,,
333,3,green,yellow,pink,blue,1,4,121,0.44175385558082,0.387259810549924,0.0148618795546149,0.615716120836888,1,3,2,0.0,0,2.17,,,,,,
333,3,green,yellow,pink,blue,1,4,122,0.157821147719836,0.171755803856694,0.722056307238265,0.875757305655547,1,2,2,0.5,0,4.808,,,,,,
333,3,green,yellow,pink,blue,1,4,123,0.0512069722368166,0.205818033319893,0.858351263404612,0.634016301952446,1,1,2,1.0,0,1.651,,,,,,
333,3,green,yellow,pink,blue,1,4,124,0.589650342234211,0.221706340786208,0.848740664406385,0.961539784839773,4,1,2,0.0,0,3.581,,,,,,
333,3,green,yellow,pink,blue,1,4,125,0.089555466605691,0.720818266518471,0.426533018874064,0.201285760180739,2,2,2,1.0,0,0.26,,,,,,
333,3,green,yellow,pink,blue,1,4,126,0.933380375418284,0.349900664494902,0.696995476133955,0.645875234324345,4,1,2,0.0,0,2.619,,,,,,
333,3,green,yellow,pink,blue,1,4,127,0.626472433490159,0.718616159738077,0.228207510813407,0.221898947653813,3,3,1,1.0,0,2.269,,,,,,
333,3,green,yellow,pink,blue,1,4,128,0.993227488154617,0.111763563743984,0.520542739111438,0.504126247146332,4,1,1,0.0,1,1.651,,,,,,
333,3,green,yellow,pink,blue,1,4,129,0.499170697750083,0.180536852737867,0.794893678081137,0.839645779669144,1,1,2,1.0,1,5.068,,,,,,
333,3,green,yellow,pink,blue,1,4,130,0.0097974480218664,0.444694340731438,0.705865576035973,0.404451828442501,1,2,4,0.5,0,1.217,,,,,,
333,3,green,yellow,pink,blue,1,4,131,0.416738770591671,0.793007289594686,0.717267704530187,0.62312071437956,2,2,2,1.0,0,1.956,,,,,,
333,3,green,yellow,pink,blue,1,4,132,0.388261200426783,0.477080753078152,0.996105859432297,0.55554545042013,1,2,2,0.5,1,0.826,,,,,,
333,3,green,yellow,pink,blue,1,4,133,0.573246435046335,0.103734112639369,0.342270101762748,0.901864053552871,3,1,1,0.0,0,4.992,,,,,,
333,3,green,yellow,pink,blue,1,4,134,0.421113601889941,0.835811352536394,0.912394321277311,0.600455239502299,2,2,2,1.0,0,0.586,,,,,,
333,3,green,yellow,pink,blue,1,4,135,0.804183855663699,0.212973099921052,0.694524411227614,0.8328455952076,4,1,1,0.0,0,1.082,,,,,,
333,3,green,yellow,pink,blue,1,4,136,0.325362479345754,0.62580613920724,0.140257043711863,0.307995897405883,2,3,1,0.0,0,0.445,,,,,,
333,3,green,yellow,pink,blue,1,4,137,0.748404682457325,0.621213927961415,0.546645863456801,0.235430339386225,4,4,2,1.0,1,0.144,,,,,,
333,3,green,yellow,pink,blue,1,5,138,0.0212446805726575,0.688523253354971,0.377403760074308,0.0210130990070254,2,2,2,1.0,0,2.269,,,,,,
333,3,green,yellow,pink,blue,1,5,139,0.292467903451276,0.522566360480932,0.550875264748901,0.290730974438544,2,2,1,1.0,1,0.87,,,,,,
333,3,green,yellow,pink,blue,1,5,140,0.0428176186137135,0.623878362393198,0.0502819592839449,0.35588809825489,2,2,2,1.0,0,3.769,,,,,,
333,3,green,yellow,pink,blue,1,5,141,0.763308169998469,0.267782636419939,0.304357864263666,0.992540702206073,3,3,1,1.0,0,2.628,,,,,,
333,3,green,yellow,pink,blue,1,5,142,0.953263580015324,0.480266382603371,0.0244439779266433,0.25721922517919,3,3,1,1.0,1,5.464,,,,,,
333,3,green,yellow,pink,blue,1,5,143,0.621989620438504,0.285380548464581,0.578654179141166,0.820483978745704,4,3,1,0.5,0,1.87,,,,,,
333,3,green,yellow,pink,blue,1,5,144,0.62452517671804,0.833763117845917,0.346637204367716,0.498607772101529,3,3,2,1.0,0,1.656,,,,,,
333,3,green,yellow,pink,blue,1,5,145,0.0215897125190708,0.182705424494592,0.337151634008127,0.757259636601291,1,2,2,0.5,0,7.514,,,,,,
333,3,green,yellow,pink,blue,1,5,146,0.962909270951095,0.899606337902421,0.0481408267490352,0.198191013102832,3,3,1,1.0,0,3.486,,,,,,
333,3,green,yellow,pink,blue,1,5,147,0.892866209948969,0.235315835589127,0.882321356074417,0.262171403149875,4,4,2,1.0,0,2.461,,,,,,
333,3,green,yellow,pink,blue,1,5,148,0.64162473307252,0.378689583294523,0.355267696913274,0.474667789660168,3,3,2,1.0,0,1.07,,,,,,
333,3,green,yellow,pink,blue,1,5,149,0.0232603671068843,0.216464152310722,0.911553160735135,0.832852785624495,1,2,4,0.5,0,0.135,,,,,,
333,3,green,yellow,pink,blue,1,5,150,0.861747635275829,0.440194054681589,0.108606257624124,0.580446846396006,3,3,2,1.0,0,0.458,,,,,,
333,3,green,yellow,pink,blue,1,5,151,0.945683967474158,0.825461203564709,0.652650891165218,0.953699897674851,4,3,3,0.5,0,0.638,,,,,,
333,3,green,yellow,pink,blue,1,5,152,0.975605579704272,0.521225004040071,0.417826957241728,0.453271230958324,3,3,2,1.0,1,8.768,,,,,,
333,3,green,yellow,pink,blue,1,5,153,0.289474192446924,0.000429104050255,0.90335216882139,0.317204938452875,1,1,3,1.0,0,4.86,,,,,,
333,3,green,yellow,pink,blue,1,5,154,0.267802339589686,0.413192262561865,0.659072178144253,0.340585069476687,1,2,3,0.5,0,0.641,,,,,,
333,3,green,yellow,pink,blue,1,5,155,0.723187072203907,0.95944086219594,0.60800251163806,0.298214012196042,4,4,2,1.0,0,1.284,,,,,,
333,3,green,yellow,pink,blue,1,5,156,0.0944080937043432,0.457155860644452,0.493168025844074,0.819497861695302,1,2,3,0.5,1,0.846,,,,,,
333,3,green,yellow,pink,blue,1,5,157,0.454657984382246,0.676350537314789,0.56690212605405,0.040382859337652,2,4,3,0.0,1,3.092,,,,,,
333,3,green,yellow,pink,blue,1,5,158,0.421543015596265,0.744070440876563,0.275684209757311,0.784311515171387,2,3,2,0.0,0,8.21,,,,,,
333,3,green,yellow,pink,blue,1,5,159,0.646250292917057,0.289969926587659,0.9647522970349,0.87562942839485,4,1,2,0.0,0,1.404,,,,,,
333,3,green,yellow,pink,blue,1,5,160,0.485276890944539,0.640023613050598,0.474148259110298,0.615445627144968,2,1,2,0.5,1,4.21,,,,,,
333,3,green,yellow,pink,blue,1,5,161,0.425007231339202,0.606686785624506,0.570762859532861,0.613629248403932,2,2,2,1.0,0,0.661,,,,,,
333,3,green,yellow,pink,blue,1,5,162,0.510794020355734,0.0956653729095924,0.547675774593442,0.67203257285568,4,3,2,0.5,1,4.772,,,,,,
333,3,green,yellow,pink,blue,1,5,163,0.0094174507368907,0.813772697781808,0.0291647357646438,0.244933344271429,2,2,3,1.0,0,0.643,,,,,,
333,3,green,yellow,pink,blue,1,5,164,0.0705200756527239,0.970993486925641,0.193010688446559,0.420319471365186,2,2,4,1.0,0,0.587,,,,,,
333,3,green,yellow,pink,blue,1,5,165,0.231837135366134,0.575584482231486,0.776175996076,0.757387488159282,2,2,1,1.0,0,1.278,,,,,,
333,3,green,yellow,pink,blue,1,5,166,0.721065953724075,0.82178709073846,0.207860778813061,0.871989660904307,3,3,3,1.0,0,2.496,,,,,,
333,3,green,yellow,pink,blue,1,5,167,0.209111357798739,0.41151690607574,0.359637161621971,0.394368862402603,1,2,2,0.5,0,3.255,,,,,,
333,3,green,yellow,pink,blue,1,5,168,0.123086151946475,0.136074702093644,0.476912740396652,0.287915159754665,1,1,2,1.0,1,2.741,,,,,,
333,3,green,yellow,pink,blue,1,5,169,0.701810809823396,0.232634242365538,0.21930094911121,0.827275217515094,3,3,2,1.0,0,8.472,,,,,,
333,3,green,yellow,pink,blue,1,5,170,0.972114887167431,0.598639376452202,0.280787633283891,0.672420670375865,3,3,3,1.0,0,2.222,,,,,,
333,3,green,yellow,pink,blue,1,5,171,0.648918236870584,0.791691671508567,0.511820372518894,0.194295722454253,4,4,4,1.0,1,0.344,,,,,,
333,3,green,yellow,pink,blue,1,5,172,0.162508875472241,0.548755088038734,0.385772742830697,0.532302746224409,2,2,4,1.0,1,0.377,,,,,,
333,3,green,yellow,pink,blue,1,5,173,0.588614272262978,0.353751852394151,0.916076886948637,0.84620075980798,4,1,3,0.0,0,1.751,,,,,,
333,3,green,yellow,pink,blue,1,5,174,0.187498524303842,0.9078857854199,0.765821678540755,0.233687917531109,2,2,1,1.0,0,2.077,,,,,,
333,3,green,yellow,pink,blue,1,6,175,0.974450061375467,0.0995234878207738,0.414720240682288,0.0720337011426029,3,4,2,0.5,0,3.987,,,,,,
333,3,green,yellow,pink,blue,1,6,176,0.0817229412317192,0.488800201968612,0.0681598286428928,0.961350280605768,1,3,2,0.0,1,1.019,,,,,,
333,3,green,yellow,pink,blue,1,6,177,0.268948205200087,0.503125366639571,0.588133791945839,0.652217574827592,2,2,2,1.0,1,0.29,,,,,,
333,3,green,yellow,pink,blue,1,6,178,0.546343169307855,0.829616483803612,0.0967900005496725,0.322537726537895,3,3,2,1.0,1,0.257,,,,,,
333,3,green,yellow,pink,blue,1,6,179,0.391341797813483,0.522009037772081,0.806284674304798,0.356047793000191,2,2,2,1.0,1,1.264,,,,,,
333,3,green,yellow,pink,blue,1,6,180,0.916507151987603,0.410024343307254,0.177425167577441,0.0734320718101038,3,4,2,0.5,0,1.248,,,,,,
333,3,green,yellow,pink,blue,1,6,181,0.198291274908296,0.0892226513301917,0.513056438846124,0.489615258161855,1,1,1,1.0,1,4.508,,,,,,
333,3,green,yellow,pink,blue,1,6,182,0.715579467098455,0.219424006015551,0.361591378064656,0.656800038136361,3,3,2,1.0,0,1.081,,,,,,
333,3,green,yellow,pink,blue,1,6,183,0.439149448196326,0.666578690207697,0.0305008982712959,0.404445533439215,2,3,2,0.0,0,0.316,,,,,,
333,3,green,yellow,pink,blue,1,6,184,0.280709761569576,0.0345299393027649,0.442247800644018,0.979466002872859,1,1,2,1.0,0,2.516,,,,,,
333,3,green,yellow,pink,blue,1,6,185,0.725935463015162,0.0883308940443718,0.830718727614233,0.0724979960217986,4,4,2,1.0,0,1.661,,,,,,
333,3,green,yellow,pink,blue,1,6,186,0.926968324410014,0.350803873684119,0.269351916415208,0.522647701897386,3,3,4,1.0,0,0.365,,,,,,
333,3,green,yellow,pink,blue,1,6,187,0.321946637990242,0.75442947201363,0.134720671839186,0.990524260099225,2,3,4,0.0,0,1.674,,,,,,
333,3,green,yellow,pink,blue,1,6,188,0.0055313994214879,0.499140875736004,0.878136074852676,0.364289451964373,1,2,5,0.5,1,3.422,,,,,,
333,3,green,yellow,pink,blue,1,6,189,0.469013404318293,0.437786627221113,0.835637044328276,0.717297929946476,1,1,2,1.0,1,2.626,,,,,,
333,3,green,yellow,pink,blue,1,6,190,0.951249764042261,0.689938183152246,0.705188300324361,0.0720648284830373,4,4,5,1.0,0,0.362,,,,,,
333,3,green,yellow,pink,blue,1,6,191,0.153500899502955,0.249320362633346,0.51510595702138,0.95369204703837,1,1,2,1.0,1,1.021,,,,,,
333,3,green,yellow,pink,blue,1,6,192,0.59831597465788,0.568233013995844,0.0003084663243486,0.323766224505869,3,3,2,1.0,0,1.702,,,,,,
333,3,green,yellow,pink,blue,1,6,193,0.41879393213882,0.993536921197957,0.224219497525221,0.660520331256957,2,3,3,0.0,0,0.558,,,,,,
333,3,green,yellow,pink,blue,1,6,194,0.696354708507402,0.918799384078435,0.176941016960446,0.159725452707811,3,3,1,1.0,0,0.157,,,,,,
333,3,green,yellow,pink,blue,1,6,195,0.408376062933713,0.30142349770633,0.177726437303396,0.770870192699286,1,3,2,0.0,0,3.474,,,,,,
333,3,green,yellow,pink,blue,1,6,196,0.113704331887471,0.291563454619976,0.855110569346739,0.687714804437416,1,2,1,0.5,0,1.478,,,,,,
333,3,green,yellow,pink,blue,1,6,197,0.629415716893116,0.095397052935395,0.547589946437514,0.406658873226144,4,1,2,0.0,1,0.794,,,,,,
333,3,green,yellow,pink,blue,1,6,198,0.339421255837886,0.0744811582944699,0.850193260840093,0.139045623024785,1,1,3,1.0,0,0.007,,,,,,
333,3,green,yellow,pink,blue,1,6,199,0.914260136598857,0.940933365395441,0.584950772896706,0.0267680823336874,4,4,5,1.0,0,0.685,,,,,,
333,3,green,yellow,pink,blue,1,6,200,0.68966356911161,0.898787324696395,0.0782652755480596,0.297142541270491,3,3,3,1.0,0,0.442,,,,,,
333,3,green,yellow,pink,blue,1,6,201,0.655163739629766,0.0785721457651634,0.952552638180115,0.751826134205353,4,3,1,0.5,0,0.669,,,,,,
333,3,green,yellow,pink,blue,1,6,202,0.819231803333711,0.548688286371965,0.803338457905012,0.522067740310565,4,3,2,0.5,1,2.557,,,,,,
333,3,green,yellow,pink,blue,1,6,203,0.397899414623038,0.464617785802127,0.497693543899801,0.161461933035072,1,4,2,0.0,1,2.484,,,,,,
333,3,green,yellow,pink,blue,1,6,204,0.599900448218257,0.373943992246791,0.235348741177167,0.784062555155544,3,3,1,1.0,0,3.449,,,,,,
333,3,green,yellow,pink,blue,1,6,205,0.677483462120784,0.333143296318585,0.909738529009204,0.886572162118455,4,3,2,0.5,0,1.132,,,,,,
333,3,green,yellow,pink,blue,1,6,206,0.485029789057692,0.640548500686138,0.754866527668058,0.633036652860583,2,2,1,1.0,1,2.326,,,,,,
333,3,green,yellow,pink,blue,1,6,207,0.77149531287205,0.88616057522307,0.491863180952732,0.437772686175636,3,3,2,1.0,1,4.532,,,,,,
333,3,green,yellow,pink,blue,1,6,208,0.586190129936105,0.0296670971059561,0.431114786775608,0.191656553955434,3,4,2,0.5,0,2.19,,,,,,
333,3,green,yellow,pink,blue,1,6,209,0.646080166470748,0.641547417359933,0.524354239570002,0.256276852752218,4,4,2,1.0,1,5.241,,,,,,
333,3,green,yellow,pink,blue,1,6,210,0.573209866828027,0.674447942134463,0.848040846620539,0.274206685021626,4,4,4,1.0,0,1.706,,,,,,
333,3,green,yellow,pink,blue,1,6,211,0.0547300353880555,0.993530648593533,0.635283493329391,0.211650692453436,2,2,2,1.0,0,2.597,,,,,,
333,3,green,yellow,pink,blue,1,6,212,0.698584172582958,0.459255689117154,0.686448290433253,0.399110216647242,4,4,1,1.0,1,2.387,,,,,,
333,3,green,yellow,pink,blue,1,6,213,0.309735403713033,0.118165304211256,0.417798184115854,0.681626957803127,1,1,1,1.0,0,4.98,,,,,,
333,3,green,yellow,pink,blue,1,6,214,0.981006978628823,0.8669763396728,0.609429819443265,0.358104159488607,4,3,1,0.5,0,6.776,,,,,,
333,3,green,yellow,pink,blue,1,7,215,0.391259080877989,0.596146732001738,0.0248068387937026,0.829396757937213,2,3,2,0.0,0,1.625,,,,,,
333,3,green,yellow,pink,blue,1,7,216,0.338148791161737,0.824443114949651,0.73775785289478,0.803082241741543,2,2,2,1.0,0,2.363,,,,,,
333,3,green,yellow,pink,blue,1,7,217,0.550004469082184,0.948908447511912,0.568492742091306,0.533462463478748,4,3,2,0.5,0,1.433,,,,,,
333,3,green,yellow,pink,blue,1,7,218,0.442637610901032,0.136740157186985,0.713862624572663,0.296645573563707,1,4,2,0.0,0,1.82,,,,,,
333,3,green,yellow,pink,blue,1,7,219,0.880551391736888,0.209605519554242,0.947221020176013,0.235909728259851,4,1,2,0.0,0,1.47,,,,,,
333,3,green,yellow,pink,blue,1,7,220,0.0198713755711805,0.605846147354608,0.314900486793957,0.556009506985028,2,2,2,1.0,0,8.17,,,,,,
333,3,green,yellow,pink,blue,1,7,221,0.310508628426588,0.630797886130188,0.494805107058589,0.152669661405213,2,4,3,0.0,1,0.845,,,,,,
333,3,green,yellow,pink,blue,1,7,222,0.192257798912455,0.384776183682032,0.368042529970532,0.822077425978559,1,2,2,0.5,0,2.584,,,,,,
333,3,green,yellow,pink,blue,1,7,223,0.107580697415942,0.212622503785043,0.854294444553012,0.979785749050459,1,3,2,0.0,0,3.354,,,,,,
333,3,green,yellow,pink,blue,1,7,224,0.659201983139141,0.136229313698239,0.620167436740497,0.898357351644078,4,3,2,0.5,0,3.719,,,,,,
333,3,green,yellow,pink,blue,1,7,225,0.805422584102182,0.693102268425662,0.126825642809761,0.0072843394791543,3,4,2,0.5,0,7.996,,,,,,
333,3,green,yellow,pink,blue,1,7,226,0.720101459966807,0.697732319096022,0.585500110960001,0.713248490613174,4,3,2,0.5,0,2.033,,,,,,
333,3,green,yellow,pink,blue,1,7,227,0.141203332857417,0.36904191065388,0.482244145462683,0.56824666637604,1,2,2,0.5,1,0.642,,,,,,
333,3,green,yellow,pink,blue,1,7,228,0.647561124226256,0.0288547930870174,0.944234719759941,0.0582511418011041,4,3,2,0.5,0,1.411,,,,,,
333,3,green,yellow,pink,blue,1,7,229,0.438031116227958,0.814229872121176,0.904509568030878,0.301908713121245,2,2,1,1.0,0,5.958,,,,,,
333,3,green,yellow,pink,blue,1,7,230,0.456544743289931,0.786478731019908,0.735767348080118,0.166619623627334,2,2,2,1.0,1,1.592,,,,,,
333,3,green,yellow,pink,blue,1,7,231,0.176016143260105,0.0614561624305613,0.322446418107768,0.164857691552845,1,1,1,1.0,0,2.654,,,,,,
333,3,green,yellow,pink,blue,1,7,232,0.757660589180371,0.518215002423302,0.703541930643015,0.888142427185544,4,3,1,0.5,1,4.867,,,,,,
333,3,green,yellow,pink,blue,1,7,233,0.0221543106839569,0.647704054375564,0.964157114264451,0.883743802517136,2,2,3,1.0,0,0.799,,,,,,
333,3,green,yellow,pink,blue,1,7,234,0.311619666608821,0.879104969276318,0.0811985760036679,0.0170168148029383,2,4,1,0.0,0,5.95,,,,,,
333,3,green,yellow,pink,blue,1,7,235,0.654689099584683,0.305368686286325,0.430243166106025,0.724840245535697,3,3,1,1.0,0,13.145,,,,,,
333,3,green,yellow,pink,blue,1,7,236,0.341494423472625,0.89730169448814,0.230251808028046,0.827168665670079,2,3,2,0.0,0,3.711,,,,,,
333,3,green,yellow,pink,blue,1,7,237,0.745201196381641,0.537209167597301,0.792129285144313,0.556430641139199,4,4,1,1.0,1,4.939,,,,,,
333,3,green,yellow,pink,blue,1,7,238,0.371598025980841,0.34869581768696,0.404076000549168,0.125037633044316,1,4,2,0.0,0,1.858,,,,,,
333,3,green,yellow,pink,blue,1,7,239,0.541625166155144,0.788540542935683,0.0748984482347533,0.108096573353426,3,3,1,1.0,1,4.322,,,,,,
333,3,green,yellow,pink,blue,1,7,240,0.843424852977555,0.25911594537353,0.131434122084705,0.194286007455814,3,3,1,1.0,0,2.6,,,,,,
333,3,green,yellow,pink,blue,1,7,241,0.587442221798052,0.247715350315913,0.328651991839486,0.272189427051855,3,3,1,1.0,0,2.883,,,,,,
333,3,green,yellow,pink,blue,1,7,242,0.318035733367904,0.704795854241041,0.883472899302132,0.515749491015035,2,2,1,1.0,0,1.622,,,,,,
333,3,green,yellow,pink,blue,1,7,243,0.460923210514438,0.25709406556757,0.501969478036505,0.631144234291827,1,1,2,1.0,1,2.423,,,,,,
333,3,green,yellow,pink,blue,1,7,244,0.401679742887662,0.69108640709644,0.47723448617208,0.686116071603089,2,2,2,1.0,1,5.466,,,,,,
333,3,green,yellow,pink,blue,1,7,245,0.833650336980721,0.466506335084132,0.812813303315274,0.438745036915054,4,4,1,1.0,1,2.454,,,,,,
333,3,green,yellow,pink,blue,1,7,246,0.368734550776626,0.184752674234459,0.343792680158568,0.778490725559285,1,1,3,1.0,0,6.895,,,,,,
333,3,green,yellow,pink,blue,1,7,247,0.995223240466101,0.37528878344427,0.802002458555924,0.8219386863015,4,1,1,0.0,0,3.241,,,,,,
333,3,green,yellow,pink,blue,1,7,248,0.720728254957289,0.463916553124556,0.211364039599316,0.340447626385598,3,3,3,1.0,1,2.922,,,,,,
333,3,green,yellow,pink,blue,1,7,249,0.0342109514844649,0.119274322394627,0.486842966103833,0.937985016721272,1,2,3,0.5,1,0.567,,,,,,
333,3,green,yellow,pink,blue,1,7,250,0.894881611725267,0.041867485730744,0.447479250281142,0.456823017967587,3,3,1,1.0,0,6.033,,,,,,
333,3,green,yellow,pink,blue,1,8,251,0.0643147501114884,0.553645956179288,0.0177470149067908,0.433999676461988,2,2,1,1.0,0,9.297,,,,,,
333,3,green,yellow,pink,blue,1,8,252,0.372072652494349,0.455696873453094,0.847621271968786,0.197332227053767,1,4,2,0.0,1,5.626,,,,,,
333,3,green,yellow,pink,blue,1,8,253,0.48046186984405,0.196637677647392,0.309310511944469,0.816628460566448,1,1,1,1.0,1,8.848,,,,,,
333,3,green,yellow,pink,blue,1,8,254,0.282716264305155,0.907320210364131,0.043023917508473,0.0413171425664597,2,3,2,0.0,0,4.983,,,,,,
333,3,green,yellow,pink,blue,1,8,255,0.469113678549483,0.844681632209763,0.970506389605552,0.795840744396912,2,2,4,1.0,1,0.453,,,,,,
333,3,green,yellow,pink,blue,1,8,256,0.595738818915233,0.821930458544947,0.153393255770457,0.32987912945838,3,3,2,1.0,0,1.348,,,,,,
333,3,green,yellow,pink,blue,1,8,257,0.342087714533235,0.25544861770844,0.454691984962402,0.398853001908667,1,1,4,1.0,1,0.947,,,,,,
333,3,green,yellow,pink,blue,1,8,258,0.0814800333118702,0.250509539910404,0.315553774054887,0.829808530581507,1,2,4,0.5,0,0.919,,,,,,
333,3,green,yellow,pink,blue,1,8,259,0.312952895122042,0.329913060668172,0.57749366152598,0.796654858214033,1,1,1,1.0,0,1.498,,,,,,
333,3,green,yellow,pink,blue,1,8,260,0.854993926476951,0.0848887705385388,0.896753652414134,0.891372487398276,4,3,1,0.5,0,4.037,,,,,,
333,3,green,yellow,pink,blue,1,8,261,0.03728791118055,0.780156019769784,0.560795677817072,0.199397992244494,2,2,2,1.0,0,10.973,,,,,,
333,3,green,yellow,pink,blue,1,8,262,0.197909178176661,0.916171959087369,0.621695185414089,0.0655781480409388,2,2,2,1.0,0,3.979,,,,,,
333,3,green,yellow,pink,blue,1,8,263,0.834434709927678,0.86241410971246,0.924884676843372,0.171108246981093,4,4,5,1.0,0,0.686,,,,,,
333,3,green,yellow,pink,blue,1,8,264,0.768703121666016,0.948478925530768,0.959235822488421,0.125611632720835,4,4,5,1.0,0,0.279,,,,,,
333,3,green,yellow,pink,blue,1,8,265,0.691653426812219,0.214965031453538,0.458581759210521,0.0061274496607625,3,4,5,0.5,1,1.202,,,,,,
333,3,green,yellow,pink,blue,1,8,266,0.674711924724342,0.53847913913396,0.362051011235572,0.268656410414011,3,3,1,1.0,1,7.306,,,,,,
333,3,green,yellow,pink,blue,1,8,267,0.816178846496069,0.311679992805556,0.488689514233846,0.158796020356935,3,4,1,0.5,1,2.935,,,,,,
333,3,green,yellow,pink,blue,1,8,268,0.898138207563804,0.553292154370328,0.588873565944321,0.183541401416826,4,4,2,1.0,0,3.892,,,,,,
333,3,green,yellow,pink,blue,1,8,269,0.203710936577485,0.439365424923848,0.978902855127183,0.166080280050093,1,2,3,0.5,0,6.55,,,,,,
333,3,green,yellow,pink,blue,1,8,270,0.594379997008371,0.713808448960461,0.814344700649573,0.251438593340223,4,4,1,1.0,0,0.853,,,,,,
333,3,green,yellow,pink,blue,1,8,271,0.99972274744812,0.71696296437082,0.75279322296018,0.338536828923252,4,4,3,1.0,0,0.326,,,,,,
333,3,green,yellow,pink,blue,1,8,272,0.882411385233915,0.0163644224935159,0.78153550316246,0.384803325138775,4,3,1,0.5,0,2.951,,,,,,
333,3,green,yellow,pink,blue,1,8,273,0.622867482087517,0.26426201135391,0.683123625202461,0.092660528958277,4,4,3,1.0,0,0.245,,,,,,
333,3,green,yellow,pink,blue,1,8,274,0.345160089735124,0.759197464192377,0.719206190177047,0.525425094933237,2,2,4,1.0,0,0.589,,,,,,
333,3,green,yellow,pink,blue,1,8,275,0.69332375742161,0.275525471421932,0.685788635737664,0.854251839333879,4,1,3,0.0,0,1.238,,,,,,
333,3,green,yellow,pink,blue,1,8,276,0.63396613292098,0.7768740519789,0.388425948922535,0.219323930335362,3,4,2,0.5,0,6.851,,,,,,
333,3,green,yellow,pink,blue,1,8,277,0.523340389659153,0.61356043963958,0.364111691386964,0.461103462542701,3,3,2,1.0,1,0.606,,,,,,
333,3,green,yellow,pink,blue,1,8,278,0.236134751814395,0.799308464411881,0.0637210216414364,0.70533196916917,2,3,1,0.0,0,0.503,,,,,,
333,3,green,yellow,pink,blue,1,8,279,0.264790391944757,0.906639997186066,0.466694660007408,0.195956338195037,2,2,2,1.0,1,1.714,,,,,,
333,3,green,yellow,pink,blue,1,8,280,0.851888258163744,0.793262450491281,0.169038475157924,0.807874704714802,3,3,5,1.0,0,0.037,,,,,,
333,3,green,yellow,pink,blue,1,8,281,0.927010185253489,0.752006328871478,0.420407744855837,0.308682551224015,3,3,2,1.0,0,3.782,,,,,,
333,3,green,yellow,pink,blue,1,8,282,0.305897379753243,0.0061681002241297,0.648987347178585,0.615740507989404,1,1,3,1.0,0,0.819,,,,,,
333,3,green,yellow,pink,blue,1,8,283,0.920257169353184,0.397425135540337,0.176687938716419,0.096567690491059,3,4,1,0.5,0,2.175,,,,,,
333,3,green,yellow,pink,blue,1,8,284,0.655905027246276,0.183703691535506,0.483946700270286,0.65945841634941,3,1,1,0.0,1,6.782,,,,,,
333,3,green,yellow,pink,blue,1,8,285,0.116887437237019,0.326973230761958,0.501204340748472,0.984386197990082,1,2,3,0.5,1,0.345,,,,,,
333,3,green,yellow,pink,blue,1,8,286,0.529655294731689,0.892072966000046,0.373219124089781,0.529220328069023,3,3,1,1.0,1,4.325,,,,,,
333,3,green,yellow,pink,blue,1,8,287,0.304366163730741,0.347531973095287,0.742246192701355,0.581572487638739,1,1,1,1.0,0,3.931,,,,,,
333,3,green,yellow,pink,blue,1,8,288,0.129970802977679,0.910967526727663,0.597329274084864,0.363439868967764,2,2,3,1.0,0,0.333,,,,,,
333,3,green,yellow,pink,blue,1,9,289,0.393401786989187,0.95572865544353,0.464051781640348,0.30269264829919,2,4,1,0.0,1,2.576,,,,,,
333,3,green,yellow,pink,blue,1,9,290,0.29642924242682,0.77178323898633,0.326819459442533,0.0038827895082777,2,4,2,0.0,0,0.456,,,,,,
333,3,green,yellow,pink,blue,1,9,291,0.412346004192867,0.56146614509141,0.992346529865557,0.23075622597143,2,2,1,1.0,0,4.52,,,,,,
333,3,green,yellow,pink,blue,1,9,292,0.634486647223782,0.0906488553433871,0.983072456837504,0.999835291839077,4,1,2,0.0,0,2.121,,,,,,
333,3,green,yellow,pink,blue,1,9,293,0.296372833538327,0.0053806931973028,0.228207259223414,0.860009760344221,1,1,2,1.0,0,1.937,,,,,,
333,3,green,yellow,pink,blue,1,9,294,0.796783006829387,0.967746092253353,0.492961021351484,0.206248299253903,3,4,3,0.5,1,0.263,,,,,,
333,3,green,yellow,pink,blue,1,9,295,0.509273605512033,0.439277054241266,0.18232116248043,0.0380374690648256,3,3,2,1.0,1,2.618,,,,,,
333,3,green,yellow,pink,blue,1,9,296,0.516663918704863,0.617617450172325,0.377403486799888,0.5838089863325,3,3,2,1.0,1,0.777,,,,,,
333,3,green,yellow,pink,blue,1,9,297,0.259578530344315,0.132470131795981,0.376699707592393,0.665665860343939,1,1,1,1.0,0,6.241,,,,,,
333,3,green,yellow,pink,blue,1,9,298,0.851612368301156,0.258911183658813,0.196196894761999,0.269286870390448,3,3,2,1.0,0,7.014,,,,,,
333,3,green,yellow,pink,blue,1,9,299,0.734054046987426,0.936548497327111,0.825806093861625,0.323173580294193,4,4,5,1.0,0,1.273,,,,,,
333,3,green,yellow,pink,blue,1,9,300,0.973220121891979,0.395557091453214,0.323249536265641,0.794474485734686,3,3,4,1.0,0,0.132,,,,,,
333,3,green,yellow,pink,blue,1,9,301,0.123235178300937,0.743807960050254,0.105638672808888,0.662919407009602,2,2,4,1.0,0,0.039,,,,,,
333,3,green,yellow,pink,blue,1,9,302,0.473057364592467,0.760967133046917,0.419573500650533,0.499452740408287,2,2,4,1.0,1,3.022,,,,,,
333,3,green,yellow,pink,blue,1,9,303,0.412287869385811,0.429799752544269,0.257037383592945,0.730602612659237,1,2,4,0.5,0,0.986,,,,,,
333,3,green,yellow,pink,blue,1,9,304,0.758166539195163,0.112639363064882,0.485870821453219,0.992072377780481,3,1,1,0.0,1,1.306,,,,,,
333,3,green,yellow,pink,blue,1,9,305,0.878282701372974,0.512789525650663,0.971861759129652,0.488895789653908,4,4,2,1.0,1,3.523,,,,,,
333,3,green,yellow,pink,blue,1,9,306,0.671964351618877,0.762232163653571,0.731421382344204,0.56240354147175,4,4,2,1.0,0,6.091,,,,,,
333,3,green,yellow,pink,blue,1,9,307,0.577963112992844,0.579572677674114,0.414667675826577,0.330065565344727,3,4,2,0.5,0,2.05,,,,,,
333,3,green,yellow,pink,blue,1,9,308,0.532730603832158,0.323306521375907,0.954191022265546,0.818948780857856,4,1,1,0.0,1,1.697,,,,,,
333,3,green,yellow,pink,blue,1,9,309,0.923281144646782,0.339222451690732,0.937310584476078,0.421131305200151,4,4,2,1.0,0,3.156,,,,,,
333,3,green,yellow,pink,blue,1,9,310,0.0583134137151545,0.495153347488615,0.760483655124423,0.790982520182062,1,2,4,0.5,1,0.471,,,,,,
333,3,green,yellow,pink,blue,1,9,311,0.676759518799385,0.486411687564134,0.134844761182219,0.987779573451141,3,3,2,1.0,1,1.826,,,,,,
333,3,green,yellow,pink,blue,1,9,312,0.623383763341782,0.570448782217595,0.338579236453227,0.994474967868252,3,3,2,1.0,0,2.218,,,,,,
333,3,green,yellow,pink,blue,1,9,313,0.808747138976293,0.771344653712608,0.250745942542218,0.256489735824665,3,3,4,1.0,0,3.02,,,,,,
333,3,green,yellow,pink,blue,1,9,314,0.309766416819648,0.187259734054049,0.112661706838815,0.374451863748752,1,4,1,0.0,0,7.926,,,,,,
333,3,green,yellow,pink,blue,1,9,315,0.681913511369016,0.594918828699884,0.872822634158416,0.0146277324404692,4,4,3,1.0,0,0.141,,,,,,
333,3,green,yellow,pink,blue,1,9,316,0.0220451798961774,0.349320991930662,0.562444141861128,0.0881224472751548,1,2,1,0.5,0,0.484,,,,,,
333,3,green,yellow,pink,blue,1,9,317,0.259081819144154,0.676170380718437,0.151882783928371,0.299374907282429,2,3,2,0.0,0,0.296,,,,,,
333,3,green,yellow,pink,blue,1,9,318,0.789203305316918,0.57729332158073,0.969328621530426,0.507759761590088,4,4,2,1.0,0,2.994,,,,,,
333,3,green,yellow,pink,blue,1,9,319,0.588881243951011,0.549871068930625,0.298568087315612,0.681006809060859,3,3,3,1.0,1,0.051,,,,,,
333,3,green,yellow,pink,blue,1,9,320,0.143152552566786,0.0170723044057867,0.519304654253348,0.538638973856624,1,2,3,0.5,1,1.993,,,,,,
333,3,green,yellow,pink,blue,1,9,321,0.047950017148616,0.592264336147835,0.616572399356264,0.783745749322264,2,2,3,1.0,0,1.063,,,,,,
333,3,green,yellow,pink,blue,1,9,322,0.963155787890696,0.397626007460638,0.93062496768926,0.0674267772607491,4,4,4,1.0,0,0.708,,,,,,
333,3,green,yellow,pink,blue,1,9,323,0.963931316562549,0.884358006346805,0.811466071055652,0.383668850528666,4,4,4,1.0,0,0.429,,,,,,
333,3,green,yellow,pink,blue,1,9,324,0.820265359573279,0.320957754559647,0.316039110522909,0.481321225001032,3,3,2,1.0,0,0.772,,,,,,
333,3,green,yellow,pink,blue,1,9,325,0.337004662600885,0.756881856322962,0.647543819120756,0.716500144827223,2,2,4,1.0,0,0.203,,,,,,
333,3,green,yellow,pink,blue,1,9,326,0.262680637193211,0.556587501283455,0.128461032601074,0.295004875990143,2,3,3,0.0,0,1.29,,,,,,
333,3,green,yellow,pink,blue,1,9,327,0.388262170628967,0.332394682634059,0.816306357076191,0.271141182172784,1,2,4,0.5,0,1.915,,,,,,
333,3,green,yellow,pink,blue,1,9,328,0.959477503843727,0.305881028285873,0.915139679702316,0.631732173073349,4,1,1,0.0,0,4.564,,,,,,
333,3,green,yellow,pink,blue,1,9,329,0.461983240883901,0.283533767519671,0.497441726983881,0.0947004106326546,1,4,2,0.0,1,0.111,,,,,,
333,3,green,yellow,pink,blue,1,9,330,0.843409800947542,0.391822346054252,0.045824984836967,0.561346093061437,3,3,1,1.0,0,0.51,,,,,,
333,3,green,yellow,pink,blue,1,9,331,0.396180815944531,0.231909356539086,0.805865628489068,0.843329222751681,1,1,3,1.0,0,3.114,,,,,,
333,3,green,yellow,pink,blue,1,10,332,0.151164920293361,0.312979652323203,0.18825577033508,0.643604654225129,1,2,2,0.5,0,1.955,,,,,,
333,3,green,yellow,pink,blue,1,10,333,0.44918608236269,0.299059985556368,0.270088518046145,0.812072442695618,1,3,1,0.0,0,5.098,,,,,,
333,3,green,yellow,pink,blue,1,10,334,0.0865730509667333,0.981293886124578,0.775606053881072,0.994350486014612,2,2,4,1.0,0,0.177,,,,,,
333,3,green,yellow,pink,blue,1,10,335,0.457323527417595,0.842106283031596,0.0773940871236628,0.112862179447046,2,3,3,0.0,1,0.774,,,,,,
333,3,green,yellow,pink,blue,1,10,336,0.132975214796737,0.275987464171404,0.841017412993898,0.497968212035133,1,2,2,0.5,0,0.052,,,,,,
333,3,green,yellow,pink,blue,1,10,337,0.703117363348048,0.260373815926014,0.993186565156249,0.156923550457152,4,4,3,1.0,0,0.703,,,,,,
333,3,green,yellow,pink,blue,1,10,338,0.0353729567831475,0.872732864655291,0.437051977279985,0.734216646962871,2,2,4,1.0,0,0.406,,,,,,
333,3,green,yellow,pink,blue,1,10,339,0.454316010448549,0.719066800157801,0.105691666997783,0.402308319846503,2,3,4,0.0,1,0.388,,,,,,
333,3,green,yellow,pink,blue,1,10,340,0.50141496152211,0.885697892488878,0.288516529065013,0.690937939472859,3,3,2,1.0,1,8.793,,,,,,
333,3,green,yellow,pink,blue,1,10,341,0.0122179788325465,0.952762461921322,0.549440837084768,0.741580504713814,2,2,4,1.0,1,0.287,,,,,,
333,3,green,yellow,pink,blue,1,10,342,0.93897728874778,0.466353177237303,0.440262532059808,0.723759163332828,3,3,1,1.0,1,1.01,,,,,,
333,3,green,yellow,pink,blue,1,10,343,0.163609522505278,0.573794118242152,0.95167968718712,0.286512497617224,2,2,4,1.0,0,0.858,,,,,,
333,3,green,yellow,pink,blue,1,10,344,0.484052021333339,0.0671510175780554,0.391244182225982,0.41884223619409,1,1,2,1.0,1,1.443,,,,,,
333,3,green,yellow,pink,blue,1,10,345,0.824083970432352,0.633982793773495,0.597856934543193,0.99500087424268,4,3,1,0.5,0,5.005,,,,,,
333,3,green,yellow,pink,blue,1,10,346,0.712753296418805,0.415347105190184,0.184019385887713,0.316808836272288,3,3,2,1.0,0,2.023,,,,,,
333,3,green,yellow,pink,blue,1,10,347,0.59914436799969,0.103739892578999,0.663328124211145,0.168185581895801,4,4,4,1.0,0,1.558,,,,,,
333,3,green,yellow,pink,blue,1,10,348,0.540414429079839,0.164860945094998,0.802698615221502,0.718572916065714,4,1,2,0.0,1,1.99,,,,,,
333,3,green,yellow,pink,blue,1,10,349,0.435994236519065,0.955247987010609,0.865880929686299,0.378547847741803,2,4,1,0.0,0,6.327,,,,,,
333,3,green,yellow,pink,blue,1,10,350,0.333296196005871,0.149462016621436,0.900436980583295,0.607036888156083,1,1,1,1.0,0,4.807,,,,,,
333,3,green,yellow,pink,blue,1,10,351,0.174612521828683,0.897180863715824,0.974811245203963,0.955885891186721,2,2,4,1.0,0,0.326,,,,,,
333,3,green,yellow,pink,blue,1,10,352,0.157751243604092,0.141219454770764,0.0882357571220198,0.897368818280231,1,1,1,1.0,0,12.502,,,,,,
333,3,green,yellow,pink,blue,1,10,353,0.877222658214454,0.705215090913113,0.942499335313209,0.578229935057299,4,4,2,1.0,0,4.54,,,,,,
333,3,green,yellow,pink,blue,1,10,354,0.75096958096614,0.652074855484345,0.0356510421226842,0.915979659340909,3,3,5,1.0,0,0.989,,,,,,
333,3,green,yellow,pink,blue,1,10,355,0.0025801641614818,0.91997291570418,0.617721502296432,0.0128007180580084,2,4,1,0.0,0,1.886,,,,,,
333,3,green,yellow,pink,blue,1,10,356,0.848675320754558,0.225763905088178,0.796088977442331,0.0287896816850515,4,4,4,1.0,0,0.504,,,,,,
333,3,green,yellow,pink,blue,1,10,357,0.206207870551497,0.313411492768029,0.640203656023585,0.767495544602884,1,2,2,0.5,0,6.038,,,,,,
333,3,green,yellow,pink,blue,1,10,358,0.83547543896457,0.821340997535325,0.460323864538771,0.406764463839425,3,3,2,1.0,1,3.683,,,,,,
333,3,green,yellow,pink,blue,1,10,359,0.46852743433184,0.0952973637993345,0.776179414010664,0.247859726646371,1,4,1,0.0,1,3.634,,,,,,
333,3,green,yellow,pink,blue,1,10,360,0.641167026451255,0.829438859788163,0.604220272479634,0.785516401163467,4,3,2,0.5,0,1.718,,,,,,
334,3,green,yellow,pink,blue,1,1,1,0.0096987169931456,0.594462208457785,0.592614039973286,0.323163146233508,2,3,1,0.0,0,11.669,,,,,,
334,3,green,yellow,pink,blue,1,1,2,0.721918303754881,0.092307506539879,0.423518893444361,0.894491930657037,3,3,1,1.0,0,3.211,,,,,,
334,3,green,yellow,pink,blue,1,1,3,0.111283920773219,0.956312515623863,0.787788080797446,0.186364987582953,2,1,2,0.5,0,2.318,,,,,,
334,3,green,yellow,pink,blue,1,1,4,0.585074858576368,0.172361993079744,0.418440792034362,0.494044001326058,3,3,2,1.0,0,4.871,,,,,,
334,3,green,yellow,pink,blue,1,1,5,0.245260706821309,0.807233927972936,0.654208668080204,0.968960407824942,2,2,2,1.0,0,6.872,,,,,,
334,3,green,yellow,pink,blue,1,1,6,0.786068489435562,0.177376320673213,0.985327456555276,0.43413741306145,4,1,3,0.0,0,9.445,,,,,,
334,3,green,yellow,pink,blue,1,1,7,0.899213640271038,0.664460865816499,0.241158815520878,0.337014708905049,3,3,2,1.0,0,18.015,,,,,,
334,3,green,yellow,pink,blue,1,1,8,0.375001928397773,0.519749956280425,0.757907718659852,0.0876975744092917,2,3,5,0.0,1,5.675,,,,,,
334,3,green,yellow,pink,blue,1,1,9,0.236394088278472,0.954873006354572,0.768468115164433,0.0693438819310075,2,3,3,0.0,0,7.505,,,,,,
334,3,green,yellow,pink,blue,1,1,10,0.494053891183827,0.191154633343781,0.363479659886834,0.383264830970953,1,4,2,0.0,1,11.636,,,,,,
334,3,green,yellow,pink,blue,1,1,11,0.767577717764455,0.699308458765087,0.824537073442369,0.865480596022082,4,1,2,0.0,0,2.813,,,,,,
334,3,green,yellow,pink,blue,1,1,12,0.0817498453005501,0.378907955330766,0.82194399416921,0.944032026532809,1,2,2,0.5,0,9.165,,,,,,
334,3,green,yellow,pink,blue,1,1,13,0.421572968509933,0.0738543437174422,0.246154453374025,0.732050777260087,1,1,2,1.0,0,12.059,,,,,,
334,3,green,yellow,pink,blue,1,2,14,0.674163099048717,0.703161819981096,0.254625761903533,0.61696978692029,3,3,3,1.0,0,5.185,,,,,,
334,3,green,yellow,pink,blue,1,2,15,0.882343692135583,0.763004039025122,0.155212944847352,0.690504474936732,3,2,3,0.0,0,8.255,,,,,,
334,3,green,yellow,pink,blue,1,2,16,0.751580302700986,0.888565232695523,0.0128264246931953,0.552222318514984,3,4,4,0.5,0,2.012,,,,,,
334,3,green,yellow,pink,blue,1,2,17,0.391508745978087,0.257983043008878,0.424153821627252,0.287050228040492,1,2,5,0.5,0,2.188,,,,,,
334,3,green,yellow,pink,blue,1,2,18,0.231085010013858,0.376263239153192,0.450395214863857,0.59701162782144,1,4,4,0.0,1,7.057,,,,,,
334,3,green,yellow,pink,blue,1,2,19,0.416820125496317,0.83449193927938,0.0714270035503318,0.723157567967807,2,2,5,1.0,0,4.003,,,,,,
334,3,green,yellow,pink,blue,1,2,20,0.0932768393990388,0.528337229445331,0.334257775454553,0.185877491037587,2,1,4,0.5,1,3.594,,,,,,
334,3,green,yellow,pink,blue,1,2,21,0.340836639296827,0.190234066990528,0.0409421192270217,0.187488857532367,1,4,6,0.0,0,3.411,,,,,,
334,3,green,yellow,pink,blue,1,2,22,0.163513636702445,0.829318413250402,0.0915247426272,0.166202220613403,2,1,3,0.5,0,14.204,,,,,,
334,3,green,yellow,pink,blue,1,2,23,0.184150870515107,0.0047596450298517,0.943541443643671,0.228017432555594,1,3,2,0.0,0,2.725,,,,,,
334,3,green,yellow,pink,blue,1,2,24,0.0942034363128781,0.783462181609019,0.0878798419058885,0.747927546831064,2,3,6,0.0,0,1.495,,,,,,
334,3,green,yellow,pink,blue,1,2,25,0.453833955766476,0.701289880211352,0.286260814062326,0.293391346041576,2,2,4,1.0,1,9.725,,,,,,
334,3,green,yellow,pink,blue,1,2,26,0.733172860169448,0.376358585646454,0.405338503431025,0.329261894204676,3,2,3,0.0,0,3.553,,,,,,
334,3,green,yellow,pink,blue,1,2,27,0.27883632879363,0.0502826581894338,0.895605423027666,0.624317255268824,1,1,3,1.0,0,10.179,,,,,,
334,3,green,yellow,pink,blue,1,2,28,0.338720949214638,0.270329803222601,0.573514281901737,0.210703289131985,1,4,4,0.0,0,6.194,,,,,,
334,3,green,yellow,pink,blue,1,2,29,0.511415217467801,0.690756040394345,0.47447176676163,0.679624785471025,3,2,2,0.0,1,14.544,,,,,,
334,3,green,yellow,pink,blue,1,2,30,0.929374857598487,0.666729939140634,0.894687225624132,0.293948396415599,4,3,5,0.5,0,0.752,,,,,,
334,3,green,yellow,pink,blue,1,2,31,0.547479003221582,0.507677657197181,0.55944653223295,0.0897890921236684,4,3,4,0.5,1,9.418,,,,,,
334,3,green,yellow,pink,blue,1,2,32,0.97599555886147,0.325433185163081,0.493905840941076,0.292651751684461,3,2,6,0.0,1,3.215,,,,,,
334,3,green,yellow,pink,blue,1,2,33,0.912647612017808,0.996836046303286,0.246748126658532,0.814743747129056,3,3,5,1.0,0,3.126,,,,,,
334,3,green,yellow,pink,blue,1,2,34,0.697270914748408,0.354330571142129,0.071537072887861,0.139660778478701,3,1,6,0.0,0,2.273,,,,,,
334,3,green,yellow,pink,blue,1,2,35,0.840270640232563,0.400212023481211,0.931500393334154,0.781450247278383,4,4,4,1.0,0,7.477,,,,,,
334,3,green,yellow,pink,blue,1,3,36,0.403983726991216,0.235772580381867,0.415279520923537,0.504871835571128,1,2,4,0.5,0,3.879,,,,,,
334,3,green,yellow,pink,blue,1,3,37,0.531423225889092,0.804746095273503,0.813269493471412,0.934972217735893,4,3,6,0.5,1,1.59,,,,,,
334,3,green,yellow,pink,blue,1,3,38,0.450479185944536,0.298183056184936,0.61146093817106,0.578222803623684,1,4,4,0.0,1,6.258,,,,,,
334,3,green,yellow,pink,blue,1,3,39,0.796705345875724,0.360586843762587,0.736802554409703,0.94747297973594,4,3,6,0.5,0,2.087,,,,,,
334,3,green,yellow,pink,blue,1,3,40,0.58099111403681,0.36970452263861,0.341420674521993,0.257524544435479,3,2,6,0.0,0,1.8,,,,,,
334,3,green,yellow,pink,blue,1,3,41,0.0955647985186031,0.189658655816293,0.946855012673189,0.16454554021726,1,2,3,0.5,0,14.579,,,,,,
334,3,green,yellow,pink,blue,1,3,42,0.433851177410308,0.538480958328034,0.677821610108504,0.429899891753559,2,2,4,1.0,1,7.866,,,,,,
334,3,green,yellow,pink,blue,1,3,43,0.21175387217002,0.500847545137326,0.741220078327898,0.0015012532691388,2,1,3,0.5,1,5.033,,,,,,
334,3,green,yellow,pink,blue,1,3,44,0.240694885133975,0.916798662396257,0.0616931797218819,0.426352250525883,2,1,4,0.5,0,5.772,,,,,,
334,3,green,yellow,pink,blue,1,3,45,0.796623766907087,0.141707479215971,0.82980544788452,0.968891344207773,4,3,6,0.5,0,1.756,,,,,,
334,3,green,yellow,pink,blue,1,3,46,0.584248373108034,0.779711792238978,0.103230323928964,0.0909655116743597,3,2,4,0.0,0,1.369,,,,,,
334,3,green,yellow,pink,blue,1,3,47,0.0485934924398179,0.159532456660187,0.566843561813776,0.175570835824755,1,1,5,1.0,0,6.741,,,,,,
334,3,green,yellow,pink,blue,1,3,48,0.884160127191059,0.946237135184385,0.281691525587352,0.285793083501752,3,2,4,0.0,0,7.254,,,,,,
334,3,green,yellow,pink,blue,1,3,49,0.829408305625673,0.601847633326604,0.15220120178957,0.58043486230498,3,3,5,1.0,0,6.013,,,,,,
334,3,green,yellow,pink,blue,1,3,50,0.0294887378626489,0.752842185084419,0.238717926739773,0.89797974860738,2,4,2,0.0,0,6.403,,,,,,
334,3,green,yellow,pink,blue,1,3,51,0.302146647467335,0.100642483807722,0.505072395569719,0.557445379997833,1,4,4,0.0,1,3.005,,,,,,
334,3,green,yellow,pink,blue,1,3,52,0.65816003604536,0.408194367128589,0.277884632128922,0.824894113534725,3,2,6,0.0,0,4.816,,,,,,
334,3,green,yellow,pink,blue,1,3,53,0.88874409298489,0.630560219010903,0.983257115059317,0.596025274799502,4,3,5,0.5,0,3.922,,,,,,
334,3,green,yellow,pink,blue,1,3,54,0.927909692474237,0.842574929508714,0.620291468647801,0.342754179938036,4,4,4,1.0,0,3.758,,,,,,
334,3,green,yellow,pink,blue,1,3,55,0.616746728005421,0.14717801796894,0.167707042648707,0.719333350654768,3,1,4,0.0,0,5.238,,,,,,
334,3,green,yellow,pink,blue,1,3,56,0.547420239254276,0.824374075843413,0.816378509075901,0.25741609619329,4,4,5,1.0,1,4.098,,,,,,
334,3,green,yellow,pink,blue,1,3,57,0.637335710957766,0.584616458293979,0.88641784883182,0.0262080950468612,4,2,4,0.0,0,8.392,,,,,,
334,3,green,yellow,pink,blue,1,3,58,0.64936299222237,0.288265720865585,0.937852716949331,0.329898965169513,4,2,4,0.0,0,10.735,,,,,,
334,3,green,yellow,pink,blue,1,3,59,0.332883205919061,0.363611402324372,0.348759449196523,0.527216827687793,1,1,3,1.0,0,7.108,,,,,,
334,3,green,yellow,pink,blue,1,4,60,0.56754684953802,0.0341137952104276,0.763608988032416,0.665322733550228,4,4,4,1.0,0,6.939,,,,,,
334,3,green,yellow,pink,blue,1,4,61,0.321384649126441,0.875143415321934,0.154542059187562,0.669882315638198,2,1,4,0.5,0,7.303,,,,,,
334,3,green,yellow,pink,blue,1,4,62,0.416238762994535,0.940541785904806,0.531936312471566,0.730878849313448,2,3,5,0.0,1,4.819,,,,,,
334,3,green,yellow,pink,blue,1,4,63,0.849926734278197,0.523158922575222,0.842558937019186,0.546012498846209,4,2,3,0.0,1,5.459,,,,,,
334,3,green,yellow,pink,blue,1,4,64,0.408960413043422,0.118458592900021,0.228714276745177,0.755924138589637,1,1,5,1.0,0,2.243,,,,,,
334,3,green,yellow,pink,blue,1,4,65,0.310077443842388,0.0599102432660105,0.447706952123193,0.277251485134871,1,1,5,1.0,0,1.809,,,,,,
334,3,green,yellow,pink,blue,1,4,66,0.540947069455821,0.480825741720599,0.519632568150792,0.546125239053547,4,2,5,0.0,1,1.918,,,,,,
334,3,green,yellow,pink,blue,1,4,67,0.222990891407015,0.646275984344585,0.986552460520473,0.556386778433301,2,3,6,0.0,0,7.148,,,,,,
334,3,green,yellow,pink,blue,1,4,68,0.8156063008717,0.326377917910618,0.810356657118427,0.987784845952996,4,4,5,1.0,0,1.392,,,,,,
334,3,green,yellow,pink,blue,1,4,69,0.827294717866824,0.30196681072935,0.427786599225014,0.199780180199326,3,4,4,0.5,0,8.601,,,,,,
334,3,green,yellow,pink,blue,1,4,70,0.455470191225393,0.0110197748657155,0.582019325725232,0.275493948962454,1,2,4,0.5,1,3.981,,,,,,
334,3,green,yellow,pink,blue,1,4,71,0.373398524206523,0.967742627692127,0.201730894094267,0.579522687456631,2,2,6,1.0,0,3.154,,,,,,
334,3,green,yellow,pink,blue,1,4,72,0.607821646362313,0.161277208382375,0.754735798261886,0.222472170658352,4,1,3,0.0,0,2.932,,,,,,
334,3,green,yellow,pink,blue,1,4,73,0.573600647268386,0.327794169477715,0.918743983686963,0.941780294383773,4,4,5,1.0,0,3.636,,,,,,
334,3,green,yellow,pink,blue,1,4,74,0.382929174160973,0.828320254603129,0.869594769090576,0.638186524356015,2,3,6,0.0,0,1.29,,,,,,
334,3,green,yellow,pink,blue,1,4,75,0.0819117383405715,0.222475880939834,0.84294086395947,0.646873697984733,1,4,5,0.0,0,3.699,,,,,,
334,3,green,yellow,pink,blue,1,4,76,0.077584434114761,0.171077864492274,0.0554616527676954,0.339067747363459,1,1,4,1.0,0,8.174,,,,,,
334,3,green,yellow,pink,blue,1,4,77,0.103287206206097,0.215728790019775,0.23236892611964,0.232838382366055,1,1,5,1.0,0,0.728,,,,,,
334,3,green,yellow,pink,blue,1,4,78,0.478312923810928,0.640148011253477,0.0997196615800814,0.0969884556196431,2,4,4,0.0,1,5.665,,,,,,
334,3,green,yellow,pink,blue,1,4,79,0.615509717230566,0.398793561073144,0.934685705949138,0.826320066586749,4,3,4,0.5,0,9.37,,,,,,
334,3,green,yellow,pink,blue,1,4,80,0.33371217675119,0.646073023616877,0.334236083054611,0.681801400786909,2,2,5,1.0,0,4.216,,,,,,
334,3,green,yellow,pink,blue,1,4,81,0.937361958468262,0.463165568800745,0.33930578912265,0.772542952009815,3,4,5,0.5,1,7.694,,,,,,
334,3,green,yellow,pink,blue,1,4,82,0.282248130584782,0.833393143021783,0.52575949528606,0.910291974752933,2,4,4,0.0,1,5.794,,,,,,
334,3,green,yellow,pink,blue,1,4,83,0.330531870641887,0.983127376206119,0.51393696271002,0.618446298211665,2,4,2,0.0,1,12.259,,,,,,
334,3,green,yellow,pink,blue,1,4,84,0.968914100026128,0.532285470401155,0.134995902945888,0.0666987507168318,3,1,4,0.0,1,7.807,,,,,,
334,3,green,yellow,pink,blue,1,4,85,0.561116950635011,0.72219595895305,0.638020185241245,0.158965388789786,4,2,4,0.0,0,5.399,,,,,,
334,3,green,yellow,pink,blue,1,4,86,0.458900222983399,0.367302640674844,0.0533696469428719,0.583717607507087,1,1,3,1.0,1,3.585,,,,,,
334,3,green,yellow,pink,blue,1,5,87,0.88960396294235,0.45247338239306,0.0372435789535031,0.463804759818275,3,3,5,1.0,1,9.192,,,,,,
334,3,green,yellow,pink,blue,1,5,88,0.0871910910325683,0.133916650098405,0.452639080348612,0.5337449327694,1,2,6,0.5,1,5.919,,,,,,
334,3,green,yellow,pink,blue,1,5,89,0.789758614917316,0.754695874357886,0.314886392035413,0.717551842012678,3,3,5,1.0,0,5.937,,,,,,
334,3,green,yellow,pink,blue,1,5,90,0.091188979960251,0.568653044101718,0.360639198059957,0.396464928046742,2,2,4,1.0,0,4.772,,,,,,
334,3,green,yellow,pink,blue,1,5,91,0.952407007805475,0.643650909246438,0.927028660358914,0.371155049480775,4,4,4,1.0,0,10.276,,,,,,
334,3,green,yellow,pink,blue,1,5,92,0.860191583880654,0.409067223507803,0.389660947531798,0.463522308099048,3,2,6,0.0,0,3.982,,,,,,
334,3,green,yellow,pink,blue,1,5,93,0.380314460424855,0.967439447407906,0.426977417380073,0.697224608950011,2,2,3,1.0,0,6.494,,,,,,
334,3,green,yellow,pink,blue,1,5,94,0.967216826851608,0.128406007170902,0.853092461125721,0.537302514877522,4,1,3,0.0,0,10.034,,,,,,
334,3,green,yellow,pink,blue,1,5,95,0.790591914416831,0.976443438657171,0.125702331299466,0.0659906560870525,3,1,4,0.0,0,3.463,,,,,,
334,3,green,yellow,pink,blue,1,5,96,0.769116821613287,0.410026699857011,0.24749662042912,0.121390967865063,3,2,4,0.0,0,8.641,,,,,,
334,3,green,yellow,pink,blue,1,5,97,0.214412423973249,0.330391680962691,0.936261940347273,0.393389616950785,1,2,4,0.5,0,3.59,,,,,,
334,3,green,yellow,pink,blue,1,5,98,0.957840582293107,0.792773270732936,0.711159430700832,0.187666469167534,4,3,5,0.5,0,3.883,,,,,,
334,3,green,yellow,pink,blue,1,5,99,0.646256245690887,0.203822650611451,0.993814111185389,0.137151794586406,4,2,6,0.0,0,2.447,,,,,,
334,3,green,yellow,pink,blue,1,5,100,0.837481397341507,0.52781437966277,0.50388348356831,0.817466489021839,4,2,6,0.0,1,4.362,,,,,,
334,3,green,yellow,pink,blue,1,5,101,0.129142001198619,0.0750876216261847,0.752454094447118,0.862549469206322,1,4,3,0.0,0,6.254,,,,,,
334,3,green,yellow,pink,blue,1,5,102,0.947960084817072,0.350074784661421,0.771934428512683,0.166032671263917,4,4,4,1.0,0,9.572,,,,,,
334,3,green,yellow,pink,blue,1,5,103,0.0294997503429969,0.346335286996389,0.0365373460419012,0.425624434806951,1,2,5,0.5,0,2.852,,,,,,
334,3,green,yellow,pink,blue,1,5,104,0.203125542899538,0.426139281454001,0.754601742305153,0.497560499420117,1,3,4,0.0,0,2.896,,,,,,
334,3,green,yellow,pink,blue,1,5,105,0.362339507096619,0.576047091456573,0.661004624542606,0.935202137559815,2,4,4,0.0,0,7.838,,,,,,
334,3,green,yellow,pink,blue,1,5,106,0.461806390549584,0.172026791562686,0.0553862230222225,0.994544901428259,1,1,3,1.0,1,6.738,,,,,,
334,3,green,yellow,pink,blue,1,5,107,0.306816973513883,0.785747809373581,0.999357886296982,0.209858925155716,2,4,4,0.0,0,4.906,,,,,,
334,3,green,yellow,pink,blue,1,5,108,0.940265199129328,0.81732144125306,0.966296553297304,0.763256871172364,4,3,6,0.5,0,2.934,,,,,,
334,3,green,yellow,pink,blue,1,5,109,0.284720551668096,0.443746919865684,0.899469356639254,0.272966769961145,1,2,4,0.5,0,4.959,,,,,,
334,3,green,yellow,pink,blue,1,5,110,0.0596721923070507,0.845140820477023,0.988888866507465,0.973080320927098,2,3,6,0.0,0,0.325,,,,,,
334,3,green,yellow,pink,blue,1,5,111,0.986603367573501,0.402554153302261,0.874642277444975,0.625508245118662,4,3,6,0.5,0,5.47,,,,,,
334,3,green,yellow,pink,blue,1,6,112,0.139646643687034,0.745603027469031,0.224818480612305,0.622630750414697,2,2,5,1.0,0,3.859,,,,,,
334,3,green,yellow,pink,blue,1,6,113,0.166832804421667,0.266757152849689,0.346358881150591,0.568315789690299,1,4,4,0.0,0,2.639,,,,,,
334,3,green,yellow,pink,blue,1,6,114,0.286937376501403,0.646056363364439,0.994643070962053,0.28363426353526,2,4,4,0.0,0,4.51,,,,,,
334,3,green,yellow,pink,blue,1,6,115,0.608295386688616,0.817708768575379,0.224728077141551,0.658302145446972,3,3,5,1.0,0,2.276,,,,,,
334,3,green,yellow,pink,blue,1,6,116,0.634109042517955,0.483239271951055,0.404626515091617,0.0024669427652767,3,2,4,0.0,1,3.402,,,,,,
334,3,green,yellow,pink,blue,1,6,117,0.307770127807313,0.795293077074162,0.324583157229007,0.423164827329028,2,2,4,1.0,0,1.787,,,,,,
334,3,green,yellow,pink,blue,1,6,118,0.0216740655891045,0.0630904610666126,0.585298557280561,0.865216374080293,1,1,4,1.0,0,2.261,,,,,,
334,3,green,yellow,pink,blue,1,6,119,0.303219552487749,0.486529133470077,0.190961793321344,0.13678633007482,1,4,5,0.0,1,2.976,,,,,,
334,3,green,yellow,pink,blue,1,6,120,0.576426924869683,0.731381040064904,0.307631088198922,0.842695623413302,3,3,5,1.0,0,6.076,,,,,,
334,3,green,yellow,pink,blue,1,6,121,0.993724782869169,0.675107369478051,0.250769965611393,0.517210189376438,3,3,6,1.0,0,3.575,,,,,,
334,3,green,yellow,pink,blue,1,6,122,0.765953488656383,0.985063681625217,0.795889610938693,0.175557503440774,4,4,4,1.0,0,8.225,,,,,,
334,3,green,yellow,pink,blue,1,6,123,0.981491330062435,0.0172500296533952,0.398154970549154,0.901339748491827,3,1,3,0.0,0,6.196,,,,,,
334,3,green,yellow,pink,blue,1,6,124,0.723150075507413,0.423842940986174,0.427942247692041,0.176391997489686,3,2,4,0.0,0,10.801,,,,,,
334,3,green,yellow,pink,blue,1,6,125,0.532864044085878,0.474674369666878,0.0634075577331717,0.474431308993296,3,2,4,0.0,1,1.895,,,,,,
334,3,green,yellow,pink,blue,1,6,126,0.594373192344218,0.561294969809608,0.195821976451883,0.368924815894628,3,1,4,0.0,0,2.846,,,,,,
334,3,green,yellow,pink,blue,1,6,127,0.340101051272652,0.448421206382678,0.493083254313646,0.601653208747111,1,2,5,0.5,1,4.506,,,,,,
334,3,green,yellow,pink,blue,1,6,128,0.917316020551823,0.631793509261718,0.265455319448584,0.0400937720358464,3,1,4,0.0,0,10.186,,,,,,
334,3,green,yellow,pink,blue,1,6,129,0.274606581914678,0.658477989483835,0.768313513016315,0.323840046182395,2,4,5,0.0,0,10.184,,,,,,
334,3,green,yellow,pink,blue,1,6,130,0.72917031524765,0.776070855322879,0.25579898369438,0.968039311049687,3,3,6,1.0,0,2.345,,,,,,
334,3,green,yellow,pink,blue,1,6,131,0.521039998348619,0.840790940990747,0.785249189907129,0.730038623240559,4,2,4,0.0,1,1.736,,,,,,
334,3,green,yellow,pink,blue,1,6,132,0.0912351584502435,0.528553697471048,0.0421659541911716,0.964658215315143,2,2,6,1.0,1,0.195,,,,,,
334,3,green,yellow,pink,blue,1,6,133,0.255990964432169,0.122648025103393,0.524587877119655,0.400973514896809,1,1,4,1.0,1,4.63,,,,,,
334,3,green,yellow,pink,blue,1,6,134,0.920044718862879,0.493747738090013,0.587770884683424,0.280816269477721,4,4,4,1.0,1,7.381,,,,,,
334,3,green,yellow,pink,blue,1,6,135,0.0140456841438603,0.654858516653845,0.25977464163906,0.824434258404731,2,2,6,1.0,0,0.891,,,,,,
334,3,green,yellow,pink,blue,1,6,136,0.549505442224168,0.583395027801216,0.996488065745675,0.938372515728677,4,3,4,0.5,1,4.944,,,,,,
334,3,green,yellow,pink,blue,1,6,137,0.227930809326052,0.839055238781662,0.292742025662687,0.976240333474609,2,2,6,1.0,0,0.632,,,,,,
334,3,green,yellow,pink,blue,1,6,138,0.594619052234759,0.309663580855012,0.332247247997103,0.357164402762105,3,4,4,0.5,0,11.833,,,,,,
334,3,green,yellow,pink,blue,1,6,139,0.375613094909562,0.997986595421233,0.59124749944854,0.494972110494498,2,1,4,0.5,0,7.989,,,,,,
334,3,green,yellow,pink,blue,1,6,140,0.888159204431879,0.0860679975056328,0.933507554586777,0.998249047647276,4,3,6,0.5,0,0.326,,,,,,
334,3,green,yellow,pink,blue,1,7,141,0.438645241142056,0.285664139981861,0.986042782435331,0.721865035750969,1,1,4,1.0,0,8.156,,,,,,
334,3,green,yellow,pink,blue,1,7,142,0.700544340219401,0.303767727418747,0.531439274075875,0.658544617009699,4,4,4,1.0,1,8.356,,,,,,
334,3,green,yellow,pink,blue,1,7,143,0.979855961701907,0.712933914504381,0.553412880463912,0.395437878102942,4,1,4,0.0,0,2.153,,,,,,
334,3,green,yellow,pink,blue,1,7,144,0.297123042678525,0.432328048294106,0.538806939008617,0.388415110409658,1,1,5,1.0,1,3.005,,,,,,
334,3,green,yellow,pink,blue,1,7,145,0.671352308316136,0.0880189122953649,0.80871035577153,0.74210489841829,4,3,5,0.5,0,2.804,,,,,,
334,3,green,yellow,pink,blue,1,7,146,0.351510378667552,0.683182417776674,0.7244516722733,0.866248539665093,2,2,4,1.0,0,9.211,,,,,,
334,3,green,yellow,pink,blue,1,7,147,0.50791144969067,0.38510815909131,0.244585591059335,0.928701210070107,3,2,5,0.0,1,2.734,,,,,,
334,3,green,yellow,pink,blue,1,7,148,0.0773265568351074,0.163249220159575,0.637757031829497,0.764620242733814,1,1,6,1.0,0,2.64,,,,,,
334,3,green,yellow,pink,blue,1,7,149,0.983749233716893,0.567117925528989,0.398325440864623,0.921883592336088,3,3,5,1.0,0,8.132,,,,,,
334,3,green,yellow,pink,blue,1,7,150,0.103069574463764,0.300189094965189,0.590273197722137,0.754392535352351,1,4,4,0.0,0,3.958,,,,,,
334,3,green,yellow,pink,blue,1,7,151,0.130119714464848,0.893402121763069,0.160262458755785,0.914602365546515,2,2,6,1.0,0,0.791,,,,,,
334,3,green,yellow,pink,blue,1,7,152,0.988837944223236,0.445772924325945,0.446326001819948,0.529578762859994,3,1,4,0.0,0,3.377,,,,,,
334,3,green,yellow,pink,blue,1,7,153,0.409848355783894,0.210045396600298,0.466837896073598,0.516882140733859,1,1,4,1.0,1,3.727,,,,,,
334,3,green,yellow,pink,blue,1,7,154,0.217708346986512,0.103499538590254,0.318027732178752,0.28824039687016,1,1,5,1.0,0,3.554,,,,,,
334,3,green,yellow,pink,blue,1,7,155,0.866557198903258,0.191633005413743,0.181702598547616,0.390572150340199,3,1,5,0.0,0,6.483,,,,,,
334,3,green,yellow,pink,blue,1,7,156,0.722075278083728,0.774801555064569,0.493475685066876,0.913168661934759,3,2,4,0.0,1,2.784,,,,,,
334,3,green,yellow,pink,blue,1,7,157,0.257316628296387,0.525439062013315,0.33922101774947,0.993331446133541,2,2,6,1.0,1,1.442,,,,,,
334,3,green,yellow,pink,blue,1,7,158,0.475680588503339,0.450555102065211,0.668509373880578,0.327434860101023,1,4,4,0.0,1,5.255,,,,,,
334,3,green,yellow,pink,blue,1,7,159,0.229660623240476,0.754421352004344,0.99884789504759,0.022531675518135,2,3,4,0.0,0,4.95,,,,,,
334,3,green,yellow,pink,blue,1,7,160,0.726264502429303,0.895839811927932,0.439558586757166,0.0176688152560111,3,3,5,1.0,0,4.726,,,,,,
334,3,green,yellow,pink,blue,1,7,161,0.874336855248975,0.776187028237834,0.729014735853026,0.124834099063585,4,3,5,0.5,0,2.865,,,,,,
334,3,green,yellow,pink,blue,1,7,162,0.123250425026617,0.810160430023823,0.60293375358107,0.225740743408323,2,1,3,0.5,0,5.259,,,,,,
334,3,green,yellow,pink,blue,1,7,163,0.404135496818875,0.105501033654422,0.168851618022475,0.485982303894133,1,1,6,1.0,0,0.199,,,,,,
334,3,green,yellow,pink,blue,1,7,164,0.06866044265504,0.285723342456129,0.225623715087944,0.157758237092458,1,1,5,1.0,0,1.522,,,,,,
334,3,green,yellow,pink,blue,1,7,165,0.169173746073542,0.998961822684932,0.907342860957652,0.850948264993011,2,4,5,0.0,0,4.528,,,,,,
334,3,green,yellow,pink,blue,1,7,166,0.777626272243445,0.226954083425121,0.573928264794514,0.818776611785442,4,4,5,1.0,0,9.858,,,,,,
334,3,green,yellow,pink,blue,1,7,167,0.122294098986361,0.0806336174640901,0.884277076641005,0.391699242945309,1,1,5,1.0,0,5.754,,,,,,
334,3,green,yellow,pink,blue,1,7,168,0.436235896905483,0.139641293626911,0.0104955589879871,0.563057222869694,1,1,6,1.0,0,1.983,,,,,,
334,3,green,yellow,pink,blue,1,7,169,0.667128052507124,0.16818913315636,0.606482193136075,9.64974064946444e-05,4,2,4,0.0,0,5.225,,,,,,
334,3,green,yellow,pink,blue,1,7,170,0.785192358767876,0.997312343559183,0.636418557968177,0.0020353826437389,4,3,5,0.5,0,4.232,,,,,,
334,3,green,yellow,pink,blue,1,7,171,0.142568456449162,0.99639058328924,0.0766805793687565,0.225378645661123,2,2,5,1.0,0,3.098,,,,,,
334,3,green,yellow,pink,blue,1,8,172,0.804969175761893,0.475735342117456,0.234195237144318,0.398075079762504,3,4,4,0.5,1,7.185,,,,,,
334,3,green,yellow,pink,blue,1,8,173,0.83082239059667,0.214322723400402,0.550640844978434,0.0623635309925122,4,4,5,1.0,0,5.621,,,,,,
334,3,green,yellow,pink,blue,1,8,174,0.684828434161511,0.0900478665153071,0.684967260090656,0.732792348147847,4,3,5,0.5,0,2.822,,,,,,
334,3,green,yellow,pink,blue,1,8,175,0.147622761337572,0.910808780575688,0.120662453020804,0.515398573233011,2,2,6,1.0,0,0.632,,,,,,
334,3,green,yellow,pink,blue,1,8,176,0.524604775597059,0.670231815974004,0.391531140907107,0.525853030409886,3,2,5,0.0,1,5.785,,,,,,
334,3,green,yellow,pink,blue,1,8,177,0.366775585217308,0.591506265626059,0.459709197759196,0.0339636659894061,2,1,4,0.5,1,4.367,,,,,,
334,3,green,yellow,pink,blue,1,8,178,0.922506504624856,0.659560757453124,0.710779245340897,0.596244879609922,4,3,4,0.5,0,4.773,,,,,,
334,3,green,yellow,pink,blue,1,8,179,0.861923551187332,0.188324032170132,0.698273746811671,0.049707517075995,4,4,5,1.0,0,1.695,,,,,,
334,3,green,yellow,pink,blue,1,8,180,0.125014170965684,0.651835319396627,0.693667683057156,0.633760087908393,2,1,4,0.5,0,3.089,,,,,,
334,3,green,yellow,pink,blue,1,8,181,0.218859994107864,0.90839704605026,0.17005523710536,0.094477868294958,2,1,5,0.5,0,7.004,,,,,,
334,3,green,yellow,pink,blue,1,8,182,0.138447488163451,0.45367324278412,0.567055446504618,0.0374645492751743,1,1,4,1.0,1,9.801,,,,,,
334,3,green,yellow,pink,blue,1,8,183,0.0476510884738847,0.135738808048924,0.369057289080258,0.281335818627117,1,1,6,1.0,0,5.564,,,,,,
334,3,green,yellow,pink,blue,1,8,184,0.829097724359131,0.756477942682582,0.19914928787335,0.619669086647486,3,3,5,1.0,0,1.812,,,,,,
334,3,green,yellow,pink,blue,1,8,185,0.554841314410723,0.0270707512665625,0.816912208011789,0.81818671196341,4,3,4,0.5,0,5.084,,,,,,
334,3,green,yellow,pink,blue,1,8,186,0.462448705062894,0.0470167463738267,0.531532370626412,0.113700038076605,1,4,5,0.0,1,0.506,,,,,,
334,3,green,yellow,pink,blue,1,8,187,0.208192337635742,0.369866060675552,0.323146048039871,0.814997935311593,1,2,6,0.5,0,0.069,,,,,,
334,3,green,yellow,pink,blue,1,8,188,0.721812846716557,0.68526826203443,0.992132835468408,0.857265500656336,4,3,4,0.5,0,8.57,,,,,,
334,3,green,yellow,pink,blue,1,8,189,0.229196070148479,0.6564303224716,0.977045598591572,0.334252617478275,2,1,4,0.5,0,2.883,,,,,,
334,3,green,yellow,pink,blue,1,8,190,0.428556939374257,0.26431805747024,0.0265991759895964,0.0724444320832727,1,1,6,1.0,0,0.234,,,,,,
334,3,green,yellow,pink,blue,1,8,191,0.687937702650506,0.457265028118679,0.503478231741129,0.370431558162518,4,4,4,1.0,1,2.707,,,,,,
334,3,green,yellow,pink,blue,1,8,192,0.99321445006963,0.646751447886244,0.0876530233400753,0.376943071129663,3,3,5,1.0,0,2.158,,,,,,
334,3,green,yellow,pink,blue,1,8,193,0.34247229766205,0.683187912813631,0.0880008490548148,0.317014672780778,2,2,4,1.0,0,5.584,,,,,,
334,3,green,yellow,pink,blue,1,8,194,0.407549054715611,0.519632330831038,0.250542991139112,0.686387421602366,2,2,5,1.0,1,3.784,,,,,,
334,3,green,yellow,pink,blue,1,8,195,0.572655583612774,0.007517096408111,0.0011372180350088,0.990668269380575,3,1,4,0.0,0,4.02,,,,,,
334,3,green,yellow,pink,blue,1,8,196,0.538439328889746,0.914666275180527,0.655500996547264,0.301330490270963,4,4,4,1.0,1,3.427,,,,,,
334,3,green,yellow,pink,blue,1,8,197,0.38841482828863,0.29880491854458,0.71108109222489,0.0766763830186189,1,1,5,1.0,0,5.322,,,,,,
334,3,green,yellow,pink,blue,1,8,198,0.530477827338017,0.648742634287553,0.172852755707944,0.320515799488728,3,3,5,1.0,1,8.647,,,,,,
334,3,green,yellow,pink,blue,1,8,199,0.831989803947357,0.882767566708003,0.532595402348749,0.453126925907706,4,4,5,1.0,1,8.361,,,,,,
334,3,green,yellow,pink,blue,1,8,200,0.98843071988802,0.500090792096223,0.515531585681881,0.939752875621374,4,4,5,1.0,1,4.572,,,,,,
334,3,green,yellow,pink,blue,1,8,201,0.790039511112232,0.70950909025062,0.354059962469694,0.593271841847411,3,3,6,1.0,0,4.605,,,,,,
334,3,green,yellow,pink,blue,1,9,202,0.603837846355335,0.731054407806952,0.459702891621324,0.0294991864433166,3,3,4,1.0,1,4.896,,,,,,
334,3,green,yellow,pink,blue,1,9,203,0.973701022147116,0.370857488654822,0.444407522719493,0.397990438338712,3,4,4,0.5,0,2.736,,,,,,
334,3,green,yellow,pink,blue,1,9,204,0.0633897170336754,0.135789156025743,0.624286114008116,0.45165541775068,1,1,5,1.0,0,2.965,,,,,,
334,3,green,yellow,pink,blue,1,9,205,0.928414742806448,0.812130514053707,0.892204758648988,0.0684559929959778,4,3,4,0.5,0,6.446,,,,,,
334,3,green,yellow,pink,blue,1,9,206,0.439062039723095,0.605501298474839,0.567778247281844,0.412494725382804,2,4,6,0.0,0,5.105,,,,,,
334,3,green,yellow,pink,blue,1,9,207,0.9074069883075,0.564142960376916,0.589505171379411,0.640254458610116,4,4,4,1.0,0,6.657,,,,,,
334,3,green,yellow,pink,blue,1,9,208,0.347107738633714,0.106931968180592,0.606469245712037,0.938024489084834,1,1,5,1.0,0,1.968,,,,,,
334,3,green,yellow,pink,blue,1,9,209,0.567189679850478,0.133631909533322,0.0500511815356978,0.308816536983405,3,1,6,0.0,0,1.541,,,,,,
334,3,green,yellow,pink,blue,1,9,210,0.504077332627122,0.257175496952193,0.800438774739975,0.92732516057313,4,4,5,1.0,1,5.869,,,,,,
334,3,green,yellow,pink,blue,1,9,211,0.642086693382308,0.340092204689605,0.208032296820221,0.896731957490375,3,3,3,1.0,0,12.032,,,,,,
334,3,green,yellow,pink,blue,1,9,212,0.0649620075294878,0.0090249726048624,0.391416533171224,0.194612902194148,1,1,6,1.0,0,1.224,,,,,,
334,3,green,yellow,pink,blue,1,9,213,0.181402716374614,0.859629910346862,0.629362679477153,0.827909530539165,2,3,5,0.0,0,1.189,,,,,,
334,3,green,yellow,pink,blue,1,9,214,0.290659959315493,0.627964464340903,0.636794913088755,0.0258726737718729,2,1,4,0.5,0,6.079,,,,,,
334,3,green,yellow,pink,blue,1,9,215,0.268145546795042,0.589767951719125,0.108251420164438,0.887188485373761,2,2,6,1.0,0,0.622,,,,,,
334,3,green,yellow,pink,blue,1,9,216,0.852588478461499,0.438380462701508,0.275324694529977,0.47007587068121,3,4,4,0.5,0,5.789,,,,,,
334,3,green,yellow,pink,blue,1,9,217,0.455487745574927,0.640269157057329,0.174597951736543,0.945287764854469,2,2,6,1.0,1,0.864,,,,,,
334,3,green,yellow,pink,blue,1,9,218,0.893679348953694,0.9791198236103,0.174217274646873,0.735744716291224,3,3,5,1.0,0,4.206,,,,,,
334,3,green,yellow,pink,blue,1,9,219,0.674495640490748,0.459022494038989,0.126751949690363,0.479312811279681,3,3,4,1.0,1,2.583,,,,,,
334,3,green,yellow,pink,blue,1,9,220,0.290318473151666,0.271166527176884,0.564674141260749,0.744791114275111,1,1,4,1.0,0,7.078,,,,,,
334,3,green,yellow,pink,blue,1,9,221,0.414572554213813,0.296595735888103,0.542495668866835,0.997485274201405,1,4,4,0.0,1,10.451,,,,,,
334,3,green,yellow,pink,blue,1,9,222,0.684149665034284,0.639962414900198,0.594372965621799,0.40116100153041,4,4,5,1.0,0,9.845,,,,,,
334,3,green,yellow,pink,blue,1,9,223,0.878248500907549,0.316454071525339,0.368976670996568,0.240258792603858,3,4,5,0.5,0,8.607,,,,,,
334,3,green,yellow,pink,blue,1,9,224,0.260501561910585,0.205970633727665,0.653532094256714,0.689147257550577,1,1,5,1.0,0,2.048,,,,,,
334,3,green,yellow,pink,blue,1,9,225,0.414175102246167,0.133617994560622,0.846501768631793,0.630597152728896,1,3,5,0.0,0,5.864,,,,,,
334,3,green,yellow,pink,blue,1,9,226,0.0345906331603023,0.221373252570563,0.385854316234087,0.768088699794002,1,3,5,0.0,0,8.169,,,,,,
334,3,green,yellow,pink,blue,1,9,227,0.366580968661848,0.525526592406853,0.405902831457476,0.750154565705525,2,2,4,1.0,1,2.395,,,,,,
334,3,green,yellow,pink,blue,1,9,228,0.394725097914798,0.0830863240632873,0.0902020912349913,0.983189067164473,1,1,3,1.0,0,3.156,,,,,,
334,3,green,yellow,pink,blue,1,9,229,0.536753223346228,0.716044284475152,0.60062925489539,0.59030672297073,4,4,5,1.0,1,2.751,,,,,,
334,3,green,yellow,pink,blue,1,9,230,0.483146132949868,0.871305950673644,0.739910966692085,0.40151334979541,2,1,2,0.5,1,6.862,,,,,,
334,3,green,yellow,pink,blue,1,10,231,0.599476894038293,0.830897847510206,0.45770191662577,0.348165468318486,3,2,4,0.0,1,3.084,,,,,,
334,3,green,yellow,pink,blue,1,10,232,0.169127676537752,0.953729955410872,0.233954606370662,0.842484504703522,2,2,6,1.0,0,0.499,,,,,,
334,3,green,yellow,pink,blue,1,10,233,0.916843217400823,0.298313717057641,0.454451697932689,0.434654422393074,3,4,5,0.5,1,2.844,,,,,,
334,3,green,yellow,pink,blue,1,10,234,0.241477958842369,0.470397753022982,0.0567021625751147,0.953739698456531,1,2,6,0.5,1,0.709,,,,,,
334,3,green,yellow,pink,blue,1,10,235,0.442923152005438,0.203037245478104,0.05490530195665,0.0480936491573202,1,1,6,1.0,0,0.79,,,,,,
334,3,green,yellow,pink,blue,1,10,236,0.213096746001502,0.608359043075209,0.112556476455594,0.0052840695958352,2,1,5,0.5,0,7.015,,,,,,
334,3,green,yellow,pink,blue,1,10,237,0.699750897010248,0.780581610382396,0.652562808889524,0.702006308824734,4,4,5,1.0,0,2.964,,,,,,
334,3,green,yellow,pink,blue,1,10,238,0.0210929769273638,0.635338228064925,0.876314209163091,0.807272104003178,2,3,6,0.0,0,1.68,,,,,,
334,3,green,yellow,pink,blue,1,10,239,0.345385212485766,0.163636053942368,0.996620755988399,0.761180210315328,1,1,3,1.0,0,6.239,,,,,,
334,3,green,yellow,pink,blue,1,10,240,0.836673465451942,0.846179817822843,0.0543621491601459,0.843337007292478,3,3,4,1.0,0,2.933,,,,,,
334,3,green,yellow,pink,blue,1,10,241,0.198511056016142,0.741535199999303,0.91923218189513,0.635291872563209,2,4,5,0.0,0,2.984,,,,,,
334,3,green,yellow,pink,blue,1,10,242,0.705378408980641,0.985897250159482,0.885349700281886,0.651018756818856,4,4,4,1.0,0,5.638,,,,,,
334,3,green,yellow,pink,blue,1,10,243,0.0244496668023181,0.216895568982419,0.321525623969673,0.803748109340494,1,1,3,1.0,0,8.38,,,,,,
334,3,green,yellow,pink,blue,1,10,244,0.588768871232514,0.0288986786230121,0.627498568181057,0.630317598135853,4,3,5,0.5,0,4.445,,,,,,
334,3,green,yellow,pink,blue,1,10,245,0.660531360829903,0.744538517005286,0.499109417631057,0.976002288971031,3,2,5,0.0,1,2.554,,,,,,
334,3,green,yellow,pink,blue,1,10,246,0.0531820370817694,0.383858766401556,0.583999020665834,0.0122818708120829,1,1,4,1.0,0,1.662,,,,,,
334,3,green,yellow,pink,blue,1,10,247,0.678196916645083,0.0554148610900696,0.994420124847099,0.75163452115639,4,3,5,0.5,0,3.973,,,,,,
334,3,green,yellow,pink,blue,1,10,248,0.388699153502917,0.62807933075735,0.516773233732541,0.989253042654784,2,4,5,0.0,1,4.869,,,,,,
334,3,green,yellow,pink,blue,1,10,249,0.956694637972128,0.0949346032725288,0.245811453093791,0.66959483508277,3,1,5,0.0,0,0.785,,,,,,
334,3,green,yellow,pink,blue,1,10,250,0.7788870615092,0.101320532624309,0.354208923586131,0.0868408011429325,3,4,4,0.5,0,5.34,,,,,,
334,3,green,yellow,pink,blue,1,10,251,0.238605324642462,0.649287802838911,0.578457764263063,0.572760262005025,2,1,4,0.5,0,5.098,,,,,,
334,3,green,yellow,pink,blue,1,10,252,0.636557465981741,0.151598481283651,0.0123168708424605,0.841959227179712,3,1,5,0.0,0,1.997,,,,,,
334,3,green,yellow,pink,blue,1,10,253,0.648219895731996,0.703981937004911,0.454721436779133,0.782423124389489,3,4,5,0.5,1,1.358,,,,,,
334,3,green,yellow,pink,blue,1,10,254,0.227716536771795,0.365287974957603,0.734476554775524,0.305748057798665,1,4,5,0.0,0,9.591,,,,,,
334,3,green,yellow,pink,blue,1,10,255,0.854531895692015,0.529917597730571,0.728462937193003,0.683069021977077,4,3,5,0.5,1,5.801,,,,,,
334,3,green,yellow,pink,blue,1,10,256,0.964960702815657,0.380316272629961,0.106923906659854,0.643539947156937,3,3,5,1.0,0,4.815,,,,,,
334,3,green,yellow,pink,blue,1,10,257,0.0374889005834833,0.720756774379688,0.384422258324061,0.525979064661234,2,1,5,0.5,0,7.176,,,,,,
334,3,green,yellow,pink,blue,1,10,258,0.998623165325446,0.859265767403166,0.151794575681013,0.968255390120315,3,3,6,1.0,0,1.514,,,,,,
334,3,green,yellow,pink,blue,1,10,259,0.365386800267217,0.504904184311992,0.511042419479543,0.492351265483707,2,2,4,1.0,1,4.609,,,,,,
334,3,green,yellow,pink,blue,1,10,260,0.908581012951599,0.788624211319734,0.0229414201856819,0.334331500386759,3,1,6,0.0,0,4.737,,,,,,
334,3,green,yellow,pink,blue,1,10,261,0.419610402577939,0.214161200638917,0.246214554013512,0.0721612317431783,1,1,5,1.0,0,2.916,,,,,,
334,3,green,yellow,pink,blue,1,10,262,0.48265258619915,0.591936845305201,0.938276523301792,0.601477764298538,2,2,4,1.0,1,3.821,,,,,,
334,3,green,yellow,pink,blue,1,10,263,0.30484103922903,0.0098218497634309,0.110689083018112,0.993036233921841,1,4,5,0.0,0,5.981,,,,,,
334,3,green,yellow,pink,blue,1,11,264,0.806426246063245,0.144951942425046,0.201390692839016,0.936770560520752,3,1,3,0.0,0,5.128,,,,,,
334,3,green,yellow,pink,blue,1,11,265,0.201645361040594,0.707803425683447,0.127790057240567,0.630165072302439,2,2,6,1.0,0,0.474,,,,,,
334,3,green,yellow,pink,blue,1,11,266,0.597206376262789,0.746535510325157,0.0194908356402319,0.195709388624474,3,1,4,0.0,0,2.78,,,,,,
334,3,green,yellow,pink,blue,1,11,267,0.163867748851807,0.753178135288601,0.185366544624902,0.735315903213584,2,4,4,0.0,0,2.812,,,,,,
334,3,green,yellow,pink,blue,1,11,268,0.48999632732194,0.575364152001063,0.0540291700066317,0.246146760609704,2,3,4,0.0,1,2.107,,,,,,
334,3,green,yellow,pink,blue,1,11,269,0.937252186358717,0.957070138694998,0.973640840561092,0.45237261200785,4,3,6,0.5,0,2.76,,,,,,
334,3,green,yellow,pink,blue,1,11,270,0.711975895051789,0.111208574896794,0.739474036046909,0.784358350450035,4,3,4,0.5,0,3.655,,,,,,
334,3,green,yellow,pink,blue,1,11,271,0.518915393191398,0.380688386692457,0.877264271428102,0.996900110127049,4,4,4,1.0,1,0.689,,,,,,
334,3,green,yellow,pink,blue,1,11,272,0.139793211766442,0.808963841324076,0.898071406441445,0.106549844270439,2,1,4,0.5,0,3.078,,,,,,
334,3,green,yellow,pink,blue,1,11,273,0.453527547282313,0.322994092004898,0.568143346094252,0.178542155304723,1,2,5,0.5,1,0.805,,,,,,
334,3,green,yellow,pink,blue,1,11,274,0.0834772515280833,0.422265588149802,0.264737985106628,0.835296287671953,1,1,4,1.0,0,4.222,,,,,,
334,3,green,yellow,pink,blue,1,11,275,0.524165742343259,0.969744974808775,0.984072147605474,0.0745858354624044,4,3,4,0.5,1,6.164,,,,,,
334,3,green,yellow,pink,blue,1,11,276,0.859396052883133,0.700411643481991,0.564696384667214,0.26822145363565,4,3,5,0.5,0,4.647,,,,,,
334,3,green,yellow,pink,blue,1,11,277,0.816038436702749,0.217536709534947,0.562531425116418,0.627818266514537,4,1,5,0.0,0,3.304,,,,,,
334,3,green,yellow,pink,blue,1,11,278,0.220801131322387,0.0179422571708765,0.267886565661426,0.709996816602226,1,1,5,1.0,0,0.834,,,,,,
334,3,green,yellow,pink,blue,1,11,279,0.181178845172321,0.641517653888793,0.872614904748912,0.870687151403816,2,4,4,0.0,0,8.145,,,,,,
334,3,green,yellow,pink,blue,1,11,280,0.982229438693216,0.405949316167491,0.775922376285592,0.798653403128326,4,3,4,0.5,0,6.159,,,,,,
334,3,green,yellow,pink,blue,1,11,281,0.517892204585081,0.309422826402719,0.573215788058347,0.138887826871441,4,1,5,0.0,1,1.325,,,,,,
334,3,green,yellow,pink,blue,1,11,282,0.304663613155338,0.937275907781499,0.0181839493457427,0.868073565286645,2,2,4,1.0,0,1.78,,,,,,
334,3,green,yellow,pink,blue,1,11,283,0.968096987156981,0.530225427586602,0.43710712020887,0.245469310272855,3,3,4,1.0,1,5.473,,,,,,
334,3,green,yellow,pink,blue,1,11,284,0.612846394819494,0.257595063932961,0.160120744297426,0.957040579732198,3,1,5,0.0,0,3.495,,,,,,
334,3,green,yellow,pink,blue,1,11,285,0.99399645796917,0.172813390956823,0.974062270230707,0.530182989020078,4,3,6,0.5,0,4.022,,,,,,
334,3,green,yellow,pink,blue,1,11,286,0.055858246749002,0.175819939623678,0.879463311023613,0.122982971199171,1,1,5,1.0,0,3.793,,,,,,
334,3,green,yellow,pink,blue,1,11,287,0.953693598704642,0.520313340547567,0.532686657569991,0.665274029960321,4,4,6,1.0,1,7.541,,,,,,
334,3,green,yellow,pink,blue,1,11,288,0.522439544967073,0.077889449721405,0.660171680268054,0.460480157531513,4,1,5,0.0,1,2.519,,,,,,
334,3,green,yellow,pink,blue,1,11,289,0.53200957909902,0.17800652937615,0.192952847738099,0.978588758008653,3,1,4,0.0,1,2.696,,,,,,
334,3,green,yellow,pink,blue,1,11,290,0.791940245985545,0.121722853499025,0.486997966223883,0.605146416928901,3,4,4,0.5,1,2.733,,,,,,
334,3,green,yellow,pink,blue,1,11,291,0.409830529720624,0.128112572009703,0.112981707028135,0.0620796662265811,1,1,6,1.0,0,0.433,,,,,,
334,3,green,yellow,pink,blue,1,11,292,0.602579199503499,0.361622510106499,0.890013785686402,0.322148141737872,4,2,4,0.0,0,0.966,,,,,,
334,3,green,yellow,pink,blue,1,11,293,0.0243752168763649,0.171669623959966,0.715600658775071,0.13792683551647,1,1,4,1.0,0,2.862,,,,,,
334,3,green,yellow,pink,blue,1,11,294,0.137131181319716,0.678791271407235,0.855909803224364,0.114388231002688,2,1,4,0.5,0,4.363,,,,,,
334,3,green,yellow,pink,blue,1,11,295,0.87203691033782,0.49449396626617,0.724009216867434,0.186528118080333,4,3,5,0.5,1,3.208,,,,,,
334,3,green,yellow,pink,blue,1,11,296,0.555835925866875,0.199936586926685,0.301315535894785,0.355890772136729,3,4,6,0.5,0,1.065,,,,,,
334,3,green,yellow,pink,blue,1,11,297,0.649480962032117,0.450916993399997,0.506941376322091,0.394533031098734,4,4,5,1.0,1,3.429,,,,,,
334,3,green,yellow,pink,blue,1,11,298,0.212940715581846,0.32680541598419,0.409441833403331,0.985864162444061,1,3,5,0.0,0,2.185,,,,,,
334,3,green,yellow,pink,blue,1,11,299,0.104949555717357,0.91142694827308,0.396417133250436,0.516158148163548,2,1,4,0.5,0,3.147,,,,,,
334,3,green,yellow,pink,blue,1,12,300,0.396969388804023,0.928711118054062,0.832033301004333,0.0925807982452457,2,4,4,0.0,0,5.481,,,,,,
334,3,green,yellow,pink,blue,1,12,301,0.204812645809793,0.796949295127816,0.171764952764493,0.702670272412075,2,2,6,1.0,0,0.907,,,,,,
334,3,green,yellow,pink,blue,1,12,302,0.677609065031229,0.697288409652973,0.142810353043441,0.223292337700996,3,1,4,0.0,0,4.22,,,,,,
334,3,green,yellow,pink,blue,1,12,303,0.278665898637412,0.606627093889325,0.908154242109982,0.984876389781565,2,3,4,0.0,0,6.887,,,,,,
334,3,green,yellow,pink,blue,1,12,304,0.105051457348945,0.907487024190478,0.183797797488034,0.2341327934559,2,1,5,0.5,0,2.576,,,,,,
334,3,green,yellow,pink,blue,1,12,305,0.397403017133024,0.207809936026575,0.217562381432276,0.353759778411455,1,1,6,1.0,0,1.082,,,,,,
334,3,green,yellow,pink,blue,1,12,306,0.505480880883074,0.452557063257196,0.0373145213872798,0.461174209041087,3,3,6,1.0,1,1.664,,,,,,
334,3,green,yellow,pink,blue,1,12,307,0.674317699636419,0.0649147219249076,0.687290749838984,0.58461050571111,4,4,5,1.0,0,3.056,,,,,,
334,3,green,yellow,pink,blue,1,12,308,0.438165548758073,0.0316365094323666,0.388173264787662,0.374269451904599,1,4,4,0.0,0,5.739,,,,,,
334,3,green,yellow,pink,blue,1,12,309,0.58273081996019,0.383462288294459,0.0346546858834689,0.782332679105034,3,3,5,1.0,0,5.153,,,,,,
334,3,green,yellow,pink,blue,1,12,310,0.692611370217668,0.654848773368892,0.493570452207469,0.552807791023566,3,2,5,0.0,1,3.584,,,,,,
334,3,green,yellow,pink,blue,1,12,311,0.863856993532969,0.240518171132291,0.628623152783171,0.212724071253425,4,2,5,0.0,0,2.138,,,,,,
334,3,green,yellow,pink,blue,1,12,312,0.994398921480704,0.94805712257769,0.559672377891882,0.233468855865121,4,3,4,0.5,0,14.201,,,,,,
334,3,green,yellow,pink,blue,1,12,313,0.0598220034768873,0.51064384119238,0.998859850115635,0.297107562794612,2,1,4,0.5,1,7.751,,,,,,
334,3,green,yellow,pink,blue,1,12,314,0.210506675771153,0.474290612070286,0.0836221013042295,0.520430264939325,1,2,5,0.5,1,0.875,,,,,,
334,3,green,yellow,pink,blue,1,12,315,0.0794983732635515,0.817830614664832,0.856285414022362,0.173393506814907,2,1,5,0.5,0,4.93,,,,,,
334,3,green,yellow,pink,blue,1,12,316,0.861963450158863,0.379124066566048,0.323569402926453,0.111116114660966,3,1,4,0.0,0,9.721,,,,,,
334,3,green,yellow,pink,blue,1,12,317,0.369984396701574,0.280678037561776,0.559871259442648,0.379710153028065,1,4,5,0.0,0,4.149,,,,,,
334,3,green,yellow,pink,blue,1,12,318,0.450234600783806,0.263091568927821,0.696414151697026,0.982964826245296,1,4,5,0.0,1,4.814,,,,,,
334,3,green,yellow,pink,blue,1,12,319,0.0239879120676931,0.214623915665756,0.332972435624364,0.42831382232402,1,1,3,1.0,0,6.171,,,,,,
334,3,green,yellow,pink,blue,1,12,320,0.522135492465378,0.74487870303086,0.56079567527722,0.466489157676512,4,4,5,1.0,1,7.753,,,,,,
334,3,green,yellow,pink,blue,1,12,321,0.244990276576679,0.0210469416004903,0.641864208621234,0.567568848809516,1,4,4,0.0,0,6.972,,,,,,
334,3,green,yellow,pink,blue,1,12,322,0.49814361182275,0.332089063873305,0.525739748387176,0.865546177200312,1,4,4,0.0,1,7.504,,,,,,
334,3,green,yellow,pink,blue,1,12,323,0.806404191242988,0.212282738982561,0.945782060293066,0.44085948651768,4,3,5,0.5,0,3.187,,,,,,
334,3,green,yellow,pink,blue,1,12,324,0.382194199031817,0.987762835606897,0.793377377807962,0.711574555144609,2,1,5,0.5,0,4.852,,,,,,
334,3,green,yellow,pink,blue,1,12,325,0.750692512612129,0.351501409634781,0.197603506890048,0.321727366695137,3,2,4,0.0,0,9.559,,,,,,
334,3,green,yellow,pink,blue,1,12,326,0.153825506790593,0.363740890681254,0.430837707431059,0.753148626137298,1,1,5,1.0,0,2.464,,,,,,
334,3,green,yellow,pink,blue,1,13,327,0.580590554597048,0.924483849571646,0.232124059127779,0.264258857269894,3,4,5,0.5,0,11.406,,,,,,
334,3,green,yellow,pink,blue,1,13,328,0.656118637749967,0.507187302728708,0.313661783578986,0.375879290650089,3,4,4,0.5,1,7.171,,,,,,
334,3,green,yellow,pink,blue,1,13,329,0.410874367428192,0.2026739139292,0.259282464443872,0.33980345451598,1,1,5,1.0,0,3.79,,,,,,
334,3,green,yellow,pink,blue,1,13,330,0.968264735876811,0.427171350477019,0.346332404397784,0.937109395936984,3,4,6,0.5,0,2.044,,,,,,
334,3,green,yellow,pink,blue,1,13,331,0.264226593755769,0.85992512937835,0.391026547668313,0.958155404581884,2,3,5,0.0,0,5.374,,,,,,
334,3,green,yellow,pink,blue,1,13,332,0.0618602933004466,0.121920060266199,0.982124180913023,0.922270106705847,1,4,5,0.0,0,8.421,,,,,,
334,3,green,yellow,pink,blue,1,13,333,0.589751262180511,0.571449582138835,0.773464347896572,0.433237773961995,4,2,5,0.0,0,12.418,,,,,,
334,3,green,yellow,pink,blue,1,13,334,0.526442200910436,0.557662531213016,0.602334321965413,0.362475093609173,4,4,5,1.0,1,4.797,,,,,,
334,3,green,yellow,pink,blue,1,13,335,0.33459132225201,0.705261183908486,0.975478772057847,0.294477127432225,2,4,5,0.0,0,9.871,,,,,,
334,3,green,yellow,pink,blue,1,13,336,0.404552397004279,0.902985742496693,0.0592976136681609,0.453700253110009,2,4,5,0.0,0,12.059,,,,,,
334,3,green,yellow,pink,blue,1,13,337,0.41939040774408,0.305061995086207,0.536390911702999,0.378617518878007,1,4,6,0.0,1,1.407,,,,,,
334,3,green,yellow,pink,blue,1,13,338,0.150091924424208,0.639352198576434,0.2490552644676,0.655653138570276,2,2,5,1.0,0,2.251,,,,,,
334,3,green,yellow,pink,blue,1,13,339,0.213560444426032,0.147386336295422,0.985416102604402,0.88140843064256,1,1,6,1.0,0,4.55,,,,,,
334,3,green,yellow,pink,blue,1,13,340,0.599831782471295,0.527267365971394,0.530752350725892,0.253282358844224,4,3,5,0.5,1,4.455,,,,,,
334,3,green,yellow,pink,blue,1,13,341,0.167396447108178,0.377450857695417,0.107060320933297,0.287884368493111,1,2,4,0.5,0,3.527,,,,,,
334,3,green,yellow,pink,blue,1,13,342,0.831265249106887,0.807301017552221,0.339049564945449,0.461218992884447,3,3,5,1.0,0,5.316,,,,,,
334,3,green,yellow,pink,blue,1,13,343,0.484797195117388,0.711826519833647,0.459768659524477,0.132709141700722,2,1,3,0.5,1,7.013,,,,,,
334,3,green,yellow,pink,blue,1,13,344,0.972311549984128,0.957133327981723,0.681865796557217,0.503336082263113,4,4,5,1.0,0,4.525,,,,,,
334,3,green,yellow,pink,blue,1,13,345,0.527614917402107,0.383708611628391,0.604038733975264,0.343678496639944,4,2,4,0.0,1,5.894,,,,,,
334,3,green,yellow,pink,blue,1,13,346,0.691383756452847,0.499196601431426,0.913389718272804,0.338545839078229,4,4,4,1.0,1,8.709,,,,,,
334,3,green,yellow,pink,blue,1,13,347,0.616515527509093,0.511519690330341,0.433643341589147,0.318548598908397,3,2,4,0.0,1,11.08,,,,,,
334,3,green,yellow,pink,blue,1,13,348,0.348355354196457,0.65523774563649,0.741368168736604,0.139628048241676,2,1,4,0.5,0,0.835,,,,,,
334,3,green,yellow,pink,blue,1,13,349,0.0021052470781199,0.625980872441888,0.811071139445986,0.284411719904317,2,1,5,0.5,0,6.554,,,,,,
334,3,green,yellow,pink,blue,2,1,350,0.944869601370937,0.527075874888876,0.602790710901648,0.621092664367795,4,4,6,1.0,1,5.089,,,,,,
334,3,green,yellow,pink,blue,2,1,351,0.734326855034284,0.942933723380031,0.754764533208349,0.0751786867940043,4,3,5,0.5,0,3.357,,,,,,
334,3,green,yellow,pink,blue,2,1,352,0.838793501157927,0.185948223516849,0.786954912904937,0.881789767106605,4,4,4,1.0,0,7.382,,,,,,
334,3,green,yellow,pink,blue,2,1,353,0.0068647347376715,0.793111122755843,0.0576126634998304,0.474158527459403,2,2,5,1.0,0,0.962,,,,,,
334,3,green,yellow,pink,blue,2,1,354,0.655164320476032,0.72584519410827,0.284642277562082,0.436001862968899,3,2,5,0.0,0,6.729,,,,,,
334,3,green,yellow,pink,blue,2,1,355,0.162296466750959,0.831562747194735,0.391907813504003,0.153859666507179,2,1,4,0.5,0,5.256,,,,,,
334,3,green,yellow,pink,blue,2,1,356,0.73550967586715,0.867778603691501,0.0763639943273307,0.546979515031536,3,3,6,1.0,0,0.992,,,,,,
334,3,green,yellow,pink,blue,2,1,357,0.962591574191214,0.807308039787524,0.352340180362178,0.766891235419521,3,3,6,1.0,0,3.744,,,,,,
334,3,green,yellow,pink,blue,2,1,358,0.591061961012421,0.280758905601116,0.305545225596542,0.945547947204061,3,4,5,0.5,0,9.278,,,,,,
334,3,green,yellow,pink,blue,2,1,359,0.150886253398693,0.223607885835246,0.928060901323816,0.126773808964834,1,1,5,1.0,0,1.581,,,,,,
334,3,green,yellow,pink,blue,2,1,360,0.932281412719384,0.563811573839865,0.930483874618245,0.0399087741128602,4,3,4,0.5,0,6.769,,,,,,
334,3,green,yellow,pink,blue,2,1,361,0.869624760677499,0.903812985489565,0.573745691343131,0.913217514384569,4,4,4,1.0,0,7.644,,,,,,
334,3,green,yellow,pink,blue,2,1,362,0.556920919857851,0.131724547527467,0.997271560062106,0.743476032644466,4,1,5,0.0,0,4.743,,,,,,
334,3,green,yellow,pink,blue,2,1,363,0.635523691565876,0.657568425072093,0.536620178835038,0.563182990373554,4,4,5,1.0,1,5.644,,,,,,
334,3,green,yellow,pink,blue,2,1,364,0.0606271051474266,0.608404180891906,0.282751322779923,0.589286705218109,2,4,4,0.0,0,11.247,,,,,,
334,3,green,yellow,pink,blue,2,1,365,0.531959177726679,0.395639143260022,0.149682375728095,0.550750142920746,3,3,4,1.0,1,5.361,,,,,,
334,3,green,yellow,pink,blue,2,1,366,0.406082134551361,0.438174410915816,0.571409803852311,0.671775274147273,1,1,5,1.0,0,6.151,,,,,,
334,3,green,yellow,pink,blue,2,1,367,0.508858023032473,0.0061340523838727,0.77356331533346,0.0241696603192335,4,2,4,0.0,1,3.395,,,,,,
334,3,green,yellow,pink,blue,2,1,368,0.454792573202966,0.392253582884655,0.808785207040203,0.635608911950705,1,1,5,1.0,1,7.733,,,,,,
334,3,green,yellow,pink,blue,2,1,369,0.74673698979035,0.850201681770156,0.321603991400569,0.26888947774676,3,4,4,0.5,0,11.274,,,,,,
334,3,green,yellow,pink,blue,2,1,370,0.341097798059023,0.659062163110231,0.849819570624913,0.141006452215488,2,3,2,0.0,0,15.538,,,,,,
334,3,green,yellow,pink,blue,2,1,371,0.731008824472758,0.914702442232769,0.242227069079655,0.756883780046715,3,3,5,1.0,0,0.787,,,,,,
334,3,green,yellow,pink,blue,2,1,372,0.264213672575856,0.861283360946228,0.817845544606333,0.0790428101057153,2,4,5,0.0,0,3.525,,,,,,
334,3,green,yellow,pink,blue,2,1,373,0.431787255619807,0.0069228121559384,0.0650776230260674,0.545173377180639,1,1,6,1.0,0,1.052,,,,,,
334,3,green,yellow,pink,blue,2,1,374,0.47916785925112,0.391600613002251,0.979038911057882,0.474944165410592,1,2,4,0.5,1,5.274,,,,,,
334,3,green,yellow,pink,blue,2,1,375,0.682185988350631,0.0694451372800949,0.398666155321389,0.874909969063694,3,4,5,0.5,0,3.083,,,,,,
334,3,green,yellow,pink,blue,2,1,376,0.409735520948331,0.529720972242312,0.0741517181479469,0.892365220721333,2,2,6,1.0,1,0.498,,,,,,
334,3,green,yellow,pink,blue,2,1,377,0.459176188834167,0.88720837813337,0.679040337189043,0.179799333569329,2,4,5,0.0,1,5.957,,,,,,
334,3,green,yellow,pink,blue,2,2,378,0.100591985584348,0.525257826993287,0.486799643806307,0.707571178274019,2,3,5,0.0,1,8.475,,,,,,
334,3,green,yellow,pink,blue,2,2,379,0.634295481710084,0.697631818019963,0.150748426772912,0.151153967484437,3,3,3,1.0,0,9.214,,,,,,
334,3,green,yellow,pink,blue,2,2,380,0.411034482182096,0.272972441183084,0.930128755600474,0.617219962335723,1,1,5,1.0,0,8.496,,,,,,
334,3,green,yellow,pink,blue,2,2,381,0.757830474971337,0.101513573488651,0.346511307038328,0.813089173009493,3,4,5,0.5,0,3.444,,,,,,
334,3,green,yellow,pink,blue,2,2,382,0.407201210265914,0.781611065178482,0.728002972886024,0.600970267413109,2,4,5,0.0,0,6.643,,,,,,
334,3,green,yellow,pink,blue,2,2,383,0.106643854170893,0.802142252314569,0.908397157720571,0.775470143147319,2,3,3,0.0,0,14.599,,,,,,
334,3,green,yellow,pink,blue,2,2,384,0.679110808636565,0.420200620943822,0.740381685575761,0.0835552109374837,4,2,4,0.0,0,4.755,,,,,,
334,3,green,yellow,pink,blue,2,2,385,0.421295142571716,0.96777733790952,0.493548438549382,0.838833139801084,2,2,6,1.0,1,0.87,,,,,,
334,3,green,yellow,pink,blue,2,2,386,0.515995123505331,0.0258317614079182,0.387557509051981,0.20502801050223,3,1,6,0.0,1,1.7,,,,,,
334,3,green,yellow,pink,blue,2,2,387,0.760534246208803,0.638271263630573,0.794146616845809,0.675899309745298,4,4,6,1.0,0,2.091,,,,,,
334,3,green,yellow,pink,blue,2,2,388,0.60501800882001,0.713723018979063,0.862149418529178,0.0510865848017459,4,4,5,1.0,0,11.191,,,,,,
334,3,green,yellow,pink,blue,2,2,389,0.476040625440476,0.349157757494197,0.432500942501561,0.518381122728838,1,4,4,0.0,1,6.056,,,,,,
334,3,green,yellow,pink,blue,2,2,390,0.139132563974991,0.693960426049957,0.0539098248976123,0.753713832355498,2,2,6,1.0,0,0.587,,,,,,
334,3,green,yellow,pink,blue,2,2,391,0.69795040946618,0.173025674075359,0.277514793177108,0.245126422401598,3,4,5,0.5,0,5.786,,,,,,
334,3,green,yellow,pink,blue,2,2,392,0.190103329065916,0.403367542628305,0.295803214784657,0.385541920353161,1,4,5,0.0,0,6.834,,,,,,
334,3,green,yellow,pink,blue,2,2,393,0.269778492631532,0.0764427395804748,0.0300446019162388,0.130069069332396,1,1,6,1.0,0,0.236,,,,,,
334,3,green,yellow,pink,blue,2,2,394,0.412174037344406,0.14359657561265,0.761912720053154,0.787810033359272,1,4,5,0.0,0,3.178,,,,,,
334,3,green,yellow,pink,blue,2,2,395,0.988152107626806,0.422286816842701,0.220015043657104,0.492348937500791,3,3,5,1.0,0,6.011,,,,,,
334,3,green,yellow,pink,blue,2,2,396,0.789671809730382,0.243253351532912,0.95493098113909,0.686071454614813,4,3,4,0.5,0,6.391,,,,,,
334,3,green,yellow,pink,blue,2,2,397,0.884468467493587,0.86488443596992,0.0171367569422718,0.589922587370625,3,3,5,1.0,0,0.715,,,,,,
334,3,green,yellow,pink,blue,2,2,398,0.313784688491504,0.867667643924013,0.535024945043851,0.678757466434619,2,4,5,0.0,1,9.128,,,,,,
334,3,green,yellow,pink,blue,2,2,399,0.132131110213115,0.422460389639208,0.749922318881568,0.327419933537255,1,1,5,1.0,0,3.996,,,,,,
334,3,green,yellow,pink,blue,2,2,400,0.406154340396795,0.1677541618896,0.0293021336179295,0.988920667390779,1,1,5,1.0,0,4.526,,,,,,
334,3,green,yellow,pink,blue,2,3,401,0.982174391317942,0.0948815513942516,0.127589027774771,0.970085802675206,3,4,5,0.5,0,3.954,,,,,,
334,3,green,yellow,pink,blue,2,3,402,0.769987599473111,0.546124113477683,0.532840345530353,0.256407644514451,4,4,5,1.0,1,8.818,,,,,,
334,3,green,yellow,pink,blue,2,3,403,0.382918534338002,0.835581265309596,0.890687915748741,0.337359335896716,2,1,4,0.5,0,5.97,,,,,,
334,3,green,yellow,pink,blue,2,3,404,0.106065771113383,0.100836521429345,0.535031038522022,0.912236621037114,1,1,6,1.0,1,1.64,,,,,,
334,3,green,yellow,pink,blue,2,3,405,0.757966214474053,0.789207042495583,0.33659814132213,0.882073603407175,3,3,5,1.0,0,2.339,,,,,,
334,3,green,yellow,pink,blue,2,3,406,0.3942004136256,0.491995259014294,0.49799150905153,0.659536240794797,1,4,5,0.0,1,5.572,,,,,,
334,3,green,yellow,pink,blue,2,3,407,0.330210624127864,0.0331255081334889,0.910951732804026,0.48893393432747,1,1,5,1.0,0,4.981,,,,,,
334,3,green,yellow,pink,blue,2,3,408,0.817740055438373,0.319436450575699,0.686014546533167,0.195241105129243,4,2,4,0.0,0,1.659,,,,,,
334,3,green,yellow,pink,blue,2,3,409,0.846344652446865,0.282079058339184,0.685547649201882,0.566118823362145,4,3,4,0.5,0,5.508,,,,,,
334,3,green,yellow,pink,blue,2,3,410,0.786059133966889,0.296894553953201,0.896446569919579,0.790026567403124,4,4,4,1.0,0,1.667,,,,,,
334,3,green,yellow,pink,blue,2,3,411,0.848843271937883,0.952250896720814,0.212027781234342,0.202804101486756,3,3,5,1.0,0,2.823,,,,,,
334,3,green,yellow,pink,blue,2,3,412,0.756535646669192,0.453197769575685,0.0733028997051743,0.258674427401305,3,3,4,1.0,1,7.761,,,,,,
334,3,green,yellow,pink,blue,2,3,413,0.159193932132925,0.669842284530156,0.203712173454299,0.621537182599393,2,2,6,1.0,0,3.868,,,,,,
334,3,green,yellow,pink,blue,2,3,414,0.274385301648071,0.613346206443374,0.709909562314099,0.74558212266044,2,1,3,0.5,0,4.957,,,,,,
334,3,green,yellow,pink,blue,2,3,415,0.210106897139903,0.128759145019643,0.168071072603824,0.205797017477748,1,1,6,1.0,0,0.535,,,,,,
334,3,green,yellow,pink,blue,2,3,416,0.421686018064432,0.855076175610334,0.275753522530812,0.468688729311341,2,2,6,1.0,0,0.851,,,,,,
334,3,green,yellow,pink,blue,2,3,417,0.369622588139957,0.047791171777639,0.128292707946621,0.684992268064851,1,1,4,1.0,0,3.822,,,,,,
334,3,green,yellow,pink,blue,2,3,418,0.205370094039141,0.642666630736399,0.467532050477993,0.795409672586047,2,3,5,0.0,1,1.737,,,,,,
334,3,green,yellow,pink,blue,2,3,419,0.906805813551461,0.258164614337635,0.519399010860156,0.514479753067487,4,4,4,1.0,1,12.992,,,,,,
334,3,green,yellow,pink,blue,2,3,420,0.499629581404795,0.981245073262561,0.699702672681515,0.561756370740894,2,2,4,1.0,1,8.783,,,,,,
334,3,green,yellow,pink,blue,2,3,421,0.530423133902501,0.606750493362847,0.654038152052057,0.467110470464254,4,4,4,1.0,1,9.899,,,,,,
334,3,green,yellow,pink,blue,2,3,422,0.657105891485468,0.0272525655881626,0.348763455419429,0.296495754633693,3,1,5,0.0,0,2.1,,,,,,
334,3,green,yellow,pink,blue,2,3,423,0.751121681919284,0.253664819638386,0.929795971715548,0.170255466217755,4,1,6,0.0,0,7.3,,,,,,
334,3,green,yellow,pink,blue,2,3,424,0.884270053246574,0.873798425727118,0.629789922934716,0.126661470279398,4,3,4,0.5,0,4.547,,,,,,
334,3,green,yellow,pink,blue,2,3,425,0.704181822285142,0.838596736097958,0.983248936128703,0.492465796666671,4,4,4,1.0,0,5.426,,,,,,
334,3,green,yellow,pink,blue,2,3,426,0.785097491735169,0.823083015542178,0.783412386751778,0.771435830575348,4,2,5,0.0,0,3.17,,,,,,
334,3,green,yellow,pink,blue,2,3,427,0.156922611852701,0.394897742300844,0.26876147411342,0.755946530215405,1,2,5,0.5,0,3.602,,,,,,
334,3,green,yellow,pink,blue,2,3,428,0.862155377175928,0.817738693178272,0.226930037580387,0.862127195189027,3,3,6,1.0,0,0.134,,,,,,
334,3,green,yellow,pink,blue,2,3,429,0.747286569790846,0.948791398617271,0.0464892120276185,0.279870246534466,3,4,5,0.5,0,5.469,,,,,,
334,3,green,yellow,pink,blue,2,3,430,0.125890841035004,0.320412937576682,0.883481040313433,0.429355444586528,1,1,5,1.0,0,5.836,,,,,,
334,3,green,yellow,pink,blue,2,4,431,0.877908029711808,0.93868028140327,0.335863027357191,0.293572231116354,3,3,6,1.0,0,1.013,,,,,,
334,3,green,yellow,pink,blue,2,4,432,0.158153540408388,0.682996452770894,0.0408008056706853,0.203619209642294,2,2,6,1.0,0,3.131,,,,,,
334,3,green,yellow,pink,blue,2,4,433,0.0539545627959125,0.162007546339981,0.236878297348164,0.290936904884848,1,1,6,1.0,0,1.786,,,,,,
334,3,green,yellow,pink,blue,2,4,434,0.366337204454258,0.262487422527868,0.543419101931347,0.0737661905858863,1,1,5,1.0,1,3.707,,,,,,
334,3,green,yellow,pink,blue,2,4,435,0.694995441818079,0.250711529390661,0.460673834773713,0.519743938681535,3,4,5,0.5,1,4.997,,,,,,
334,3,green,yellow,pink,blue,2,4,436,0.579109202037838,0.473255304282855,0.296950112933194,0.308969693575209,3,4,5,0.5,1,3.981,,,,,,
334,3,green,yellow,pink,blue,2,4,437,0.376913648541258,0.721122411794234,0.0123813096360953,0.289209204256594,2,3,5,0.0,0,2.375,,,,,,
334,3,green,yellow,pink,blue,2,4,438,0.0166893849801177,0.489605711103442,0.70265433187699,0.804198309605296,1,3,4,0.0,1,13.292,,,,,,
334,3,green,yellow,pink,blue,2,4,439,0.414666776205778,0.966758845260002,0.555693668786296,0.876164482671443,2,2,6,1.0,0,3.497,,,,,,
334,3,green,yellow,pink,blue,2,4,440,0.276175058373323,0.896347363793945,0.852132194476606,0.828796241197693,2,2,4,1.0,0,1.41,,,,,,
334,3,green,yellow,pink,blue,2,4,441,0.991474012652274,0.800114095388427,0.969040967118374,0.253061720955634,4,1,4,0.0,0,4.433,,,,,,
334,3,green,yellow,pink,blue,2,4,442,0.305312666709053,0.860150606117898,0.0620524898515405,0.122656293142596,2,1,4,0.5,0,10.113,,,,,,
334,3,green,yellow,pink,blue,2,4,443,0.140888013021881,0.329406583503754,0.32416946791655,0.329003688946009,1,1,4,1.0,0,4.361,,,,,,
334,3,green,yellow,pink,blue,2,4,444,0.570357658605276,0.112985467290984,0.556219328889876,0.001230386368881,4,1,5,0.0,0,2.858,,,,,,
334,3,green,yellow,pink,blue,2,4,445,0.846291273127056,0.858320827692228,0.144965393192268,0.133954873395771,3,3,6,1.0,0,1.269,,,,,,
334,3,green,yellow,pink,blue,2,4,446,0.532689786672965,0.50283373379742,0.178177616169629,0.577960037392289,3,3,5,1.0,1,5.639,,,,,,
334,3,green,yellow,pink,blue,2,4,447,0.190147385440266,0.527647106870934,0.626014126008613,0.605147896006363,2,2,6,1.0,1,6.905,,,,,,
334,3,green,yellow,pink,blue,2,4,448,0.789838910901575,0.477729422727993,0.601440278300316,0.909306362341781,4,4,6,1.0,1,5.038,,,,,,
334,3,green,yellow,pink,blue,2,4,449,0.451563210174081,0.886292059077488,0.168710520165785,0.0439151408258865,2,4,4,0.0,1,12.984,,,,,,
334,3,green,yellow,pink,blue,2,4,450,0.0285029257118943,0.640149938537459,0.16042119632985,0.829921730454615,2,2,6,1.0,0,3.549,,,,,,
334,3,green,yellow,pink,blue,2,4,451,0.911574264096648,0.60491659496096,0.677169045369368,0.925395991073776,4,4,6,1.0,0,2.795,,,,,,
334,3,green,yellow,pink,blue,2,4,452,0.318396932526054,0.400780482883382,0.327870259688068,0.669081879390472,1,2,6,0.5,0,4.432,,,,,,
334,3,green,yellow,pink,blue,2,4,453,0.709870707879246,0.897535384306567,0.399848578113177,0.614113484180126,3,3,5,1.0,0,4.36,,,,,,
334,3,green,yellow,pink,blue,2,4,454,0.731636861722023,0.213595200573668,0.405864405740608,0.0008229984571868,3,1,5,0.0,0,7.098,,,,,,
334,3,green,yellow,pink,blue,2,4,455,0.174113707493193,0.431262554491598,0.576061421515432,0.122755241092376,1,4,5,0.0,0,7.699,,,,,,
334,3,green,yellow,pink,blue,2,4,456,0.254965136382224,0.917061649354205,0.859403085676497,0.120985831906613,2,1,4,0.5,0,14.186,,,,,,
334,3,green,yellow,pink,blue,2,4,457,0.679775434803906,0.50124495603362,0.505292970079387,0.733773842232582,4,2,4,0.0,1,9.979,,,,,,
334,3,green,yellow,pink,blue,2,4,458,0.925772672405487,0.90046139545717,0.48752443353117,0.133665403480274,3,3,4,1.0,1,9.228,,,,,,
334,3,green,yellow,pink,blue,2,5,459,0.987471453671667,0.610744659995892,0.935162239623866,0.141141998948152,4,3,5,0.5,0,10.013,,,,,,
334,3,green,yellow,pink,blue,2,5,460,0.879099529212839,0.300411086425138,0.352294102090959,0.90831611888199,3,4,6,0.5,0,5.341,,,,,,
334,3,green,yellow,pink,blue,2,5,461,0.267546031429459,0.511108619080893,0.10476216348459,0.41265466337164,2,2,6,1.0,1,0.852,,,,,,
334,3,green,yellow,pink,blue,2,5,462,0.095431282808783,0.695588388632308,0.788205582083349,0.884490508176682,2,2,4,1.0,0,13.604,,,,,,
334,3,green,yellow,pink,blue,2,5,463,0.469556227356592,0.399059132447146,0.930109484531763,0.901681142719091,1,1,4,1.0,1,5.786,,,,,,
334,3,green,yellow,pink,blue,2,5,464,0.081995747155838,0.0081806528269863,0.195873713007264,0.653923313961416,1,1,6,1.0,0,1.013,,,,,,
334,3,green,yellow,pink,blue,2,5,465,0.196003476662815,0.286995599975772,0.813812471593974,0.446630459513974,1,3,3,0.0,0,12.729,,,,,,
334,3,green,yellow,pink,blue,2,5,466,0.308588022720117,0.32771813447879,0.838974467709558,0.843505817551147,1,1,5,1.0,0,3.61,,,,,,
334,3,green,yellow,pink,blue,2,5,467,0.76205608103741,0.210830756418676,0.615549395308692,0.0425993180297741,4,3,5,0.5,0,15.358,,,,,,
334,3,green,yellow,pink,blue,2,5,468,0.871390959127644,0.634228240256888,0.983249363226946,0.984471206570822,4,4,6,1.0,0,0.999,,,,,,
334,3,green,yellow,pink,blue,2,5,469,0.251684495598385,0.749287472940089,0.173758497469617,0.481027944239716,2,2,6,1.0,0,0.739,,,,,,
334,3,green,yellow,pink,blue,2,5,470,0.577514075407401,0.294050330633503,0.86710064868302,0.549138499685594,4,1,4,0.0,0,4.472,,,,,,
334,3,green,yellow,pink,blue,2,5,471,0.299787815737208,0.308279333322894,0.775424218715608,0.117309272407857,1,4,4,0.0,0,9.023,,,,,,
334,3,green,yellow,pink,blue,2,5,472,0.0295553389781356,0.946454097231291,0.6208303157713,0.344668898730032,2,2,5,1.0,0,5.94,,,,,,
334,3,green,yellow,pink,blue,2,5,473,0.523602101937916,0.0989623977253318,0.182089911372255,0.569113299604495,3,4,6,0.5,1,3.271,,,,,,
334,3,green,yellow,pink,blue,2,5,474,0.531429279745828,0.45618863612177,0.847989352936699,0.173466892883598,4,4,5,1.0,1,4.07,,,,,,
334,3,green,yellow,pink,blue,2,5,475,0.641108601054577,0.722870589944396,0.45321998844432,0.129693248018022,3,4,5,0.5,1,5.172,,,,,,
334,3,green,yellow,pink,blue,2,5,476,0.395229532844907,0.48864816312999,0.889198351800877,0.421762466574601,1,4,4,0.0,1,11.851,,,,,,
334,3,green,yellow,pink,blue,2,5,477,0.866246607657334,0.043697259316737,0.821093126684586,0.124399242392548,4,1,5,0.0,0,2.507,,,,,,
334,3,green,yellow,pink,blue,2,5,478,0.670018925026728,0.405620447298292,0.290209713833155,0.992795472784281,3,4,5,0.5,0,3.122,,,,,,
334,3,green,yellow,pink,blue,2,5,479,0.647743722722692,0.857202928902341,0.775499829812112,0.334134141647691,4,2,5,0.0,0,12.702,,,,,,
334,3,green,yellow,pink,blue,2,5,480,0.614654825989786,0.668223343411632,0.614119893279503,0.702112885863644,4,4,5,1.0,0,5.892,,,,,,
334,3,green,yellow,pink,blue,2,6,481,0.0817462503204189,0.157211703168918,0.517775998356642,0.708236479378878,1,1,6,1.0,1,3.389,,,,,,
334,3,green,yellow,pink,blue,2,6,482,0.256322646085422,0.79936117194987,0.464082200043763,0.919227772159827,2,2,6,1.0,1,1.345,,,,,,
334,3,green,yellow,pink,blue,2,6,483,0.443029705153653,0.693720518325468,0.29787918448489,0.0259593249693197,2,3,5,0.0,0,8.94,,,,,,
334,3,green,yellow,pink,blue,2,6,484,0.211381538348855,0.0001233312133292,0.407012544921123,0.0347302960652011,1,1,6,1.0,0,6.155,,,,,,
334,3,green,yellow,pink,blue,2,6,485,0.379168771669867,0.942432434929832,0.763610750153106,0.137504228313458,2,2,4,1.0,0,8.899,,,,,,
334,3,green,yellow,pink,blue,2,6,486,0.692370595825096,0.380872169681612,0.776023728578408,0.415888440730015,4,4,5,1.0,0,9.668,,,,,,
334,3,green,yellow,pink,blue,2,6,487,0.836536742357533,0.356106111058795,0.443285530638524,0.0274178624315702,3,4,5,0.5,0,5.305,,,,,,
334,3,green,yellow,pink,blue,2,6,488,0.634908279309593,0.827221900501407,0.928829776236609,0.0438295166811212,4,2,6,0.0,0,7.155,,,,,,
334,3,green,yellow,pink,blue,2,6,489,0.341609067508816,0.852629468910296,0.479738077245353,0.341171227984847,2,2,5,1.0,1,4.359,,,,,,
334,3,green,yellow,pink,blue,2,6,490,0.597627155408404,0.940227385315041,0.443991962214213,0.333406888208104,3,2,5,0.0,0,10.072,,,,,,
334,3,green,yellow,pink,blue,2,6,491,0.163784408298165,0.905081106401129,0.797983758,0.202536501712199,2,2,5,1.0,0,3.966,,,,,,
334,3,green,yellow,pink,blue,2,6,492,0.227688206362919,0.983635392847221,0.607293765439451,0.583605565960226,2,3,5,0.0,0,6.626,,,,,,
334,3,green,yellow,pink,blue,2,6,493,0.875766532728431,0.648318481651991,0.107015724249713,0.933144327129234,3,3,6,1.0,0,1.791,,,,,,
334,3,green,yellow,pink,blue,2,6,494,0.198212179126981,0.471066888714159,0.0537771876047651,0.0354313854677126,1,3,6,0.0,1,8.75,,,,,,
334,3,green,yellow,pink,blue,2,6,495,0.566698986338303,0.390037517511527,0.336965147957503,0.959653440729867,3,4,4,0.5,0,7.442,,,,,,
334,3,green,yellow,pink,blue,2,6,496,0.61230420766741,0.204493006047673,0.857214471819862,0.246856448603121,4,1,5,0.0,0,2.699,,,,,,
334,3,green,yellow,pink,blue,2,6,497,0.18092232661803,0.128698383708673,0.00912402635038,0.680331807765232,1,2,1,0.5,0,5.247,,,,,,
334,3,green,yellow,pink,blue,2,6,498,0.530396044330213,0.705843684610854,0.205068853774367,0.630508949302709,3,2,6,0.0,1,1.151,,,,,,
334,3,green,yellow,pink,blue,2,6,499,0.385176596013401,0.365221153062956,0.437688331634092,0.549007494837078,1,1,5,1.0,0,9.488,,,,,,
334,3,green,yellow,pink,blue,2,6,500,0.560926044865969,0.689870872248485,0.945287571956898,0.279819132716264,4,4,5,1.0,0,7.732,,,,,,
334,3,green,yellow,pink,blue,2,7,501,0.40138972930333,0.373938206489267,0.198507763015884,0.133839239624054,1,3,5,0.0,0,7.434,,,,,,
334,3,green,yellow,pink,blue,2,7,502,0.581566584171426,0.680970321062032,0.472433247119955,0.292493511757168,3,2,5,0.0,1,7.385,,,,,,
334,3,green,yellow,pink,blue,2,7,503,0.942500562827843,0.309834077955467,0.32384759820019,0.0236172500205015,3,1,5,0.0,0,6.837,,,,,,
334,3,green,yellow,pink,blue,2,7,504,0.727010617345453,0.272366797825688,0.897735911110175,0.467250692099731,4,1,5,0.0,0,3.316,,,,,,
334,3,green,yellow,pink,blue,2,7,505,0.312612794585922,0.934745609993913,0.185494496409343,0.406368506897586,2,2,6,1.0,0,2.612,,,,,,
334,3,green,yellow,pink,blue,2,7,506,0.368582678839965,0.817502073775379,0.956731481592488,0.733847113195883,2,4,4,0.0,0,19.414,,,,,,
334,3,green,yellow,pink,blue,2,7,507,0.535431086395739,0.482125781907642,0.318173179912743,0.598900005280356,3,3,6,1.0,1,0.534,,,,,,
334,3,green,yellow,pink,blue,2,7,508,0.273638170413568,0.600946551003668,0.622654871875967,0.10139372304953,2,4,4,0.0,0,19.536,,,,,,
334,3,green,yellow,pink,blue,2,7,509,0.802897873633366,0.702430067907611,0.386595003772461,0.619708001632495,3,3,6,1.0,0,1.624,,,,,,
334,3,green,yellow,pink,blue,2,7,510,0.906901170224436,0.639909295220572,0.996608314748537,0.488298113029501,4,1,4,0.0,0,8.22,,,,,,
334,3,green,yellow,pink,blue,2,7,511,0.560627395070825,0.0731539631328789,0.908548071657888,0.417672211962136,4,4,5,1.0,0,9.035,,,,,,
334,3,green,yellow,pink,blue,2,7,512,0.0001536879610641,0.98203551044371,0.232694608557189,0.383615831828798,2,2,5,1.0,0,4.199,,,,,,
334,3,green,yellow,pink,blue,2,7,513,0.138132051399987,0.992396705116809,0.342421865135705,0.185917653691275,2,2,6,1.0,0,4.53,,,,,,
334,3,green,yellow,pink,blue,2,7,514,0.509314612172976,0.633338057864616,0.357590618638219,0.717659144946339,3,2,6,0.0,1,13.414,,,,,,
334,3,green,yellow,pink,blue,2,7,515,0.0266943998952797,0.323348724990978,0.0006418731906806,0.0318004011120472,1,3,5,0.0,0,6.556,,,,,,
334,3,green,yellow,pink,blue,2,7,516,0.764849214804404,0.0408639239229533,0.258653610820394,0.416819369137012,3,1,4,0.0,0,2.444,,,,,,
334,3,green,yellow,pink,blue,2,7,517,0.190782070627942,0.0578353237215569,0.089431692816156,0.214994730645043,1,1,6,1.0,0,0.68,,,,,,
334,3,green,yellow,pink,blue,2,7,518,0.83298904279594,0.683945400509372,0.185313867052742,0.796108896459352,3,3,6,1.0,0,1.237,,,,,,
334,3,green,yellow,pink,blue,2,7,519,0.456293183793358,0.503874191481086,0.223868116677574,0.715573770878281,2,2,6,1.0,1,3.298,,,,,,
334,3,green,yellow,pink,blue,2,7,520,0.0335208186845407,0.396811083447981,0.777450587891523,0.679075861093868,1,1,5,1.0,0,11.29,,,,,,
334,3,green,yellow,pink,blue,2,7,521,0.679122432365717,0.224246432289428,0.987762194233377,0.994350909914758,4,4,5,1.0,0,14.479,,,,,,
334,3,green,yellow,pink,blue,2,8,522,0.539280005592202,0.472230336876237,0.412455730447275,0.0424609232632197,3,4,5,0.5,1,18.263,,,,,,
334,3,green,yellow,pink,blue,2,8,523,0.0063139205129219,0.180538133113913,0.298669345132901,0.741116554068621,1,1,4,1.0,0,12.941,,,,,,
334,3,green,yellow,pink,blue,2,8,524,0.398641058446291,0.311305913445502,0.64600209487111,0.685106569262692,1,1,6,1.0,0,3.094,,,,,,
334,3,green,yellow,pink,blue,2,8,525,0.98306740445387,0.690842876227518,0.609831467099319,0.396088060389822,4,4,5,1.0,0,4.548,,,,,,
334,3,green,yellow,pink,blue,2,8,526,0.889083478009862,0.887491860146646,0.413184994627788,0.608645097226427,3,3,6,1.0,0,2.455,,,,,,
334,3,green,yellow,pink,blue,2,8,527,0.210923569890265,0.238618782788793,0.810837719139138,0.880915890230435,1,1,6,1.0,0,0.679,,,,,,
334,3,green,yellow,pink,blue,2,8,528,0.655575545744073,0.326744664545682,0.640218180492874,0.503592540434843,4,4,5,1.0,0,6.067,,,,,,
334,3,green,yellow,pink,blue,2,8,529,0.37643078378226,0.924769391409315,0.362375075379558,0.318359415182879,2,2,5,1.0,0,3.187,,,,,,
334,3,green,yellow,pink,blue,2,8,530,0.353868325025834,0.181776066563784,0.527564868988719,0.958757774350731,1,1,4,1.0,1,4.452,,,,,,
334,3,green,yellow,pink,blue,2,8,531,0.388775747472306,0.838590720437991,0.647964891394997,0.70131916612882,2,2,5,1.0,0,5.15,,,,,,
334,3,green,yellow,pink,blue,2,8,532,0.879791717823716,0.890032740964701,0.683859604973528,0.20827264839694,4,4,6,1.0,0,3.001,,,,,,
334,3,green,yellow,pink,blue,2,8,533,0.530655620420305,0.781720695610865,0.485866135214234,0.440209483197051,3,4,4,0.5,1,11.771,,,,,,
334,3,green,yellow,pink,blue,2,8,534,0.228285000585662,0.502465098834201,0.818193920960397,0.247145519694154,2,4,5,0.0,1,11.688,,,,,,
334,3,green,yellow,pink,blue,2,8,535,0.901089534786766,0.0882493791417203,0.2461887481094,0.431113091912488,3,4,5,0.5,0,3.88,,,,,,
334,3,green,yellow,pink,blue,2,8,536,0.466717424531561,0.250754360498581,0.300670410315545,0.32379827657675,1,1,4,1.0,1,2.723,,,,,,
334,3,green,yellow,pink,blue,2,8,537,0.422435067987092,0.511898974511128,0.604872418433383,0.229660035449245,2,4,5,0.0,1,15.408,,,,,,
334,3,green,yellow,pink,blue,2,8,538,0.26602078996197,0.710084906775837,0.261251343703351,0.923179420427734,2,2,6,1.0,0,0.999,,,,,,
334,3,green,yellow,pink,blue,2,8,539,0.0027858944762058,0.724548673468284,0.0837281850168656,0.368742662069316,2,2,5,1.0,0,0.462,,,,,,
334,3,green,yellow,pink,blue,2,8,540,0.379749206541735,0.376888799144007,0.375021382734704,0.447156445484186,1,4,4,0.0,0,6.8,,,,,,
334,3,green,yellow,pink,blue,2,8,541,0.471289705329954,0.383884346481143,0.584270464751575,0.67377784195511,1,1,6,1.0,1,1.986,,,,,,
334,3,green,yellow,pink,blue,2,8,542,0.985738536808541,0.0699899671332997,0.921307147490097,0.075629992992065,4,4,6,1.0,0,0.952,,,,,,
334,3,green,yellow,pink,blue,2,8,543,0.480607427556362,0.819960093545031,0.278948915430234,0.818626697913501,2,2,6,1.0,1,0.37,,,,,,
334,3,green,yellow,pink,blue,2,8,544,0.40426280717987,0.725752713283858,0.742924945247061,0.242681034635545,2,3,4,0.0,0,8.305,,,,,,
334,3,green,yellow,pink,blue,2,8,545,0.0228428097989432,0.0686961587737965,0.43580906850796,0.341143048150465,1,1,6,1.0,0,0.811,,,,,,
334,3,green,yellow,pink,blue,2,8,546,0.0842387506167085,0.304466064280268,0.776181252351214,0.940370607488702,1,1,4,1.0,0,6.462,,,,,,
334,3,green,yellow,pink,blue,2,8,547,0.836491482688175,0.204548774955286,0.867094312013198,0.600448719414606,4,4,6,1.0,0,6.3,,,,,,
334,3,green,yellow,pink,blue,2,8,548,0.656487158202754,0.740560836027136,0.60972473104904,0.358872840660283,4,2,6,0.0,0,5.177,,,,,,
334,3,green,yellow,pink,blue,2,9,549,0.754671023973059,0.373117825678112,0.187682651560959,0.243673976939463,3,3,5,1.0,0,4.444,,,,,,
334,3,green,yellow,pink,blue,2,9,550,0.650481733398913,0.794064127215366,0.414959058465976,0.489172903661435,3,2,4,0.0,0,3.016,,,,,,
334,3,green,yellow,pink,blue,2,9,551,0.0422190532589253,0.304347125613398,0.193532141912117,0.491506027252617,1,1,4,1.0,0,13.857,,,,,,
334,3,green,yellow,pink,blue,2,9,552,0.534802971317751,0.0788647183073209,0.0141571343920036,0.991145064299121,3,4,6,0.5,1,7.27,,,,,,
334,3,green,yellow,pink,blue,2,9,553,0.531935619124346,0.556262101075682,0.380451266664761,0.101932156001005,3,2,5,0.0,1,16.334,,,,,,
334,3,green,yellow,pink,blue,2,9,554,0.0972551806632403,0.970799807460092,0.766913323921732,0.331138770784967,2,2,5,1.0,0,17.777,,,,,,
334,3,green,yellow,pink,blue,2,9,555,0.917017428447351,0.800566702935424,0.523846555717075,0.871188118693054,4,4,6,1.0,1,7.269,,,,,,
334,3,green,yellow,pink,blue,2,9,556,0.236535276620547,0.402442520013063,0.304463832864489,0.517024880736951,1,2,5,0.5,0,5.209,,,,,,
334,3,green,yellow,pink,blue,2,9,557,0.716022467197652,0.827567394002857,0.865201499290444,0.405972321737937,4,1,5,0.0,0,7.886,,,,,,
334,3,green,yellow,pink,blue,2,9,558,0.572393452447517,0.477531770061968,0.464902700866832,0.975479455562243,3,2,6,0.0,1,4.444,,,,,,
334,3,green,yellow,pink,blue,2,9,559,0.796733070767336,0.635205769811857,0.514418506096454,0.917472185709979,4,3,5,0.5,1,1.924,,,,,,
334,3,green,yellow,pink,blue,2,9,560,0.175434026995196,0.986491927196757,0.804402121676262,0.90416792358262,2,3,4,0.0,0,10.293,,,,,,
334,3,green,yellow,pink,blue,2,9,561,0.863648877078903,0.236684495442892,0.645847150031489,0.958219431085909,4,4,5,1.0,0,7.296,,,,,,
334,3,green,yellow,pink,blue,2,9,562,0.800358931187295,0.483114001178043,0.609032887344448,0.0899342056879548,4,4,5,1.0,1,11.74,,,,,,
334,3,green,yellow,pink,blue,2,9,563,0.690333439873019,0.138267067121871,0.466373357093334,0.75193463571041,3,4,5,0.5,1,5.358,,,,,,
334,3,green,yellow,pink,blue,2,9,564,0.720880342362102,0.84784565333857,0.496132005004633,0.0237998099469249,3,2,4,0.0,1,7.791,,,,,,
334,3,green,yellow,pink,blue,2,9,565,0.647121035170763,0.0200519671170733,0.0475321360339707,0.855223910830175,3,4,5,0.5,0,1.81,,,,,,
334,3,green,yellow,pink,blue,2,9,566,0.840287862778361,0.601992907952281,0.606047662722612,0.834246423895185,4,4,6,1.0,0,1.479,,,,,,
334,3,green,yellow,pink,blue,2,9,567,0.259721464094471,0.130267402193511,0.733586776172738,0.216693096097973,1,1,6,1.0,0,2.387,,,,,,
334,3,green,yellow,pink,blue,2,9,568,0.426515363172423,0.280082346716319,0.168476127767437,0.997722943706458,1,3,5,0.0,0,4.947,,,,,,
334,3,green,yellow,pink,blue,2,9,569,0.75282605353793,0.529771072632274,0.968306190360025,0.422112526961582,4,4,6,1.0,1,1.359,,,,,,
334,3,green,yellow,pink,blue,2,9,570,0.442088233469693,0.595952834583059,0.800540346724427,0.767276008335583,2,1,6,0.5,0,0.937,,,,,,
334,3,green,yellow,pink,blue,2,9,571,0.956198174668756,0.568040834952409,0.250146376321987,0.909725407506712,3,3,6,1.0,0,0.319,,,,,,
334,3,green,yellow,pink,blue,2,9,572,0.336856742076847,0.911774705417937,0.49785862547333,0.0774229264278125,2,3,5,0.0,1,5.671,,,,,,
334,3,green,yellow,pink,blue,2,9,573,0.330165968483274,0.295617237654148,0.55104325376817,0.85848858921272,1,1,6,1.0,0,2.637,,,,,,
334,3,green,yellow,pink,blue,2,10,574,0.795326989993811,0.442894828685041,0.765853541537422,0.388612957146835,4,4,5,1.0,0,1.735,,,,,,
334,3,green,yellow,pink,blue,2,10,575,0.135483839373514,0.0869389078170529,0.528750216548713,0.114881256548772,1,1,6,1.0,1,3.818,,,,,,
334,3,green,yellow,pink,blue,2,10,576,0.873758064058121,0.486604081473033,0.816803663338842,0.210319299884946,4,4,5,1.0,1,2.143,,,,,,
334,3,green,yellow,pink,blue,2,10,577,0.659341025240546,0.583103960479999,0.762125533167532,0.0157757482492429,4,3,5,0.5,0,6.082,,,,,,
334,3,green,yellow,pink,blue,2,10,578,0.625601467182417,0.441471234052149,0.0960572439549375,0.892562954267608,3,3,6,1.0,0,3.488,,,,,,
334,3,green,yellow,pink,blue,2,10,579,0.958187248328639,0.211247023064629,0.742207275123654,0.410899508421334,4,4,5,1.0,0,5.058,,,,,,
334,3,green,yellow,pink,blue,2,10,580,0.836372917532183,0.539000268564356,0.100257807433271,0.756435304115245,3,3,6,1.0,1,0.402,,,,,,
334,3,green,yellow,pink,blue,2,10,581,0.560194265157296,0.29754069065617,0.315615148360598,0.340958616637455,3,4,4,0.5,0,6.198,,,,,,
334,3,green,yellow,pink,blue,2,10,582,0.581319693009671,0.161756894856268,0.812552424033446,0.574116619835076,4,1,5,0.0,0,4.085,,,,,,
334,3,green,yellow,pink,blue,2,10,583,0.494317167877801,0.771690394273148,0.917553776349792,0.82421048812794,2,2,5,1.0,1,7.815,,,,,,
334,3,green,yellow,pink,blue,2,10,584,0.80779407965565,0.320280153555637,0.42834951765704,0.73318943496507,3,4,4,0.5,0,4.978,,,,,,
334,3,green,yellow,pink,blue,2,10,585,0.658979986929441,0.337281606750891,0.137079707439575,0.0134184845914118,3,3,5,1.0,0,9.759,,,,,,
334,3,green,yellow,pink,blue,2,10,586,0.0473685971993071,0.627220832822427,0.914823297326599,0.262537914876556,2,4,4,0.0,0,6.604,,,,,,
334,3,green,yellow,pink,blue,2,10,587,0.653528344816798,0.0848131074797498,0.383003292383858,0.495110216059414,3,1,5,0.0,0,2.47,,,,,,
334,3,green,yellow,pink,blue,2,10,588,0.797665143556544,0.337452875736901,0.306742825543643,0.682113585718948,3,4,5,0.5,0,3.353,,,,,,
334,3,green,yellow,pink,blue,2,10,589,0.463734391082049,0.607683908136722,0.0250896155976633,0.283945957152962,2,3,6,0.0,1,3.425,,,,,,
334,3,green,yellow,pink,blue,2,10,590,0.629981427521034,0.813246298227485,0.108838787929564,0.521081638617608,3,3,5,1.0,0,2.839,,,,,,
334,3,green,yellow,pink,blue,2,10,591,0.312796804110714,0.119487153154378,0.0249466859457977,0.752809827329366,1,1,4,1.0,0,3.925,,,,,,
334,3,green,yellow,pink,blue,2,10,592,0.576611204449987,0.646270779962679,0.27449072631619,0.969042221421991,3,2,6,0.0,0,1.791,,,,,,
334,3,green,yellow,pink,blue,2,10,593,0.553006574428771,0.754143045431746,0.369831240067555,0.0829647501223859,3,2,4,0.0,0,1.642,,,,,,
334,3,green,yellow,pink,blue,2,10,594,0.603141971870996,0.482114831355238,0.0755511544088702,0.794649626151222,3,3,6,1.0,1,2.883,,,,,,
334,3,green,yellow,pink,blue,2,10,595,0.455386688044503,0.549720567836246,0.445933364358974,0.770227352070954,2,2,4,1.0,1,4.585,,,,,,
334,3,green,yellow,pink,blue,2,10,596,0.987594689310492,0.332748408673567,0.768160985891869,0.888960116904026,4,4,5,1.0,0,7.612,,,,,,
334,3,green,yellow,pink,blue,2,10,597,0.155821690763424,0.225088255151841,0.602622511203572,0.0299954101133025,1,1,4,1.0,0,3.044,,,,,,
334,3,green,yellow,pink,blue,2,10,598,0.456345169357588,0.491390200513085,0.891154873720637,0.476728295551021,1,4,5,0.0,1,3.46,,,,,,
334,3,green,yellow,pink,blue,2,10,599,0.899328003465638,0.504641306694772,0.878720783598002,0.787257909024662,4,4,5,1.0,1,2.434,,,,,,
334,3,green,yellow,pink,blue,2,10,600,0.99769031767549,0.860297926594672,0.965796466756307,0.305319901583597,4,4,6,1.0,0,4.636,,,,,,
334,3,green,yellow,pink,blue,2,10,601,0.811568910948035,0.398006648992983,0.729782812283829,0.304906383897333,4,4,5,1.0,0,3.881,,,,,,
334,3,green,yellow,pink,blue,2,10,602,0.186702546884978,0.696855737341996,0.934757409902731,0.725422138465918,2,2,6,1.0,0,11.723,,,,,,
334,3,green,yellow,pink,blue,2,11,603,0.0219156049711627,0.107661299050901,0.212571603647311,0.510092827901661,1,1,5,1.0,0,0.553,,,,,,
334,3,green,yellow,pink,blue,2,11,604,0.288942254625059,0.557918119198766,0.576222757145389,0.512154411567579,2,2,4,1.0,0,2.925,,,,,,
334,3,green,yellow,pink,blue,2,11,605,0.689823026583878,0.0909422618845587,0.748613327923186,0.220190454592781,4,4,5,1.0,0,2.958,,,,,,
334,3,green,yellow,pink,blue,2,11,606,0.746023358196159,0.914981250007284,0.671484461757542,0.862572030763068,4,3,5,0.5,0,7.289,,,,,,
334,3,green,yellow,pink,blue,2,11,607,0.9062132833777,0.819423447605937,0.746721500621351,0.577872622210573,4,4,5,1.0,0,4.744,,,,,,
334,3,green,yellow,pink,blue,2,11,608,0.749858761985886,0.674154106397023,0.362810935575049,0.132411477644619,3,3,5,1.0,0,5.453,,,,,,
334,3,green,yellow,pink,blue,2,11,609,0.479307136449202,0.205095750363661,0.0504544012225491,0.852565205701481,1,1,6,1.0,1,4.355,,,,,,
334,3,green,yellow,pink,blue,2,11,610,0.41703841668998,0.910994434535731,0.177108927290465,0.598234708824882,2,2,6,1.0,0,0.746,,,,,,
334,3,green,yellow,pink,blue,2,11,611,0.106673202872552,0.0481998682636959,0.802673596480191,0.174347096122148,1,1,6,1.0,0,3.36,,,,,,
334,3,green,yellow,pink,blue,2,11,612,0.697547661449607,0.199947820124642,0.893689819533034,0.593268588915688,4,1,5,0.0,0,8.233,,,,,,
334,3,green,yellow,pink,blue,2,11,613,0.942179711764988,0.342540411973402,0.317485939519643,0.584169740496511,3,4,6,0.5,0,3.268,,,,,,
334,3,green,yellow,pink,blue,2,11,614,0.918696199174958,0.558672508211636,0.11270242082924,0.461579267683942,3,3,6,1.0,0,3.093,,,,,,
334,3,green,yellow,pink,blue,2,11,615,0.72501223728743,0.022186092652012,0.55314905180227,0.477911218390587,4,4,5,1.0,0,2.323,,,,,,
334,3,green,yellow,pink,blue,2,11,616,0.913333512425042,0.0867964615795178,0.818484111722439,0.336296502894392,4,4,6,1.0,0,1.936,,,,,,
334,3,green,yellow,pink,blue,2,11,617,0.820147117310225,0.193835570626426,0.0331627244615822,0.373144170307341,3,1,5,0.0,0,7.485,,,,,,
334,3,green,yellow,pink,blue,2,11,618,0.671740053376343,0.455137839213203,0.62473322472163,0.88057162145907,4,3,5,0.5,1,5.479,,,,,,
334,3,green,yellow,pink,blue,2,11,619,0.285707266594431,0.533608084672032,0.0852803673617795,0.421530752987625,2,2,5,1.0,1,3.977,,,,,,
334,3,green,yellow,pink,blue,2,11,620,0.0548134520098671,0.331300270384385,0.647624035023213,0.985087289329541,1,2,6,0.5,0,6.783,,,,,,
334,3,green,yellow,pink,blue,2,11,621,0.198145402991235,0.483053699269327,0.968854521045124,0.33096711508415,1,2,4,0.5,1,15.551,,,,,,
334,3,green,yellow,pink,blue,2,11,622,0.747633656891387,0.700315112624699,0.68278521291086,0.46471548201995,4,4,5,1.0,0,7.34,,,,,,
334,3,green,yellow,pink,blue,2,11,623,0.4344114573847,0.633500071998326,0.521821957029673,0.745966224647189,2,2,6,1.0,1,2.437,,,,,,
334,3,green,yellow,pink,blue,2,11,624,0.366864515926105,0.0164662390798645,0.126541478088639,0.88343784738325,1,1,6,1.0,0,1.536,,,,,,
334,3,green,yellow,pink,blue,2,11,625,0.967550907191474,0.851894974420818,0.847341600854637,0.640829293378606,4,4,6,1.0,0,2.182,,,,,,
334,3,green,yellow,pink,blue,2,11,626,0.0141722878883856,0.677868742354569,0.273748397153556,0.837127732801454,2,2,6,1.0,0,2.508,,,,,,
334,3,green,yellow,pink,blue,2,11,627,0.503838847628348,0.794009554659798,0.259268890548364,0.81517925771434,3,2,4,0.0,1,5.024,,,,,,
334,3,green,yellow,pink,blue,2,11,628,0.256521717371553,0.550194664454283,0.908058487848344,0.443960983210753,2,2,4,1.0,0,10.774,,,,,,
334,3,green,yellow,pink,blue,2,11,629,0.488860428629528,0.0254458850041714,0.375346836952615,0.798235123296946,1,4,5,0.0,1,8.061,,,,,,
334,3,green,yellow,pink,blue,2,11,630,0.246024075037153,0.273227773960152,0.433851480335124,0.0515998067416362,1,1,5,1.0,0,12.168,,,,,,
334,3,green,yellow,pink,blue,2,11,631,0.208654863517391,0.150650862386687,0.816394413591887,0.383372092474425,1,1,6,1.0,0,2.75,,,,,,
334,3,green,yellow,pink,blue,2,12,632,0.362752746083932,0.597350483438158,0.276604962308141,0.118239427963358,2,4,4,0.0,0,8.802,,,,,,
334,3,green,yellow,pink,blue,2,12,633,0.425346626310694,0.249597445098826,0.0171480585549417,0.292673846560839,1,3,5,0.0,0,1.101,,,,,,
334,3,green,yellow,pink,blue,2,12,634,0.368078716192016,0.177459888596203,0.252869330426075,0.745594993980791,1,1,5,1.0,0,7.54,,,,,,
334,3,green,yellow,pink,blue,2,12,635,0.516897044309417,0.98884502222449,0.631878889486815,0.696078555617825,4,2,4,0.0,1,6.868,,,,,,
334,3,green,yellow,pink,blue,2,12,636,0.406143877225542,0.122243842692107,0.476178118231886,0.608446549945255,1,1,6,1.0,1,2.671,,,,,,
334,3,green,yellow,pink,blue,2,12,637,0.405324207011049,0.728194389528219,0.271746414254395,0.837286432160906,2,2,6,1.0,0,0.409,,,,,,
334,3,green,yellow,pink,blue,2,12,638,0.617860435231509,0.962146852990686,0.0555953973959065,0.263903539134573,3,3,5,1.0,0,2.857,,,,,,
334,3,green,yellow,pink,blue,2,12,639,0.128748000588049,0.512385364500485,0.924952070885894,0.213036247378173,2,4,5,0.0,1,4.345,,,,,,
334,3,green,yellow,pink,blue,2,12,640,0.0162691723755012,0.225654397148313,0.942022918993764,0.464813674769016,1,1,5,1.0,0,17.098,,,,,,
334,3,green,yellow,pink,blue,2,12,641,0.389499086341128,0.793122474115207,0.109505120949735,0.814989826547248,2,3,5,0.0,0,5.243,,,,,,
334,3,green,yellow,pink,blue,2,12,642,0.168495316056461,0.821460997987173,0.816182099208462,0.167513649375292,2,2,6,1.0,0,6.8,,,,,,
334,3,green,yellow,pink,blue,2,12,643,0.199698059752713,0.538246141753065,0.530684484661169,0.583373686141259,2,2,5,1.0,1,6.967,,,,,,
334,3,green,yellow,pink,blue,2,12,644,0.272493491679702,0.686823234050403,0.183981893115727,0.769253403349829,2,2,6,1.0,0,1.486,,,,,,
334,3,green,yellow,pink,blue,2,12,645,0.568638209100769,0.711298997087849,0.0058211289424821,0.870246258204427,3,3,5,1.0,0,3.282,,,,,,
334,3,green,yellow,pink,blue,2,12,646,0.472976888937038,0.391095636179085,0.967756227720001,0.0068456421985133,1,1,5,1.0,1,6.491,,,,,,
334,3,green,yellow,pink,blue,2,12,647,0.503996764221657,0.613383321289917,0.859773710423806,0.457269349861523,4,4,5,1.0,1,5.652,,,,,,
334,3,green,yellow,pink,blue,2,12,648,0.317873132744388,0.429696823377776,0.517441744371829,0.925987691896533,1,1,6,1.0,1,4.876,,,,,,
334,3,green,yellow,pink,blue,2,12,649,0.514201061894967,0.59332101796249,0.757970741360159,0.28139951515316,4,4,5,1.0,1,6.231,,,,,,
334,3,green,yellow,pink,blue,2,12,650,0.716949509722225,0.522987585896585,0.730222744677902,0.917566339787142,4,1,6,0.0,1,5.41,,,,,,
334,3,green,yellow,pink,blue,2,12,651,0.218192832765517,0.909195456141698,0.183407834228435,0.755429001319301,2,2,5,1.0,0,0.687,,,,,,
334,3,green,yellow,pink,blue,2,12,652,0.0791884542950126,0.561034395050415,0.23483621498906,0.689377091474629,2,2,5,1.0,0,6.054,,,,,,
334,3,green,yellow,pink,blue,2,12,653,0.736796557502007,0.692577547592888,0.922718211887105,0.981556165558126,4,4,5,1.0,0,2.934,,,,,,
334,3,green,yellow,pink,blue,2,12,654,0.984961286734008,0.0935005807678702,0.938697389606259,0.279112793846588,4,1,6,0.0,0,7.223,,,,,,
334,3,green,yellow,pink,blue,2,12,655,0.984994727604587,0.853989283570185,0.757463975065908,0.271617034349379,4,4,6,1.0,0,8.621,,,,,,
334,3,green,yellow,pink,blue,2,12,656,0.653563123339195,0.307216711264152,0.958483058921776,0.642102168026578,4,1,6,0.0,0,3.332,,,,,,
334,3,green,yellow,pink,blue,2,12,657,0.492344030540068,0.86877837693318,0.0274926216058886,0.835109126197415,2,3,6,0.0,1,0.244,,,,,,
334,3,green,yellow,pink,blue,2,12,658,0.150865987272515,0.263739611994167,0.865218449295281,0.361418197036147,1,1,5,1.0,0,2.895,,,,,,
334,3,green,yellow,pink,blue,2,12,659,0.784839270991246,0.441042872223662,0.248163146099029,0.0371449152080938,3,4,4,0.5,0,16.51,,,,,,
334,3,green,yellow,pink,blue,2,13,660,0.332513651226867,0.728926717416606,0.634999471204181,0.0365780306366676,2,2,6,1.0,0,6.827,,,,,,
334,3,green,yellow,pink,blue,2,13,661,0.868800031766959,0.343501222371777,0.0228208221191349,0.0540598394658433,3,3,4,1.0,0,5.123,,,,,,
334,3,green,yellow,pink,blue,2,13,662,0.662174539584783,0.647113691625241,0.0280206279690126,0.15425583664231,3,3,6,1.0,0,6.072,,,,,,
334,3,green,yellow,pink,blue,2,13,663,0.319720780022625,0.247785718631924,0.668547734651748,0.670912265897922,1,1,6,1.0,0,2.451,,,,,,
334,3,green,yellow,pink,blue,2,13,664,0.667052640737356,0.511407648117038,0.831187156911904,0.183905819170205,4,4,6,1.0,1,5.024,,,,,,
334,3,green,yellow,pink,blue,2,13,665,0.0269770663800495,0.750782143684936,0.394271174061598,0.0641692431809453,2,2,5,1.0,0,7.438,,,,,,
334,3,green,yellow,pink,blue,2,13,666,0.600163643891002,0.563806894241846,0.427742766811559,0.0111006734999199,3,4,5,0.5,0,6.068,,,,,,
334,3,green,yellow,pink,blue,2,13,667,0.726309155564078,0.189905404080776,0.461118105198099,0.0591197194729505,3,1,5,0.0,1,7.774,,,,,,
334,3,green,yellow,pink,blue,2,13,668,0.455328171458809,0.229156845841665,0.963812223895043,0.191468714824139,1,1,4,1.0,1,8.911,,,,,,
334,3,green,yellow,pink,blue,2,13,669,0.304461923940953,0.337446464509307,0.863794331113736,0.262000527638772,1,1,5,1.0,0,4.431,,,,,,
334,3,green,yellow,pink,blue,2,13,670,0.541323303608762,0.473142402296945,0.838245052319096,0.626266634041738,4,4,4,1.0,1,13.671,,,,,,
334,3,green,yellow,pink,blue,2,13,671,0.916922592556121,0.924753243806677,0.408580797801155,0.670884754565659,3,3,6,1.0,0,1.384,,,,,,
334,3,green,yellow,pink,blue,2,13,672,0.506999458928322,0.960307479926473,0.972554227757905,0.432657918152469,4,2,6,0.0,1,1.878,,,,,,
334,3,green,yellow,pink,blue,2,13,673,0.313823527063653,0.0569944099669928,0.560441256600304,0.040455196116044,1,1,5,1.0,0,0.912,,,,,,
334,3,green,yellow,pink,blue,2,13,674,0.893653356215759,0.380240175080726,0.939694867966387,0.785936197390924,4,4,5,1.0,0,2.611,,,,,,
334,3,green,yellow,pink,blue,2,13,675,0.075733541706541,0.29604437504803,0.977989993639172,0.703083031653026,1,1,6,1.0,0,1.829,,,,,,
334,3,green,yellow,pink,blue,2,13,676,0.0939579849729111,0.0463136659298666,0.161530938470872,0.242267525990864,1,1,4,1.0,0,4.845,,,,,,
334,3,green,yellow,pink,blue,2,13,677,0.928551145699329,0.359436419523388,0.451998301414329,0.684434296906753,3,4,6,0.5,1,1.328,,,,,,
334,3,green,yellow,pink,blue,2,13,678,0.34165414694376,0.575984676844297,0.116886935378523,0.168522333699787,2,2,4,1.0,0,6.554,,,,,,
334,3,green,yellow,pink,blue,2,13,679,0.375688268443475,0.806167608920024,0.335967777349056,0.440100178394701,2,2,3,1.0,0,7.635,,,,,,
334,3,green,yellow,pink,blue,2,13,680,0.703522726325798,0.251385337423927,0.872577243825633,0.292096442063053,4,4,6,1.0,0,2.548,,,,,,
334,3,green,yellow,pink,blue,2,13,681,0.537730905591721,0.9904243131787,0.120784125042746,0.327869187861694,3,3,4,1.0,1,5.692,,,,,,
334,3,green,yellow,pink,blue,2,13,682,0.926032272998251,0.326906110664061,0.926834957094594,0.152216133600321,4,4,6,1.0,0,0.551,,,,,,
334,3,green,yellow,pink,blue,2,13,683,0.0030805307847612,0.561579063200657,0.678834511569495,0.609980365481944,2,2,6,1.0,0,3.144,,,,,,
334,3,green,yellow,pink,blue,2,13,684,0.961994297008995,0.531342469185117,0.917961103261485,0.417586507277775,4,4,6,1.0,1,2.121,,,,,,
334,3,green,yellow,pink,blue,2,13,685,0.36340180435072,0.234282256197103,0.457669857849537,0.638650829183197,1,1,4,1.0,1,2.622,,,,,,
334,3,green,yellow,pink,blue,2,13,686,0.0909951319717243,0.752441291026072,0.191489246657519,0.0625211164759991,2,2,6,1.0,0,1.316,,,,,,
334,3,green,yellow,pink,blue,2,13,687,0.0423706555193993,0.479264474295074,0.525519463441751,0.163630330101656,1,2,6,0.5,1,2.134,,,,,,
334,3,green,yellow,pink,blue,2,13,688,0.0088108012212841,0.850991665285919,0.689586090904822,0.139778831633895,2,2,6,1.0,0,6.925,,,,,,
334,3,green,yellow,pink,blue,2,13,689,0.328676567442239,0.696112370702656,0.72794095819915,0.562598427116414,2,2,5,1.0,0,6.04,,,,,,
334,3,green,yellow,pink,blue,2,13,690,0.991515529077149,0.326426336487747,0.591826314025018,0.742317024601492,4,4,6,1.0,0,1.767,,,,,,
334,3,green,yellow,pink,blue,2,13,691,0.357702973682518,0.345332036068186,0.775328697841328,0.0995061995467418,1,4,5,0.0,0,8.145,,,,,,
334,3,green,yellow,pink,blue,2,14,692,0.518625904926782,0.57779394106305,0.431141273628799,0.657002692531198,3,2,4,0.0,1,6.984,,,,,,
334,3,green,yellow,pink,blue,2,14,693,0.958247488240605,0.961619731458992,0.274652369595238,0.20548777433224,3,3,5,1.0,0,5.079,,,,,,
334,3,green,yellow,pink,blue,2,14,694,0.695501395329994,0.556989058950652,0.339377556539092,0.816137715010025,3,3,4,1.0,0,6.221,,,,,,
334,3,green,yellow,pink,blue,2,14,695,0.246644362252793,0.4501736645205,0.389113074995237,0.217026043310207,1,2,6,0.5,1,3.157,,,,,,
334,3,green,yellow,pink,blue,2,14,696,0.90249624703418,0.381549924004308,0.937683850629666,0.271893779808706,4,4,6,1.0,0,1.36,,,,,,
334,3,green,yellow,pink,blue,2,14,697,0.204274761033765,0.461392012693807,0.243087097162987,0.634017662280023,1,2,5,0.5,1,3.008,,,,,,
334,3,green,yellow,pink,blue,2,14,698,0.250096593002968,0.760409883685121,0.435944358945542,0.423888749638775,2,2,6,1.0,0,7.415,,,,,,
334,3,green,yellow,pink,blue,2,14,699,0.111092974507943,0.765288090936702,0.58895388722588,0.0484868084708757,2,2,6,1.0,0,1.898,,,,,,
334,3,green,yellow,pink,blue,2,14,700,0.333425587232246,0.434768636274894,0.350887844215094,0.170348037199354,1,2,4,0.5,0,5.205,,,,,,
334,3,green,yellow,pink,blue,2,14,701,0.867118340973184,0.327252715751134,0.0401657009784815,0.269016417133134,3,3,3,1.0,0,6.063,,,,,,
334,3,green,yellow,pink,blue,2,14,702,0.518728602281508,0.300734021596556,0.314598303778345,0.449714562434529,3,4,3,0.5,1,9.655,,,,,,
334,3,green,yellow,pink,blue,2,14,703,0.773357830481188,0.645395138254909,0.258925184058804,0.151444417828979,3,3,6,1.0,0,2.046,,,,,,
334,3,green,yellow,pink,blue,2,14,704,0.938076688570598,0.14426475526981,0.198246350525543,0.72633673713617,3,1,3,0.0,0,0.746,,,,,,
334,3,green,yellow,pink,blue,2,14,705,0.734024446263142,0.045962388972304,0.768568367488308,0.15495799315617,4,4,6,1.0,0,0.575,,,,,,
334,3,green,yellow,pink,blue,2,14,706,0.633355568140608,0.973357202019608,0.974018730444996,0.0028514246199653,4,2,6,0.0,0,5.486,,,,,,
334,3,green,yellow,pink,blue,2,14,707,0.859226752135632,0.0390753167609724,0.149885738833781,0.730262313341557,3,4,5,0.5,0,2.236,,,,,,
334,3,green,yellow,pink,blue,2,14,708,0.0557969047765633,0.944217426408935,0.525614288431607,0.414576034388212,2,2,6,1.0,1,5.455,,,,,,
334,3,green,yellow,pink,blue,2,14,709,0.403587119491205,0.419744393731011,0.392250973660241,0.0287033246693232,1,2,4,0.5,0,8.0,,,,,,
334,3,green,yellow,pink,blue,2,14,710,0.0374872835216761,0.572005315398495,0.329829751069909,0.366922869233862,2,2,5,1.0,0,4.502,,,,,,
334,3,green,yellow,pink,blue,2,14,711,0.726709903103322,0.691419879985938,0.757495701539316,0.153389227284666,4,4,6,1.0,0,4.882,,,,,,
334,3,green,yellow,pink,blue,2,14,712,0.877444967052053,0.27499729143504,0.479411012513376,0.645395232175097,3,4,6,0.5,1,5.099,,,,,,
334,3,green,yellow,pink,blue,2,14,713,0.369231538717046,0.0021154984545591,0.152546136248124,0.678798416327664,1,1,6,1.0,0,2.647,,,,,,
334,3,green,yellow,pink,blue,2,14,714,0.0331063708615008,0.871093116719351,0.900582521602411,0.643949994272248,2,2,6,1.0,0,1.018,,,,,,
334,3,green,yellow,pink,blue,2,14,715,0.237706568293556,0.311461682226868,0.552103510751117,0.162794051107231,1,1,4,1.0,0,10.38,,,,,,
334,3,green,yellow,pink,blue,2,14,716,0.142298048731457,0.297018465086242,0.380219303857259,0.869186769385442,1,1,5,1.0,0,6.574,,,,,,
334,3,green,yellow,pink,blue,2,14,717,0.196276637215871,0.638485909612631,0.682291791484451,0.890187704473621,2,2,6,1.0,0,6.242,,,,,,
334,3,green,yellow,pink,blue,2,14,718,0.778005168032525,0.607775399613536,0.413721295694893,0.368231755940703,3,3,6,1.0,0,2.25,,,,,,
334,3,green,yellow,pink,blue,2,14,719,0.304290125248974,0.456053986361897,0.375822154093601,0.79144906987984,1,2,4,0.5,1,4.608,,,,,,
334,3,green,yellow,pink,blue,2,14,720,0.12020246987951,0.779714077990351,0.854691447492089,0.0993004229902322,2,2,6,1.0,0,1.049,,,,,,
334,3,green,yellow,pink,blue,3,1,721,0.567057502837156,0.899160527611288,0.741354631216356,0.82588826164023,4,2,5,0.0,0,9.256,,,,,,
334,3,green,yellow,pink,blue,3,1,722,0.537959440342034,0.704112302325819,0.0565610841722125,0.174111899742986,3,3,6,1.0,1,3.324,,,,,,
334,3,green,yellow,pink,blue,3,1,723,0.303249913950222,0.198725013950153,0.403457095189442,0.152592553370741,1,1,5,1.0,0,6.325,,,,,,
334,3,green,yellow,pink,blue,3,1,724,0.415133227723485,0.943331530103139,0.625341833527658,0.206187154189634,2,2,6,1.0,0,2.839,,,,,,
334,3,green,yellow,pink,blue,3,1,725,0.794687644442282,0.20105440999285,0.801750864257919,0.041572758227542,4,4,5,1.0,0,3.073,,,,,,
334,3,green,yellow,pink,blue,3,1,726,0.263084220214599,0.584074032151813,0.651662270613226,0.994956162611787,2,2,4,1.0,0,26.76,,,,,,
334,3,green,yellow,pink,blue,3,1,727,0.183741237743578,0.271669368244027,0.591327781085724,0.502357470072092,1,1,5,1.0,0,1.993,,,,,,
334,3,green,yellow,pink,blue,3,1,728,0.488166794249253,0.818034250693316,0.83096830933341,0.424109213406205,2,2,6,1.0,1,3.416,,,,,,
334,3,green,yellow,pink,blue,3,1,729,0.135966855298844,0.472607147955218,0.314109063803249,0.802583542719739,1,2,5,0.5,1,11.221,,,,,,
334,3,green,yellow,pink,blue,3,1,730,0.644060525561176,0.486219972081036,0.105518065076635,0.285989662292149,3,3,6,1.0,1,5.501,,,,,,
334,3,green,yellow,pink,blue,3,1,731,0.250671718313356,0.446635640522824,0.330734791497165,0.384934001428016,1,2,4,0.5,0,18.635,,,,,,
334,3,green,yellow,pink,blue,3,1,732,0.184628312738445,0.647065283799334,0.402719735074295,0.957147569174532,2,2,6,1.0,0,6.721,,,,,,
334,3,green,yellow,pink,blue,3,1,733,0.0910810703016348,0.774963453520025,0.835369556951117,0.872545299176258,2,2,5,1.0,0,2.759,,,,,,
334,3,green,yellow,pink,blue,3,1,734,0.981425586171423,0.555378280671077,0.577483699297402,0.472765378007256,4,4,6,1.0,0,8.924,,,,,,
334,3,green,yellow,pink,blue,3,1,735,0.584448109806841,0.340015983083726,0.110572820757303,0.33342086031148,3,3,4,1.0,0,7.622,,,,,,
334,3,green,yellow,pink,blue,3,1,736,0.561155584791092,0.523193302229124,0.516494163246485,0.590698312278423,4,2,5,0.0,1,8.811,,,,,,
334,3,green,yellow,pink,blue,3,1,737,0.343633235081574,0.309676837056672,0.222928569836314,0.0772850367772345,1,1,5,1.0,0,5.415,,,,,,
334,3,green,yellow,pink,blue,3,1,738,0.56291485386162,0.536154923978981,0.132262204404787,0.385695205703739,3,3,5,1.0,1,8.748,,,,,,
334,3,green,yellow,pink,blue,3,2,739,0.310394691855979,0.655999397444763,0.0629579722597646,0.601946579465811,2,2,6,1.0,0,2.995,,,,,,
334,3,green,yellow,pink,blue,3,2,740,0.423862393722348,0.0095404765834508,0.234918422315827,0.365922280218516,1,1,5,1.0,0,5.331,,,,,,
334,3,green,yellow,pink,blue,3,2,741,0.811390281131484,0.686564564558114,0.209420194441279,0.187220329866543,3,3,6,1.0,0,2.523,,,,,,
334,3,green,yellow,pink,blue,3,2,742,0.0529889220545463,0.71565981734568,0.745176127524333,0.82617464508328,2,2,6,1.0,0,0.787,,,,,,
334,3,green,yellow,pink,blue,3,2,743,0.218818784578413,0.442689897863199,0.937372266863026,0.0101667381723687,1,2,5,0.5,0,23.645,,,,,,
334,3,green,yellow,pink,blue,3,2,744,0.0348678084971404,0.767535314136075,0.178981579658645,0.0428598651979342,2,3,4,0.0,0,9.669,,,,,,
334,3,green,yellow,pink,blue,3,2,745,0.621822066980471,0.303406850822098,0.419745928669395,0.793256886174125,3,4,5,0.5,0,6.49,,,,,,
334,3,green,yellow,pink,blue,3,2,746,0.821216829682572,0.0738012925445505,0.285850401169104,0.952705004587755,3,4,6,0.5,0,1.06,,,,,,
334,3,green,yellow,pink,blue,3,2,747,0.714456500181721,0.360516945627945,0.43091531416487,0.939697311373092,3,4,4,0.5,0,12.387,,,,,,
334,3,green,yellow,pink,blue,3,2,748,0.729304527447304,0.961377510474636,0.931879448543605,0.785886940125957,4,2,4,0.0,0,2.653,,,,,,
334,3,green,yellow,pink,blue,3,2,749,0.539310377669306,0.227548056433192,0.940268067691155,0.419039502462791,4,1,5,0.0,1,9.891,,,,,,
334,3,green,yellow,pink,blue,3,2,750,0.263913523820297,0.637144111817124,0.0812176048538729,0.214676005624059,2,2,5,1.0,0,4.926,,,,,,
334,3,green,yellow,pink,blue,3,2,751,0.333524306383847,0.0298062851591911,0.0520800374558767,0.684700691478584,1,1,4,1.0,0,6.048,,,,,,
334,3,green,yellow,pink,blue,3,2,752,0.521099579725266,0.19282874333018,0.675156711835756,0.728662091039259,4,1,4,0.0,1,7.734,,,,,,
334,3,green,yellow,pink,blue,3,2,753,0.64806532376637,0.877310677220073,0.261610182486343,0.874155677643279,3,3,5,1.0,0,1.043,,,,,,
334,3,green,yellow,pink,blue,3,2,754,0.676926768357349,0.431322841751217,0.817625792342253,0.013234490968366,4,2,4,0.0,0,6.455,,,,,,
334,3,green,yellow,pink,blue,3,2,755,0.493925024966585,0.710226009474386,0.328204660299449,0.0273174663514684,2,3,5,0.0,1,29.442,,,,,,
334,3,green,yellow,pink,blue,3,3,756,0.853114627894447,0.610614236215317,0.164131691894339,0.613309609647402,3,3,6,1.0,0,1.744,,,,,,
334,3,green,yellow,pink,blue,3,3,757,0.323305379673081,0.0337724428491275,0.189340722933493,0.173268993945207,1,1,6,1.0,0,1.037,,,,,,
334,3,green,yellow,pink,blue,3,3,758,0.0307387069940092,0.860696009998476,0.31382997726203,0.560168277704471,2,2,5,1.0,0,3.642,,,,,,
334,3,green,yellow,pink,blue,3,3,759,0.595783715928241,0.825566247463776,0.102389871926022,0.597612332107911,3,3,5,1.0,0,1.654,,,,,,
334,3,green,yellow,pink,blue,3,3,760,0.390761662434132,0.693544798483365,0.417849852870401,0.902487288879346,2,2,5,1.0,0,4.544,,,,,,
334,3,green,yellow,pink,blue,3,3,761,0.66484886142655,0.1990196426739,0.951818578007016,0.245236065033595,4,4,5,1.0,0,12.843,,,,,,
334,3,green,yellow,pink,blue,3,3,762,0.608623001329336,0.762707931902907,0.246675192014175,0.136855333982202,3,3,4,1.0,0,3.337,,,,,,
334,3,green,yellow,pink,blue,3,3,763,0.555977099596447,0.0901116460853021,0.754348900171148,0.260500904150096,4,4,4,1.0,0,4.609,,,,,,
334,3,green,yellow,pink,blue,3,3,764,0.458675610855904,0.50912775715683,0.801754584271868,0.158886148256085,2,2,4,1.0,1,9.749,,,,,,
334,3,green,yellow,pink,blue,3,3,765,0.784423097114788,0.523346301170003,0.655870578524517,0.76347569656959,4,4,5,1.0,1,2.354,,,,,,
334,3,green,yellow,pink,blue,3,3,766,0.0611144598131458,0.784297804011165,0.528094551519106,0.394576656266748,2,2,4,1.0,1,0.898,,,,,,
334,3,green,yellow,pink,blue,3,3,767,0.142393725204137,0.664849336000067,0.222434870069492,0.265643027951399,2,2,4,1.0,0,3.342,,,,,,
334,3,green,yellow,pink,blue,3,3,768,0.866162933245916,0.37740758414043,0.639482367772414,0.533930388134223,4,4,5,1.0,0,3.424,,,,,,
334,3,green,yellow,pink,blue,3,3,769,0.87066557004524,0.385141996069992,0.439820981032237,0.3966487912639,3,4,4,0.5,0,5.791,,,,,,
334,3,green,yellow,pink,blue,3,3,770,0.11518154493576,0.479030406689676,0.132284734921565,0.471961385438853,1,2,4,0.5,1,5.284,,,,,,
334,3,green,yellow,pink,blue,3,3,771,0.270110608009025,0.296562134817237,0.986705163904235,0.590941844275076,1,1,4,1.0,0,4.389,,,,,,
334,3,green,yellow,pink,blue,3,3,772,0.171975653389129,0.708235107207786,0.926482472351003,0.0468623602976233,2,2,6,1.0,0,1.152,,,,,,
334,3,green,yellow,pink,blue,3,3,773,0.790344587029774,0.375978233857701,0.316678804405724,0.555021055419337,3,3,4,1.0,0,14.347,,,,,,
334,3,green,yellow,pink,blue,3,3,774,0.443503109265758,0.167532626264425,0.729723026766821,0.272895220055653,1,1,4,1.0,0,11.881,,,,,,
334,3,green,yellow,pink,blue,3,3,775,0.739492127943561,0.248012657719299,0.101713313814263,0.799973760413949,3,4,5,0.5,0,7.793,,,,,,
334,3,green,yellow,pink,blue,3,3,776,0.879392580668975,0.671750443530059,0.884319372557072,0.365433644504612,4,2,4,0.0,0,15.076,,,,,,
334,3,green,yellow,pink,blue,3,3,777,0.465026469233733,0.733076220188414,0.926181381545949,0.329608317068802,2,2,6,1.0,1,5.387,,,,,,
334,3,green,yellow,pink,blue,3,3,778,0.961620516648985,0.945871199681656,0.35173794635707,0.738278512141793,3,3,6,1.0,0,0.789,,,,,,
334,3,green,yellow,pink,blue,3,3,779,0.868986843778934,0.680659740257818,0.934432530342961,0.631087777464986,4,4,6,1.0,0,1.035,,,,,,
334,3,green,yellow,pink,blue,3,3,780,0.553761858808851,0.880274903013951,0.834914362336072,0.955104217724116,4,2,4,0.0,0,9.733,,,,,,
334,3,green,yellow,pink,blue,3,4,781,0.326278492391762,0.834081183905761,0.285342545357958,0.446991633556569,2,2,6,1.0,0,3.642,,,,,,
334,3,green,yellow,pink,blue,3,4,782,0.613886510000286,0.328334110791588,0.731215323347357,0.0846298385552364,4,4,6,1.0,0,0.359,,,,,,
334,3,green,yellow,pink,blue,3,4,783,0.106853499716781,0.144490623509252,0.861815999435962,0.478636372623486,1,1,6,1.0,0,2.009,,,,,,
334,3,green,yellow,pink,blue,3,4,784,0.792253994687156,0.0135321218570946,0.846405211924516,0.761501989323603,4,4,6,1.0,0,1.091,,,,,,
334,3,green,yellow,pink,blue,3,4,785,0.137640338561872,0.0780961200509779,0.93432037549804,0.507846826465582,1,1,6,1.0,0,1.765,,,,,,
334,3,green,yellow,pink,blue,3,4,786,0.803563800370061,0.967995852806465,0.994733124279765,0.68203337131877,4,4,6,1.0,0,0.319,,,,,,
334,3,green,yellow,pink,blue,3,4,787,0.641329691424517,0.594112281266486,0.156177279061975,0.984836945515683,3,3,6,1.0,0,0.554,,,,,,
334,3,green,yellow,pink,blue,3,4,788,0.279105605306136,0.160004199343886,0.878898984999808,0.318802744517352,1,1,6,1.0,0,1.423,,,,,,
334,3,green,yellow,pink,blue,3,4,789,0.325737021406764,0.337500273924591,0.0023200282428854,0.287496615645523,1,1,5,1.0,0,4.873,,,,,,
334,3,green,yellow,pink,blue,3,4,790,0.268861790409575,0.207555186712366,0.64155393834097,0.95453567080251,1,1,6,1.0,0,1.648,,,,,,
334,3,green,yellow,pink,blue,3,4,791,0.700084154327531,0.336680623102447,0.0833121922121244,0.478855202822225,3,3,5,1.0,0,2.527,,,,,,
334,3,green,yellow,pink,blue,3,4,792,0.250387442856435,0.0106717580115754,0.595265837997863,0.443684480629621,1,1,5,1.0,0,1.627,,,,,,
334,3,green,yellow,pink,blue,3,4,793,0.161231508635252,0.968883372803299,0.248600297836357,0.07102358141419,2,2,5,1.0,0,4.06,,,,,,
334,3,green,yellow,pink,blue,3,4,794,0.423983213793299,0.812070113554487,0.704791567657682,0.658448609988048,2,2,5,1.0,0,2.452,,,,,,
334,3,green,yellow,pink,blue,3,4,795,0.340803892785051,0.680048158617998,0.245540899920171,0.592666634067657,2,2,6,1.0,0,2.548,,,,,,
334,3,green,yellow,pink,blue,3,4,796,0.824988125481527,0.35411858285022,0.198445848660478,0.991130385231531,3,1,6,0.0,0,5.401,,,,,,
334,3,green,yellow,pink,blue,3,4,797,0.30839152975763,0.500444640076541,0.987034601532807,0.898842578485961,2,1,6,0.5,1,0.443,,,,,,
334,3,green,yellow,pink,blue,3,4,798,0.382966144341659,0.41065629319449,0.888910001273613,0.135797365757599,1,1,5,1.0,0,4.316,,,,,,
334,3,green,yellow,pink,blue,3,4,799,0.828042833617578,0.274568560806396,0.988017339680199,0.0266519200445716,4,4,6,1.0,0,2.039,,,,,,
334,3,green,yellow,pink,blue,3,4,800,0.167865926319664,0.0112998752788081,0.209377077653891,0.198821741689945,1,1,6,1.0,0,0.499,,,,,,
334,3,green,yellow,pink,blue,3,4,801,0.914131332006997,0.657212447195296,0.60848220907989,0.13523317740669,4,2,4,0.0,0,8.819,,,,,,
334,3,green,yellow,pink,blue,3,4,802,0.391411012655894,0.657420313356377,0.860990118756869,0.776400719357718,2,2,6,1.0,0,1.025,,,,,,
334,3,green,yellow,pink,blue,3,4,803,0.103780828038012,0.52261572054653,0.539477039880457,0.546010913197341,2,2,6,1.0,1,0.986,,,,,,
334,3,green,yellow,pink,blue,3,4,804,0.849519774552379,0.250047411304728,0.200334841069228,0.868442571047726,3,4,6,0.5,0,0.489,,,,,,
334,3,green,yellow,pink,blue,3,4,805,0.0049418456287893,0.704888518813248,0.638767889443871,0.883051016406546,2,2,6,1.0,0,0.587,,,,,,
334,3,green,yellow,pink,blue,3,4,806,0.819666018852456,0.957556147489151,0.909048661348796,0.426511715065333,4,4,5,1.0,0,9.66,,,,,,
334,3,green,yellow,pink,blue,3,4,807,0.913495640238178,0.439154997367714,0.708753250043159,0.26675121788712,4,4,6,1.0,0,0.989,,,,,,
334,3,green,yellow,pink,blue,3,4,808,0.353666081087918,0.887957990868527,0.0238453419401727,0.980180436978348,2,2,5,1.0,0,1.165,,,,,,
334,3,green,yellow,pink,blue,3,4,809,0.144190900096479,0.325565515374547,0.683936587960078,0.183550350748465,1,1,5,1.0,0,1.347,,,,,,
334,3,green,yellow,pink,blue,3,4,810,0.913962297089044,0.120245474462115,0.137667090963361,0.127784514291647,3,3,4,1.0,0,9.297,,,,,,
334,3,green,yellow,pink,blue,3,4,811,0.213509285476269,0.330500462470272,0.702479418293858,0.867426677961835,1,1,4,1.0,0,1.146,,,,,,
334,3,green,yellow,pink,blue,3,4,812,0.789038157131266,0.528461826510466,0.962109940447662,0.993703374666425,4,4,5,1.0,1,1.242,,,,,,
334,3,green,yellow,pink,blue,3,4,813,0.772200097417989,0.821307993262131,0.675032658887891,0.697574678553708,4,4,6,1.0,0,0.104,,,,,,
334,3,green,yellow,pink,blue,3,4,814,0.421776021655394,0.509461922838073,0.561505428666409,0.385379013100444,2,2,5,1.0,1,4.065,,,,,,
334,3,green,yellow,pink,blue,3,4,815,0.920896885348347,0.290477142386427,0.517141968172134,0.613159019808267,4,4,5,1.0,1,3.098,,,,,,
334,3,green,yellow,pink,blue,3,4,816,0.852547955905967,0.299364387172119,0.19818604009843,0.519773732554248,3,4,6,0.5,0,2.542,,,,,,
334,3,green,yellow,pink,blue,3,4,817,0.143069435314483,0.178923127342267,0.0899374707399498,0.937298410506019,1,1,6,1.0,0,5.806,,,,,,
334,3,green,yellow,pink,blue,3,4,818,0.369851873289232,0.622990500984272,0.0168573548189135,0.0014114477861324,2,2,6,1.0,0,3.273,,,,,,
334,3,green,yellow,pink,blue,3,5,819,0.921268639995795,0.612385258973767,0.144400063105502,0.824020800168832,3,3,6,1.0,0,1.695,,,,,,
334,3,green,yellow,pink,blue,3,5,820,0.362695519128751,0.29226264836765,0.220207414931129,0.15790049033361,1,1,6,1.0,0,1.384,,,,,,
334,3,green,yellow,pink,blue,3,5,821,0.527395465150563,0.548656083650543,0.286511326650213,0.769165277494339,3,2,6,0.0,1,3.413,,,,,,
334,3,green,yellow,pink,blue,3,5,822,0.243779178809207,0.277881415903918,0.341055285632948,0.491212535485293,1,1,5,1.0,0,2.618,,,,,,
334,3,green,yellow,pink,blue,3,5,823,0.0920252192504867,0.707652249269181,0.473768463802264,0.565878587788685,2,2,6,1.0,1,2.352,,,,,,
334,3,green,yellow,pink,blue,3,5,824,0.852669770063648,0.576970769182997,0.220029273521888,0.451902844435071,3,3,6,1.0,0,1.088,,,,,,
334,3,green,yellow,pink,blue,3,5,825,0.0693505520569297,0.944564305476538,0.561736748974279,0.181188263400019,2,2,6,1.0,0,0.931,,,,,,
334,3,green,yellow,pink,blue,3,5,826,0.673524827498068,0.76971412946237,0.50077408194982,0.63392675920983,4,4,6,1.0,1,5.539,,,,,,
334,3,green,yellow,pink,blue,3,5,827,0.949902592904652,0.898447434426466,0.103400077378153,0.918662905745622,3,3,6,1.0,0,0.393,,,,,,
334,3,green,yellow,pink,blue,3,5,828,0.410859469155904,0.282037717820541,0.810274779667942,0.420703336747875,1,1,6,1.0,0,1.155,,,,,,
334,3,green,yellow,pink,blue,3,5,829,0.111009397356563,0.234237447385025,0.913443280367351,0.760598080001893,1,1,6,1.0,0,1.221,,,,,,
334,3,green,yellow,pink,blue,3,5,830,0.154901279019488,0.599093166347396,0.183461764692765,0.503682608125495,2,2,6,1.0,0,0.915,,,,,,
334,3,green,yellow,pink,blue,3,5,831,0.116926681085484,0.193850128358736,0.211347659470134,0.104705967615181,1,1,6,1.0,0,0.709,,,,,,
334,3,green,yellow,pink,blue,3,5,832,0.689338246177218,0.913386201110634,0.322916327636745,0.32376301230898,3,3,6,1.0,0,2.085,,,,,,
334,3,green,yellow,pink,blue,3,5,833,0.59933610435574,0.977970437290636,0.516079467216663,0.329594947431044,4,4,6,1.0,1,1.045,,,,,,
334,3,green,yellow,pink,blue,3,5,834,0.961945869123588,0.410685715296349,0.232445475328155,0.783636416459026,3,3,6,1.0,0,0.347,,,,,,
334,3,green,yellow,pink,blue,3,5,835,0.2460388557925,0.0341349900588727,0.180477175206711,0.32336100168529,1,1,6,1.0,0,0.821,,,,,,
334,3,green,yellow,pink,blue,3,5,836,0.379119697742351,0.783833313378763,0.175857907261465,0.984120053320296,2,2,6,1.0,0,0.121,,,,,,
334,3,green,yellow,pink,blue,3,5,837,0.907426178993111,0.729920253665729,0.111006463888044,0.783728323129958,3,3,6,1.0,0,0.881,,,,,,
334,3,green,yellow,pink,blue,3,5,838,0.536211149588201,0.325724906790017,0.68217059301558,0.919788071477362,4,1,5,0.0,1,1.446,,,,,,
334,3,green,yellow,pink,blue,3,5,839,0.378220841812018,0.0415660789713099,0.935248395703699,0.595126456084363,1,1,6,1.0,0,1.303,,,,,,
334,3,green,yellow,pink,blue,3,5,840,0.7794070100751,0.267078517645462,0.889370997948075,0.614551369793963,4,4,6,1.0,0,3.651,,,,,,
334,3,green,yellow,pink,blue,3,5,841,0.229971325616178,0.897235028181775,0.215685477528416,0.0005655014327546,2,2,6,1.0,0,1.536,,,,,,
334,3,green,yellow,pink,blue,3,5,842,0.252157364711256,0.15445104568941,0.608481381745256,0.16937920124504,1,1,6,1.0,0,1.224,,,,,,
334,3,green,yellow,pink,blue,3,5,843,0.0142543691287509,0.0672807031823641,0.249413527605283,0.262715907638768,1,1,6,1.0,0,0.42,,,,,,
334,3,green,yellow,pink,blue,3,5,844,0.848361061752001,0.192343216927841,0.457714573671671,0.405419367949869,3,4,6,0.5,1,4.518,,,,,,
334,3,green,yellow,pink,blue,3,5,845,0.467098539492329,0.642539548911534,0.526586623883341,0.643033185883906,2,3,2,0.0,1,4.654,,,,,,
334,3,green,yellow,pink,blue,3,5,846,0.694413435114923,0.531259287936291,0.237079294054383,0.0433429093312422,3,3,6,1.0,1,2.467,,,,,,
334,3,green,yellow,pink,blue,3,5,847,0.395286071090031,0.778957062553081,0.0938974653660639,0.618227105311446,2,2,6,1.0,0,1.3,,,,,,
334,3,green,yellow,pink,blue,3,5,848,0.565074199810428,0.4552071108503,0.0548642655770505,0.234491350916012,3,3,6,1.0,1,2.188,,,,,,
334,3,green,yellow,pink,blue,3,5,849,0.587155550953691,0.311938317835909,0.611899839419658,0.422730520497725,4,4,6,1.0,0,1.21,,,,,,
334,3,green,yellow,pink,blue,3,5,850,0.562431048403293,0.795041371066631,0.29976622002089,0.0655783083316693,3,2,5,0.0,0,7.886,,,,,,
334,3,green,yellow,pink,blue,3,5,851,0.635006131034628,0.140842618702795,0.696614392474304,0.890745637215298,4,4,5,1.0,0,2.868,,,,,,
334,3,green,yellow,pink,blue,3,5,852,0.958326881267047,0.970116870354967,0.961618552890651,0.0832015804989448,4,4,6,1.0,0,0.624,,,,,,
334,3,green,yellow,pink,blue,3,5,853,0.370836192424052,0.816327997349236,0.654556225505046,0.805239902950387,2,2,6,1.0,0,1.432,,,,,,
334,3,green,yellow,pink,blue,3,5,854,0.875336545983221,0.0157204285393764,0.703741886653735,0.102508376489888,4,4,6,1.0,0,1.724,,,,,,
334,3,green,yellow,pink,blue,3,5,855,0.782090386959974,0.679169113914891,0.536982933732815,0.101975774880163,4,4,6,1.0,1,2.675,,,,,,
334,3,green,yellow,pink,blue,3,5,856,0.0534088363105745,0.490138383844314,0.229158537410992,0.151551333532874,1,2,6,0.5,1,0.771,,,,,,
334,3,green,yellow,pink,blue,3,5,857,0.601869798128946,0.38927723601099,0.789881975247019,0.229432047060542,4,4,6,1.0,0,4.244,,,,,,
334,3,green,yellow,pink,blue,3,5,858,0.389740203338533,0.300494354538133,0.957537601635915,0.101171742297007,1,1,6,1.0,0,1.442,,,,,,
334,3,green,yellow,pink,blue,3,5,859,0.730769538818334,0.716657058460584,0.645071740744522,0.24435993348506,4,4,6,1.0,0,1.284,,,,,,
334,3,green,yellow,pink,blue,3,5,860,0.485469855290791,0.177151500058099,0.133134331112672,0.941621859696817,1,3,5,0.0,1,5.431,,,,,,
334,3,green,yellow,pink,blue,3,5,861,0.514788037821246,0.902492500639915,0.435740717431258,0.365781164954968,3,2,5,0.0,1,5.753,,,,,,
334,3,green,yellow,pink,blue,3,6,862,0.522263063792773,0.0952811897875905,0.456997910049259,0.12791826364936,3,4,5,0.5,1,3.526,,,,,,
334,3,green,yellow,pink,blue,3,6,863,0.267673707750314,0.233870265476124,0.947736669171613,0.651016108220281,1,1,6,1.0,0,2.018,,,,,,
334,3,green,yellow,pink,blue,3,6,864,0.58820273885397,0.25159947842411,0.101227617167573,0.655289434399979,3,3,6,1.0,0,2.152,,,,,,
334,3,green,yellow,pink,blue,3,6,865,0.077375533764507,0.325901101659679,0.622215966494246,0.889452954305318,1,1,5,1.0,0,3.325,,,,,,
334,3,green,yellow,pink,blue,3,6,866,0.587699332119766,0.539101248445174,0.846405261316653,0.518022668229152,4,4,6,1.0,1,1.01,,,,,,
334,3,green,yellow,pink,blue,3,6,867,0.113553099790772,0.581168307081757,0.123587090527687,0.323313725337199,2,2,6,1.0,0,1.147,,,,,,
334,3,green,yellow,pink,blue,3,6,868,0.325626542743816,0.151657237737248,0.160897971269875,0.136098191531751,1,1,6,1.0,0,0.439,,,,,,
334,3,green,yellow,pink,blue,3,6,869,0.649584779919817,0.952070974978034,0.42724170296921,0.491646132021371,3,4,5,0.5,0,2.879,,,,,,
334,3,green,yellow,pink,blue,3,6,870,0.246592225870644,0.649465104029826,0.699951906679568,0.253701727291519,2,2,6,1.0,0,1.713,,,,,,
334,3,green,yellow,pink,blue,3,6,871,0.272222524436003,0.933736946570122,0.509202786959217,0.502297399956734,2,2,6,1.0,1,4.036,,,,,,
334,3,green,yellow,pink,blue,3,6,872,0.586069147023847,0.639869056284092,0.398913941451974,0.667157849464108,3,3,5,1.0,0,1.191,,,,,,
334,3,green,yellow,pink,blue,3,6,873,0.237357125010852,0.808049008103032,0.874287734037132,0.754490266080461,2,2,6,1.0,0,0.897,,,,,,
334,3,green,yellow,pink,blue,3,6,874,0.945367269092185,0.151051569314811,0.727790988078021,0.505262636651869,4,4,6,1.0,0,1.109,,,,,,
334,3,green,yellow,pink,blue,3,6,875,0.149813407963597,0.188495087299128,0.139787983381532,0.937300985454345,1,1,6,1.0,0,1.245,,,,,,
334,3,green,yellow,pink,blue,3,6,876,0.328484265015889,0.471414965681358,0.462349472123093,0.0767896571429618,1,2,4,0.5,1,4.093,,,,,,
334,3,green,yellow,pink,blue,3,6,877,0.0586689820348114,0.716393670864543,0.111429976027904,0.523633017655771,2,2,6,1.0,0,0.365,,,,,,
334,3,green,yellow,pink,blue,3,6,878,0.917028923724545,0.0223230034207262,0.0681480741236348,0.302960451416741,3,3,6,1.0,0,1.814,,,,,,
334,3,green,yellow,pink,blue,3,6,879,0.609940749363522,0.376691140692643,0.251153819476187,0.541500206628481,3,3,6,1.0,0,1.319,,,,,,
334,3,green,yellow,pink,blue,3,6,880,0.778680105853014,0.623780529952517,0.318269152281087,0.692124970085659,3,3,6,1.0,0,1.169,,,,,,
334,3,green,yellow,pink,blue,3,6,881,0.549698836202691,0.117445763727174,0.879421033427394,0.989540517522755,4,1,4,0.0,1,6.421,,,,,,
334,3,green,yellow,pink,blue,3,6,882,0.647866246164161,0.920057730224083,0.307794188888396,0.489783138379323,3,3,5,1.0,0,2.355,,,,,,
334,3,green,yellow,pink,blue,3,6,883,0.0939582804592745,0.0860318282561296,0.324611844195549,0.364838545140512,1,1,6,1.0,0,0.6,,,,,,
334,3,green,yellow,pink,blue,3,6,884,0.430849594325091,0.197069350324437,0.91037665288642,0.356364233153358,1,1,6,1.0,0,1.066,,,,,,
334,3,green,yellow,pink,blue,3,6,885,0.939996490745274,0.264435838714385,0.136574027808942,0.0815257977583821,3,3,6,1.0,0,0.334,,,,,,
334,3,green,yellow,pink,blue,3,6,886,0.0126102802402082,0.216466812899847,0.921421589644554,0.506864398567826,1,1,6,1.0,0,1.02,,,,,,
334,3,green,yellow,pink,blue,3,6,887,0.64292347277838,0.942499456937845,0.240726358537805,0.793787569382483,3,3,6,1.0,0,0.397,,,,,,
334,3,green,yellow,pink,blue,3,6,888,0.0104767665463157,0.190858627087338,0.0362462095669288,0.451933309970063,1,1,6,1.0,0,0.192,,,,,,
334,3,green,yellow,pink,blue,3,6,889,0.127187536964843,0.907770141783119,0.155287804684908,0.502002432094699,2,2,6,1.0,0,1.165,,,,,,
334,3,green,yellow,pink,blue,3,6,890,0.334647356809928,0.640267378793213,0.942330031014971,0.31744007682275,2,2,6,1.0,0,0.331,,,,,,
334,3,green,yellow,pink,blue,3,6,891,0.954532738679733,0.471679916820391,0.543807196928045,0.75706551694123,4,4,6,1.0,1,0.802,,,,,,
334,3,green,yellow,pink,blue,3,6,892,0.165216050795587,0.506421262088322,0.336653552805233,0.575897825647687,2,2,6,1.0,1,0.812,,,,,,
334,3,green,yellow,pink,blue,3,6,893,0.604267052883465,0.122381601660141,0.0758155209309182,0.936738348188494,3,3,6,1.0,0,1.855,,,,,,
334,3,green,yellow,pink,blue,3,6,894,0.417424517072523,0.138986208038607,0.0592349312905068,0.52011037545562,1,1,6,1.0,0,2.437,,,,,,
334,3,green,yellow,pink,blue,3,6,895,0.217834384804606,0.916839657075781,0.161170143068082,0.495317299610502,2,2,6,1.0,0,0.885,,,,,,
334,3,green,yellow,pink,blue,3,6,896,0.423396474501451,0.882465985949545,0.312777972771314,0.15076125368376,2,2,5,1.0,0,2.619,,,,,,
334,3,green,yellow,pink,blue,3,6,897,0.864695702818108,0.27431569601923,0.910638787392579,0.609231580151746,4,4,6,1.0,0,0.543,,,,,,
334,3,green,yellow,pink,blue,3,6,898,0.420403206900072,0.575065441371794,0.586100525275513,0.224948891571079,2,2,5,1.0,0,3.549,,,,,,
334,3,green,yellow,pink,blue,3,6,899,0.951860113079737,0.738190339704583,0.0477250809264154,0.0992454375644004,3,3,6,1.0,0,0.571,,,,,,
334,3,green,yellow,pink,blue,3,6,900,0.569294436553161,0.409334628614147,0.264046069063502,0.203356500717166,3,3,4,1.0,0,2.698,,,,,,
334,3,green,yellow,pink,blue,3,6,901,0.008124627070518,0.270117770171538,0.467337839636162,0.381128747472304,1,1,6,1.0,1,1.067,,,,,,
334,3,green,yellow,pink,blue,3,6,902,0.920746442133473,0.531414739628422,0.837162579681231,0.0056483460267645,4,4,6,1.0,1,0.805,,,,,,
334,3,green,yellow,pink,blue,3,6,903,0.575580497548949,0.98866227236425,0.433884609724185,0.0277508398063561,3,4,4,0.5,0,8.009,,,,,,
334,3,green,yellow,pink,blue,3,6,904,0.316759159458936,0.335018338257204,0.389246539715495,0.477266778096752,1,1,5,1.0,0,1.332,,,,,,
334,3,green,yellow,pink,blue,3,6,905,0.502327907864631,0.141421098074273,0.587039631987868,0.852736653617795,4,1,5,0.0,1,0.84,,,,,,
334,3,green,yellow,pink,blue,3,6,906,0.292043219754193,0.184839640569033,0.991085717245506,0.836521631930867,1,1,6,1.0,0,0.425,,,,,,
334,3,green,yellow,pink,blue,3,6,907,0.816595020559524,0.925959007845991,0.413654266834712,0.558915642240086,3,3,5,1.0,0,2.163,,,,,,
334,3,green,yellow,pink,blue,3,7,908,0.35309607999995,0.412955137668919,0.802659565753141,0.185439595666147,1,1,4,1.0,0,5.083,,,,,,
334,3,green,yellow,pink,blue,3,7,909,0.812641819174278,0.651260565480994,0.533974320632623,0.714710839651514,4,4,6,1.0,1,0.791,,,,,,
334,3,green,yellow,pink,blue,3,7,910,0.291444284585198,0.815579112864641,0.0434397035417093,0.234025019717309,2,2,6,1.0,0,2.501,,,,,,
334,3,green,yellow,pink,blue,3,7,911,0.740461496818101,0.255002578813583,0.625639303155686,0.386353626423411,4,4,6,1.0,0,0.802,,,,,,
334,3,green,yellow,pink,blue,3,7,912,0.658045524478629,0.719861763219938,0.913665144,0.296559202670066,4,4,6,1.0,0,0.963,,,,,,
334,3,green,yellow,pink,blue,3,7,913,0.326348640568886,0.693533949704639,0.801434592144874,0.0309024767955678,2,2,6,1.0,0,0.92,,,,,,
334,3,green,yellow,pink,blue,3,7,914,0.578910858550829,0.43002091877926,0.737224164925657,0.382842873594005,4,4,4,1.0,0,4.273,,,,,,
334,3,green,yellow,pink,blue,3,7,915,0.333330353961838,0.712536187203919,0.354620814017554,0.115465169165576,2,2,6,1.0,0,1.185,,,,,,
334,3,green,yellow,pink,blue,3,7,916,0.953794130987313,0.487432353597983,0.205453514613793,0.427177415239443,3,3,6,1.0,1,1.394,,,,,,
334,3,green,yellow,pink,blue,3,7,917,0.666019218991016,0.669138772786961,0.835615652482813,0.536307025412629,4,4,6,1.0,0,0.501,,,,,,
334,3,green,yellow,pink,blue,3,7,918,0.8079885285615,0.392300651550288,0.159638849969682,0.262665565395866,3,3,6,1.0,0,0.794,,,,,,
334,3,green,yellow,pink,blue,3,7,919,0.232209136996952,0.867522811176867,0.691195342854888,0.422112317441236,2,2,6,1.0,0,2.859,,,,,,
334,3,green,yellow,pink,blue,3,7,920,0.719165885898187,0.352152077519153,0.364747060469453,0.957967844992657,3,3,5,1.0,0,3.983,,,,,,
334,3,green,yellow,pink,blue,3,7,921,0.456838822646932,0.344564255570515,0.578656087117495,0.685214349099841,1,1,5,1.0,1,0.84,,,,,,
334,3,green,yellow,pink,blue,3,7,922,0.441980572435765,0.863883178990822,0.325285424803195,0.186023456520872,2,2,6,1.0,0,0.72,,,,,,
334,3,green,yellow,pink,blue,3,7,923,0.841915518077079,0.0093213650398604,0.735473478250809,0.97071432659106,4,4,6,1.0,0,2.285,,,,,,
334,3,green,yellow,pink,blue,3,7,924,0.0730597216426005,0.935434285468062,0.987561864589008,0.769235965566352,2,2,6,1.0,0,3.406,,,,,,
334,3,green,yellow,pink,blue,3,7,925,0.578482502030946,0.509331116101898,0.295867267384215,0.999184519471651,3,3,4,1.0,1,4.025,,,,,,
334,3,green,yellow,pink,blue,3,7,926,0.609979269016987,0.860823401832282,0.809800214148918,0.879599827816676,4,4,6,1.0,0,1.3,,,,,,
334,3,green,yellow,pink,blue,3,7,927,0.920767719346148,0.560671162272244,0.865415267763249,0.741313237634616,4,4,6,1.0,0,0.185,,,,,,
334,3,green,yellow,pink,blue,3,7,928,0.405438202537284,0.474616924310364,0.883944744809836,0.584370218695287,1,2,5,0.5,1,1.173,,,,,,
334,3,green,yellow,pink,blue,3,7,929,0.741717844385499,0.624569166241974,0.624391452097467,0.182777804880335,4,4,5,1.0,0,2.947,,,,,,
334,3,green,yellow,pink,blue,3,7,930,0.221181875929183,0.903993939174201,0.676196117153732,0.410329208355805,2,2,6,1.0,0,1.372,,,,,,
334,3,green,yellow,pink,blue,3,7,931,0.721051528594653,0.296526482008703,0.561378331368059,0.917796449230783,4,4,4,1.0,0,3.357,,,,,,
334,3,green,yellow,pink,blue,3,7,932,0.0476558345237357,0.0186393830524435,0.0174021755661777,0.523974614012938,1,1,6,1.0,0,0.288,,,,,,
334,3,green,yellow,pink,blue,3,7,933,0.33378856457996,0.23056389439321,0.69586430112418,0.756207879984842,1,1,6,1.0,0,1.204,,,,,,
334,3,green,yellow,pink,blue,3,7,934,0.0732576849175521,0.0775630295614513,0.526931392819026,0.26740146686314,1,1,6,1.0,1,0.016,,,,,,
334,3,green,yellow,pink,blue,3,7,935,0.548928097776534,0.798157626629628,0.560336301589963,0.83306246209141,4,4,4,1.0,1,2.695,,,,,,
334,3,green,yellow,pink,blue,3,7,936,0.722842018572675,0.281829324933764,0.1711154640887,0.587146383405448,3,3,6,1.0,0,1.177,,,,,,
334,3,green,yellow,pink,blue,3,7,937,0.734827667536595,0.699301014175026,0.545529218262248,0.791780051055557,4,4,4,1.0,1,3.223,,,,,,
334,3,green,yellow,pink,blue,3,7,938,0.686559544518582,0.467754115997345,0.873913479058735,0.700236694433024,4,4,6,1.0,1,1.795,,,,,,
334,3,green,yellow,pink,blue,3,7,939,0.119903234488467,0.166058670135029,0.931062648620888,0.490637916734888,1,1,6,1.0,0,0.851,,,,,,
334,3,green,yellow,pink,blue,3,7,940,0.0986293781649205,0.64773709354983,0.717335978056354,0.327251605719469,2,2,6,1.0,0,0.952,,,,,,
334,3,green,yellow,pink,blue,3,7,941,0.425001557418469,0.624868934256474,0.0308043580391791,0.711898999489583,2,3,6,0.0,0,3.394,,,,,,
334,3,green,yellow,pink,blue,3,7,942,0.479649469127583,0.0049538254069737,0.771147405545668,0.198769664404263,1,1,5,1.0,1,1.599,,,,,,
334,3,green,yellow,pink,blue,3,7,943,0.463395356335202,0.112355665882372,0.926775355947836,0.40193512580912,1,1,5,1.0,1,0.391,,,,,,
334,3,green,yellow,pink,blue,3,7,944,0.123401974804809,0.0608584456731373,0.423969582797503,0.56729960830517,1,1,6,1.0,0,0.015,,,,,,
334,3,green,yellow,pink,blue,3,7,945,0.0119458009230656,0.472983409215831,0.860976953606768,0.624221149870989,1,2,5,0.5,1,2.885,,,,,,
334,3,green,yellow,pink,blue,3,7,946,0.450712490236719,0.447999079354355,0.455424202574141,0.947118400333181,1,1,4,1.0,1,2.458,,,,,,
334,3,green,yellow,pink,blue,3,7,947,0.843049221301931,0.366780209787674,0.0914545999949959,0.455154862533026,3,3,6,1.0,0,1.272,,,,,,
334,3,green,yellow,pink,blue,3,7,948,0.991277422221897,0.760318345316293,0.248397999249962,0.318854597825147,3,3,6,1.0,0,2.547,,,,,,
334,3,green,yellow,pink,blue,3,7,949,0.78413958730431,0.778574597700668,0.247133755970193,0.124163579040656,3,3,6,1.0,0,0.544,,,,,,
334,3,green,yellow,pink,blue,3,7,950,0.817846663894253,0.658626145480344,0.475457036956132,0.990772596823043,3,3,4,1.0,1,2.891,,,,,,
334,3,green,yellow,pink,blue,3,7,951,0.702024552503701,0.282069084543214,0.613676335253923,0.347941182909732,4,4,6,1.0,0,0.218,,,,,,
334,3,green,yellow,pink,blue,3,7,952,0.893810861042316,0.68917911632813,0.66821529895556,0.510396648607413,4,4,6,1.0,0,0.047,,,,,,
334,3,green,yellow,pink,blue,3,7,953,0.836376214897439,0.786183811896772,0.788849170571929,0.696908029565738,4,4,6,1.0,0,0.734,,,,,,
334,3,green,yellow,pink,blue,3,8,954,0.311157380759045,0.632351837761055,0.273950348574347,0.185586059913675,2,2,6,1.0,0,0.844,,,,,,
334,3,green,yellow,pink,blue,3,8,955,0.448884952737424,0.0379649119502793,0.33160846651714,0.855898606227523,1,1,6,1.0,0,0.578,,,,,,
334,3,green,yellow,pink,blue,3,8,956,0.745230576706575,0.74877992914504,0.676757659255085,0.897053422272607,4,4,6,1.0,0,1.127,,,,,,
334,3,green,yellow,pink,blue,3,8,957,0.230497582422356,0.803263687435363,0.825866370144181,0.969054711286094,2,2,6,1.0,0,0.317,,,,,,
334,3,green,yellow,pink,blue,3,8,958,0.502592015806002,0.357421899880934,0.166958653598264,0.351990552393442,3,1,4,0.0,1,1.366,,,,,,
334,3,green,yellow,pink,blue,3,8,959,0.704846134107394,0.744914754210139,0.995821983198068,0.660128512804078,4,4,6,1.0,0,0.585,,,,,,
334,3,green,yellow,pink,blue,3,8,960,0.309893867085943,0.249232310293068,0.612154167175436,0.269548816113163,1,1,6,1.0,0,0.994,,,,,,
334,3,green,yellow,pink,blue,3,8,961,0.491536848149233,0.437229817450989,0.964221183125399,0.551571010174297,1,4,3,0.0,1,2.919,,,,,,
334,3,green,yellow,pink,blue,3,8,962,0.831841606482179,0.326558214644486,0.38505381961646,0.865036435297667,3,3,6,1.0,0,1.261,,,,,,
334,3,green,yellow,pink,blue,3,8,963,0.295090205172008,0.559871223333318,0.32737858558386,0.277452298162383,2,2,6,1.0,0,2.247,,,,,,
334,3,green,yellow,pink,blue,3,8,964,0.189400863517807,0.373598340457606,0.0085618476896758,0.520708684185264,1,2,4,0.5,0,2.961,,,,,,
334,3,green,yellow,pink,blue,3,8,965,0.153962944413991,0.622482964631451,0.0731024214978462,0.970130897395527,2,2,6,1.0,0,0.628,,,,,,
334,3,green,yellow,pink,blue,3,8,966,0.54604988321825,0.312091813458674,0.882091050542427,0.731326940684888,4,4,4,1.0,1,2.289,,,,,,
334,3,green,yellow,pink,blue,3,8,967,0.813744758912671,0.315607438726225,0.432810981827036,0.933258879257316,3,3,5,1.0,0,3.076,,,,,,
334,3,green,yellow,pink,blue,3,8,968,0.0315030271867505,0.357022312247002,0.30276412118152,0.116957913830334,1,2,4,0.5,0,4.22,,,,,,
334,3,green,yellow,pink,blue,3,8,969,0.587303012187194,0.217046889947351,0.021644980941022,0.28017549041021,3,3,4,1.0,0,3.635,,,,,,
334,3,green,yellow,pink,blue,3,8,970,0.844138759968448,0.427138568063738,0.888590259358364,0.263614057675727,4,4,6,1.0,0,0.978,,,,,,
334,3,green,yellow,pink,blue,3,8,971,0.375058203415377,0.632813729695686,0.713271475551325,0.541346023893848,2,2,6,1.0,0,1.075,,,,,,
334,3,green,yellow,pink,blue,3,8,972,0.441757446516162,0.733758618235001,0.120966503449992,0.580391377777175,2,2,6,1.0,0,0.953,,,,,,
334,3,green,yellow,pink,blue,3,8,973,0.84955019697189,0.210438518836645,0.0620951273972442,0.0464800911001747,3,3,6,1.0,0,1.13,,,,,,
334,3,green,yellow,pink,blue,3,8,974,0.496146810241649,0.881753584925235,0.843773213700116,0.896906436166231,2,2,6,1.0,1,1.995,,,,,,
334,3,green,yellow,pink,blue,3,8,975,0.701243429717033,0.239589678164489,0.290923828171162,0.609340769655499,3,3,6,1.0,0,1.11,,,,,,
334,3,green,yellow,pink,blue,3,8,976,0.0739244153317732,0.824207567295324,0.75628209623482,0.812293171367141,2,2,6,1.0,0,1.262,,,,,,
334,3,green,yellow,pink,blue,3,8,977,0.410196432656889,0.978092796756388,0.863321500139218,0.592132195591329,2,2,6,1.0,0,1.081,,,,,,
334,3,green,yellow,pink,blue,3,8,978,0.891123648544117,0.648487805987719,0.0088733371892663,0.145831183394333,3,3,6,1.0,0,0.512,,,,,,
334,3,green,yellow,pink,blue,3,8,979,0.0907666494213185,0.181482278287467,0.992782484553547,0.770046606500859,1,1,6,1.0,0,1.292,,,,,,
334,3,green,yellow,pink,blue,3,8,980,0.185636317672665,0.970609279972654,0.859292087663484,0.0037809904610401,2,2,6,1.0,0,0.242,,,,,,
334,3,green,yellow,pink,blue,3,8,981,0.357102397385212,0.48502477333863,0.30582304365946,0.799202427792797,1,2,4,0.5,1,2.537,,,,,,
334,3,green,yellow,pink,blue,3,8,982,0.456838765056633,0.619822729147254,0.77595559429335,0.622248541064489,2,2,6,1.0,1,1.0,,,,,,
334,3,green,yellow,pink,blue,3,8,983,0.713980125806137,0.0808273264301802,0.922036596188256,0.485495476414971,4,4,6,1.0,0,1.105,,,,,,
334,3,green,yellow,pink,blue,3,8,984,0.689442916999419,0.631324770173928,0.65076908212329,0.370579717122892,4,4,5,1.0,0,0.948,,,,,,
334,3,green,yellow,pink,blue,3,8,985,0.0865753314004972,0.903875886906781,0.736201519668911,0.513527865356621,2,2,6,1.0,0,1.622,,,,,,
334,3,green,yellow,pink,blue,3,8,986,0.906216162618094,0.644153342798546,0.117738367227398,0.982807227360202,3,3,6,1.0,0,0.435,,,,,,
334,3,green,yellow,pink,blue,3,8,987,0.38667004760089,0.0759155949765644,0.243270903819532,0.17835952355415,1,1,6,1.0,0,0.607,,,,,,
334,3,green,yellow,pink,blue,3,8,988,0.333254007010821,0.679083009395504,0.44232167300203,0.933128552307775,2,2,6,1.0,0,0.573,,,,,,
334,3,green,yellow,pink,blue,3,8,989,0.658286231703287,0.513059382918193,0.285598821405668,0.340884982622247,3,3,4,1.0,1,6.309,,,,,,
334,3,green,yellow,pink,blue,3,8,990,0.686727460026404,0.930183032848692,0.430089763045444,0.876244486922268,3,3,4,1.0,0,1.865,,,,,,
334,3,green,yellow,pink,blue,3,8,991,0.508213900233987,0.185908943525319,0.567628127456873,0.60049064415382,4,1,5,0.0,1,1.241,,,,,,
334,3,green,yellow,pink,blue,3,8,992,0.136847997981216,0.598205677321138,0.0937463859996281,0.237194776034768,2,2,6,1.0,0,0.311,,,,,,
334,3,green,yellow,pink,blue,3,8,993,0.652574513130002,0.65532281356975,0.251412274953095,0.0590064160566319,3,3,6,1.0,0,1.413,,,,,,
334,3,green,yellow,pink,blue,3,8,994,0.740768654515429,0.138183387753167,0.548617244356975,0.815446682285878,4,4,6,1.0,1,3.165,,,,,,
334,3,green,yellow,pink,blue,3,8,995,0.0637083820337793,0.901915007288286,0.0300010985955303,0.534899854901367,2,2,6,1.0,0,0.129,,,,,,
334,3,green,yellow,pink,blue,3,8,996,0.364576268011501,0.112087019049245,0.512772399802082,0.677164944781661,1,1,6,1.0,1,4.384,,,,,,
334,3,green,yellow,pink,blue,3,8,997,0.2904858385788,0.479983847636254,0.117859963616996,0.139041915246362,1,2,6,0.5,1,1.269,,,,,,
334,3,green,yellow,pink,blue,3,8,998,0.56182854840646,0.0875306749670612,0.0532557222257298,0.289563805574575,3,3,4,1.0,0,1.951,,,,,,
334,3,green,yellow,pink,blue,3,8,999,0.309137601006969,0.798589672619864,0.330790613940918,0.177712300220553,2,2,6,1.0,0,0.694,,,,,,
334,3,green,yellow,pink,blue,3,8,1000,0.732358259119034,0.228263778612138,0.639871363080168,0.241104454316563,4,4,6,1.0,0,3.341,,,,,,
334,3,green,yellow,pink,blue,3,9,1001,0.348334580672003,0.202936771655883,0.15921444227422,0.0029471897559707,1,1,6,1.0,0,0.759,,,,,,
334,3,green,yellow,pink,blue,3,9,1002,0.882458493093006,0.781009324355564,0.871502610814067,0.572275324990615,4,4,6,1.0,0,0.295,,,,,,
334,3,green,yellow,pink,blue,3,9,1003,0.845918798573911,0.735228436607816,0.296471960284842,0.173079160959565,3,3,6,1.0,0,0.063,,,,,,
334,3,green,yellow,pink,blue,3,9,1004,0.515018826315056,0.955356778395133,0.853893390461948,0.019329025252214,4,2,6,0.0,1,1.366,,,,,,
334,3,green,yellow,pink,blue,3,9,1005,0.665984362612859,0.297471283751386,0.408012087443303,0.766217574513337,3,3,5,1.0,0,2.188,,,,,,
334,3,green,yellow,pink,blue,3,9,1006,0.958929386696452,0.567206450392626,0.511750550650007,0.494785112438325,4,4,4,1.0,1,1.877,,,,,,
334,3,green,yellow,pink,blue,3,9,1007,0.093562626579413,0.34399155709061,0.989866805527528,0.978396909276417,1,1,6,1.0,0,1.142,,,,,,
334,3,green,yellow,pink,blue,3,9,1008,0.554486098492595,0.13615686666797,0.857470179836661,0.456841072763473,4,1,5,0.0,0,1.097,,,,,,
334,3,green,yellow,pink,blue,3,9,1009,0.0002704630954162,0.540717074007386,0.40027309270766,0.87163537853608,2,2,6,1.0,1,0.569,,,,,,
334,3,green,yellow,pink,blue,3,9,1010,0.857247034766351,0.378732548307103,0.151525335758381,0.656471191973014,3,3,6,1.0,0,0.888,,,,,,
334,3,green,yellow,pink,blue,3,9,1011,0.868663157395974,0.340149907121692,0.50039059517183,0.839041716154652,4,4,5,1.0,1,1.642,,,,,,
334,3,green,yellow,pink,blue,3,9,1012,0.781961146358886,0.163270529166486,0.681458487129589,0.842029138777623,4,4,6,1.0,0,1.052,,,,,,
334,3,green,yellow,pink,blue,3,9,1013,0.942046968847878,0.817804334348047,0.650026731587766,0.38887809748425,4,4,6,1.0,0,0.456,,,,,,
334,3,green,yellow,pink,blue,3,9,1014,0.86176748288122,0.480722430809893,0.549188110350907,0.331273902005524,4,4,4,1.0,1,3.663,,,,,,
334,3,green,yellow,pink,blue,3,9,1015,0.707505582923838,0.264123999685882,0.491670593080622,0.209094507317553,3,4,4,0.5,1,3.725,,,,,,
334,3,green,yellow,pink,blue,3,9,1016,0.636438606858935,0.125009730479024,0.349076470106754,0.589425383410729,3,3,6,1.0,0,0.547,,,,,,
334,3,green,yellow,pink,blue,3,9,1017,0.867421008499873,0.352404096321371,0.14469856882922,0.554396146840249,3,3,6,1.0,0,0.698,,,,,,
334,3,green,yellow,pink,blue,3,9,1018,0.818183796780599,0.695706357119302,0.208417227833332,0.557578040808214,3,3,6,1.0,0,0.539,,,,,,
334,3,green,yellow,pink,blue,3,9,1019,0.0883976998231261,0.198626701582253,0.309630902851367,0.298899875259818,1,1,6,1.0,0,0.709,,,,,,
334,3,green,yellow,pink,blue,3,9,1020,0.0548559252252185,0.248453498834669,0.855212729032755,0.7731931701903,1,1,6,1.0,0,0.472,,,,,,
334,3,green,yellow,pink,blue,3,9,1021,0.631047380186851,0.94054495784597,0.781990128876777,0.0447461366067069,4,4,5,1.0,0,1.002,,,,,,
334,3,green,yellow,pink,blue,3,9,1022,0.178981896912833,0.718548115743521,0.675144267942676,0.0625614991230309,2,2,6,1.0,0,0.455,,,,,,
334,3,green,yellow,pink,blue,3,9,1023,0.671780684533086,0.900875641467591,0.744020957149405,0.305199183240279,4,4,5,1.0,0,1.654,,,,,,
334,3,green,yellow,pink,blue,3,9,1024,0.142546323597888,0.617809093634467,0.47931407317045,0.92610540250169,2,2,6,1.0,1,1.382,,,,,,
334,3,green,yellow,pink,blue,3,9,1025,0.17520875205914,0.208963669120202,0.758730599744451,0.513165385496081,1,1,6,1.0,0,0.384,,,,,,
334,3,green,yellow,pink,blue,3,9,1026,0.573770241939162,0.588146644673339,0.520465824320654,0.0430107612692108,4,4,4,1.0,1,4.414,,,,,,
334,3,green,yellow,pink,blue,3,9,1027,0.974854393875081,0.63566648863197,0.929864170555778,0.627605939186481,4,4,6,1.0,0,0.725,,,,,,
334,3,green,yellow,pink,blue,3,9,1028,0.43301150797803,0.106444888581466,0.806888102643499,0.120926752041367,1,1,4,1.0,0,2.372,,,,,,
334,3,green,yellow,pink,blue,3,9,1029,0.467286707547535,0.342828117138818,0.33952404782478,0.651596850596683,1,1,4,1.0,1,0.487,,,,,,
334,3,green,yellow,pink,blue,3,9,1030,0.633595305238115,0.827583700854368,0.256313418522261,0.834101141394254,3,3,6,1.0,0,0.845,,,,,,
334,3,green,yellow,pink,blue,3,9,1031,0.0597325915110652,0.0488169496577808,0.494612719676383,0.0798521169166958,1,1,6,1.0,1,1.572,,,,,,
334,3,green,yellow,pink,blue,3,9,1032,0.526851282612646,0.16448494549515,0.569541218647334,0.935042871860744,4,4,4,1.0,1,3.091,,,,,,
334,3,green,yellow,pink,blue,3,9,1033,0.63268151170053,0.492312561413352,0.643954770629133,0.234302955250307,4,4,6,1.0,1,0.585,,,,,,
334,3,green,yellow,pink,blue,3,9,1034,0.444135775339074,0.397458428804332,0.331221705766534,0.201848640039916,1,2,4,0.5,0,3.428,,,,,,
334,3,green,yellow,pink,blue,3,9,1035,0.311757612099293,0.727226457597697,0.147254846974204,0.431915806242575,2,2,6,1.0,0,0.143,,,,,,
334,3,green,yellow,pink,blue,3,9,1036,0.20786852641838,0.139652083952905,0.238791508983318,0.0187635704780881,1,1,6,1.0,0,0.077,,,,,,
334,3,green,yellow,pink,blue,3,9,1037,0.0578126192824162,0.973072880481588,0.736586725615828,0.318305336577672,2,2,6,1.0,0,0.261,,,,,,
334,3,green,yellow,pink,blue,3,9,1038,0.219754355554195,0.0756323353924495,0.493638592539033,0.660378014195227,1,1,6,1.0,1,0.231,,,,,,
334,3,green,yellow,pink,blue,3,9,1039,0.0638088885199708,0.498065504262415,0.505212288804404,0.847138949256719,1,2,6,0.5,1,0.407,,,,,,
334,3,green,yellow,pink,blue,3,9,1040,0.607054936009166,0.385130644040146,0.258961814212765,0.0807357439959352,3,3,6,1.0,0,1.175,,,,,,
334,3,green,yellow,pink,blue,3,9,1041,0.417625552621306,0.147725889319847,0.621443508032914,0.409750131227472,1,1,6,1.0,0,1.167,,,,,,
334,3,green,yellow,pink,blue,3,9,1042,0.609690133646734,0.681548543387299,0.266417197709808,0.639058626392361,3,3,6,1.0,0,2.792,,,,,,
334,3,green,yellow,pink,blue,3,9,1043,0.1376479388356,0.48578909287029,0.323476208711965,0.985404297300196,1,2,6,0.5,1,0.151,,,,,,
334,3,green,yellow,pink,blue,3,9,1044,0.459928224585707,0.591776529219702,0.427510400595883,0.8434206103773,2,2,6,1.0,1,1.239,,,,,,
334,3,green,yellow,pink,blue,3,9,1045,0.25786241611191,0.72012718458264,0.72444544087804,0.377500731538016,2,2,6,1.0,0,1.122,,,,,,
334,3,green,yellow,pink,blue,3,9,1046,0.523157488294874,0.648403099275534,0.336290758172499,0.310101229547909,3,3,4,1.0,1,2.205,,,,,,
334,3,green,yellow,pink,blue,3,9,1047,0.237931916885929,0.186390545624712,0.353379913713002,0.595677567200913,1,1,6,1.0,0,0.301,,,,,,
334,3,green,yellow,pink,blue,3,9,1048,0.621144224639167,0.543252847563221,0.501086062566361,0.420343462801351,4,4,4,1.0,1,6.983,,,,,,
334,3,green,yellow,pink,blue,3,10,1049,0.425453141823442,0.586259278835978,0.83525621003089,0.0413919569499294,2,2,6,1.0,0,1.151,,,,,,
334,3,green,yellow,pink,blue,3,10,1050,0.995720067430817,0.338957181360109,0.509623295571539,0.805997022359685,4,4,6,1.0,1,0.843,,,,,,
334,3,green,yellow,pink,blue,3,10,1051,0.380329561811155,0.356287017102387,0.555415854101265,0.0307755618786938,1,1,4,1.0,0,1.932,,,,,,
334,3,green,yellow,pink,blue,3,10,1052,0.220683454688328,0.789018850224888,0.973381570760137,0.267153764250737,2,2,6,1.0,0,0.668,,,,,,
334,3,green,yellow,pink,blue,3,10,1053,0.717610270041165,0.0541018695842624,0.740432789541892,0.676756461827836,4,4,6,1.0,0,0.494,,,,,,
334,3,green,yellow,pink,blue,3,10,1054,0.330638851301059,0.0847760066212889,0.811177473614375,0.0303158758676892,1,1,6,1.0,0,0.72,,,,,,
334,3,green,yellow,pink,blue,3,10,1055,0.452184243331951,0.692001112964048,0.124093142926873,0.495774663633869,2,2,6,1.0,1,0.721,,,,,,
334,3,green,yellow,pink,blue,3,10,1056,0.598699125178502,0.457512855680257,0.0316130854114839,0.467604363591496,3,3,6,1.0,1,0.622,,,,,,
334,3,green,yellow,pink,blue,3,10,1057,0.19801741494952,0.494617957526595,0.222477732791801,0.0931293884218068,1,2,6,0.5,1,2.341,,,,,,
334,3,green,yellow,pink,blue,3,10,1058,0.827262471941916,0.702099078611243,0.952747567414582,0.152747883465186,4,4,6,1.0,0,0.462,,,,,,
334,3,green,yellow,pink,blue,3,10,1059,0.909179858061331,0.892587754727393,0.0870162884947241,0.950273914085227,3,3,6,1.0,0,0.429,,,,,,
334,3,green,yellow,pink,blue,3,10,1060,0.8614067740352,0.363917738428441,0.993377674765838,0.750191379193822,4,4,6,1.0,0,1.695,,,,,,
334,3,green,yellow,pink,blue,3,10,1061,0.719859545003525,0.880640685056582,0.280069461596538,0.218447496444459,3,3,6,1.0,0,0.448,,,,,,
334,3,green,yellow,pink,blue,3,10,1062,0.792230979581235,0.333231983632686,0.132641540836726,0.132256942105798,3,3,6,1.0,0,1.29,,,,,,
334,3,green,yellow,pink,blue,3,10,1063,0.11594478846712,0.833624677312795,0.205172804296243,0.127197401096673,2,2,6,1.0,0,0.536,,,,,,
334,3,green,yellow,pink,blue,3,10,1064,0.82784627836587,0.492174372458296,0.264953193345557,0.377361677395589,3,3,6,1.0,1,1.087,,,,,,
334,3,green,yellow,pink,blue,3,10,1065,0.301008514531803,0.453026000250155,0.850756722655363,0.735753620631875,1,2,6,0.5,1,3.853,,,,,,
334,3,green,yellow,pink,blue,3,10,1066,0.109104584845882,0.604280146703922,0.67695079506643,0.794100445516547,2,2,6,1.0,0,0.581,,,,,,
334,3,green,yellow,pink,blue,3,10,1067,0.824922068364479,0.307042653512815,0.512437121246506,0.243019573361117,4,4,5,1.0,1,0.52,,,,,,
334,3,green,yellow,pink,blue,3,10,1068,0.232357077429356,0.904416283330046,0.76438103652651,0.800466546444536,2,2,6,1.0,0,0.415,,,,,,
334,3,green,yellow,pink,blue,3,10,1069,0.51745869688119,0.837485844513292,0.553149390083298,0.208793450522099,4,4,4,1.0,1,4.695,,,,,,
334,3,green,yellow,pink,blue,3,10,1070,0.606317102615066,0.240049524605343,0.333429692840478,0.806329640686001,3,3,5,1.0,0,0.553,,,,,,
334,3,green,yellow,pink,blue,3,10,1071,0.395164241947098,0.814268349062196,0.337593277865155,0.150659852254073,2,2,6,1.0,0,0.358,,,,,,
334,3,green,yellow,pink,blue,3,10,1072,0.643565595289969,0.985799155008473,0.341799384291835,0.72465970630255,3,3,6,1.0,0,2.527,,,,,,
334,3,green,yellow,pink,blue,3,10,1073,0.464784360870937,0.474950405389659,0.540428873734556,0.489553706603717,1,2,3,0.5,1,2.792,,,,,,
334,3,green,yellow,pink,blue,3,10,1074,0.951674484298416,0.81131974161353,0.352320158161229,0.389273788010405,3,3,6,1.0,0,1.893,,,,,,
334,3,green,yellow,pink,blue,3,10,1075,0.0417448887894949,0.903817933815662,0.814065907560581,0.0543542342616424,2,2,6,1.0,0,0.05,,,,,,
334,3,green,yellow,pink,blue,3,10,1076,0.0178776474801853,0.96489083874173,0.167613081989039,0.0613372181360401,2,2,6,1.0,0,0.262,,,,,,
334,3,green,yellow,pink,blue,3,10,1077,0.332091406424619,0.597730300731256,0.127766220508559,0.627045765918507,2,2,6,1.0,0,2.558,,,,,,
334,3,green,yellow,pink,blue,3,10,1078,0.599095518430658,0.852067290102256,0.0994331292030032,0.774708089493279,3,3,6,1.0,0,1.003,,,,,,
334,3,green,yellow,pink,blue,3,10,1079,0.985683396727585,0.912782327154805,0.804823099118305,0.461261311449748,4,4,6,1.0,0,0.129,,,,,,
334,3,green,yellow,pink,blue,3,10,1080,0.479325221739518,0.687173337375704,0.551777247771443,0.0454639953656485,2,2,5,1.0,1,1.378,,,,,,
335,3,green,yellow,pink,blue,1,1,1,0.0096987169931456,0.594462208457785,0.592614039973286,0.323163146233508,2,2,1,1.0,0,5.183,,,,,,
335,3,green,yellow,pink,blue,1,1,2,0.721918303754881,0.092307506539879,0.423518893444361,0.894491930657037,3,1,1,0.0,0,3.904,,,,,,
335,3,green,yellow,pink,blue,1,1,3,0.111283920773219,0.956312515623863,0.787788080797446,0.186364987582953,2,2,3,1.0,0,5.011,,,,,,
335,3,green,yellow,pink,blue,1,1,4,0.585074858576368,0.172361993079744,0.418440792034362,0.494044001326058,3,4,2,0.5,0,6.45,,,,,,
335,3,green,yellow,pink,blue,1,1,5,0.245260706821309,0.807233927972936,0.654208668080204,0.968960407824942,2,3,1,0.0,0,8.772,,,,,,
335,3,green,yellow,pink,blue,1,1,6,0.786068489435562,0.177376320673213,0.985327456555276,0.43413741306145,4,4,2,1.0,0,10.097,,,,,,
335,3,green,yellow,pink,blue,1,1,7,0.899213640271038,0.664460865816499,0.241158815520878,0.337014708905049,3,3,1,1.0,0,7.794,,,,,,
335,3,green,yellow,pink,blue,1,1,8,0.375001928397773,0.519749956280425,0.757907718659852,0.0876975744092917,2,2,3,1.0,1,3.026,,,,,,
335,3,green,yellow,pink,blue,1,1,9,0.236394088278472,0.954873006354572,0.768468115164433,0.0693438819310075,2,2,3,1.0,0,4.093,,,,,,
335,3,green,yellow,pink,blue,1,1,10,0.494053891183827,0.191154633343781,0.363479659886834,0.383264830970953,1,1,2,1.0,1,6.092,,,,,,
335,3,green,yellow,pink,blue,1,1,11,0.767577717764455,0.699308458765087,0.824537073442369,0.865480596022082,4,1,1,0.0,0,6.511,,,,,,
335,3,green,yellow,pink,blue,1,1,12,0.0817498453005501,0.378907955330766,0.82194399416921,0.944032026532809,1,3,1,0.0,0,13.098,,,,,,
335,3,green,yellow,pink,blue,1,1,13,0.421572968509933,0.0738543437174422,0.246154453374025,0.732050777260087,1,1,2,1.0,0,14.454,,,,,,
335,3,green,yellow,pink,blue,1,1,14,0.674163099048717,0.703161819981096,0.254625761903533,0.61696978692029,3,4,2,0.5,0,6.803,,,,,,
335,3,green,yellow,pink,blue,1,1,15,0.882343692135583,0.763004039025122,0.155212944847352,0.690504474936732,3,3,2,1.0,0,10.232,,,,,,
335,3,green,yellow,pink,blue,1,2,16,0.751580302700986,0.888565232695523,0.0128264246931953,0.552222318514984,3,3,3,1.0,0,3.22,,,,,,
335,3,green,yellow,pink,blue,1,2,17,0.391508745978087,0.257983043008878,0.424153821627252,0.287050228040492,1,4,2,0.0,0,5.56,,,,,,
335,3,green,yellow,pink,blue,1,2,18,0.231085010013858,0.376263239153192,0.450395214863857,0.59701162782144,1,4,2,0.0,1,5.47,,,,,,
335,3,green,yellow,pink,blue,1,2,19,0.416820125496317,0.83449193927938,0.0714270035503318,0.723157567967807,2,4,1,0.0,0,7.321,,,,,,
335,3,green,yellow,pink,blue,1,2,20,0.0932768393990388,0.528337229445331,0.334257775454553,0.185877491037587,2,2,3,1.0,1,2.057,,,,,,
335,3,green,yellow,pink,blue,1,2,21,0.340836639296827,0.190234066990528,0.0409421192270217,0.187488857532367,1,1,2,1.0,0,1.902,,,,,,
335,3,green,yellow,pink,blue,1,2,22,0.163513636702445,0.829318413250402,0.0915247426272,0.166202220613403,2,2,2,1.0,0,6.947,,,,,,
335,3,green,yellow,pink,blue,1,2,23,0.184150870515107,0.0047596450298517,0.943541443643671,0.228017432555594,1,2,2,0.5,0,3.571,,,,,,
335,3,green,yellow,pink,blue,1,2,24,0.0942034363128781,0.783462181609019,0.0878798419058885,0.747927546831064,2,1,2,0.5,0,9.377,,,,,,
335,3,green,yellow,pink,blue,1,2,25,0.453833955766476,0.701289880211352,0.286260814062326,0.293391346041576,2,2,2,1.0,1,6.034,,,,,,
335,3,green,yellow,pink,blue,1,2,26,0.733172860169448,0.376358585646454,0.405338503431025,0.329261894204676,3,1,3,0.0,0,3.4,,,,,,
335,3,green,yellow,pink,blue,1,2,27,0.27883632879363,0.0502826581894338,0.895605423027666,0.624317255268824,1,3,2,0.0,0,9.489,,,,,,
335,3,green,yellow,pink,blue,1,2,28,0.338720949214638,0.270329803222601,0.573514281901737,0.210703289131985,1,2,2,0.5,0,1.266,,,,,,
335,3,green,yellow,pink,blue,1,2,29,0.511415217467801,0.690756040394345,0.47447176676163,0.679624785471025,3,4,2,0.5,1,7.018,,,,,,
335,3,green,yellow,pink,blue,1,2,30,0.929374857598487,0.666729939140634,0.894687225624132,0.293948396415599,4,1,2,0.0,0,3.652,,,,,,
335,3,green,yellow,pink,blue,1,2,31,0.547479003221582,0.507677657197181,0.55944653223295,0.0897890921236684,4,3,2,0.5,1,3.387,,,,,,
335,3,green,yellow,pink,blue,1,2,32,0.97599555886147,0.325433185163081,0.493905840941076,0.292651751684461,3,1,2,0.0,1,2.863,,,,,,
335,3,green,yellow,pink,blue,1,2,33,0.912647612017808,0.996836046303286,0.246748126658532,0.814743747129056,3,3,2,1.0,0,10.245,,,,,,
335,3,green,yellow,pink,blue,1,2,34,0.697270914748408,0.354330571142129,0.071537072887861,0.139660778478701,3,3,2,1.0,0,4.591,,,,,,
335,3,green,yellow,pink,blue,1,2,35,0.840270640232563,0.400212023481211,0.931500393334154,0.781450247278383,4,4,1,1.0,0,5.305,,,,,,
335,3,green,yellow,pink,blue,1,2,36,0.403983726991216,0.235772580381867,0.415279520923537,0.504871835571128,1,4,1,0.0,0,1.423,,,,,,
335,3,green,yellow,pink,blue,1,2,37,0.531423225889092,0.804746095273503,0.813269493471412,0.934972217735893,4,4,2,1.0,1,5.923,,,,,,
335,3,green,yellow,pink,blue,1,3,38,0.450479185944536,0.298183056184936,0.61146093817106,0.578222803623684,1,4,2,0.0,1,6.193,,,,,,
335,3,green,yellow,pink,blue,1,3,39,0.796705345875724,0.360586843762587,0.736802554409703,0.94747297973594,4,4,3,1.0,0,1.97,,,,,,
335,3,green,yellow,pink,blue,1,3,40,0.58099111403681,0.36970452263861,0.341420674521993,0.257524544435479,3,1,2,0.0,0,4.106,,,,,,
335,3,green,yellow,pink,blue,1,3,41,0.0955647985186031,0.189658655816293,0.946855012673189,0.16454554021726,1,1,2,1.0,0,6.111,,,,,,
335,3,green,yellow,pink,blue,1,3,42,0.433851177410308,0.538480958328034,0.677821610108504,0.429899891753559,2,2,2,1.0,1,1.801,,,,,,
335,3,green,yellow,pink,blue,1,3,43,0.21175387217002,0.500847545137326,0.741220078327898,0.0015012532691388,2,2,4,1.0,1,1.603,,,,,,
335,3,green,yellow,pink,blue,1,3,44,0.240694885133975,0.916798662396257,0.0616931797218819,0.426352250525883,2,3,2,0.0,0,2.947,,,,,,
335,3,green,yellow,pink,blue,1,3,45,0.796623766907087,0.141707479215971,0.82980544788452,0.968891344207773,4,4,3,1.0,0,2.41,,,,,,
335,3,green,yellow,pink,blue,1,3,46,0.584248373108034,0.779711792238978,0.103230323928964,0.0909655116743597,3,3,1,1.0,0,5.17,,,,,,
335,3,green,yellow,pink,blue,1,3,47,0.0485934924398179,0.159532456660187,0.566843561813776,0.175570835824755,1,2,2,0.5,0,3.911,,,,,,
335,3,green,yellow,pink,blue,1,3,48,0.884160127191059,0.946237135184385,0.281691525587352,0.285793083501752,3,3,2,1.0,0,2.158,,,,,,
335,3,green,yellow,pink,blue,1,3,49,0.829408305625673,0.601847633326604,0.15220120178957,0.58043486230498,3,1,2,0.0,0,4.969,,,,,,
335,3,green,yellow,pink,blue,1,3,50,0.0294887378626489,0.752842185084419,0.238717926739773,0.89797974860738,2,2,1,1.0,0,7.674,,,,,,
335,3,green,yellow,pink,blue,1,3,51,0.302146647467335,0.100642483807722,0.505072395569719,0.557445379997833,1,4,2,0.0,1,6.267,,,,,,
335,3,green,yellow,pink,blue,1,3,52,0.65816003604536,0.408194367128589,0.277884632128922,0.824894113534725,3,1,3,0.0,0,3.157,,,,,,
335,3,green,yellow,pink,blue,1,3,53,0.88874409298489,0.630560219010903,0.983257115059317,0.596025274799502,4,4,2,1.0,0,6.061,,,,,,
335,3,green,yellow,pink,blue,1,3,54,0.927909692474237,0.842574929508714,0.620291468647801,0.342754179938036,4,3,2,0.5,0,4.15,,,,,,
335,3,green,yellow,pink,blue,1,3,55,0.616746728005421,0.14717801796894,0.167707042648707,0.719333350654768,3,1,3,0.0,0,2.313,,,,,,
335,3,green,yellow,pink,blue,1,3,56,0.547420239254276,0.824374075843413,0.816378509075901,0.25741609619329,4,2,3,0.0,1,2.924,,,,,,
335,3,green,yellow,pink,blue,1,3,57,0.637335710957766,0.584616458293979,0.88641784883182,0.0262080950468612,4,1,2,0.0,0,6.588,,,,,,
335,3,green,yellow,pink,blue,1,3,58,0.64936299222237,0.288265720865585,0.937852716949331,0.329898965169513,4,1,2,0.0,0,5.17,,,,,,
335,3,green,yellow,pink,blue,1,3,59,0.332883205919061,0.363611402324372,0.348759449196523,0.527216827687793,1,1,2,1.0,0,7.205,,,,,,
335,3,green,yellow,pink,blue,1,3,60,0.56754684953802,0.0341137952104276,0.763608988032416,0.665322733550228,4,4,2,1.0,0,5.443,,,,,,
335,3,green,yellow,pink,blue,1,3,61,0.321384649126441,0.875143415321934,0.154542059187562,0.669882315638198,2,2,2,1.0,0,2.978,,,,,,
335,3,green,yellow,pink,blue,1,3,62,0.416238762994535,0.940541785904806,0.531936312471566,0.730878849313448,2,2,3,1.0,1,2.002,,,,,,
335,3,green,yellow,pink,blue,1,4,63,0.849926734278197,0.523158922575222,0.842558937019186,0.546012498846209,4,4,2,1.0,1,6.062,,,,,,
335,3,green,yellow,pink,blue,1,4,64,0.408960413043422,0.118458592900021,0.228714276745177,0.755924138589637,1,1,2,1.0,0,2.767,,,,,,
335,3,green,yellow,pink,blue,1,4,65,0.310077443842388,0.0599102432660105,0.447706952123193,0.277251485134871,1,1,2,1.0,0,4.664,,,,,,
335,3,green,yellow,pink,blue,1,4,66,0.540947069455821,0.480825741720599,0.519632568150792,0.546125239053547,4,4,2,1.0,1,7.535,,,,,,
335,3,green,yellow,pink,blue,1,4,67,0.222990891407015,0.646275984344585,0.986552460520473,0.556386778433301,2,2,2,1.0,0,4.181,,,,,,
335,3,green,yellow,pink,blue,1,4,68,0.8156063008717,0.326377917910618,0.810356657118427,0.987784845952996,4,4,3,1.0,0,5.555,,,,,,
335,3,green,yellow,pink,blue,1,4,69,0.827294717866824,0.30196681072935,0.427786599225014,0.199780180199326,3,3,2,1.0,0,4.766,,,,,,
335,3,green,yellow,pink,blue,1,4,70,0.455470191225393,0.0110197748657155,0.582019325725232,0.275493948962454,1,1,2,1.0,1,4.429,,,,,,
335,3,green,yellow,pink,blue,1,4,71,0.373398524206523,0.967742627692127,0.201730894094267,0.579522687456631,2,2,2,1.0,0,1.865,,,,,,
335,3,green,yellow,pink,blue,1,4,72,0.607821646362313,0.161277208382375,0.754735798261886,0.222472170658352,4,1,2,0.0,0,4.48,,,,,,
335,3,green,yellow,pink,blue,1,4,73,0.573600647268386,0.327794169477715,0.918743983686963,0.941780294383773,4,4,3,1.0,0,2.531,,,,,,
335,3,green,yellow,pink,blue,1,4,74,0.382929174160973,0.828320254603129,0.869594769090576,0.638186524356015,2,2,3,1.0,0,3.156,,,,,,
335,3,green,yellow,pink,blue,1,4,75,0.0819117383405715,0.222475880939834,0.84294086395947,0.646873697984733,1,1,2,1.0,0,8.359,,,,,,
335,3,green,yellow,pink,blue,1,4,76,0.077584434114761,0.171077864492274,0.0554616527676954,0.339067747363459,1,1,2,1.0,0,5.15,,,,,,
335,3,green,yellow,pink,blue,1,4,77,0.103287206206097,0.215728790019775,0.23236892611964,0.232838382366055,1,1,2,1.0,0,4.871,,,,,,
335,3,green,yellow,pink,blue,1,4,78,0.478312923810928,0.640148011253477,0.0997196615800814,0.0969884556196431,2,3,1,0.0,1,6.922,,,,,,
335,3,green,yellow,pink,blue,1,4,79,0.615509717230566,0.398793561073144,0.934685705949138,0.826320066586749,4,4,3,1.0,0,6.794,,,,,,
335,3,green,yellow,pink,blue,1,4,80,0.33371217675119,0.646073023616877,0.334236083054611,0.681801400786909,2,2,2,1.0,0,2.534,,,,,,
335,3,green,yellow,pink,blue,1,4,81,0.937361958468262,0.463165568800745,0.33930578912265,0.772542952009815,3,3,2,1.0,1,5.573,,,,,,
335,3,green,yellow,pink,blue,1,4,82,0.282248130584782,0.833393143021783,0.52575949528606,0.910291974752933,2,2,3,1.0,1,2.221,,,,,,
335,3,green,yellow,pink,blue,1,4,83,0.330531870641887,0.983127376206119,0.51393696271002,0.618446298211665,2,2,4,1.0,1,4.249,,,,,,
335,3,green,yellow,pink,blue,1,4,84,0.968914100026128,0.532285470401155,0.134995902945888,0.0666987507168318,3,3,2,1.0,1,7.027,,,,,,
335,3,green,yellow,pink,blue,1,4,85,0.561116950635011,0.72219595895305,0.638020185241245,0.158965388789786,4,2,3,0.0,0,2.975,,,,,,
335,3,green,yellow,pink,blue,1,4,86,0.458900222983399,0.367302640674844,0.0533696469428719,0.583717607507087,1,1,2,1.0,1,8.875,,,,,,
335,3,green,yellow,pink,blue,1,5,87,0.88960396294235,0.45247338239306,0.0372435789535031,0.463804759818275,3,3,2,1.0,1,5.032,,,,,,
335,3,green,yellow,pink,blue,1,5,88,0.0871910910325683,0.133916650098405,0.452639080348612,0.5337449327694,1,1,2,1.0,1,6.57,,,,,,
335,3,green,yellow,pink,blue,1,5,89,0.789758614917316,0.754695874357886,0.314886392035413,0.717551842012678,3,3,2,1.0,0,6.982,,,,,,
335,3,green,yellow,pink,blue,1,5,90,0.091188979960251,0.568653044101718,0.360639198059957,0.396464928046742,2,2,3,1.0,0,3.033,,,,,,
335,3,green,yellow,pink,blue,1,5,91,0.952407007805475,0.643650909246438,0.927028660358914,0.371155049480775,4,3,2,0.5,0,8.913,,,,,,
335,3,green,yellow,pink,blue,1,5,92,0.860191583880654,0.409067223507803,0.389660947531798,0.463522308099048,3,1,2,0.0,0,5.543,,,,,,
335,3,green,yellow,pink,blue,1,5,93,0.380314460424855,0.967439447407906,0.426977417380073,0.697224608950011,2,2,3,1.0,0,3.096,,,,,,
335,3,green,yellow,pink,blue,1,5,94,0.967216826851608,0.128406007170902,0.853092461125721,0.537302514877522,4,4,2,1.0,0,9.48,,,,,,
335,3,green,yellow,pink,blue,1,5,95,0.790591914416831,0.976443438657171,0.125702331299466,0.0659906560870525,3,3,2,1.0,0,6.014,,,,,,
335,3,green,yellow,pink,blue,1,5,96,0.769116821613287,0.410026699857011,0.24749662042912,0.121390967865063,3,3,2,1.0,0,4.438,,,,,,
335,3,green,yellow,pink,blue,1,5,97,0.214412423973249,0.330391680962691,0.936261940347273,0.393389616950785,1,1,2,1.0,0,6.582,,,,,,
335,3,green,yellow,pink,blue,1,5,98,0.957840582293107,0.792773270732936,0.711159430700832,0.187666469167534,4,3,2,0.5,0,6.873,,,,,,
335,3,green,yellow,pink,blue,1,5,99,0.646256245690887,0.203822650611451,0.993814111185389,0.137151794586406,4,1,3,0.0,0,14.115,,,,,,
335,3,green,yellow,pink,blue,1,5,100,0.837481397341507,0.52781437966277,0.50388348356831,0.817466489021839,4,4,2,1.0,1,6.373,,,,,,
335,3,green,yellow,pink,blue,1,5,101,0.129142001198619,0.0750876216261847,0.752454094447118,0.862549469206322,1,4,3,0.0,0,2.773,,,,,,
335,3,green,yellow,pink,blue,1,5,102,0.947960084817072,0.350074784661421,0.771934428512683,0.166032671263917,4,4,2,1.0,0,6.426,,,,,,
335,3,green,yellow,pink,blue,1,5,103,0.0294997503429969,0.346335286996389,0.0365373460419012,0.425624434806951,1,2,2,0.5,0,5.884,,,,,,
335,3,green,yellow,pink,blue,1,5,104,0.203125542899538,0.426139281454001,0.754601742305153,0.497560499420117,1,4,2,0.0,0,11.343,,,,,,
335,3,green,yellow,pink,blue,1,5,105,0.362339507096619,0.576047091456573,0.661004624542606,0.935202137559815,2,4,3,0.0,0,2.599,,,,,,
335,3,green,yellow,pink,blue,1,5,106,0.461806390549584,0.172026791562686,0.0553862230222225,0.994544901428259,1,1,2,1.0,1,6.522,,,,,,
335,3,green,yellow,pink,blue,1,5,107,0.306816973513883,0.785747809373581,0.999357886296982,0.209858925155716,2,2,2,1.0,0,3.242,,,,,,
335,3,green,yellow,pink,blue,1,5,108,0.940265199129328,0.81732144125306,0.966296553297304,0.763256871172364,4,4,2,1.0,0,7.478,,,,,,
335,3,green,yellow,pink,blue,1,5,109,0.284720551668096,0.443746919865684,0.899469356639254,0.272966769961145,1,2,2,0.5,0,7.242,,,,,,
335,3,green,yellow,pink,blue,1,6,110,0.0596721923070507,0.845140820477023,0.988888866507465,0.973080320927098,2,4,3,0.0,0,4.028,,,,,,
335,3,green,yellow,pink,blue,1,6,111,0.986603367573501,0.402554153302261,0.874642277444975,0.625508245118662,4,4,2,1.0,0,4.733,,,,,,
335,3,green,yellow,pink,blue,1,6,112,0.139646643687034,0.745603027469031,0.224818480612305,0.622630750414697,2,2,3,1.0,0,0.352,,,,,,
335,3,green,yellow,pink,blue,1,6,113,0.166832804421667,0.266757152849689,0.346358881150591,0.568315789690299,1,1,2,1.0,0,1.203,,,,,,
335,3,green,yellow,pink,blue,1,6,114,0.286937376501403,0.646056363364439,0.994643070962053,0.28363426353526,2,2,3,1.0,0,0.606,,,,,,
335,3,green,yellow,pink,blue,1,6,115,0.608295386688616,0.817708768575379,0.224728077141551,0.658302145446972,3,2,3,0.0,0,1.856,,,,,,
335,3,green,yellow,pink,blue,1,6,116,0.634109042517955,0.483239271951055,0.404626515091617,0.0024669427652767,3,3,2,1.0,1,7.904,,,,,,
335,3,green,yellow,pink,blue,1,6,117,0.307770127807313,0.795293077074162,0.324583157229007,0.423164827329028,2,2,2,1.0,0,3.727,,,,,,
335,3,green,yellow,pink,blue,1,6,118,0.0216740655891045,0.0630904610666126,0.585298557280561,0.865216374080293,1,4,2,0.0,0,5.001,,,,,,
335,3,green,yellow,pink,blue,1,6,119,0.303219552487749,0.486529133470077,0.190961793321344,0.13678633007482,1,2,2,0.5,1,6.377,,,,,,
335,3,green,yellow,pink,blue,1,6,120,0.576426924869683,0.731381040064904,0.307631088198922,0.842695623413302,3,2,3,0.0,0,3.726,,,,,,
335,3,green,yellow,pink,blue,1,6,121,0.993724782869169,0.675107369478051,0.250769965611393,0.517210189376438,3,3,2,1.0,0,3.369,,,,,,
335,3,green,yellow,pink,blue,1,6,122,0.765953488656383,0.985063681625217,0.795889610938693,0.175557503440774,4,2,3,0.0,0,2.166,,,,,,
335,3,green,yellow,pink,blue,1,6,123,0.981491330062435,0.0172500296533952,0.398154970549154,0.901339748491827,3,1,2,0.0,0,7.322,,,,,,
335,3,green,yellow,pink,blue,1,6,124,0.723150075507413,0.423842940986174,0.427942247692041,0.176391997489686,3,3,2,1.0,0,4.66,,,,,,
335,3,green,yellow,pink,blue,1,6,125,0.532864044085878,0.474674369666878,0.0634075577331717,0.474431308993296,3,2,2,0.0,1,4.986,,,,,,
335,3,green,yellow,pink,blue,1,6,126,0.594373192344218,0.561294969809608,0.195821976451883,0.368924815894628,3,3,2,1.0,0,3.98,,,,,,
335,3,green,yellow,pink,blue,1,6,127,0.340101051272652,0.448421206382678,0.493083254313646,0.601653208747111,1,1,2,1.0,1,8.667,,,,,,
335,3,green,yellow,pink,blue,1,6,128,0.917316020551823,0.631793509261718,0.265455319448584,0.0400937720358464,3,3,2,1.0,0,1.899,,,,,,
335,3,green,yellow,pink,blue,1,6,129,0.274606581914678,0.658477989483835,0.768313513016315,0.323840046182395,2,2,2,1.0,0,1.976,,,,,,
335,3,green,yellow,pink,blue,1,6,130,0.72917031524765,0.776070855322879,0.25579898369438,0.968039311049687,3,2,2,0.0,0,5.941,,,,,,
335,3,green,yellow,pink,blue,1,6,131,0.521039998348619,0.840790940990747,0.785249189907129,0.730038623240559,4,4,2,1.0,1,3.635,,,,,,
335,3,green,yellow,pink,blue,1,6,132,0.0912351584502435,0.528553697471048,0.0421659541911716,0.964658215315143,2,4,2,0.0,1,7.604,,,,,,
335,3,green,yellow,pink,blue,1,6,133,0.255990964432169,0.122648025103393,0.524587877119655,0.400973514896809,1,4,2,0.0,1,1.142,,,,,,
335,3,green,yellow,pink,blue,1,6,134,0.920044718862879,0.493747738090013,0.587770884683424,0.280816269477721,4,3,2,0.5,1,3.332,,,,,,
335,3,green,yellow,pink,blue,1,6,135,0.0140456841438603,0.654858516653845,0.25977464163906,0.824434258404731,2,2,2,1.0,0,7.004,,,,,,
335,3,green,yellow,pink,blue,1,6,136,0.549505442224168,0.583395027801216,0.996488065745675,0.938372515728677,4,4,3,1.0,1,2.215,,,,,,
335,3,green,yellow,pink,blue,1,6,137,0.227930809326052,0.839055238781662,0.292742025662687,0.976240333474609,2,2,2,1.0,0,2.502,,,,,,
335,3,green,yellow,pink,blue,1,6,138,0.594619052234759,0.309663580855012,0.332247247997103,0.357164402762105,3,1,2,0.0,0,5.148,,,,,,
335,3,green,yellow,pink,blue,1,6,139,0.375613094909562,0.997986595421233,0.59124749944854,0.494972110494498,2,2,2,1.0,0,1.785,,,,,,
335,3,green,yellow,pink,blue,1,6,140,0.888159204431879,0.0860679975056328,0.933507554586777,0.998249047647276,4,4,2,1.0,0,1.884,,,,,,
335,3,green,yellow,pink,blue,1,6,141,0.438645241142056,0.285664139981861,0.986042782435331,0.721865035750969,1,4,2,0.0,0,6.633,,,,,,
335,3,green,yellow,pink,blue,1,7,142,0.700544340219401,0.303767727418747,0.531439274075875,0.658544617009699,4,4,2,1.0,1,7.439,,,,,,
335,3,green,yellow,pink,blue,1,7,143,0.979855961701907,0.712933914504381,0.553412880463912,0.395437878102942,4,3,3,0.5,0,1.804,,,,,,
335,3,green,yellow,pink,blue,1,7,144,0.297123042678525,0.432328048294106,0.538806939008617,0.388415110409658,1,4,2,0.0,1,6.331,,,,,,
335,3,green,yellow,pink,blue,1,7,145,0.671352308316136,0.0880189122953649,0.80871035577153,0.74210489841829,4,4,3,1.0,0,0.899,,,,,,
335,3,green,yellow,pink,blue,1,7,146,0.351510378667552,0.683182417776674,0.7244516722733,0.866248539665093,2,4,2,0.0,0,4.48,,,,,,
335,3,green,yellow,pink,blue,1,7,147,0.50791144969067,0.38510815909131,0.244585591059335,0.928701210070107,3,1,2,0.0,1,3.625,,,,,,
335,3,green,yellow,pink,blue,1,7,148,0.0773265568351074,0.163249220159575,0.637757031829497,0.764620242733814,1,1,2,1.0,0,8.094,,,,,,
335,3,green,yellow,pink,blue,1,7,149,0.983749233716893,0.567117925528989,0.398325440864623,0.921883592336088,3,3,2,1.0,0,3.655,,,,,,
335,3,green,yellow,pink,blue,1,7,150,0.103069574463764,0.300189094965189,0.590273197722137,0.754392535352351,1,1,2,1.0,0,3.394,,,,,,
335,3,green,yellow,pink,blue,1,7,151,0.130119714464848,0.893402121763069,0.160262458755785,0.914602365546515,2,2,2,1.0,0,3.482,,,,,,
335,3,green,yellow,pink,blue,1,7,152,0.988837944223236,0.445772924325945,0.446326001819948,0.529578762859994,3,3,2,1.0,0,5.211,,,,,,
335,3,green,yellow,pink,blue,1,7,153,0.409848355783894,0.210045396600298,0.466837896073598,0.516882140733859,1,4,2,0.0,1,4.191,,,,,,
335,3,green,yellow,pink,blue,1,7,154,0.217708346986512,0.103499538590254,0.318027732178752,0.28824039687016,1,1,2,1.0,0,3.041,,,,,,
335,3,green,yellow,pink,blue,1,7,155,0.866557198903258,0.191633005413743,0.181702598547616,0.390572150340199,3,3,2,1.0,0,5.291,,,,,,
335,3,green,yellow,pink,blue,1,7,156,0.722075278083728,0.774801555064569,0.493475685066876,0.913168661934759,3,4,2,0.5,1,5.286,,,,,,
335,3,green,yellow,pink,blue,1,7,157,0.257316628296387,0.525439062013315,0.33922101774947,0.993331446133541,2,2,2,1.0,1,7.493,,,,,,
335,3,green,yellow,pink,blue,1,7,158,0.475680588503339,0.450555102065211,0.668509373880578,0.327434860101023,1,1,2,1.0,1,4.563,,,,,,
335,3,green,yellow,pink,blue,1,7,159,0.229660623240476,0.754421352004344,0.99884789504759,0.022531675518135,2,2,2,1.0,0,2.343,,,,,,
335,3,green,yellow,pink,blue,1,7,160,0.726264502429303,0.895839811927932,0.439558586757166,0.0176688152560111,3,3,2,1.0,0,5.867,,,,,,
335,3,green,yellow,pink,blue,1,7,161,0.874336855248975,0.776187028237834,0.729014735853026,0.124834099063585,4,3,2,0.5,0,5.283,,,,,,
335,3,green,yellow,pink,blue,1,7,162,0.123250425026617,0.810160430023823,0.60293375358107,0.225740743408323,2,2,3,1.0,0,1.205,,,,,,
335,3,green,yellow,pink,blue,1,7,163,0.404135496818875,0.105501033654422,0.168851618022475,0.485982303894133,1,1,3,1.0,0,1.705,,,,,,
335,3,green,yellow,pink,blue,1,7,164,0.06866044265504,0.285723342456129,0.225623715087944,0.157758237092458,1,1,1,1.0,0,5.293,,,,,,
335,3,green,yellow,pink,blue,1,7,165,0.169173746073542,0.998961822684932,0.907342860957652,0.850948264993011,2,2,2,1.0,0,8.138,,,,,,
335,3,green,yellow,pink,blue,1,7,166,0.777626272243445,0.226954083425121,0.573928264794514,0.818776611785442,4,4,2,1.0,0,5.252,,,,,,
335,3,green,yellow,pink,blue,1,7,167,0.122294098986361,0.0806336174640901,0.884277076641005,0.391699242945309,1,1,2,1.0,0,2.8,,,,,,
335,3,green,yellow,pink,blue,1,7,168,0.436235896905483,0.139641293626911,0.0104955589879871,0.563057222869694,1,1,3,1.0,0,2.114,,,,,,
335,3,green,yellow,pink,blue,1,7,169,0.667128052507124,0.16818913315636,0.606482193136075,9.64974064946444e-05,4,4,2,1.0,0,3.14,,,,,,
335,3,green,yellow,pink,blue,1,7,170,0.785192358767876,0.997312343559183,0.636418557968177,0.0020353826437389,4,2,3,0.0,0,3.171,,,,,,
335,3,green,yellow,pink,blue,1,7,171,0.142568456449162,0.99639058328924,0.0766805793687565,0.225378645661123,2,2,2,1.0,0,8.036,,,,,,
335,3,green,yellow,pink,blue,1,8,172,0.804969175761893,0.475735342117456,0.234195237144318,0.398075079762504,3,3,3,1.0,1,2.806,,,,,,
335,3,green,yellow,pink,blue,1,8,173,0.83082239059667,0.214322723400402,0.550640844978434,0.0623635309925122,4,4,3,1.0,0,2.43,,,,,,
335,3,green,yellow,pink,blue,1,8,174,0.684828434161511,0.0900478665153071,0.684967260090656,0.732792348147847,4,4,2,1.0,0,3.367,,,,,,
335,3,green,yellow,pink,blue,1,8,175,0.147622761337572,0.910808780575688,0.120662453020804,0.515398573233011,2,2,3,1.0,0,1.291,,,,,,
335,3,green,yellow,pink,blue,1,8,176,0.524604775597059,0.670231815974004,0.391531140907107,0.525853030409886,3,3,2,1.0,1,5.608,,,,,,
335,3,green,yellow,pink,blue,1,8,177,0.366775585217308,0.591506265626059,0.459709197759196,0.0339636659894061,2,2,2,1.0,1,2.067,,,,,,
335,3,green,yellow,pink,blue,1,8,178,0.922506504624856,0.659560757453124,0.710779245340897,0.596244879609922,4,3,2,0.5,0,4.937,,,,,,
335,3,green,yellow,pink,blue,1,8,179,0.861923551187332,0.188324032170132,0.698273746811671,0.049707517075995,4,4,2,1.0,0,3.374,,,,,,
335,3,green,yellow,pink,blue,1,8,180,0.125014170965684,0.651835319396627,0.693667683057156,0.633760087908393,2,2,2,1.0,0,6.942,,,,,,
335,3,green,yellow,pink,blue,1,8,181,0.218859994107864,0.90839704605026,0.17005523710536,0.094477868294958,2,2,2,1.0,0,3.346,,,,,,
335,3,green,yellow,pink,blue,1,8,182,0.138447488163451,0.45367324278412,0.567055446504618,0.0374645492751743,1,2,2,0.5,1,2.557,,,,,,
335,3,green,yellow,pink,blue,1,8,183,0.0476510884738847,0.135738808048924,0.369057289080258,0.281335818627117,1,1,2,1.0,0,3.184,,,,,,
335,3,green,yellow,pink,blue,1,8,184,0.829097724359131,0.756477942682582,0.19914928787335,0.619669086647486,3,3,2,1.0,0,3.864,,,,,,
335,3,green,yellow,pink,blue,1,8,185,0.554841314410723,0.0270707512665625,0.816912208011789,0.81818671196341,4,4,2,1.0,0,1.167,,,,,,
335,3,green,yellow,pink,blue,1,8,186,0.462448705062894,0.0470167463738267,0.531532370626412,0.113700038076605,1,1,2,1.0,1,3.973,,,,,,
335,3,green,yellow,pink,blue,1,8,187,0.208192337635742,0.369866060675552,0.323146048039871,0.814997935311593,1,1,2,1.0,0,6.611,,,,,,
335,3,green,yellow,pink,blue,1,8,188,0.721812846716557,0.68526826203443,0.992132835468408,0.857265500656336,4,4,2,1.0,0,1.668,,,,,,
335,3,green,yellow,pink,blue,1,8,189,0.229196070148479,0.6564303224716,0.977045598591572,0.334252617478275,2,2,3,1.0,0,1.526,,,,,,
335,3,green,yellow,pink,blue,1,8,190,0.428556939374257,0.26431805747024,0.0265991759895964,0.0724444320832727,1,3,1,0.0,0,8.71,,,,,,
335,3,green,yellow,pink,blue,1,8,191,0.687937702650506,0.457265028118679,0.503478231741129,0.370431558162518,4,3,2,0.5,1,2.547,,,,,,
335,3,green,yellow,pink,blue,1,8,192,0.99321445006963,0.646751447886244,0.0876530233400753,0.376943071129663,3,3,2,1.0,0,2.866,,,,,,
335,3,green,yellow,pink,blue,1,8,193,0.34247229766205,0.683187912813631,0.0880008490548148,0.317014672780778,2,2,2,1.0,0,2.891,,,,,,
335,3,green,yellow,pink,blue,1,8,194,0.407549054715611,0.519632330831038,0.250542991139112,0.686387421602366,2,1,2,0.5,1,8.635,,,,,,
335,3,green,yellow,pink,blue,1,8,195,0.572655583612774,0.007517096408111,0.0011372180350088,0.990668269380575,3,1,2,0.0,0,1.823,,,,,,
335,3,green,yellow,pink,blue,1,8,196,0.538439328889746,0.914666275180527,0.655500996547264,0.301330490270963,4,2,3,0.0,1,4.135,,,,,,
335,3,green,yellow,pink,blue,1,8,197,0.38841482828863,0.29880491854458,0.71108109222489,0.0766763830186189,1,1,2,1.0,0,2.703,,,,,,
335,3,green,yellow,pink,blue,1,8,198,0.530477827338017,0.648742634287553,0.172852755707944,0.320515799488728,3,2,2,0.0,1,5.204,,,,,,
335,3,green,yellow,pink,blue,1,8,199,0.831989803947357,0.882767566708003,0.532595402348749,0.453126925907706,4,3,2,0.5,1,3.668,,,,,,
335,3,green,yellow,pink,blue,1,8,200,0.98843071988802,0.500090792096223,0.515531585681881,0.939752875621374,4,4,2,1.0,1,5.454,,,,,,
335,3,green,yellow,pink,blue,1,8,201,0.790039511112232,0.70950909025062,0.354059962469694,0.593271841847411,3,3,2,1.0,0,5.09,,,,,,
335,3,green,yellow,pink,blue,1,8,202,0.603837846355335,0.731054407806952,0.459702891621324,0.0294991864433166,3,3,1,1.0,1,7.235,,,,,,
335,3,green,yellow,pink,blue,1,9,203,0.973701022147116,0.370857488654822,0.444407522719493,0.397990438338712,3,3,3,1.0,0,5.527,,,,,,
335,3,green,yellow,pink,blue,1,9,204,0.0633897170336754,0.135789156025743,0.624286114008116,0.45165541775068,1,1,2,1.0,0,2.375,,,,,,
335,3,green,yellow,pink,blue,1,9,205,0.928414742806448,0.812130514053707,0.892204758648988,0.0684559929959778,4,3,2,0.5,0,4.304,,,,,,
335,3,green,yellow,pink,blue,1,9,206,0.439062039723095,0.605501298474839,0.567778247281844,0.412494725382804,2,3,1,0.0,0,5.5,,,,,,
335,3,green,yellow,pink,blue,1,9,207,0.9074069883075,0.564142960376916,0.589505171379411,0.640254458610116,4,3,1,0.5,0,4.532,,,,,,
335,3,green,yellow,pink,blue,1,9,208,0.347107738633714,0.106931968180592,0.606469245712037,0.938024489084834,1,4,2,0.0,0,3.776,,,,,,
335,3,green,yellow,pink,blue,1,9,209,0.567189679850478,0.133631909533322,0.0500511815356978,0.308816536983405,3,1,2,0.0,0,4.108,,,,,,
335,3,green,yellow,pink,blue,1,9,210,0.504077332627122,0.257175496952193,0.800438774739975,0.92732516057313,4,4,3,1.0,1,0.674,,,,,,
335,3,green,yellow,pink,blue,1,9,211,0.642086693382308,0.340092204689605,0.208032296820221,0.896731957490375,3,2,2,0.0,0,10.815,,,,,,
335,3,green,yellow,pink,blue,1,9,212,0.0649620075294878,0.0090249726048624,0.391416533171224,0.194612902194148,1,1,3,1.0,0,1.35,,,,,,
335,3,green,yellow,pink,blue,1,9,213,0.181402716374614,0.859629910346862,0.629362679477153,0.827909530539165,2,2,2,1.0,0,2.718,,,,,,
335,3,green,yellow,pink,blue,1,9,214,0.290659959315493,0.627964464340903,0.636794913088755,0.0258726737718729,2,2,3,1.0,0,2.097,,,,,,
335,3,green,yellow,pink,blue,1,9,215,0.268145546795042,0.589767951719125,0.108251420164438,0.887188485373761,2,2,2,1.0,0,3.799,,,,,,
335,3,green,yellow,pink,blue,1,9,216,0.852588478461499,0.438380462701508,0.275324694529977,0.47007587068121,3,3,3,1.0,0,7.926,,,,,,
335,3,green,yellow,pink,blue,1,9,217,0.455487745574927,0.640269157057329,0.174597951736543,0.945287764854469,2,2,2,1.0,1,1.063,,,,,,
335,3,green,yellow,pink,blue,1,9,218,0.893679348953694,0.9791198236103,0.174217274646873,0.735744716291224,3,3,2,1.0,0,3.196,,,,,,
335,3,green,yellow,pink,blue,1,9,219,0.674495640490748,0.459022494038989,0.126751949690363,0.479312811279681,3,3,2,1.0,1,4.105,,,,,,
335,3,green,yellow,pink,blue,1,9,220,0.290318473151666,0.271166527176884,0.564674141260749,0.744791114275111,1,1,2,1.0,0,7.354,,,,,,
335,3,green,yellow,pink,blue,1,9,221,0.414572554213813,0.296595735888103,0.542495668866835,0.997485274201405,1,1,2,1.0,1,6.143,,,,,,
335,3,green,yellow,pink,blue,1,9,222,0.684149665034284,0.639962414900198,0.594372965621799,0.40116100153041,4,3,2,0.5,0,3.145,,,,,,
335,3,green,yellow,pink,blue,1,9,223,0.878248500907549,0.316454071525339,0.368976670996568,0.240258792603858,3,3,2,1.0,0,6.651,,,,,,
335,3,green,yellow,pink,blue,1,9,224,0.260501561910585,0.205970633727665,0.653532094256714,0.689147257550577,1,1,2,1.0,0,1.107,,,,,,
335,3,green,yellow,pink,blue,1,9,225,0.414175102246167,0.133617994560622,0.846501768631793,0.630597152728896,1,1,2,1.0,0,3.256,,,,,,
335,3,green,yellow,pink,blue,1,9,226,0.0345906331603023,0.221373252570563,0.385854316234087,0.768088699794002,1,1,2,1.0,0,2.895,,,,,,
335,3,green,yellow,pink,blue,1,9,227,0.366580968661848,0.525526592406853,0.405902831457476,0.750154565705525,2,3,2,0.0,1,5.464,,,,,,
335,3,green,yellow,pink,blue,1,9,228,0.394725097914798,0.0830863240632873,0.0902020912349913,0.983189067164473,1,1,2,1.0,0,0.763,,,,,,
335,3,green,yellow,pink,blue,1,9,229,0.536753223346228,0.716044284475152,0.60062925489539,0.59030672297073,4,3,2,0.5,1,5.398,,,,,,
335,3,green,yellow,pink,blue,1,9,230,0.483146132949868,0.871305950673644,0.739910966692085,0.40151334979541,2,2,3,1.0,1,2.239,,,,,,
335,3,green,yellow,pink,blue,1,9,231,0.599476894038293,0.830897847510206,0.45770191662577,0.348165468318486,3,2,2,0.0,1,4.559,,,,,,
335,3,green,yellow,pink,blue,1,9,232,0.169127676537752,0.953729955410872,0.233954606370662,0.842484504703522,2,2,2,1.0,0,0.197,,,,,,
335,3,green,yellow,pink,blue,1,9,233,0.916843217400823,0.298313717057641,0.454451697932689,0.434654422393074,3,3,2,1.0,1,2.931,,,,,,
335,3,green,yellow,pink,blue,1,9,234,0.241477958842369,0.470397753022982,0.0567021625751147,0.953739698456531,1,2,2,0.5,1,0.752,,,,,,
335,3,green,yellow,pink,blue,1,9,235,0.442923152005438,0.203037245478104,0.05490530195665,0.0480936491573202,1,3,2,0.0,0,5.767,,,,,,
335,3,green,yellow,pink,blue,1,10,236,0.213096746001502,0.608359043075209,0.112556476455594,0.0052840695958352,2,1,1,0.5,0,4.338,,,,,,
335,3,green,yellow,pink,blue,1,10,237,0.699750897010248,0.780581610382396,0.652562808889524,0.702006308824734,4,4,1,1.0,0,7.312,,,,,,
335,3,green,yellow,pink,blue,1,10,238,0.0210929769273638,0.635338228064925,0.876314209163091,0.807272104003178,2,2,2,1.0,0,3.101,,,,,,
335,3,green,yellow,pink,blue,1,10,239,0.345385212485766,0.163636053942368,0.996620755988399,0.761180210315328,1,1,2,1.0,0,10.871,,,,,,
335,3,green,yellow,pink,blue,1,10,240,0.836673465451942,0.846179817822843,0.0543621491601459,0.843337007292478,3,3,2,1.0,0,7.739,,,,,,
335,3,green,yellow,pink,blue,1,10,241,0.198511056016142,0.741535199999303,0.91923218189513,0.635291872563209,2,2,3,1.0,0,2.25,,,,,,
335,3,green,yellow,pink,blue,1,10,242,0.705378408980641,0.985897250159482,0.885349700281886,0.651018756818856,4,4,2,1.0,0,3.827,,,,,,
335,3,green,yellow,pink,blue,1,10,243,0.0244496668023181,0.216895568982419,0.321525623969673,0.803748109340494,1,1,2,1.0,0,2.811,,,,,,
335,3,green,yellow,pink,blue,1,10,244,0.588768871232514,0.0288986786230121,0.627498568181057,0.630317598135853,4,1,2,0.0,0,5.192,,,,,,
335,3,green,yellow,pink,blue,1,10,245,0.660531360829903,0.744538517005286,0.499109417631057,0.976002288971031,3,4,2,0.5,1,5.857,,,,,,
335,3,green,yellow,pink,blue,1,10,246,0.0531820370817694,0.383858766401556,0.583999020665834,0.0122818708120829,1,2,2,0.5,0,3.263,,,,,,
335,3,green,yellow,pink,blue,1,10,247,0.678196916645083,0.0554148610900696,0.994420124847099,0.75163452115639,4,4,2,1.0,0,5.891,,,,,,
335,3,green,yellow,pink,blue,1,10,248,0.388699153502917,0.62807933075735,0.516773233732541,0.989253042654784,2,2,2,1.0,1,3.846,,,,,,
335,3,green,yellow,pink,blue,1,10,249,0.956694637972128,0.0949346032725288,0.245811453093791,0.66959483508277,3,3,1,1.0,0,11.078,,,,,,
335,3,green,yellow,pink,blue,1,10,250,0.7788870615092,0.101320532624309,0.354208923586131,0.0868408011429325,3,3,2,1.0,0,8.765,,,,,,
335,3,green,yellow,pink,blue,1,10,251,0.238605324642462,0.649287802838911,0.578457764263063,0.572760262005025,2,2,2,1.0,0,4.666,,,,,,
335,3,green,yellow,pink,blue,1,10,252,0.636557465981741,0.151598481283651,0.0123168708424605,0.841959227179712,3,1,2,0.0,0,5.518,,,,,,
335,3,green,yellow,pink,blue,1,10,253,0.648219895731996,0.703981937004911,0.454721436779133,0.782423124389489,3,3,2,1.0,1,5.4,,,,,,
335,3,green,yellow,pink,blue,1,10,254,0.227716536771795,0.365287974957603,0.734476554775524,0.305748057798665,1,2,1,0.5,0,9.263,,,,,,
335,3,green,yellow,pink,blue,1,10,255,0.854531895692015,0.529917597730571,0.728462937193003,0.683069021977077,4,4,1,1.0,1,6.424,,,,,,
335,3,green,yellow,pink,blue,1,10,256,0.964960702815657,0.380316272629961,0.106923906659854,0.643539947156937,3,3,2,1.0,0,2.542,,,,,,
335,3,green,yellow,pink,blue,1,10,257,0.0374889005834833,0.720756774379688,0.384422258324061,0.525979064661234,2,2,2,1.0,0,2.139,,,,,,
335,3,green,yellow,pink,blue,1,10,258,0.998623165325446,0.859265767403166,0.151794575681013,0.968255390120315,3,3,1,1.0,0,16.551,,,,,,
335,3,green,yellow,pink,blue,1,10,259,0.365386800267217,0.504904184311992,0.511042419479543,0.492351265483707,2,3,2,0.0,1,6.791,,,,,,
335,3,green,yellow,pink,blue,1,10,260,0.908581012951599,0.788624211319734,0.0229414201856819,0.334331500386759,3,3,2,1.0,0,2.52,,,,,,
335,3,green,yellow,pink,blue,1,10,261,0.419610402577939,0.214161200638917,0.246214554013512,0.0721612317431783,1,1,2,1.0,0,5.1,,,,,,
335,3,green,yellow,pink,blue,1,11,262,0.48265258619915,0.591936845305201,0.938276523301792,0.601477764298538,2,2,2,1.0,1,7.224,,,,,,
335,3,green,yellow,pink,blue,1,11,263,0.30484103922903,0.0098218497634309,0.110689083018112,0.993036233921841,1,1,3,1.0,0,2.761,,,,,,
335,3,green,yellow,pink,blue,1,11,264,0.806426246063245,0.144951942425046,0.201390692839016,0.936770560520752,3,3,2,1.0,0,5.202,,,,,,
335,3,green,yellow,pink,blue,1,11,265,0.201645361040594,0.707803425683447,0.127790057240567,0.630165072302439,2,2,3,1.0,0,0.885,,,,,,
335,3,green,yellow,pink,blue,1,11,266,0.597206376262789,0.746535510325157,0.0194908356402319,0.195709388624474,3,3,2,1.0,0,6.757,,,,,,
335,3,green,yellow,pink,blue,1,11,267,0.163867748851807,0.753178135288601,0.185366544624902,0.735315903213584,2,2,3,1.0,0,0.338,,,,,,
335,3,green,yellow,pink,blue,1,11,268,0.48999632732194,0.575364152001063,0.0540291700066317,0.246146760609704,2,3,2,0.0,1,3.705,,,,,,
335,3,green,yellow,pink,blue,1,11,269,0.937252186358717,0.957070138694998,0.973640840561092,0.45237261200785,4,3,2,0.5,0,10.834,,,,,,
335,3,green,yellow,pink,blue,1,11,270,0.711975895051789,0.111208574896794,0.739474036046909,0.784358350450035,4,4,2,1.0,0,9.763,,,,,,
335,3,green,yellow,pink,blue,1,11,271,0.518915393191398,0.380688386692457,0.877264271428102,0.996900110127049,4,4,3,1.0,1,1.949,,,,,,
335,3,green,yellow,pink,blue,1,11,272,0.139793211766442,0.808963841324076,0.898071406441445,0.106549844270439,2,2,2,1.0,0,3.887,,,,,,
335,3,green,yellow,pink,blue,1,11,273,0.453527547282313,0.322994092004898,0.568143346094252,0.178542155304723,1,1,1,1.0,1,8.511,,,,,,
335,3,green,yellow,pink,blue,1,11,274,0.0834772515280833,0.422265588149802,0.264737985106628,0.835296287671953,1,1,1,1.0,0,5.307,,,,,,
335,3,green,yellow,pink,blue,1,11,275,0.524165742343259,0.969744974808775,0.984072147605474,0.0745858354624044,4,2,3,0.0,1,1.672,,,,,,
335,3,green,yellow,pink,blue,1,11,276,0.859396052883133,0.700411643481991,0.564696384667214,0.26822145363565,4,3,3,0.5,0,6.224,,,,,,
335,3,green,yellow,pink,blue,1,11,277,0.816038436702749,0.217536709534947,0.562531425116418,0.627818266514537,4,4,2,1.0,0,6.212,,,,,,
335,3,green,yellow,pink,blue,1,11,278,0.220801131322387,0.0179422571708765,0.267886565661426,0.709996816602226,1,1,3,1.0,0,1.298,,,,,,
335,3,green,yellow,pink,blue,1,11,279,0.181178845172321,0.641517653888793,0.872614904748912,0.870687151403816,2,4,1,0.0,0,10.675,,,,,,
335,3,green,yellow,pink,blue,1,11,280,0.982229438693216,0.405949316167491,0.775922376285592,0.798653403128326,4,4,2,1.0,0,5.033,,,,,,
335,3,green,yellow,pink,blue,1,11,281,0.517892204585081,0.309422826402719,0.573215788058347,0.138887826871441,4,3,2,0.5,1,7.877,,,,,,
335,3,green,yellow,pink,blue,1,11,282,0.304663613155338,0.937275907781499,0.0181839493457427,0.868073565286645,2,2,3,1.0,0,0.948,,,,,,
335,3,green,yellow,pink,blue,1,11,283,0.968096987156981,0.530225427586602,0.43710712020887,0.245469310272855,3,3,3,1.0,1,1.532,,,,,,
335,3,green,yellow,pink,blue,1,11,284,0.612846394819494,0.257595063932961,0.160120744297426,0.957040579732198,3,1,2,0.0,0,6.297,,,,,,
335,3,green,yellow,pink,blue,1,11,285,0.99399645796917,0.172813390956823,0.974062270230707,0.530182989020078,4,4,2,1.0,0,4.455,,,,,,
335,3,green,yellow,pink,blue,1,11,286,0.055858246749002,0.175819939623678,0.879463311023613,0.122982971199171,1,1,2,1.0,0,3.955,,,,,,
335,3,green,yellow,pink,blue,1,11,287,0.953693598704642,0.520313340547567,0.532686657569991,0.665274029960321,4,3,2,0.5,1,4.447,,,,,,
335,3,green,yellow,pink,blue,1,11,288,0.522439544967073,0.077889449721405,0.660171680268054,0.460480157531513,4,4,2,1.0,1,4.058,,,,,,
335,3,green,yellow,pink,blue,1,11,289,0.53200957909902,0.17800652937615,0.192952847738099,0.978588758008653,3,1,1,0.0,1,6.518,,,,,,
335,3,green,yellow,pink,blue,1,12,290,0.791940245985545,0.121722853499025,0.486997966223883,0.605146416928901,3,4,2,0.5,1,6.488,,,,,,
335,3,green,yellow,pink,blue,1,12,291,0.409830529720624,0.128112572009703,0.112981707028135,0.0620796662265811,1,1,2,1.0,0,2.223,,,,,,
335,3,green,yellow,pink,blue,1,12,292,0.602579199503499,0.361622510106499,0.890013785686402,0.322148141737872,4,4,1,1.0,0,6.419,,,,,,
335,3,green,yellow,pink,blue,1,12,293,0.0243752168763649,0.171669623959966,0.715600658775071,0.13792683551647,1,1,2,1.0,0,4.958,,,,,,
335,3,green,yellow,pink,blue,1,12,294,0.137131181319716,0.678791271407235,0.855909803224364,0.114388231002688,2,2,3,1.0,0,1.252,,,,,,
335,3,green,yellow,pink,blue,1,12,295,0.87203691033782,0.49449396626617,0.724009216867434,0.186528118080333,4,3,3,0.5,1,2.646,,,,,,
335,3,green,yellow,pink,blue,1,12,296,0.555835925866875,0.199936586926685,0.301315535894785,0.355890772136729,3,3,1,1.0,0,5.056,,,,,,
335,3,green,yellow,pink,blue,1,12,297,0.649480962032117,0.450916993399997,0.506941376322091,0.394533031098734,4,3,2,0.5,1,1.422,,,,,,
335,3,green,yellow,pink,blue,1,12,298,0.212940715581846,0.32680541598419,0.409441833403331,0.985864162444061,1,4,1,0.0,0,8.046,,,,,,
335,3,green,yellow,pink,blue,1,12,299,0.104949555717357,0.91142694827308,0.396417133250436,0.516158148163548,2,2,2,1.0,0,1.925,,,,,,
335,3,green,yellow,pink,blue,1,12,300,0.396969388804023,0.928711118054062,0.832033301004333,0.0925807982452457,2,2,3,1.0,0,0.837,,,,,,
335,3,green,yellow,pink,blue,1,12,301,0.204812645809793,0.796949295127816,0.171764952764493,0.702670272412075,2,2,3,1.0,0,0.879,,,,,,
335,3,green,yellow,pink,blue,1,12,302,0.677609065031229,0.697288409652973,0.142810353043441,0.223292337700996,3,3,2,1.0,0,1.343,,,,,,
335,3,green,yellow,pink,blue,1,12,303,0.278665898637412,0.606627093889325,0.908154242109982,0.984876389781565,2,4,3,0.0,0,3.236,,,,,,
335,3,green,yellow,pink,blue,1,12,304,0.105051457348945,0.907487024190478,0.183797797488034,0.2341327934559,2,2,2,1.0,0,2.199,,,,,,
335,3,green,yellow,pink,blue,1,12,305,0.397403017133024,0.207809936026575,0.217562381432276,0.353759778411455,1,3,1,0.0,0,5.116,,,,,,
335,3,green,yellow,pink,blue,1,12,306,0.505480880883074,0.452557063257196,0.0373145213872798,0.461174209041087,3,3,2,1.0,1,4.095,,,,,,
335,3,green,yellow,pink,blue,1,12,307,0.674317699636419,0.0649147219249076,0.687290749838984,0.58461050571111,4,4,2,1.0,0,2.691,,,,,,
335,3,green,yellow,pink,blue,1,12,308,0.438165548758073,0.0316365094323666,0.388173264787662,0.374269451904599,1,1,1,1.0,0,5.122,,,,,,
335,3,green,yellow,pink,blue,1,12,309,0.58273081996019,0.383462288294459,0.0346546858834689,0.782332679105034,3,2,1,0.0,0,6.591,,,,,,
335,3,green,yellow,pink,blue,1,12,310,0.692611370217668,0.654848773368892,0.493570452207469,0.552807791023566,3,3,1,1.0,1,4.053,,,,,,
335,3,green,yellow,pink,blue,1,12,311,0.863856993532969,0.240518171132291,0.628623152783171,0.212724071253425,4,4,2,1.0,0,4.451,,,,,,
335,3,green,yellow,pink,blue,1,12,312,0.994398921480704,0.94805712257769,0.559672377891882,0.233468855865121,4,3,2,0.5,0,5.635,,,,,,
335,3,green,yellow,pink,blue,1,12,313,0.0598220034768873,0.51064384119238,0.998859850115635,0.297107562794612,2,2,2,1.0,1,3.787,,,,,,
335,3,green,yellow,pink,blue,1,12,314,0.210506675771153,0.474290612070286,0.0836221013042295,0.520430264939325,1,2,2,0.5,1,3.062,,,,,,
335,3,green,yellow,pink,blue,1,12,315,0.0794983732635515,0.817830614664832,0.856285414022362,0.173393506814907,2,2,3,1.0,0,0.334,,,,,,
335,3,green,yellow,pink,blue,1,12,316,0.861963450158863,0.379124066566048,0.323569402926453,0.111116114660966,3,3,2,1.0,0,6.584,,,,,,
335,3,green,yellow,pink,blue,1,12,317,0.369984396701574,0.280678037561776,0.559871259442648,0.379710153028065,1,4,2,0.0,0,5.384,,,,,,
335,3,green,yellow,pink,blue,1,12,318,0.450234600783806,0.263091568927821,0.696414151697026,0.982964826245296,1,4,2,0.0,1,1.221,,,,,,
335,3,green,yellow,pink,blue,1,12,319,0.0239879120676931,0.214623915665756,0.332972435624364,0.42831382232402,1,1,2,1.0,0,1.784,,,,,,
335,3,green,yellow,pink,blue,1,12,320,0.522135492465378,0.74487870303086,0.56079567527722,0.466489157676512,4,3,2,0.5,1,6.794,,,,,,
335,3,green,yellow,pink,blue,1,12,321,0.244990276576679,0.0210469416004903,0.641864208621234,0.567568848809516,1,1,2,1.0,0,5.484,,,,,,
335,3,green,yellow,pink,blue,1,13,322,0.49814361182275,0.332089063873305,0.525739748387176,0.865546177200312,1,4,2,0.0,1,6.234,,,,,,
335,3,green,yellow,pink,blue,1,13,323,0.806404191242988,0.212282738982561,0.945782060293066,0.44085948651768,4,4,2,1.0,0,2.703,,,,,,
335,3,green,yellow,pink,blue,1,13,324,0.382194199031817,0.987762835606897,0.793377377807962,0.711574555144609,2,2,2,1.0,0,3.395,,,,,,
335,3,green,yellow,pink,blue,1,13,325,0.750692512612129,0.351501409634781,0.197603506890048,0.321727366695137,3,3,2,1.0,0,2.477,,,,,,
335,3,green,yellow,pink,blue,1,13,326,0.153825506790593,0.363740890681254,0.430837707431059,0.753148626137298,1,4,2,0.0,0,6.79,,,,,,
335,3,green,yellow,pink,blue,1,13,327,0.580590554597048,0.924483849571646,0.232124059127779,0.264258857269894,3,3,2,1.0,0,5.55,,,,,,
335,3,green,yellow,pink,blue,1,13,328,0.656118637749967,0.507187302728708,0.313661783578986,0.375879290650089,3,3,2,1.0,1,3.386,,,,,,
335,3,green,yellow,pink,blue,1,13,329,0.410874367428192,0.2026739139292,0.259282464443872,0.33980345451598,1,3,1,0.0,0,6.483,,,,,,
335,3,green,yellow,pink,blue,1,13,330,0.968264735876811,0.427171350477019,0.346332404397784,0.937109395936984,3,4,1,0.5,0,9.456,,,,,,
335,3,green,yellow,pink,blue,1,13,331,0.264226593755769,0.85992512937835,0.391026547668313,0.958155404581884,2,2,2,1.0,0,2.749,,,,,,
335,3,green,yellow,pink,blue,1,13,332,0.0618602933004466,0.121920060266199,0.982124180913023,0.922270106705847,1,4,2,0.0,0,5.622,,,,,,
335,3,green,yellow,pink,blue,1,13,333,0.589751262180511,0.571449582138835,0.773464347896572,0.433237773961995,4,3,1,0.5,0,10.597,,,,,,
335,3,green,yellow,pink,blue,1,13,334,0.526442200910436,0.557662531213016,0.602334321965413,0.362475093609173,4,2,1,0.0,1,6.258,,,,,,
335,3,green,yellow,pink,blue,1,13,335,0.33459132225201,0.705261183908486,0.975478772057847,0.294477127432225,2,2,2,1.0,0,0.949,,,,,,
335,3,green,yellow,pink,blue,1,13,336,0.404552397004279,0.902985742496693,0.0592976136681609,0.453700253110009,2,2,2,1.0,0,0.373,,,,,,
335,3,green,yellow,pink,blue,1,13,337,0.41939040774408,0.305061995086207,0.536390911702999,0.378617518878007,1,1,2,1.0,1,7.315,,,,,,
335,3,green,yellow,pink,blue,1,13,338,0.150091924424208,0.639352198576434,0.2490552644676,0.655653138570276,2,2,3,1.0,0,1.165,,,,,,
335,3,green,yellow,pink,blue,1,13,339,0.213560444426032,0.147386336295422,0.985416102604402,0.88140843064256,1,1,2,1.0,0,1.519,,,,,,
335,3,green,yellow,pink,blue,1,13,340,0.599831782471295,0.527267365971394,0.530752350725892,0.253282358844224,4,3,2,0.5,1,1.583,,,,,,
335,3,green,yellow,pink,blue,1,13,341,0.167396447108178,0.377450857695417,0.107060320933297,0.287884368493111,1,1,2,1.0,0,6.462,,,,,,
335,3,green,yellow,pink,blue,1,13,342,0.831265249106887,0.807301017552221,0.339049564945449,0.461218992884447,3,3,2,1.0,0,1.945,,,,,,
335,3,green,yellow,pink,blue,1,13,343,0.484797195117388,0.711826519833647,0.459768659524477,0.132709141700722,2,2,2,1.0,1,2.933,,,,,,
335,3,green,yellow,pink,blue,1,13,344,0.972311549984128,0.957133327981723,0.681865796557217,0.503336082263113,4,3,2,0.5,0,6.093,,,,,,
335,3,green,yellow,pink,blue,1,13,345,0.527614917402107,0.383708611628391,0.604038733975264,0.343678496639944,4,3,1,0.5,1,4.53,,,,,,
335,3,green,yellow,pink,blue,1,13,346,0.691383756452847,0.499196601431426,0.913389718272804,0.338545839078229,4,4,2,1.0,1,3.503,,,,,,
335,3,green,yellow,pink,blue,1,13,347,0.616515527509093,0.511519690330341,0.433643341589147,0.318548598908397,3,3,2,1.0,1,2.904,,,,,,
335,3,green,yellow,pink,blue,1,13,348,0.348355354196457,0.65523774563649,0.741368168736604,0.139628048241676,2,2,2,1.0,0,0.55,,,,,,
335,3,green,yellow,pink,blue,1,13,349,0.0021052470781199,0.625980872441888,0.811071139445986,0.284411719904317,2,2,2,1.0,0,2.424,,,,,,
335,3,green,yellow,pink,blue,1,13,350,0.944869601370937,0.527075874888876,0.602790710901648,0.621092664367795,4,3,2,0.5,1,7.447,,,,,,
335,3,green,yellow,pink,blue,1,13,351,0.734326855034284,0.942933723380031,0.754764533208349,0.0751786867940043,4,2,2,0.0,0,2.266,,,,,,
335,3,green,yellow,pink,blue,1,13,352,0.838793501157927,0.185948223516849,0.786954912904937,0.881789767106605,4,4,2,1.0,0,2.753,,,,,,
335,3,green,yellow,pink,blue,2,1,353,0.0068647347376715,0.793111122755843,0.0576126634998304,0.474158527459403,2,2,2,1.0,0,3.335,,,,,,
335,3,green,yellow,pink,blue,2,1,354,0.655164320476032,0.72584519410827,0.284642277562082,0.436001862968899,3,3,2,1.0,0,3.636,,,,,,
335,3,green,yellow,pink,blue,2,1,355,0.162296466750959,0.831562747194735,0.391907813504003,0.153859666507179,2,2,2,1.0,0,1.432,,,,,,
335,3,green,yellow,pink,blue,2,1,356,0.73550967586715,0.867778603691501,0.0763639943273307,0.546979515031536,3,3,1,1.0,0,5.704,,,,,,
335,3,green,yellow,pink,blue,2,1,357,0.962591574191214,0.807308039787524,0.352340180362178,0.766891235419521,3,3,2,1.0,0,4.248,,,,,,
335,3,green,yellow,pink,blue,2,1,358,0.591061961012421,0.280758905601116,0.305545225596542,0.945547947204061,3,1,2,0.0,0,2.684,,,,,,
335,3,green,yellow,pink,blue,2,1,359,0.150886253398693,0.223607885835246,0.928060901323816,0.126773808964834,1,1,2,1.0,0,2.611,,,,,,
335,3,green,yellow,pink,blue,2,1,360,0.932281412719384,0.563811573839865,0.930483874618245,0.0399087741128602,4,4,1,1.0,0,3.93,,,,,,
335,3,green,yellow,pink,blue,2,1,361,0.869624760677499,0.903812985489565,0.573745691343131,0.913217514384569,4,3,1,0.5,0,9.683,,,,,,
335,3,green,yellow,pink,blue,2,1,362,0.556920919857851,0.131724547527467,0.997271560062106,0.743476032644466,4,4,1,1.0,0,3.561,,,,,,
335,3,green,yellow,pink,blue,2,1,363,0.635523691565876,0.657568425072093,0.536620178835038,0.563182990373554,4,3,2,0.5,1,3.441,,,,,,
335,3,green,yellow,pink,blue,2,1,364,0.0606271051474266,0.608404180891906,0.282751322779923,0.589286705218109,2,2,2,1.0,0,4.838,,,,,,
335,3,green,yellow,pink,blue,2,1,365,0.531959177726679,0.395639143260022,0.149682375728095,0.550750142920746,3,2,2,0.0,1,11.858,,,,,,
335,3,green,yellow,pink,blue,2,1,366,0.406082134551361,0.438174410915816,0.571409803852311,0.671775274147273,1,4,1,0.0,0,2.942,,,,,,
335,3,green,yellow,pink,blue,2,1,367,0.508858023032473,0.0061340523838727,0.77356331533346,0.0241696603192335,4,4,2,1.0,1,3.116,,,,,,
335,3,green,yellow,pink,blue,2,1,368,0.454792573202966,0.392253582884655,0.808785207040203,0.635608911950705,1,4,2,0.0,1,5.286,,,,,,
335,3,green,yellow,pink,blue,2,1,369,0.74673698979035,0.850201681770156,0.321603991400569,0.26888947774676,3,3,2,1.0,0,1.492,,,,,,
335,3,green,yellow,pink,blue,2,1,370,0.341097798059023,0.659062163110231,0.849819570624913,0.141006452215488,2,2,2,1.0,0,2.749,,,,,,
335,3,green,yellow,pink,blue,2,1,371,0.731008824472758,0.914702442232769,0.242227069079655,0.756883780046715,3,3,2,1.0,0,6.372,,,,,,
335,3,green,yellow,pink,blue,2,1,372,0.264213672575856,0.861283360946228,0.817845544606333,0.0790428101057153,2,2,3,1.0,0,16.448,,,,,,
335,3,green,yellow,pink,blue,2,1,373,0.431787255619807,0.0069228121559384,0.0650776230260674,0.545173377180639,1,1,3,1.0,0,2.877,,,,,,
335,3,green,yellow,pink,blue,2,1,374,0.47916785925112,0.391600613002251,0.979038911057882,0.474944165410592,1,4,1,0.0,1,6.826,,,,,,
335,3,green,yellow,pink,blue,2,1,375,0.682185988350631,0.0694451372800949,0.398666155321389,0.874909969063694,3,4,1,0.5,0,5.486,,,,,,
335,3,green,yellow,pink,blue,2,1,376,0.409735520948331,0.529720972242312,0.0741517181479469,0.892365220721333,2,2,3,1.0,1,1.708,,,,,,
335,3,green,yellow,pink,blue,2,1,377,0.459176188834167,0.88720837813337,0.679040337189043,0.179799333569329,2,1,1,0.5,1,3.864,,,,,,
335,3,green,yellow,pink,blue,2,1,378,0.100591985584348,0.525257826993287,0.486799643806307,0.707571178274019,2,2,2,1.0,1,5.304,,,,,,
335,3,green,yellow,pink,blue,2,2,379,0.634295481710084,0.697631818019963,0.150748426772912,0.151153967484437,3,3,4,1.0,0,3.324,,,,,,
335,3,green,yellow,pink,blue,2,2,380,0.411034482182096,0.272972441183084,0.930128755600474,0.617219962335723,1,4,2,0.0,0,7.058,,,,,,
335,3,green,yellow,pink,blue,2,2,381,0.757830474971337,0.101513573488651,0.346511307038328,0.813089173009493,3,1,1,0.0,0,7.588,,,,,,
335,3,green,yellow,pink,blue,2,2,382,0.407201210265914,0.781611065178482,0.728002972886024,0.600970267413109,2,2,3,1.0,0,3.874,,,,,,
335,3,green,yellow,pink,blue,2,2,383,0.106643854170893,0.802142252314569,0.908397157720571,0.775470143147319,2,2,3,1.0,0,4.468,,,,,,
335,3,green,yellow,pink,blue,2,2,384,0.679110808636565,0.420200620943822,0.740381685575761,0.0835552109374837,4,4,2,1.0,0,4.368,,,,,,
335,3,green,yellow,pink,blue,2,2,385,0.421295142571716,0.96777733790952,0.493548438549382,0.838833139801084,2,2,4,1.0,1,1.735,,,,,,
335,3,green,yellow,pink,blue,2,2,386,0.515995123505331,0.0258317614079182,0.387557509051981,0.20502801050223,3,4,1,0.5,1,11.623,,,,,,
335,3,green,yellow,pink,blue,2,2,387,0.760534246208803,0.638271263630573,0.794146616845809,0.675899309745298,4,3,1,0.5,0,3.531,,,,,,
335,3,green,yellow,pink,blue,2,2,388,0.60501800882001,0.713723018979063,0.862149418529178,0.0510865848017459,4,2,4,0.0,0,2.038,,,,,,
335,3,green,yellow,pink,blue,2,2,389,0.476040625440476,0.349157757494197,0.432500942501561,0.518381122728838,1,3,2,0.0,1,6.768,,,,,,
335,3,green,yellow,pink,blue,2,2,390,0.139132563974991,0.693960426049957,0.0539098248976123,0.753713832355498,2,2,4,1.0,0,2.776,,,,,,
335,3,green,yellow,pink,blue,2,2,391,0.69795040946618,0.173025674075359,0.277514793177108,0.245126422401598,3,4,1,0.5,0,8.993,,,,,,
335,3,green,yellow,pink,blue,2,2,392,0.190103329065916,0.403367542628305,0.295803214784657,0.385541920353161,1,4,2,0.0,0,9.931,,,,,,
335,3,green,yellow,pink,blue,2,2,393,0.269778492631532,0.0764427395804748,0.0300446019162388,0.130069069332396,1,1,2,1.0,0,1.627,,,,,,
335,3,green,yellow,pink,blue,2,2,394,0.412174037344406,0.14359657561265,0.761912720053154,0.787810033359272,1,3,2,0.0,0,11.541,,,,,,
335,3,green,yellow,pink,blue,2,2,395,0.988152107626806,0.422286816842701,0.220015043657104,0.492348937500791,3,3,3,1.0,0,1.479,,,,,,
335,3,green,yellow,pink,blue,2,2,396,0.789671809730382,0.243253351532912,0.95493098113909,0.686071454614813,4,4,2,1.0,0,3.797,,,,,,
335,3,green,yellow,pink,blue,2,2,397,0.884468467493587,0.86488443596992,0.0171367569422718,0.589922587370625,3,3,2,1.0,0,6.982,,,,,,
335,3,green,yellow,pink,blue,2,2,398,0.313784688491504,0.867667643924013,0.535024945043851,0.678757466434619,2,2,3,1.0,1,4.53,,,,,,
335,3,green,yellow,pink,blue,2,2,399,0.132131110213115,0.422460389639208,0.749922318881568,0.327419933537255,1,2,3,0.5,0,6.904,,,,,,
335,3,green,yellow,pink,blue,2,2,400,0.406154340396795,0.1677541618896,0.0293021336179295,0.988920667390779,1,1,3,1.0,0,3.272,,,,,,
335,3,green,yellow,pink,blue,2,2,401,0.982174391317942,0.0948815513942516,0.127589027774771,0.970085802675206,3,3,1,1.0,0,4.971,,,,,,
335,3,green,yellow,pink,blue,2,2,402,0.769987599473111,0.546124113477683,0.532840345530353,0.256407644514451,4,3,3,0.5,1,3.146,,,,,,
335,3,green,yellow,pink,blue,2,3,403,0.382918534338002,0.835581265309596,0.890687915748741,0.337359335896716,2,1,1,0.5,0,2.223,,,,,,
335,3,green,yellow,pink,blue,2,3,404,0.106065771113383,0.100836521429345,0.535031038522022,0.912236621037114,1,1,2,1.0,1,6.193,,,,,,
335,3,green,yellow,pink,blue,2,3,405,0.757966214474053,0.789207042495583,0.33659814132213,0.882073603407175,3,3,2,1.0,0,7.077,,,,,,
335,3,green,yellow,pink,blue,2,3,406,0.3942004136256,0.491995259014294,0.49799150905153,0.659536240794797,1,4,1,0.0,1,8.033,,,,,,
335,3,green,yellow,pink,blue,2,3,407,0.330210624127864,0.0331255081334889,0.910951732804026,0.48893393432747,1,4,1,0.0,0,6.47,,,,,,
335,3,green,yellow,pink,blue,2,3,408,0.817740055438373,0.319436450575699,0.686014546533167,0.195241105129243,4,4,2,1.0,0,2.094,,,,,,
335,3,green,yellow,pink,blue,2,3,409,0.846344652446865,0.282079058339184,0.685547649201882,0.566118823362145,4,4,2,1.0,0,6.47,,,,,,
335,3,green,yellow,pink,blue,2,3,410,0.786059133966889,0.296894553953201,0.896446569919579,0.790026567403124,4,3,2,0.5,0,4.675,,,,,,
335,3,green,yellow,pink,blue,2,3,411,0.848843271937883,0.952250896720814,0.212027781234342,0.202804101486756,3,3,2,1.0,0,3.769,,,,,,
335,3,green,yellow,pink,blue,2,3,412,0.756535646669192,0.453197769575685,0.0733028997051743,0.258674427401305,3,3,3,1.0,1,2.298,,,,,,
335,3,green,yellow,pink,blue,2,3,413,0.159193932132925,0.669842284530156,0.203712173454299,0.621537182599393,2,2,4,1.0,0,4.698,,,,,,
335,3,green,yellow,pink,blue,2,3,414,0.274385301648071,0.613346206443374,0.709909562314099,0.74558212266044,2,2,2,1.0,0,7.206,,,,,,
335,3,green,yellow,pink,blue,2,3,415,0.210106897139903,0.128759145019643,0.168071072603824,0.205797017477748,1,1,2,1.0,0,2.292,,,,,,
335,3,green,yellow,pink,blue,2,3,416,0.421686018064432,0.855076175610334,0.275753522530812,0.468688729311341,2,2,4,1.0,0,1.682,,,,,,
335,3,green,yellow,pink,blue,2,3,417,0.369622588139957,0.047791171777639,0.128292707946621,0.684992268064851,1,1,3,1.0,0,1.46,,,,,,
335,3,green,yellow,pink,blue,2,3,418,0.205370094039141,0.642666630736399,0.467532050477993,0.795409672586047,2,2,4,1.0,1,2.496,,,,,,
335,3,green,yellow,pink,blue,2,3,419,0.906805813551461,0.258164614337635,0.519399010860156,0.514479753067487,4,4,2,1.0,1,6.32,,,,,,
335,3,green,yellow,pink,blue,2,3,420,0.499629581404795,0.981245073262561,0.699702672681515,0.561756370740894,2,2,4,1.0,1,2.716,,,,,,
335,3,green,yellow,pink,blue,2,3,421,0.530423133902501,0.606750493362847,0.654038152052057,0.467110470464254,4,2,2,0.0,1,1.546,,,,,,
335,3,green,yellow,pink,blue,2,3,422,0.657105891485468,0.0272525655881626,0.348763455419429,0.296495754633693,3,1,2,0.0,0,8.674,,,,,,
335,3,green,yellow,pink,blue,2,3,423,0.751121681919284,0.253664819638386,0.929795971715548,0.170255466217755,4,4,3,1.0,0,4.377,,,,,,
335,3,green,yellow,pink,blue,2,3,424,0.884270053246574,0.873798425727118,0.629789922934716,0.126661470279398,4,3,2,0.5,0,5.494,,,,,,
335,3,green,yellow,pink,blue,2,3,425,0.704181822285142,0.838596736097958,0.983248936128703,0.492465796666671,4,2,2,0.0,0,2.639,,,,,,
335,3,green,yellow,pink,blue,2,3,426,0.785097491735169,0.823083015542178,0.783412386751778,0.771435830575348,4,2,1,0.0,0,8.272,,,,,,
335,3,green,yellow,pink,blue,2,3,427,0.156922611852701,0.394897742300844,0.26876147411342,0.755946530215405,1,1,1,1.0,0,4.931,,,,,,
335,3,green,yellow,pink,blue,2,3,428,0.862155377175928,0.817738693178272,0.226930037580387,0.862127195189027,3,3,1,1.0,0,9.193,,,,,,
335,3,green,yellow,pink,blue,2,4,429,0.747286569790846,0.948791398617271,0.0464892120276185,0.279870246534466,3,2,1,0.0,0,9.568,,,,,,
335,3,green,yellow,pink,blue,2,4,430,0.125890841035004,0.320412937576682,0.883481040313433,0.429355444586528,1,4,1,0.0,0,4.509,,,,,,
335,3,green,yellow,pink,blue,2,4,431,0.877908029711808,0.93868028140327,0.335863027357191,0.293572231116354,3,3,3,1.0,0,0.9,,,,,,
335,3,green,yellow,pink,blue,2,4,432,0.158153540408388,0.682996452770894,0.0408008056706853,0.203619209642294,2,1,2,0.5,0,6.412,,,,,,
335,3,green,yellow,pink,blue,2,4,433,0.0539545627959125,0.162007546339981,0.236878297348164,0.290936904884848,1,1,2,1.0,0,3.513,,,,,,
335,3,green,yellow,pink,blue,2,4,434,0.366337204454258,0.262487422527868,0.543419101931347,0.0737661905858863,1,1,3,1.0,1,6.483,,,,,,
335,3,green,yellow,pink,blue,2,4,435,0.694995441818079,0.250711529390661,0.460673834773713,0.519743938681535,3,3,2,1.0,1,8.711,,,,,,
335,3,green,yellow,pink,blue,2,4,436,0.579109202037838,0.473255304282855,0.296950112933194,0.308969693575209,3,3,2,1.0,1,3.525,,,,,,
335,3,green,yellow,pink,blue,2,4,437,0.376913648541258,0.721122411794234,0.0123813096360953,0.289209204256594,2,2,4,1.0,0,1.265,,,,,,
335,3,green,yellow,pink,blue,2,4,438,0.0166893849801177,0.489605711103442,0.70265433187699,0.804198309605296,1,3,2,0.0,1,5.845,,,,,,
335,3,green,yellow,pink,blue,2,4,439,0.414666776205778,0.966758845260002,0.555693668786296,0.876164482671443,2,2,2,1.0,0,3.005,,,,,,
335,3,green,yellow,pink,blue,2,4,440,0.276175058373323,0.896347363793945,0.852132194476606,0.828796241197693,2,2,3,1.0,0,2.087,,,,,,
335,3,green,yellow,pink,blue,2,4,441,0.991474012652274,0.800114095388427,0.969040967118374,0.253061720955634,4,4,1,1.0,0,3.664,,,,,,
335,3,green,yellow,pink,blue,2,4,442,0.305312666709053,0.860150606117898,0.0620524898515405,0.122656293142596,2,2,4,1.0,0,1.238,,,,,,
335,3,green,yellow,pink,blue,2,4,443,0.140888013021881,0.329406583503754,0.32416946791655,0.329003688946009,1,1,1,1.0,0,6.376,,,,,,
335,3,green,yellow,pink,blue,2,4,444,0.570357658605276,0.112985467290984,0.556219328889876,0.001230386368881,4,4,2,1.0,0,1.863,,,,,,
335,3,green,yellow,pink,blue,2,4,445,0.846291273127056,0.858320827692228,0.144965393192268,0.133954873395771,3,3,2,1.0,0,5.919,,,,,,
335,3,green,yellow,pink,blue,2,4,446,0.532689786672965,0.50283373379742,0.178177616169629,0.577960037392289,3,2,1,0.0,1,4.94,,,,,,
335,3,green,yellow,pink,blue,2,4,447,0.190147385440266,0.527647106870934,0.626014126008613,0.605147896006363,2,2,2,1.0,1,8.278,,,,,,
335,3,green,yellow,pink,blue,2,4,448,0.789838910901575,0.477729422727993,0.601440278300316,0.909306362341781,4,3,1,0.5,1,11.319,,,,,,
335,3,green,yellow,pink,blue,2,4,449,0.451563210174081,0.886292059077488,0.168710520165785,0.0439151408258865,2,2,4,1.0,1,1.777,,,,,,
335,3,green,yellow,pink,blue,2,4,450,0.0285029257118943,0.640149938537459,0.16042119632985,0.829921730454615,2,2,4,1.0,0,2.683,,,,,,
335,3,green,yellow,pink,blue,2,4,451,0.911574264096648,0.60491659496096,0.677169045369368,0.925395991073776,4,4,1,1.0,0,3.518,,,,,,
335,3,green,yellow,pink,blue,2,4,452,0.318396932526054,0.400780482883382,0.327870259688068,0.669081879390472,1,1,2,1.0,0,5.035,,,,,,
335,3,green,yellow,pink,blue,2,4,453,0.709870707879246,0.897535384306567,0.399848578113177,0.614113484180126,3,2,1,0.0,0,8.358,,,,,,
335,3,green,yellow,pink,blue,2,4,454,0.731636861722023,0.213595200573668,0.405864405740608,0.0008229984571868,3,4,1,0.5,0,2.658,,,,,,
335,3,green,yellow,pink,blue,2,5,455,0.174113707493193,0.431262554491598,0.576061421515432,0.122755241092376,1,2,2,0.5,0,13.637,,,,,,
335,3,green,yellow,pink,blue,2,5,456,0.254965136382224,0.917061649354205,0.859403085676497,0.120985831906613,2,2,3,1.0,0,3.556,,,,,,
335,3,green,yellow,pink,blue,2,5,457,0.679775434803906,0.50124495603362,0.505292970079387,0.733773842232582,4,3,3,0.5,1,2.728,,,,,,
335,3,green,yellow,pink,blue,2,5,458,0.925772672405487,0.90046139545717,0.48752443353117,0.133665403480274,3,4,1,0.5,1,5.503,,,,,,
335,3,green,yellow,pink,blue,2,5,459,0.987471453671667,0.610744659995892,0.935162239623866,0.141141998948152,4,4,3,1.0,0,2.1,,,,,,
335,3,green,yellow,pink,blue,2,5,460,0.879099529212839,0.300411086425138,0.352294102090959,0.90831611888199,3,3,3,1.0,0,1.869,,,,,,
335,3,green,yellow,pink,blue,2,5,461,0.267546031429459,0.511108619080893,0.10476216348459,0.41265466337164,2,2,1,1.0,1,7.079,,,,,,
335,3,green,yellow,pink,blue,2,5,462,0.095431282808783,0.695588388632308,0.788205582083349,0.884490508176682,2,4,2,0.0,0,6.946,,,,,,
335,3,green,yellow,pink,blue,2,5,463,0.469556227356592,0.399059132447146,0.930109484531763,0.901681142719091,1,3,1,0.0,1,3.666,,,,,,
335,3,green,yellow,pink,blue,2,5,464,0.081995747155838,0.0081806528269863,0.195873713007264,0.653923313961416,1,1,3,1.0,0,1.119,,,,,,
335,3,green,yellow,pink,blue,2,5,465,0.196003476662815,0.286995599975772,0.813812471593974,0.446630459513974,1,4,1,0.0,0,12.056,,,,,,
335,3,green,yellow,pink,blue,2,5,466,0.308588022720117,0.32771813447879,0.838974467709558,0.843505817551147,1,4,1,0.0,0,7.89,,,,,,
335,3,green,yellow,pink,blue,2,5,467,0.76205608103741,0.210830756418676,0.615549395308692,0.0425993180297741,4,4,2,1.0,0,0.817,,,,,,
335,3,green,yellow,pink,blue,2,5,468,0.871390959127644,0.634228240256888,0.983249363226946,0.984471206570822,4,3,2,0.5,0,4.391,,,,,,
335,3,green,yellow,pink,blue,2,5,469,0.251684495598385,0.749287472940089,0.173758497469617,0.481027944239716,2,2,5,1.0,0,0.934,,,,,,
335,3,green,yellow,pink,blue,2,5,470,0.577514075407401,0.294050330633503,0.86710064868302,0.549138499685594,4,4,1,1.0,0,3.907,,,,,,
335,3,green,yellow,pink,blue,2,5,471,0.299787815737208,0.308279333322894,0.775424218715608,0.117309272407857,1,2,3,0.5,0,4.624,,,,,,
335,3,green,yellow,pink,blue,2,5,472,0.0295553389781356,0.946454097231291,0.6208303157713,0.344668898730032,2,2,4,1.0,0,2.744,,,,,,
335,3,green,yellow,pink,blue,2,5,473,0.523602101937916,0.0989623977253318,0.182089911372255,0.569113299604495,3,1,1,0.0,1,8.235,,,,,,
335,3,green,yellow,pink,blue,2,5,474,0.531429279745828,0.45618863612177,0.847989352936699,0.173466892883598,4,4,2,1.0,1,12.038,,,,,,
335,3,green,yellow,pink,blue,2,5,475,0.641108601054577,0.722870589944396,0.45321998844432,0.129693248018022,3,2,3,0.0,1,6.395,,,,,,
335,3,green,yellow,pink,blue,2,5,476,0.395229532844907,0.48864816312999,0.889198351800877,0.421762466574601,1,4,1,0.0,1,7.785,,,,,,
335,3,green,yellow,pink,blue,2,5,477,0.866246607657334,0.043697259316737,0.821093126684586,0.124399242392548,4,4,5,1.0,0,3.226,,,,,,
335,3,green,yellow,pink,blue,2,5,478,0.670018925026728,0.405620447298292,0.290209713833155,0.992795472784281,3,2,1,0.0,0,7.656,,,,,,
335,3,green,yellow,pink,blue,2,6,479,0.647743722722692,0.857202928902341,0.775499829812112,0.334134141647691,4,2,2,0.0,0,8.144,,,,,,
335,3,green,yellow,pink,blue,2,6,480,0.614654825989786,0.668223343411632,0.614119893279503,0.702112885863644,4,3,2,0.5,0,5.538,,,,,,
335,3,green,yellow,pink,blue,2,6,481,0.0817462503204189,0.157211703168918,0.517775998356642,0.708236479378878,1,1,2,1.0,1,3.173,,,,,,
335,3,green,yellow,pink,blue,2,6,482,0.256322646085422,0.79936117194987,0.464082200043763,0.919227772159827,2,2,3,1.0,1,1.308,,,,,,
335,3,green,yellow,pink,blue,2,6,483,0.443029705153653,0.693720518325468,0.29787918448489,0.0259593249693197,2,2,1,1.0,0,9.785,,,,,,
335,3,green,yellow,pink,blue,2,6,484,0.211381538348855,0.0001233312133292,0.407012544921123,0.0347302960652011,1,1,2,1.0,0,1.417,,,,,,
335,3,green,yellow,pink,blue,2,6,485,0.379168771669867,0.942432434929832,0.763610750153106,0.137504228313458,2,2,4,1.0,0,1.386,,,,,,
335,3,green,yellow,pink,blue,2,6,486,0.692370595825096,0.380872169681612,0.776023728578408,0.415888440730015,4,4,3,1.0,0,5.264,,,,,,
335,3,green,yellow,pink,blue,2,6,487,0.836536742357533,0.356106111058795,0.443285530638524,0.0274178624315702,3,3,2,1.0,0,2.966,,,,,,
335,3,green,yellow,pink,blue,2,6,488,0.634908279309593,0.827221900501407,0.928829776236609,0.0438295166811212,4,4,1,1.0,0,8.24,,,,,,
335,3,green,yellow,pink,blue,2,6,489,0.341609067508816,0.852629468910296,0.479738077245353,0.341171227984847,2,2,2,1.0,1,1.529,,,,,,
335,3,green,yellow,pink,blue,2,6,490,0.597627155408404,0.940227385315041,0.443991962214213,0.333406888208104,3,3,2,1.0,0,5.353,,,,,,
335,3,green,yellow,pink,blue,2,6,491,0.163784408298165,0.905081106401129,0.797983758,0.202536501712199,2,2,3,1.0,0,1.31,,,,,,
335,3,green,yellow,pink,blue,2,6,492,0.227688206362919,0.983635392847221,0.607293765439451,0.583605565960226,2,2,3,1.0,0,2.032,,,,,,
335,3,green,yellow,pink,blue,2,6,493,0.875766532728431,0.648318481651991,0.107015724249713,0.933144327129234,3,3,2,1.0,0,5.027,,,,,,
335,3,green,yellow,pink,blue,2,6,494,0.198212179126981,0.471066888714159,0.0537771876047651,0.0354313854677126,1,2,2,0.5,1,1.967,,,,,,
335,3,green,yellow,pink,blue,2,6,495,0.566698986338303,0.390037517511527,0.336965147957503,0.959653440729867,3,3,2,1.0,0,2.757,,,,,,
335,3,green,yellow,pink,blue,2,6,496,0.61230420766741,0.204493006047673,0.857214471819862,0.246856448603121,4,4,2,1.0,0,1.472,,,,,,
335,3,green,yellow,pink,blue,2,6,497,0.18092232661803,0.128698383708673,0.00912402635038,0.680331807765232,1,1,3,1.0,0,1.662,,,,,,
335,3,green,yellow,pink,blue,2,6,498,0.530396044330213,0.705843684610854,0.205068853774367,0.630508949302709,3,3,2,1.0,1,3.64,,,,,,
335,3,green,yellow,pink,blue,2,6,499,0.385176596013401,0.365221153062956,0.437688331634092,0.549007494837078,1,2,1,0.5,0,4.737,,,,,,
335,3,green,yellow,pink,blue,2,6,500,0.560926044865969,0.689870872248485,0.945287571956898,0.279819132716264,4,4,1,1.0,0,7.598,,,,,,
335,3,green,yellow,pink,blue,2,6,501,0.40138972930333,0.373938206489267,0.198507763015884,0.133839239624054,1,2,1,0.5,0,2.259,,,,,,
335,3,green,yellow,pink,blue,2,6,502,0.581566584171426,0.680970321062032,0.472433247119955,0.292493511757168,3,3,2,1.0,1,3.247,,,,,,
335,3,green,yellow,pink,blue,2,6,503,0.942500562827843,0.309834077955467,0.32384759820019,0.0236172500205015,3,4,2,0.5,0,5.186,,,,,,
335,3,green,yellow,pink,blue,2,6,504,0.727010617345453,0.272366797825688,0.897735911110175,0.467250692099731,4,4,4,1.0,0,3.355,,,,,,
335,3,green,yellow,pink,blue,2,6,505,0.312612794585922,0.934745609993913,0.185494496409343,0.406368506897586,2,2,4,1.0,0,1.463,,,,,,
335,3,green,yellow,pink,blue,2,6,506,0.368582678839965,0.817502073775379,0.956731481592488,0.733847113195883,2,2,4,1.0,0,4.774,,,,,,
335,3,green,yellow,pink,blue,2,6,507,0.535431086395739,0.482125781907642,0.318173179912743,0.598900005280356,3,3,2,1.0,1,4.497,,,,,,
335,3,green,yellow,pink,blue,2,6,508,0.273638170413568,0.600946551003668,0.622654871875967,0.10139372304953,2,2,4,1.0,0,2.043,,,,,,
335,3,green,yellow,pink,blue,2,6,509,0.802897873633366,0.702430067907611,0.386595003772461,0.619708001632495,3,3,2,1.0,0,11.031,,,,,,
335,3,green,yellow,pink,blue,2,7,510,0.906901170224436,0.639909295220572,0.996608314748537,0.488298113029501,4,4,2,1.0,0,5.538,,,,,,
335,3,green,yellow,pink,blue,2,7,511,0.560627395070825,0.0731539631328789,0.908548071657888,0.417672211962136,4,4,3,1.0,0,1.864,,,,,,
335,3,green,yellow,pink,blue,2,7,512,0.0001536879610641,0.98203551044371,0.232694608557189,0.383615831828798,2,2,4,1.0,0,2.671,,,,,,
335,3,green,yellow,pink,blue,2,7,513,0.138132051399987,0.992396705116809,0.342421865135705,0.185917653691275,2,2,5,1.0,0,1.61,,,,,,
335,3,green,yellow,pink,blue,2,7,514,0.509314612172976,0.633338057864616,0.357590618638219,0.717659144946339,3,3,2,1.0,1,6.109,,,,,,
335,3,green,yellow,pink,blue,2,7,515,0.0266943998952797,0.323348724990978,0.0006418731906806,0.0318004011120472,1,2,2,0.5,0,6.623,,,,,,
335,3,green,yellow,pink,blue,2,7,516,0.764849214804404,0.0408639239229533,0.258653610820394,0.416819369137012,3,3,3,1.0,0,4.71,,,,,,
335,3,green,yellow,pink,blue,2,7,517,0.190782070627942,0.0578353237215569,0.089431692816156,0.214994730645043,1,1,4,1.0,0,1.824,,,,,,
335,3,green,yellow,pink,blue,2,7,518,0.83298904279594,0.683945400509372,0.185313867052742,0.796108896459352,3,3,4,1.0,0,5.356,,,,,,
335,3,green,yellow,pink,blue,2,7,519,0.456293183793358,0.503874191481086,0.223868116677574,0.715573770878281,2,2,2,1.0,1,7.78,,,,,,
335,3,green,yellow,pink,blue,2,7,520,0.0335208186845407,0.396811083447981,0.777450587891523,0.679075861093868,1,1,2,1.0,0,5.487,,,,,,
335,3,green,yellow,pink,blue,2,7,521,0.679122432365717,0.224246432289428,0.987762194233377,0.994350909914758,4,4,4,1.0,0,1.462,,,,,,
335,3,green,yellow,pink,blue,2,7,522,0.539280005592202,0.472230336876237,0.412455730447275,0.0424609232632197,3,3,1,1.0,1,9.227,,,,,,
335,3,green,yellow,pink,blue,2,7,523,0.0063139205129219,0.180538133113913,0.298669345132901,0.741116554068621,1,1,5,1.0,0,2.42,,,,,,
335,3,green,yellow,pink,blue,2,7,524,0.398641058446291,0.311305913445502,0.64600209487111,0.685106569262692,1,1,3,1.0,0,8.228,,,,,,
335,3,green,yellow,pink,blue,2,7,525,0.98306740445387,0.690842876227518,0.609831467099319,0.396088060389822,4,4,2,1.0,0,4.357,,,,,,
335,3,green,yellow,pink,blue,2,7,526,0.889083478009862,0.887491860146646,0.413184994627788,0.608645097226427,3,3,4,1.0,0,3.081,,,,,,
335,3,green,yellow,pink,blue,2,7,527,0.210923569890265,0.238618782788793,0.810837719139138,0.880915890230435,1,1,4,1.0,0,5.146,,,,,,
335,3,green,yellow,pink,blue,2,7,528,0.655575545744073,0.326744664545682,0.640218180492874,0.503592540434843,4,4,2,1.0,0,6.227,,,,,,
335,3,green,yellow,pink,blue,2,7,529,0.37643078378226,0.924769391409315,0.362375075379558,0.318359415182879,2,2,4,1.0,0,0.898,,,,,,
335,3,green,yellow,pink,blue,2,7,530,0.353868325025834,0.181776066563784,0.527564868988719,0.958757774350731,1,1,6,1.0,1,5.085,,,,,,
335,3,green,yellow,pink,blue,2,7,531,0.388775747472306,0.838590720437991,0.647964891394997,0.70131916612882,2,2,6,1.0,0,5.514,,,,,,
335,3,green,yellow,pink,blue,2,7,532,0.879791717823716,0.890032740964701,0.683859604973528,0.20827264839694,4,4,6,1.0,0,2.594,,,,,,
335,3,green,yellow,pink,blue,2,7,533,0.530655620420305,0.781720695610865,0.485866135214234,0.440209483197051,3,4,2,0.5,1,4.588,,,,,,
335,3,green,yellow,pink,blue,2,7,534,0.228285000585662,0.502465098834201,0.818193920960397,0.247145519694154,2,2,6,1.0,1,4.244,,,,,,
335,3,green,yellow,pink,blue,2,7,535,0.901089534786766,0.0882493791417203,0.2461887481094,0.431113091912488,3,3,6,1.0,0,7.236,,,,,,
335,3,green,yellow,pink,blue,2,7,536,0.466717424531561,0.250754360498581,0.300670410315545,0.32379827657675,1,3,2,0.0,1,5.631,,,,,,
335,3,green,yellow,pink,blue,2,7,537,0.422435067987092,0.511898974511128,0.604872418433383,0.229660035449245,2,2,2,1.0,1,4.064,,,,,,
335,3,green,yellow,pink,blue,2,7,538,0.26602078996197,0.710084906775837,0.261251343703351,0.923179420427734,2,2,6,1.0,0,0.577,,,,,,
335,3,green,yellow,pink,blue,2,7,539,0.0027858944762058,0.724548673468284,0.0837281850168656,0.368742662069316,2,2,6,1.0,0,0.342,,,,,,
335,3,green,yellow,pink,blue,2,7,540,0.379749206541735,0.376888799144007,0.375021382734704,0.447156445484186,1,2,1,0.5,0,11.421,,,,,,
335,3,green,yellow,pink,blue,2,8,541,0.471289705329954,0.383884346481143,0.584270464751575,0.67377784195511,1,4,2,0.0,1,6.967,,,,,,
335,3,green,yellow,pink,blue,2,8,542,0.985738536808541,0.0699899671332997,0.921307147490097,0.075629992992065,4,4,6,1.0,0,2.408,,,,,,
335,3,green,yellow,pink,blue,2,8,543,0.480607427556362,0.819960093545031,0.278948915430234,0.818626697913501,2,2,3,1.0,1,4.798,,,,,,
335,3,green,yellow,pink,blue,2,8,544,0.40426280717987,0.725752713283858,0.742924945247061,0.242681034635545,2,2,4,1.0,0,2.682,,,,,,
335,3,green,yellow,pink,blue,2,8,545,0.0228428097989432,0.0686961587737965,0.43580906850796,0.341143048150465,1,1,6,1.0,0,2.747,,,,,,
335,3,green,yellow,pink,blue,2,8,546,0.0842387506167085,0.304466064280268,0.776181252351214,0.940370607488702,1,1,6,1.0,0,3.47,,,,,,
335,3,green,yellow,pink,blue,2,8,547,0.836491482688175,0.204548774955286,0.867094312013198,0.600448719414606,4,4,6,1.0,0,0.835,,,,,,
335,3,green,yellow,pink,blue,2,8,548,0.656487158202754,0.740560836027136,0.60972473104904,0.358872840660283,4,4,5,1.0,0,1.051,,,,,,
335,3,green,yellow,pink,blue,2,8,549,0.754671023973059,0.373117825678112,0.187682651560959,0.243673976939463,3,3,6,1.0,0,0.902,,,,,,
335,3,green,yellow,pink,blue,2,8,550,0.650481733398913,0.794064127215366,0.414959058465976,0.489172903661435,3,3,3,1.0,0,3.058,,,,,,
335,3,green,yellow,pink,blue,2,8,551,0.0422190532589253,0.304347125613398,0.193532141912117,0.491506027252617,1,1,4,1.0,0,2.86,,,,,,
335,3,green,yellow,pink,blue,2,8,552,0.534802971317751,0.0788647183073209,0.0141571343920036,0.991145064299121,3,3,6,1.0,1,1.094,,,,,,
335,3,green,yellow,pink,blue,2,8,553,0.531935619124346,0.556262101075682,0.380451266664761,0.101932156001005,3,2,1,0.0,1,5.281,,,,,,
335,3,green,yellow,pink,blue,2,8,554,0.0972551806632403,0.970799807460092,0.766913323921732,0.331138770784967,2,2,6,1.0,0,1.457,,,,,,
335,3,green,yellow,pink,blue,2,8,555,0.917017428447351,0.800566702935424,0.523846555717075,0.871188118693054,4,3,3,0.5,1,8.171,,,,,,
335,3,green,yellow,pink,blue,2,8,556,0.236535276620547,0.402442520013063,0.304463832864489,0.517024880736951,1,1,3,1.0,0,3.07,,,,,,
335,3,green,yellow,pink,blue,2,8,557,0.716022467197652,0.827567394002857,0.865201499290444,0.405972321737937,4,4,6,1.0,0,0.332,,,,,,
335,3,green,yellow,pink,blue,2,8,558,0.572393452447517,0.477531770061968,0.464902700866832,0.975479455562243,3,4,1,0.5,1,5.849,,,,,,
335,3,green,yellow,pink,blue,2,8,559,0.796733070767336,0.635205769811857,0.514418506096454,0.917472185709979,4,3,3,0.5,1,10.038,,,,,,
335,3,green,yellow,pink,blue,2,8,560,0.175434026995196,0.986491927196757,0.804402121676262,0.90416792358262,2,2,6,1.0,0,0.622,,,,,,
335,3,green,yellow,pink,blue,2,8,561,0.863648877078903,0.236684495442892,0.645847150031489,0.958219431085909,4,4,6,1.0,0,1.859,,,,,,
335,3,green,yellow,pink,blue,2,8,562,0.800358931187295,0.483114001178043,0.609032887344448,0.0899342056879548,4,4,5,1.0,1,1.293,,,,,,
335,3,green,yellow,pink,blue,2,8,563,0.690333439873019,0.138267067121871,0.466373357093334,0.75193463571041,3,3,5,1.0,1,0.947,,,,,,
335,3,green,yellow,pink,blue,2,8,564,0.720880342362102,0.84784565333857,0.496132005004633,0.0237998099469249,3,3,3,1.0,1,2.292,,,,,,
335,3,green,yellow,pink,blue,2,8,565,0.647121035170763,0.0200519671170733,0.0475321360339707,0.855223910830175,3,3,6,1.0,0,0.473,,,,,,
335,3,green,yellow,pink,blue,2,8,566,0.840287862778361,0.601992907952281,0.606047662722612,0.834246423895185,4,4,2,1.0,0,2.901,,,,,,
335,3,green,yellow,pink,blue,2,8,567,0.259721464094471,0.130267402193511,0.733586776172738,0.216693096097973,1,1,6,1.0,0,5.955,,,,,,
335,3,green,yellow,pink,blue,2,8,568,0.426515363172423,0.280082346716319,0.168476127767437,0.997722943706458,1,1,6,1.0,0,1.463,,,,,,
335,3,green,yellow,pink,blue,2,8,569,0.75282605353793,0.529771072632274,0.968306190360025,0.422112526961582,4,4,6,1.0,1,0.319,,,,,,
335,3,green,yellow,pink,blue,2,8,570,0.442088233469693,0.595952834583059,0.800540346724427,0.767276008335583,2,2,3,1.0,0,6.075,,,,,,
335,3,green,yellow,pink,blue,2,8,571,0.956198174668756,0.568040834952409,0.250146376321987,0.909725407506712,3,3,6,1.0,0,0.305,,,,,,
335,3,green,yellow,pink,blue,2,8,572,0.336856742076847,0.911774705417937,0.49785862547333,0.0774229264278125,2,2,6,1.0,1,0.627,,,,,,
335,3,green,yellow,pink,blue,2,8,573,0.330165968483274,0.295617237654148,0.55104325376817,0.85848858921272,1,1,6,1.0,0,2.204,,,,,,
335,3,green,yellow,pink,blue,2,8,574,0.795326989993811,0.442894828685041,0.765853541537422,0.388612957146835,4,4,6,1.0,0,1.845,,,,,,
335,3,green,yellow,pink,blue,2,8,575,0.135483839373514,0.0869389078170529,0.528750216548713,0.114881256548772,1,1,6,1.0,1,0.674,,,,,,
335,3,green,yellow,pink,blue,2,8,576,0.873758064058121,0.486604081473033,0.816803663338842,0.210319299884946,4,4,6,1.0,1,0.439,,,,,,
335,3,green,yellow,pink,blue,2,8,577,0.659341025240546,0.583103960479999,0.762125533167532,0.0157757482492429,4,4,6,1.0,0,1.091,,,,,,
335,3,green,yellow,pink,blue,2,8,578,0.625601467182417,0.441471234052149,0.0960572439549375,0.892562954267608,3,3,6,1.0,0,1.437,,,,,,
335,3,green,yellow,pink,blue,2,8,579,0.958187248328639,0.211247023064629,0.742207275123654,0.410899508421334,4,4,6,1.0,0,1.103,,,,,,
335,3,green,yellow,pink,blue,2,8,580,0.836372917532183,0.539000268564356,0.100257807433271,0.756435304115245,3,3,6,1.0,1,1.641,,,,,,
335,3,green,yellow,pink,blue,2,8,581,0.560194265157296,0.29754069065617,0.315615148360598,0.340958616637455,3,1,2,0.0,0,5.588,,,,,,
335,3,green,yellow,pink,blue,2,9,582,0.581319693009671,0.161756894856268,0.812552424033446,0.574116619835076,4,4,2,1.0,0,4.669,,,,,,
335,3,green,yellow,pink,blue,2,9,583,0.494317167877801,0.771690394273148,0.917553776349792,0.82421048812794,2,2,6,1.0,1,1.781,,,,,,
335,3,green,yellow,pink,blue,2,9,584,0.80779407965565,0.320280153555637,0.42834951765704,0.73318943496507,3,3,6,1.0,0,2.096,,,,,,
335,3,green,yellow,pink,blue,2,9,585,0.658979986929441,0.337281606750891,0.137079707439575,0.0134184845914118,3,3,6,1.0,0,1.499,,,,,,
335,3,green,yellow,pink,blue,2,9,586,0.0473685971993071,0.627220832822427,0.914823297326599,0.262537914876556,2,2,6,1.0,0,0.412,,,,,,
335,3,green,yellow,pink,blue,2,9,587,0.653528344816798,0.0848131074797498,0.383003292383858,0.495110216059414,3,3,6,1.0,0,2.513,,,,,,
335,3,green,yellow,pink,blue,2,9,588,0.797665143556544,0.337452875736901,0.306742825543643,0.682113585718948,3,3,6,1.0,0,0.321,,,,,,
335,3,green,yellow,pink,blue,2,9,589,0.463734391082049,0.607683908136722,0.0250896155976633,0.283945957152962,2,2,3,1.0,1,1.409,,,,,,
335,3,green,yellow,pink,blue,2,9,590,0.629981427521034,0.813246298227485,0.108838787929564,0.521081638617608,3,3,2,1.0,0,2.791,,,,,,
335,3,green,yellow,pink,blue,2,9,591,0.312796804110714,0.119487153154378,0.0249466859457977,0.752809827329366,1,1,6,1.0,0,2.355,,,,,,
335,3,green,yellow,pink,blue,2,9,592,0.576611204449987,0.646270779962679,0.27449072631619,0.969042221421991,3,3,3,1.0,0,2.146,,,,,,
335,3,green,yellow,pink,blue,2,9,593,0.553006574428771,0.754143045431746,0.369831240067555,0.0829647501223859,3,3,3,1.0,0,4.49,,,,,,
335,3,green,yellow,pink,blue,2,9,594,0.603141971870996,0.482114831355238,0.0755511544088702,0.794649626151222,3,3,6,1.0,1,0.636,,,,,,
335,3,green,yellow,pink,blue,2,9,595,0.455386688044503,0.549720567836246,0.445933364358974,0.770227352070954,2,2,2,1.0,1,2.245,,,,,,
335,3,green,yellow,pink,blue,2,9,596,0.987594689310492,0.332748408673567,0.768160985891869,0.888960116904026,4,4,6,1.0,0,1.094,,,,,,
335,3,green,yellow,pink,blue,2,9,597,0.155821690763424,0.225088255151841,0.602622511203572,0.0299954101133025,1,1,6,1.0,0,2.488,,,,,,
335,3,green,yellow,pink,blue,2,9,598,0.456345169357588,0.491390200513085,0.891154873720637,0.476728295551021,1,2,2,0.5,1,4.171,,,,,,
335,3,green,yellow,pink,blue,2,9,599,0.899328003465638,0.504641306694772,0.878720783598002,0.787257909024662,4,4,6,1.0,1,0.558,,,,,,
335,3,green,yellow,pink,blue,2,9,600,0.99769031767549,0.860297926594672,0.965796466756307,0.305319901583597,4,4,6,1.0,0,0.658,,,,,,
335,3,green,yellow,pink,blue,2,9,601,0.811568910948035,0.398006648992983,0.729782812283829,0.304906383897333,4,4,6,1.0,0,1.311,,,,,,
335,3,green,yellow,pink,blue,2,9,602,0.186702546884978,0.696855737341996,0.934757409902731,0.725422138465918,2,2,6,1.0,0,1.413,,,,,,
335,3,green,yellow,pink,blue,2,9,603,0.0219156049711627,0.107661299050901,0.212571603647311,0.510092827901661,1,1,6,1.0,0,1.643,,,,,,
335,3,green,yellow,pink,blue,2,9,604,0.288942254625059,0.557918119198766,0.576222757145389,0.512154411567579,2,2,6,1.0,0,4.595,,,,,,
335,3,green,yellow,pink,blue,2,9,605,0.689823026583878,0.0909422618845587,0.748613327923186,0.220190454592781,4,4,6,1.0,0,0.734,,,,,,
335,3,green,yellow,pink,blue,2,9,606,0.746023358196159,0.914981250007284,0.671484461757542,0.862572030763068,4,4,6,1.0,0,6.856,,,,,,
335,3,green,yellow,pink,blue,2,9,607,0.9062132833777,0.819423447605937,0.746721500621351,0.577872622210573,4,4,6,1.0,0,1.127,,,,,,
335,3,green,yellow,pink,blue,2,9,608,0.749858761985886,0.674154106397023,0.362810935575049,0.132411477644619,3,3,6,1.0,0,1.233,,,,,,
335,3,green,yellow,pink,blue,2,9,609,0.479307136449202,0.205095750363661,0.0504544012225491,0.852565205701481,1,1,6,1.0,1,1.912,,,,,,
335,3,green,yellow,pink,blue,2,9,610,0.41703841668998,0.910994434535731,0.177108927290465,0.598234708824882,2,2,6,1.0,0,1.94,,,,,,
335,3,green,yellow,pink,blue,2,9,611,0.106673202872552,0.0481998682636959,0.802673596480191,0.174347096122148,1,1,6,1.0,0,0.79,,,,,,
335,3,green,yellow,pink,blue,2,9,612,0.697547661449607,0.199947820124642,0.893689819533034,0.593268588915688,4,4,6,1.0,0,2.073,,,,,,
335,3,green,yellow,pink,blue,2,9,613,0.942179711764988,0.342540411973402,0.317485939519643,0.584169740496511,3,3,6,1.0,0,2.427,,,,,,
335,3,green,yellow,pink,blue,2,9,614,0.918696199174958,0.558672508211636,0.11270242082924,0.461579267683942,3,3,6,1.0,0,1.018,,,,,,
335,3,green,yellow,pink,blue,2,9,615,0.72501223728743,0.022186092652012,0.55314905180227,0.477911218390587,4,2,1,0.0,0,3.245,,,,,,
335,3,green,yellow,pink,blue,2,9,616,0.913333512425042,0.0867964615795178,0.818484111722439,0.336296502894392,4,4,6,1.0,0,3.697,,,,,,
335,3,green,yellow,pink,blue,2,9,617,0.820147117310225,0.193835570626426,0.0331627244615822,0.373144170307341,3,3,6,1.0,0,3.883,,,,,,
335,3,green,yellow,pink,blue,2,9,618,0.671740053376343,0.455137839213203,0.62473322472163,0.88057162145907,4,4,2,1.0,1,2.257,,,,,,
335,3,green,yellow,pink,blue,2,9,619,0.285707266594431,0.533608084672032,0.0852803673617795,0.421530752987625,2,2,6,1.0,1,0.607,,,,,,
335,3,green,yellow,pink,blue,2,9,620,0.0548134520098671,0.331300270384385,0.647624035023213,0.985087289329541,1,1,3,1.0,0,2.262,,,,,,
335,3,green,yellow,pink,blue,2,9,621,0.198145402991235,0.483053699269327,0.968854521045124,0.33096711508415,1,2,5,0.5,1,0.531,,,,,,
335,3,green,yellow,pink,blue,2,9,622,0.747633656891387,0.700315112624699,0.68278521291086,0.46471548201995,4,4,4,1.0,0,1.977,,,,,,
335,3,green,yellow,pink,blue,2,9,623,0.4344114573847,0.633500071998326,0.521821957029673,0.745966224647189,2,2,5,1.0,1,4.751,,,,,,
335,3,green,yellow,pink,blue,2,9,624,0.366864515926105,0.0164662390798645,0.126541478088639,0.88343784738325,1,1,6,1.0,0,1.536,,,,,,
335,3,green,yellow,pink,blue,2,9,625,0.967550907191474,0.851894974420818,0.847341600854637,0.640829293378606,4,4,6,1.0,0,0.528,,,,,,
335,3,green,yellow,pink,blue,2,9,626,0.0141722878883856,0.677868742354569,0.273748397153556,0.837127732801454,2,2,6,1.0,0,0.471,,,,,,
335,3,green,yellow,pink,blue,2,10,627,0.503838847628348,0.794009554659798,0.259268890548364,0.81517925771434,3,2,6,0.0,1,1.064,,,,,,
335,3,green,yellow,pink,blue,2,10,628,0.256521717371553,0.550194664454283,0.908058487848344,0.443960983210753,2,2,6,1.0,0,2.668,,,,,,
335,3,green,yellow,pink,blue,2,10,629,0.488860428629528,0.0254458850041714,0.375346836952615,0.798235123296946,1,4,1,0.0,1,8.052,,,,,,
335,3,green,yellow,pink,blue,2,10,630,0.246024075037153,0.273227773960152,0.433851480335124,0.0515998067416362,1,1,6,1.0,0,2.739,,,,,,
335,3,green,yellow,pink,blue,2,10,631,0.208654863517391,0.150650862386687,0.816394413591887,0.383372092474425,1,1,6,1.0,0,0.847,,,,,,
335,3,green,yellow,pink,blue,2,10,632,0.362752746083932,0.597350483438158,0.276604962308141,0.118239427963358,2,2,6,1.0,0,1.129,,,,,,
335,3,green,yellow,pink,blue,2,10,633,0.425346626310694,0.249597445098826,0.0171480585549417,0.292673846560839,1,2,1,0.5,0,2.677,,,,,,
335,3,green,yellow,pink,blue,2,10,634,0.368078716192016,0.177459888596203,0.252869330426075,0.745594993980791,1,1,6,1.0,0,0.779,,,,,,
335,3,green,yellow,pink,blue,2,10,635,0.516897044309417,0.98884502222449,0.631878889486815,0.696078555617825,4,2,2,0.0,1,8.313,,,,,,
335,3,green,yellow,pink,blue,2,10,636,0.406143877225542,0.122243842692107,0.476178118231886,0.608446549945255,1,1,5,1.0,1,3.885,,,,,,
335,3,green,yellow,pink,blue,2,10,637,0.405324207011049,0.728194389528219,0.271746414254395,0.837286432160906,2,2,5,1.0,0,1.683,,,,,,
335,3,green,yellow,pink,blue,2,10,638,0.617860435231509,0.962146852990686,0.0555953973959065,0.263903539134573,3,3,6,1.0,0,2.284,,,,,,
335,3,green,yellow,pink,blue,2,10,639,0.128748000588049,0.512385364500485,0.924952070885894,0.213036247378173,2,2,6,1.0,1,2.103,,,,,,
335,3,green,yellow,pink,blue,2,10,640,0.0162691723755012,0.225654397148313,0.942022918993764,0.464813674769016,1,1,6,1.0,0,6.051,,,,,,
335,3,green,yellow,pink,blue,2,10,641,0.389499086341128,0.793122474115207,0.109505120949735,0.814989826547248,2,2,5,1.0,0,6.666,,,,,,
335,3,green,yellow,pink,blue,2,10,642,0.168495316056461,0.821460997987173,0.816182099208462,0.167513649375292,2,2,6,1.0,0,7.057,,,,,,
335,3,green,yellow,pink,blue,2,10,643,0.199698059752713,0.538246141753065,0.530684484661169,0.583373686141259,2,2,6,1.0,1,0.244,,,,,,
335,3,green,yellow,pink,blue,2,10,644,0.272493491679702,0.686823234050403,0.183981893115727,0.769253403349829,2,2,6,1.0,0,1.367,,,,,,
335,3,green,yellow,pink,blue,2,10,645,0.568638209100769,0.711298997087849,0.0058211289424821,0.870246258204427,3,3,5,1.0,0,1.44,,,,,,
335,3,green,yellow,pink,blue,2,10,646,0.472976888937038,0.391095636179085,0.967756227720001,0.0068456421985133,1,4,2,0.0,1,3.402,,,,,,
335,3,green,yellow,pink,blue,2,10,647,0.503996764221657,0.613383321289917,0.859773710423806,0.457269349861523,4,2,2,0.0,1,2.814,,,,,,
335,3,green,yellow,pink,blue,2,10,648,0.317873132744388,0.429696823377776,0.517441744371829,0.925987691896533,1,2,3,0.5,1,4.609,,,,,,
335,3,green,yellow,pink,blue,2,10,649,0.514201061894967,0.59332101796249,0.757970741360159,0.28139951515316,4,2,2,0.0,1,4.576,,,,,,
335,3,green,yellow,pink,blue,2,10,650,0.716949509722225,0.522987585896585,0.730222744677902,0.917566339787142,4,4,6,1.0,1,3.821,,,,,,
335,3,green,yellow,pink,blue,2,10,651,0.218192832765517,0.909195456141698,0.183407834228435,0.755429001319301,2,2,6,1.0,0,1.389,,,,,,
335,3,green,yellow,pink,blue,2,10,652,0.0791884542950126,0.561034395050415,0.23483621498906,0.689377091474629,2,2,6,1.0,0,3.451,,,,,,
335,3,green,yellow,pink,blue,2,10,653,0.736796557502007,0.692577547592888,0.922718211887105,0.981556165558126,4,4,6,1.0,0,1.832,,,,,,
335,3,green,yellow,pink,blue,2,10,654,0.984961286734008,0.0935005807678702,0.938697389606259,0.279112793846588,4,4,6,1.0,0,0.068,,,,,,
335,3,green,yellow,pink,blue,2,10,655,0.984994727604587,0.853989283570185,0.757463975065908,0.271617034349379,4,4,6,1.0,0,0.23,,,,,,
335,3,green,yellow,pink,blue,2,10,656,0.653563123339195,0.307216711264152,0.958483058921776,0.642102168026578,4,4,6,1.0,0,0.877,,,,,,
335,3,green,yellow,pink,blue,2,10,657,0.492344030540068,0.86877837693318,0.0274926216058886,0.835109126197415,2,2,4,1.0,1,2.238,,,,,,
335,3,green,yellow,pink,blue,2,10,658,0.150865987272515,0.263739611994167,0.865218449295281,0.361418197036147,1,1,6,1.0,0,0.781,,,,,,
335,3,green,yellow,pink,blue,2,10,659,0.784839270991246,0.441042872223662,0.248163146099029,0.0371449152080938,3,3,6,1.0,0,3.002,,,,,,
335,3,green,yellow,pink,blue,2,10,660,0.332513651226867,0.728926717416606,0.634999471204181,0.0365780306366676,2,2,6,1.0,0,0.343,,,,,,
335,3,green,yellow,pink,blue,2,10,661,0.868800031766959,0.343501222371777,0.0228208221191349,0.0540598394658433,3,3,6,1.0,0,1.981,,,,,,
335,3,green,yellow,pink,blue,2,10,662,0.662174539584783,0.647113691625241,0.0280206279690126,0.15425583664231,3,3,6,1.0,0,3.445,,,,,,
335,3,green,yellow,pink,blue,2,10,663,0.319720780022625,0.247785718631924,0.668547734651748,0.670912265897922,1,1,6,1.0,0,0.8,,,,,,
335,3,green,yellow,pink,blue,2,10,664,0.667052640737356,0.511407648117038,0.831187156911904,0.183905819170205,4,4,6,1.0,1,0.842,,,,,,
335,3,green,yellow,pink,blue,2,10,665,0.0269770663800495,0.750782143684936,0.394271174061598,0.0641692431809453,2,2,6,1.0,0,1.34,,,,,,
335,3,green,yellow,pink,blue,2,10,666,0.600163643891002,0.563806894241846,0.427742766811559,0.0111006734999199,3,3,3,1.0,0,2.815,,,,,,
335,3,green,yellow,pink,blue,2,10,667,0.726309155564078,0.189905404080776,0.461118105198099,0.0591197194729505,3,3,2,1.0,1,2.6,,,,,,
335,3,green,yellow,pink,blue,2,11,668,0.455328171458809,0.229156845841665,0.963812223895043,0.191468714824139,1,1,6,1.0,1,2.694,,,,,,
335,3,green,yellow,pink,blue,2,11,669,0.304461923940953,0.337446464509307,0.863794331113736,0.262000527638772,1,1,2,1.0,0,8.077,,,,,,
335,3,green,yellow,pink,blue,2,11,670,0.541323303608762,0.473142402296945,0.838245052319096,0.626266634041738,4,4,5,1.0,1,3.57,,,,,,
335,3,green,yellow,pink,blue,2,11,671,0.916922592556121,0.924753243806677,0.408580797801155,0.670884754565659,3,3,6,1.0,0,1.239,,,,,,
335,3,green,yellow,pink,blue,2,11,672,0.506999458928322,0.960307479926473,0.972554227757905,0.432657918152469,4,2,6,0.0,1,1.05,,,,,,
335,3,green,yellow,pink,blue,2,11,673,0.313823527063653,0.0569944099669928,0.560441256600304,0.040455196116044,1,1,6,1.0,0,2.627,,,,,,
335,3,green,yellow,pink,blue,2,11,674,0.893653356215759,0.380240175080726,0.939694867966387,0.785936197390924,4,4,6,1.0,0,1.245,,,,,,
335,3,green,yellow,pink,blue,2,11,675,0.075733541706541,0.29604437504803,0.977989993639172,0.703083031653026,1,1,5,1.0,0,3.469,,,,,,
335,3,green,yellow,pink,blue,2,11,676,0.0939579849729111,0.0463136659298666,0.161530938470872,0.242267525990864,1,1,6,1.0,0,1.788,,,,,,
335,3,green,yellow,pink,blue,2,11,677,0.928551145699329,0.359436419523388,0.451998301414329,0.684434296906753,3,3,6,1.0,1,2.345,,,,,,
335,3,green,yellow,pink,blue,2,11,678,0.34165414694376,0.575984676844297,0.116886935378523,0.168522333699787,2,2,6,1.0,0,1.537,,,,,,
335,3,green,yellow,pink,blue,2,11,679,0.375688268443475,0.806167608920024,0.335967777349056,0.440100178394701,2,2,6,1.0,0,1.232,,,,,,
335,3,green,yellow,pink,blue,2,11,680,0.703522726325798,0.251385337423927,0.872577243825633,0.292096442063053,4,4,6,1.0,0,1.439,,,,,,
335,3,green,yellow,pink,blue,2,11,681,0.537730905591721,0.9904243131787,0.120784125042746,0.327869187861694,3,3,4,1.0,1,4.573,,,,,,
335,3,green,yellow,pink,blue,2,11,682,0.926032272998251,0.326906110664061,0.926834957094594,0.152216133600321,4,4,6,1.0,0,0.123,,,,,,
335,3,green,yellow,pink,blue,2,11,683,0.0030805307847612,0.561579063200657,0.678834511569495,0.609980365481944,2,2,5,1.0,0,5.897,,,,,,
335,3,green,yellow,pink,blue,2,11,684,0.961994297008995,0.531342469185117,0.917961103261485,0.417586507277775,4,4,6,1.0,1,2.934,,,,,,
335,3,green,yellow,pink,blue,2,11,685,0.36340180435072,0.234282256197103,0.457669857849537,0.638650829183197,1,1,5,1.0,1,2.685,,,,,,
335,3,green,yellow,pink,blue,2,11,686,0.0909951319717243,0.752441291026072,0.191489246657519,0.0625211164759991,2,2,6,1.0,0,3.344,,,,,,
335,3,green,yellow,pink,blue,2,11,687,0.0423706555193993,0.479264474295074,0.525519463441751,0.163630330101656,1,2,5,0.5,1,0.481,,,,,,
335,3,green,yellow,pink,blue,2,11,688,0.0088108012212841,0.850991665285919,0.689586090904822,0.139778831633895,2,2,6,1.0,0,3.934,,,,,,
335,3,green,yellow,pink,blue,2,11,689,0.328676567442239,0.696112370702656,0.72794095819915,0.562598427116414,2,2,5,1.0,0,2.112,,,,,,
335,3,green,yellow,pink,blue,2,11,690,0.991515529077149,0.326426336487747,0.591826314025018,0.742317024601492,4,3,2,0.5,0,1.907,,,,,,
335,3,green,yellow,pink,blue,2,11,691,0.357702973682518,0.345332036068186,0.775328697841328,0.0995061995467418,1,1,5,1.0,0,1.286,,,,,,
335,3,green,yellow,pink,blue,2,11,692,0.518625904926782,0.57779394106305,0.431141273628799,0.657002692531198,3,2,1,0.0,1,4.743,,,,,,
335,3,green,yellow,pink,blue,2,11,693,0.958247488240605,0.961619731458992,0.274652369595238,0.20548777433224,3,3,6,1.0,0,0.902,,,,,,
335,3,green,yellow,pink,blue,2,11,694,0.695501395329994,0.556989058950652,0.339377556539092,0.816137715010025,3,3,5,1.0,0,1.364,,,,,,
335,3,green,yellow,pink,blue,2,11,695,0.246644362252793,0.4501736645205,0.389113074995237,0.217026043310207,1,2,2,0.5,1,1.535,,,,,,
335,3,green,yellow,pink,blue,2,11,696,0.90249624703418,0.381549924004308,0.937683850629666,0.271893779808706,4,4,6,1.0,0,1.012,,,,,,
335,3,green,yellow,pink,blue,2,11,697,0.204274761033765,0.461392012693807,0.243087097162987,0.634017662280023,1,2,3,0.5,1,4.021,,,,,,
335,3,green,yellow,pink,blue,2,11,698,0.250096593002968,0.760409883685121,0.435944358945542,0.423888749638775,2,2,6,1.0,0,2.264,,,,,,
335,3,green,yellow,pink,blue,2,11,699,0.111092974507943,0.765288090936702,0.58895388722588,0.0484868084708757,2,2,6,1.0,0,0.493,,,,,,
335,3,green,yellow,pink,blue,2,11,700,0.333425587232246,0.434768636274894,0.350887844215094,0.170348037199354,1,1,4,1.0,0,2.25,,,,,,
335,3,green,yellow,pink,blue,2,11,701,0.867118340973184,0.327252715751134,0.0401657009784815,0.269016417133134,3,3,6,1.0,0,3.439,,,,,,
335,3,green,yellow,pink,blue,2,11,702,0.518728602281508,0.300734021596556,0.314598303778345,0.449714562434529,3,1,3,0.0,1,4.586,,,,,,
335,3,green,yellow,pink,blue,2,11,703,0.773357830481188,0.645395138254909,0.258925184058804,0.151444417828979,3,3,6,1.0,0,3.493,,,,,,
335,3,green,yellow,pink,blue,2,11,704,0.938076688570598,0.14426475526981,0.198246350525543,0.72633673713617,3,3,6,1.0,0,0.846,,,,,,
335,3,green,yellow,pink,blue,2,11,705,0.734024446263142,0.045962388972304,0.768568367488308,0.15495799315617,4,4,6,1.0,0,1.049,,,,,,
335,3,green,yellow,pink,blue,2,11,706,0.633355568140608,0.973357202019608,0.974018730444996,0.0028514246199653,4,4,6,1.0,0,0.711,,,,,,
335,3,green,yellow,pink,blue,2,11,707,0.859226752135632,0.0390753167609724,0.149885738833781,0.730262313341557,3,3,6,1.0,0,0.351,,,,,,
335,3,green,yellow,pink,blue,2,11,708,0.0557969047765633,0.944217426408935,0.525614288431607,0.414576034388212,2,2,6,1.0,1,0.338,,,,,,
335,3,green,yellow,pink,blue,2,12,709,0.403587119491205,0.419744393731011,0.392250973660241,0.0287033246693232,1,2,2,0.5,0,8.816,,,,,,
335,3,green,yellow,pink,blue,2,12,710,0.0374872835216761,0.572005315398495,0.329829751069909,0.366922869233862,2,2,6,1.0,0,0.785,,,,,,
335,3,green,yellow,pink,blue,2,12,711,0.726709903103322,0.691419879985938,0.757495701539316,0.153389227284666,4,4,6,1.0,0,0.837,,,,,,
335,3,green,yellow,pink,blue,2,12,712,0.877444967052053,0.27499729143504,0.479411012513376,0.645395232175097,3,3,3,1.0,1,0.338,,,,,,
335,3,green,yellow,pink,blue,2,12,713,0.369231538717046,0.0021154984545591,0.152546136248124,0.678798416327664,1,1,3,1.0,0,1.797,,,,,,
335,3,green,yellow,pink,blue,2,12,714,0.0331063708615008,0.871093116719351,0.900582521602411,0.643949994272248,2,2,6,1.0,0,2.205,,,,,,
335,3,green,yellow,pink,blue,2,12,715,0.237706568293556,0.311461682226868,0.552103510751117,0.162794051107231,1,1,3,1.0,0,2.179,,,,,,
335,3,green,yellow,pink,blue,2,12,716,0.142298048731457,0.297018465086242,0.380219303857259,0.869186769385442,1,1,5,1.0,0,1.761,,,,,,
335,3,green,yellow,pink,blue,2,12,717,0.196276637215871,0.638485909612631,0.682291791484451,0.890187704473621,2,2,6,1.0,0,3.11,,,,,,
335,3,green,yellow,pink,blue,2,12,718,0.778005168032525,0.607775399613536,0.413721295694893,0.368231755940703,3,3,6,1.0,0,1.526,,,,,,
335,3,green,yellow,pink,blue,2,12,719,0.304290125248974,0.456053986361897,0.375822154093601,0.79144906987984,1,2,3,0.5,1,4.138,,,,,,
335,3,green,yellow,pink,blue,2,12,720,0.12020246987951,0.779714077990351,0.854691447492089,0.0993004229902322,2,2,6,1.0,0,0.061,,,,,,
335,3,green,yellow,pink,blue,2,12,721,0.567057502837156,0.899160527611288,0.741354631216356,0.82588826164023,4,4,6,1.0,0,1.811,,,,,,
335,3,green,yellow,pink,blue,2,12,722,0.537959440342034,0.704112302325819,0.0565610841722125,0.174111899742986,3,3,6,1.0,1,3.74,,,,,,
335,3,green,yellow,pink,blue,2,12,723,0.303249913950222,0.198725013950153,0.403457095189442,0.152592553370741,1,1,6,1.0,0,0.47,,,,,,
335,3,green,yellow,pink,blue,2,12,724,0.415133227723485,0.943331530103139,0.625341833527658,0.206187154189634,2,2,6,1.0,0,1.13,,,,,,
335,3,green,yellow,pink,blue,2,12,725,0.794687644442282,0.20105440999285,0.801750864257919,0.041572758227542,4,4,6,1.0,0,0.949,,,,,,
335,3,green,yellow,pink,blue,2,12,726,0.263084220214599,0.584074032151813,0.651662270613226,0.994956162611787,2,2,6,1.0,0,0.499,,,,,,
335,3,green,yellow,pink,blue,2,12,727,0.183741237743578,0.271669368244027,0.591327781085724,0.502357470072092,1,1,6,1.0,0,1.88,,,,,,
335,3,green,yellow,pink,blue,2,12,728,0.488166794249253,0.818034250693316,0.83096830933341,0.424109213406205,2,2,3,1.0,1,2.192,,,,,,
335,3,green,yellow,pink,blue,2,12,729,0.135966855298844,0.472607147955218,0.314109063803249,0.802583542719739,1,2,5,0.5,1,1.368,,,,,,
335,3,green,yellow,pink,blue,2,12,730,0.644060525561176,0.486219972081036,0.105518065076635,0.285989662292149,3,3,3,1.0,1,3.601,,,,,,
335,3,green,yellow,pink,blue,2,12,731,0.250671718313356,0.446635640522824,0.330734791497165,0.384934001428016,1,2,4,0.5,0,13.268,,,,,,
335,3,green,yellow,pink,blue,2,12,732,0.184628312738445,0.647065283799334,0.402719735074295,0.957147569174532,2,2,6,1.0,0,1.249,,,,,,
335,3,green,yellow,pink,blue,2,12,733,0.0910810703016348,0.774963453520025,0.835369556951117,0.872545299176258,2,2,6,1.0,0,2.662,,,,,,
335,3,green,yellow,pink,blue,2,12,734,0.981425586171423,0.555378280671077,0.577483699297402,0.472765378007256,4,4,2,1.0,0,2.506,,,,,,
335,3,green,yellow,pink,blue,2,12,735,0.584448109806841,0.340015983083726,0.110572820757303,0.33342086031148,3,3,3,1.0,0,7.766,,,,,,
335,3,green,yellow,pink,blue,2,12,736,0.561155584791092,0.523193302229124,0.516494163246485,0.590698312278423,4,4,2,1.0,1,9.578,,,,,,
335,3,green,yellow,pink,blue,2,12,737,0.343633235081574,0.309676837056672,0.222928569836314,0.0772850367772345,1,1,6,1.0,0,0.789,,,,,,
335,3,green,yellow,pink,blue,2,12,738,0.56291485386162,0.536154923978981,0.132262204404787,0.385695205703739,3,3,4,1.0,1,1.971,,,,,,
335,3,green,yellow,pink,blue,2,12,739,0.310394691855979,0.655999397444763,0.0629579722597646,0.601946579465811,2,2,6,1.0,0,0.456,,,,,,
335,3,green,yellow,pink,blue,2,12,740,0.423862393722348,0.0095404765834508,0.234918422315827,0.365922280218516,1,1,6,1.0,0,1.194,,,,,,
335,3,green,yellow,pink,blue,2,12,741,0.811390281131484,0.686564564558114,0.209420194441279,0.187220329866543,3,3,6,1.0,0,0.618,,,,,,
335,3,green,yellow,pink,blue,2,12,742,0.0529889220545463,0.71565981734568,0.745176127524333,0.82617464508328,2,2,6,1.0,0,0.786,,,,,,
335,3,green,yellow,pink,blue,2,12,743,0.218818784578413,0.442689897863199,0.937372266863026,0.0101667381723687,1,2,3,0.5,0,2.901,,,,,,
335,3,green,yellow,pink,blue,2,12,744,0.0348678084971404,0.767535314136075,0.178981579658645,0.0428598651979342,2,2,6,1.0,0,1.064,,,,,,
335,3,green,yellow,pink,blue,2,12,745,0.621822066980471,0.303406850822098,0.419745928669395,0.793256886174125,3,3,2,1.0,0,6.793,,,,,,
335,3,green,yellow,pink,blue,2,12,746,0.821216829682572,0.0738012925445505,0.285850401169104,0.952705004587755,3,3,6,1.0,0,2.886,,,,,,
335,3,green,yellow,pink,blue,2,12,747,0.714456500181721,0.360516945627945,0.43091531416487,0.939697311373092,3,3,6,1.0,0,3.109,,,,,,
335,3,green,yellow,pink,blue,2,12,748,0.729304527447304,0.961377510474636,0.931879448543605,0.785886940125957,4,4,6,1.0,0,2.041,,,,,,
