trial,true_choice,predicted_choice,hit,nonhit,rating,origin_true_choice_probability,origin_posterior,origin_pred_probs,origin_entropy,origin_top1_hypothesis,origin_top1_probability,origin_top3_mass
2,3,3,1,0,1,0.41081057638344576,"{""10"": 0.1493651839683546, ""62"": 0.14569858410514752, ""65"": 0.1572682631809983, ""66"": 0.0659714983431026, ""68"": 0.1617187862870775, ""93"": 0.16136982151705623, ""103"": 0.15860786259826334}","[0.17352297350856977, 0.22996694358879688, 0.41081057638344576, 0.18569950651918762]",1.915935265588041,68,0.1617187862870775,0.48169647040239705
3,2,2,1,0,2,0.5322668876217845,"{""15"": 0.035833362535501685, ""25"": 0.2711641643058775, ""66"": 0.13989756097410128, ""68"": 0.18740091852566268, ""93"": 0.2213747460622029, ""113"": 0.14432924759665397}","[0.30940438169127643, 0.5322668876217845, 0.10136895117801047, 0.05695977950892859]",1.675305687398275,25,0.2711641643058775,0.679939828893743
4,3,3,1,0,2,0.5804166565003368,"{""12"": 0.1620252471495601, ""25"": 0.14048421660016, ""57"": 0.12437537033958461, ""61"": 0.05763434626960232, ""68"": 1.4304531291984373e-07, ""93"": 0.3775302297624657, ""110"": 0.1379504468333145}","[0.18746049950803442, 0.17426906559657893, 0.5804166565003368, 0.057853778395049814]",1.6353479081518187,93,0.3775302297624657,0.6800396935121857
5,2,2,1,0,2,0.6811475152698403,"{""25"": 0.20276344765690993, ""57"": 0.0637461755241682, ""82"": 0.14812570539891798, ""91"": 0.2760825298006465, ""93"": 0.20076574133959518, ""98"": 0.05982309956652925, ""113"": 0.048693300713232884}","[0.05764281957903273, 0.6811475152698403, 0.0853354356484522, 0.17587422950267467]",1.7752423760046818,91,0.2760825298006465,0.6796117187971515
6,4,4,1,0,3,0.5138473031526378,"{""25"": 0.263555781836728, ""53"": 0.03504929080077497, ""57"": 0.06964948898024674, ""60"": 0.0232650050928848, ""69"": 0.21342786949178624, ""70"": 0.05774088944839116, ""91"": 0.33731167434918813}","[0.07086803065354165, 0.0415701242960121, 0.37371454189780845, 0.5138473031526378]",1.6028277786469625,91,0.33731167434918813,0.8142953256777025
7,3,4,0,1,2,0.3046077839488038,"{""25"": 0.16312773702663236, ""45"": 0.08995018292053446, ""60"": 0.06791950207833114, ""69"": 0.13932934421394993, ""79"": 0.11171973160594917, ""87"": 0.10474986855436054, ""91"": 0.20546295144948393, ""105"": 0.11774068215075836}","[0.09114015579958845, 0.16926675541729375, 0.3046077839488038, 0.4349853048343139]",2.027922629969545,91,0.20546295144948393,0.5079200326900662
8,2,1,0,1,5,0.05666019296981033,"{""25"": 0.27847692837173643, ""46"": 0.02645690734782043, ""62"": 0.0799982577213977, ""79"": 0.027171411274926217, ""91"": 0.4717076441330344, ""95"": 0.11618885115108468}","[0.6112554146814394, 0.05666019296981033, 0.2037353230011108, 0.1283490693476395]",1.3566730210680478,91,0.4717076441330344,0.8663734236558556
9,2,1,0,1,3,0.11600219783611641,"{""25"": 0.18863380137238922, ""30"": 0.08816533610770777, ""46"": 0.061864619782026266, ""62"": 0.044678851291055005, ""73"": 0.09439522393628177, ""79"": 0.05350487073849044, ""84"": 0.16545413948032525, ""91"": 0.3033031572917243}","[0.5316675606855253, 0.11600219783611641, 0.21159696476981207, 0.1407332767085462]",1.8787436937052586,91,0.3033031572917243,0.6573910981444387
10,1,2,0,1,2,0.24697231342430476,"{""16"": 0.13948252743594997, ""27"": 0.12061022060850043, ""79"": 0.061586973679363895, ""84"": 0.20108116424570122, ""86"": 0.16723455444909294, ""91"": 0.3100045595813915}","[0.24697231342430476, 0.378954521406538, 0.3119893313701021, 0.062083833799055084]",1.6862165771473163,91,0.3100045595813915,0.6783202782761857
11,4,4,1,0,2,0.661247409291621,"{""16"": 0.13553633708486934, ""27"": 0.1332058793060722, ""30"": 0.14871628624003683, ""36"": 0.10395237367293782, ""72"": 0.14218506021521113, ""86"": 0.13204779580862244, ""91"": 0.2043562676722503}","[0.05622123024033886, 0.16088394548597434, 0.12164741498206591, 0.661247409291621]",1.927324380611682,91,0.2043562676722503,0.49525761412749825
12,1,3,0,1,2,0.28207236807371633,"{""16"": 0.14933494966899238, ""27"": 0.17192842751230705, ""46"": 0.17373734774295438, ""76"": 0.15076195682046625, ""79"": 0.17372598704614944, ""89"": 0.18051133120913035}","[0.28207236807371633, 0.07586979896215464, 0.4552826047399733, 0.18677522822415565]",1.7891038207868348,89,0.18051133120913035,0.5279746659982342
13,1,1,1,0,2,0.5654006277108671,"{""16"": 0.07007615807952379, ""24"": 0.18754572298895508, ""27"": 0.3038834587555792, ""53"": 0.1587889434241402, ""76"": 1.724680168082988e-07, ""89"": 1.865245172169883e-07, ""112"": 0.27970535775926764}","[0.5654006277108671, 0.055623149735678445, 0.3343878312271164, 0.04458839132633818]",1.5106903717333484,27,0.3038834587555792,0.771134539503802
14,3,4,0,1,3,0.2758857448047812,"{""24"": 0.1347475497784588, ""27"": 0.22872442166889198, ""34"": 0.056601594292434734, ""45"": 0.17913179458551132, ""53"": 0.06858892458973895, ""104"": 0.2600385019143265, ""112"": 0.07216721317063765}","[0.08190038727107893, 0.255172662304445, 0.2758857448047812, 0.38704120561969474]",1.8018452444825286,104,0.2600385019143265,0.6678947181687298
15,3,3,1,0,3,0.49837197242022324,"{""11"": 0.035441127634444854, ""27"": 0.3435609465841227, ""54"": 0.10631889260596968, ""71"": 0.36489629456969136, ""104"": 0.07983811184351475, ""112"": 0.06994462676225684}","[0.03954164581542346, 0.12528698313334596, 0.49837197242022324, 0.3367993986310074]",1.47945512027295,71,0.36489629456969136,0.8147761337597837
16,3,3,1,0,4,0.6436137695014313,"{""11"": 0.06797490118995779, ""14"": 0.16098954249058522, ""27"": 0.21164846305161797, ""54"": 0.13317541663877444, ""55"": 0.1272270333967613, ""71"": 0.22425094731316753, ""108"": 0.07473369591913558}","[0.09874217033033515, 0.06349702150438433, 0.6436137695014313, 0.1941470386638492]",1.8653527822415568,71,0.22425094731316753,0.5968889528553707
17,1,1,1,0,5,0.7517312810199149,"{""0"": 0.46436491061861007, ""14"": 0.07197531085312137, ""69"": 1.2033335506787954e-07, ""71"": 1.6305311905935354e-07, ""97"": 0.24953169114786009, ""108"": 0.2141278039939343}","[0.7517312810199149, 0.1481303282369074, 0.07121362406134518, 0.028924766681832654]",1.2220119902644824,0,0.46436491061861007,0.9280244057604045
18,1,1,1,0,4,0.7357068494951238,"{""0"": 0.30601060594341944, ""14"": 0.05017771131550638, ""33"": 0.011524870940308699, ""44"": 0.23836124525451097, ""71"": 2.2780328892235916e-10, ""76"": 3.961495513517147e-08, ""97"": 0.2182116242427686, ""108"": 0.17571390246072746}","[0.7357068494951238, 0.09564898047331864, 0.15027343615526825, 0.018370733876289354]",1.5434703454785854,0,0.30601060594341944,0.762583475440699
19,2,3,0,1,5,0.2489103370415492,"{""0"": 0.20245238932857682, ""14"": 0.09804503806246787, ""20"": 0.12260962201648568, ""44"": 0.17847355237163412, ""45"": 0.12118322542285627, ""101"": 0.13492978023447436, ""108"": 0.14230639256350475}","[0.1871115661438712, 0.2489103370415492, 0.4182357715446977, 0.14574232526988187]",1.9194339281209682,0,0.20245238932857682,0.5232323342637157
20,2,1,0,1,4,0.0916290476245886,"{""0"": 0.1529943411788937, ""7"": 0.04439729672032252, ""14"": 0.08054872445528377, ""44"": 0.04988829442295848, ""57"": 0.5988600307909648, ""58"": 0.07331131243157672}","[0.6205184564153644, 0.0916290476245886, 0.23561167160793783, 0.052240824352109194]",1.2765779016799024,57,0.5988600307909648,0.8324030964251423
21,1,1,1,0,6,0.7649443342768251,"{""0"": 0.33783968623975996, ""1"": 0.20502632208354143, ""7"": 0.039805908684532876, ""13"": 0.025978881885998267, ""14"": 0.04133056224198275, ""44"": 0.04381068170034994, ""47"": 0.2007150168339966, ""57"": 0.10549294032983819}","[0.7649443342768251, 0.15680849795039103, 0.051429270121319516, 0.02681789765146449]",1.742972759772346,0,0.33783968623975996,0.7435810251572981
22,2,1,0,1,3,0.29205914160438085,"{""1"": 0.15313368399324084, ""28"": 0.1544607705750791, ""47"": 0.16278867226104946, ""50"": 0.11608303253862061, ""53"": 0.14018754739318698, ""57"": 0.1323554468786344, ""58"": 0.14099084636018863}","[0.4108345168693469, 0.29205914160438085, 0.27805516247171114, 0.019051179054561124]",1.9406446858499613,47,0.16278867226104946,0.4703831268293694
23,1,3,0,1,2,0.23113167121387865,"{""1"": 0.23590125434291656, ""47"": 0.48646068958024696, ""50"": 0.0580016757104683, ""52"": 0.11782828465772047, ""67"": 7.7140500080341e-08, ""109"": 0.10180801856814772}","[0.23113167121387865, 0.031199354335899716, 0.6578538272132181, 0.07981514723700357]",1.3409900497541432,47,0.48646068958024696,0.840190228580884
24,2,1,0,1,6,0.22984792925171926,"{""1"": 0.13020485803747614, ""17"": 0.19070446912809141, ""43"": 0.11406221314596275, ""47"": 0.11889159462177178, ""50"": 0.11970351865637378, ""52"": 0.1336316253394168, ""57"": 0.07044603260415118, ""109"": 0.12235568846675611}","[0.3147204988558297, 0.22984792925171926, 0.259153953003832, 0.196277618888619]",2.049249638364353,17,0.19070446912809141,0.4545409525049844
25,2,3,0,1,4,0.3094992174440316,"{""1"": 0.19743609491865877, ""20"": 0.24459262668098053, ""50"": 0.17049613369224348, ""74"": 0.1378260674328932, ""77"": 0.08856586894339405, ""115"": 0.1610832083318299}","[0.17597387506930992, 0.3094992174440316, 0.38985344328082344, 0.12467346420583508]",1.7482835601824263,20,0.24459262668098053,0.6125248552918827
26,3,1,0,1,3,0.07055917406217224,"{""16"": 0.06604502345815293, ""20"": 0.39925455925244163, ""74"": 0.07578226168164483, ""77"": 0.03240988474409984, ""81"": 0.08114909431836512, ""83"": 0.17324689228506526, ""89"": 0.1721122842602305}","[0.44466850880909453, 0.36003444786620353, 0.07055917406217224, 0.12473786926252967]",1.663064686057427,20,0.39925455925244163,0.7446137357977374
27,1,3,0,1,3,0.24125051905116413,"{""20"": 0.205410479360197, ""46"": 0.08258165546718808, ""51"": 0.15541524820607894, ""74"": 0.09555688747575766, ""89"": 0.18404541587950338, ""98"": 0.1148325263688971, ""113"": 0.1621577872423779}","[0.24125051905116413, 0.14561134062088246, 0.5720546252645098, 0.04108351506344355]",1.8998038227200607,20,0.205410479360197,0.5516136824820783
28,1,1,1,0,4,0.3504138697685648,"{""10"": 0.09527230253055385, ""20"": 0.12062264411897997, ""79"": 0.15702524186834874, ""83"": 0.09627217687698471, ""98"": 0.38212069875506904, ""100"": 0.14868693585006373}","[0.3504138697685648, 0.07077278365862982, 0.28450630768318486, 0.29430703888962045]",1.6461466135354241,98,0.38212069875506904,0.6878328764734816
29,3,4,0,1,2,0.23813227415867508,"{""10"": 0.09090091165864334, ""14"": 0.154047262899138, ""20"": 0.11459315248432246, ""60"": 0.18358862590838632, ""68"": 0.18198958184117978, ""79"": 0.11874022070067901, ""98"": 0.15614024450765115}","[0.15767035387002387, 0.21088986923142156, 0.23813227415867508, 0.39330750273987947]",1.9186091349358994,60,0.18358862590838632,0.5217184522572172
30,4,4,1,0,5,0.456122006092412,"{""14"": 0.18650095375099365, ""39"": 0.17984009090784409, ""50"": 0.16206244632904204, ""60"": 0.21751234463520078, ""83"": 0.09409491713569194, ""90"": 0.15998924724122757}","[0.017044055953775283, 0.2180785359106192, 0.30875540204319357, 0.456122006092412]",1.764068718749692,60,0.21751234463520078,0.5838533892940385
31,4,3,0,1,4,0.040987413770799945,"{""14"": 0.023828776434941475, ""39"": 1.198937552708462e-07, ""50"": 0.23608009366743568, ""60"": 0.23018929314028083, ""83"": 9.382288392971553e-08, ""85"": 1.3761799491827296e-07, ""107"": 0.509901485422708}","[0.17055955323318803, 0.38869609074684, 0.39975694224917196, 0.040987413770799945]",1.1114041128203778,107,0.509901485422708,0.9761708722304244
32,3,1,0,1,6,0.25544862122133016,"{""4"": 0.5008391169535956, ""14"": 0.03248932516929328, ""50"": 0.15006692451388615, ""60"": 0.09660432515745805, ""81"": 1.0069575816251742e-07, ""85"": 5.742837345062188e-10, ""104"": 0.06078594745392576, ""107"": 0.15921425948179913}","[0.40193738792225925, 0.2616371457462471, 0.25544862122133016, 0.08097684511016348]",1.4308396060093431,4,0.5008391169535956,0.8101203009492809
33,3,4,0,1,5,0.040238638789579874,"{""4"": 0.22200821367623283, ""50"": 0.09822570049613638, ""53"": 0.15172299349145518, ""56"": 0.0791422841788017, ""60"": 0.11483162730421785, ""83"": 0.16031763005399557, ""107"": 0.17375155079916046}","[0.01542472310888734, 0.25594361461153814, 0.040238638789579874, 0.6883930234899948]",1.895005375672302,4,0.22200821367623283,0.5560773945293889
34,3,1,0,1,6,0.14078781458261458,"{""50"": 0.24076811190794375, ""51"": 0.1485868222969554, ""52"": 0.12341363539623983, ""60"": 0.2354019145010472, ""79"": 0.1287145407437753, ""105"": 0.12311497515403842}","[0.5120899253145518, 0.30898174667845596, 0.14078781458261458, 0.03814051342437758]",1.746601976564571,50,0.24076811190794375,0.6247568487059464
35,4,2,0,1,4,0.3659963499562938,"{""1"": 0.20119343522556152, ""43"": 0.1615750925459325, ""50"": 0.15596713001799098, ""51"": 0.08319863798745726, ""60"": 0.11565436444571135, ""95"": 0.20519620328448687, ""105"": 0.07721513649285963}","[0.02600660505268545, 0.3983638371045887, 0.20963320788643192, 0.3659963499562938]",1.8860390092598687,95,0.20519620328448687,0.5679647310559809
36,1,1,1,0,4,0.3820023040608165,"{""1"": 0.28162041896363654, ""2"": 0.2033205998724649, ""5"": 0.3016081695441128, ""77"": 0.06893320521059715, ""95"": 0.06526304362164874, ""105"": 0.07925456278753987}","[0.3820023040608165, 0.1751578735467174, 0.32922391893524694, 0.1136159034572192]",1.6056792122762804,5,0.3016081695441128,0.7865491883802141
37,4,4,1,0,6,0.6336225697492222,"{""1"": 0.22877672661045428, ""2"": 0.17528589798358352, ""4"": 0.12556567037277486, ""5"": 0.20471797008821044, ""40"": 2.7496614203140514e-08, ""57"": 0.07135250365321665, ""99"": 0.13183067236050897, ""105"": 0.06247053143463707}","[0.022614531072449075, 0.13937815969516895, 0.20438473948315986, 0.6336225697492222]",1.8566612678023362,1,0.22877672661045428,0.6087805946822482
38,1,3,0,1,4,0.19428046595557902,"{""24"": 0.05377950685836572, ""47"": 0.18501533449099714, ""57"": 0.2126267060376416, ""91"": 0.12185524547398253, ""99"": 0.14163616223620085, ""113"": 0.2850870449028122}","[0.19428046595557902, 0.18840229620552557, 0.36507519109063585, 0.25224204674825945]",1.6896576416629363,113,0.2850870449028122,0.6827290854314509
39,4,2,0,1,6,0.31021238217054353,"{""47"": 0.13670302492504294, ""77"": 0.15244548112252918, ""81"": 0.10849725942301922, ""97"": 0.14363963006470537, ""98"": 0.13625247273492408, ""99"": 0.15887521334681387, ""113"": 0.1635869183829654}","[0.036776707853485656, 0.572436198825442, 0.08057471115052885, 0.31021238217054353]",1.9384911525354693,113,0.1635869183829654,0.4749076128523084
40,3,1,0,1,6,0.06519241561359797,"{""9"": 0.23164802891659345, ""61"": 0.1354564412899572, ""68"": 7.544061832739452e-08, ""77"": 6.953744363228193e-08, ""98"": 0.061086491779030375, ""113"": 0.5718088930363571}","[0.7616542314700862, 0.0662005331204343, 0.06519241561359797, 0.1069528197958817]",1.0999656325692093,113,0.5718088930363571,0.9389133632429076
41,1,2,0,1,3,0.2887397641353866,"{""9"": 0.19717725606021372, ""61"": 0.1465976737285775, ""68"": 0.0007383889076159632, ""77"": 0.0007869257937762497, ""98"": 0.10436542179190807, ""104"": 0.14813714668662822, ""107"": 0.1376192019610659, ""113"": 0.26457798507021446}","[0.2887397641353866, 0.29499603866534835, 0.25553987927148436, 0.16072431792778077]",1.7560325023041927,113,0.26457798507021446,0.6098923878170565
42,2,4,0,1,4,0.19430239554701043,"{""8"": 0.18581733796470606, ""9"": 0.029384697565638215, ""16"": 0.057918206269703065, ""61"": 0.18912971447562804, ""64"": 0.2159390952222687, ""104"": 0.1446614607802621, ""113"": 0.1771494877217937}","[0.20893003248228223, 0.19430239554701043, 0.23744862268877076, 0.35931894928193664]",1.8136004794477265,64,0.2159390952222687,0.5908861476626028
43,2,1,0,1,3,0.185261670819083,"{""16"": 0.13991119684803877, ""18"": 0.06091566337305132, ""58"": 0.14287950266311555, ""61"": 0.1748566314508743, ""69"": 0.20749145726966475, ""87"": 0.2739455483952553}","[0.6173967541333953, 0.185261670819083, 0.07992944179360978, 0.11741213325391184]",1.7095758793094296,87,0.2739455483952553,0.6562936371157944
44,2,3,0,1,4,0.027066040645767227,"{""28"": 0.6235444377830528, ""34"": 0.0806236339462394, ""58"": 0.2958313358072374, ""69"": 1.4966978540285719e-07, ""72"": 1.329638476139945e-07, ""83"": 1.4499713592517994e-07, ""87"": 1.6483270144465043e-07}","[0.19415823917669156, 0.027066040645767227, 0.6917700283586264, 0.08700569181891485]",0.8578511420304731,28,0.6235444377830528,0.9999994075365296
45,4,2,0,1,6,0.38652997670100875,"{""28"": 0.45630393298052363, ""34"": 0.1308193891666007, ""58"": 0.1164745587656823, ""69"": 2.800963829846269e-10, ""72"": 2.60544311645133e-10, ""83"": 2.718239723700407e-10, ""92"": 0.20047692018965302, ""102"": 0.047942139513002385, ""107"": 0.047983058572073245}","[0.09215746821395115, 0.45592925853105437, 0.06538329655398575, 0.38652997670100875]",1.4880572145916444,28,0.45630393298052363,0.7876002423367774
46,3,3,1,0,4,0.6107814800118273,"{""14"": 0.09810312884933484, ""28"": 0.11125094755370807, ""40"": 6.788994899270862e-08, ""58"": 0.27335911209741665, ""75"": 5.285329084563872e-08, ""92"": 0.3393698951818721, ""102"": 0.17791679557442847}","[0.11787279310369582, 0.20559968022850356, 0.6107814800118273, 0.06574604665597344]",1.500520824411381,92,0.3393698951818721,0.7906458028537173
47,1,1,1,0,5,0.7731800822550216,"{""28"": 0.15488708837458953, ""47"": 0.05120937449793353, ""58"": 0.13720868428662678, ""61"": 0.1405128066168652, ""67"": 0.1460808957462564, ""92"": 0.20963889408014175, ""102"": 0.16046225639758682}","[0.7731800822550216, 0.15128777424440654, 0.06499073117517125, 0.010541412325400658]",1.8914715222481968,92,0.20963889408014175,0.5249882388523182
48,3,3,1,0,4,0.48458235170417735,"{""17"": 0.07176244832174936, ""43"": 0.10409531930263911, ""58"": 0.15264078215422522, ""72"": 0.20139157884785888, ""92"": 0.30000574961377974, ""98"": 0.17010412175974768}","[0.014592357670589497, 0.17441878880162684, 0.48458235170417735, 0.32640650182360637]",1.6967116758393261,92,0.30000574961377974,0.6715014502213863
49,3,4,0,1,5,0.3140518036214095,"{""7"": 0.15158947442622875, ""43"": 0.13317908687438443, ""58"": 0.10668621225309964, ""69"": 0.1353081269883304, ""72"": 0.16445727253064746, ""87"": 0.09984482275301443, ""92"": 0.20893500417429497}","[0.09938080896768234, 0.1446068762003416, 0.3140518036214095, 0.4419605112105667]",1.9179302803747502,92,0.20893500417429497,0.5249817511311712
50,2,2,1,0,2,0.2992250837310753,"{""41"": 0.07118414883589996, ""46"": 0.03546513682759414, ""58"": 0.31022645117103975, ""67"": 0.12763920928516798, ""80"": 0.0342548148981613, ""92"": 0.42123023898213674}","[0.21930805029681666, 0.2992250837310753, 0.28259740449375303, 0.1988694614783551]",1.4121439401853477,92,0.42123023898213674,0.8590958994383444
51,1,1,1,0,4,0.7250239207048836,"{""24"": 0.13852670409847234, ""41"": 0.10307602252379117, ""47"": 0.16855552189430592, ""58"": 0.18120419749771982, ""60"": 0.0770469563461244, ""67"": 0.13070405837840826, ""92"": 0.20088653926117803}","[0.7250239207048836, 0.09004774982766237, 0.11757407741348522, 0.06735425205396874]",1.9035576534194354,92,0.20088653926117803,0.5506462586532037
52,3,4,0,1,6,0.2387502158201044,"{""7"": 0.10747830167232478, ""14"": 0.1430439536261876, ""29"": 0.19204969276394188, ""67"": 0.145619525836845, ""72"": 0.20152752408243446, ""92"": 0.2102810020182662}","[0.15979367800793493, 0.26600919372530496, 0.2387502158201044, 0.33544691244665575]",1.7660523571820517,92,0.2102810020182662,0.6038582188646425
53,4,4,1,0,5,0.5532616079924229,"{""29"": 0.11333263739148573, ""30"": 0.10856882352810987, ""54"": 0.13919084706024304, ""72"": 0.08064337935419029, ""84"": 0.16782177003465332, ""87"": 0.17553409787926738, ""92"": 0.21490844475205034}","[0.05252810922933512, 0.2818626307984406, 0.11234765197980155, 0.5532616079924229]",1.9007295866705838,92,0.21490844475205034,0.558264312665971
54,4,4,1,0,4,0.5573381148910841,"{""43"": 0.5033347793265638, ""70"": 1.1872169611514712e-07, ""71"": 1.4300071163192682e-07, ""81"": 1.4936621200070162e-07, ""84"": 1.4547438124450803e-07, ""92"": 0.49666466411043525}","[0.012279926180704639, 0.12191227558703067, 0.3084696833411806, 0.5573381148910841]",0.6931338907016298,43,0.5033347793265638,0.9999995928032109
55,3,3,1,0,4,0.45612905024470796,"{""43"": 0.28354651143058907, ""49"": 0.2902544501823686, ""70"": 0.0005432417981705313, ""71"": 0.0010904897393538967, ""81"": 0.0010907910710655645, ""84"": 0.0007084653792388756, ""92"": 0.11177611186014241, ""99"": 0.3109899385390709}","[0.3706995365945519, 0.05493316822746688, 0.45612905024470796, 0.11823824493327335]",1.3486855611845492,99,0.3109899385390709,0.8847909001520287
56,4,4,1,0,5,0.47335746911625715,"{""43"": 0.19261000578086232, ""49"": 0.24387518616349824, ""70"": 0.009090224912356833, ""78"": 0.14011401861428327, ""82"": 0.028769136767181236, ""91"": 0.17331655601932938, ""92"": 0.18020056852395908, ""99"": 0.03202430321852985}","[0.21164230538279488, 0.24574516045440606, 0.06925506504654189, 0.47335746911625715]",1.8043301679783692,49,0.24387518616349824,0.6166857604683196
57,4,4,1,0,4,0.42719772090718444,"{""4"": 0.06587182096158331, ""43"": 0.21887076868746883, ""49"": 0.286758183574485, ""54"": 0.06324909436790592, ""55"": 0.15177941465868833, ""109"": 0.2134707177498687}","[0.23533323214238697, 0.15118886255363165, 0.18628018439679708, 0.42719772090718444]",1.6603104927378352,49,0.286758183574485,0.7190996700118225
58,4,3,0,1,4,0.20798913751133025,"{""5"": 0.034009381557672164, ""8"": 0.16514271353041973, ""49"": 0.2304136481855071, ""51"": 0.13198854004612554, ""54"": 0.0917278466386255, ""77"": 0.15394442768252267, ""109"": 0.1927734423591273}","[0.25740897756888675, 0.22819963442039568, 0.3064022504993873, 0.20798913751133025]",1.8424420581193761,49,0.2304136481855071,0.5883298040750542
59,1,1,1,0,3,0.4852951795175321,"{""8"": 0.16170705369124252, ""46"": 0.1827135057316528, ""49"": 0.2153216377044797, ""51"": 0.1283159771599651, ""55"": 0.13190273946599587, ""100"": 0.18003908624666407}","[0.4852951795175321, 0.2779591149193155, 0.10259815655607654, 0.1341475490070759]",1.7752126910862092,49,0.2153216377044797,0.5780742296827965
60,4,3,0,1,4,0.23269621170393276,"{""1"": 0.25017623722520027, ""7"": 0.13255132343289688, ""8"": 0.06284725792263761, ""11"": 0.06971460399101496, ""49"": 0.15598036489261904, ""55"": 0.10093935062062251, ""100"": 0.2277908619150086}","[0.05237937043137383, 0.20832367170125363, 0.5066007461634399, 0.23269621170393276]",1.832345219275213,1,0.25017623722520027,0.6339474640328279
61,2,1,0,1,4,0.4210818022411545,"{""1"": 0.4206359230849737, ""24"": 0.11290490129850163, ""38"": 0.028502504001729587, ""39"": 0.09379189003422457, ""49"": 0.059590388171353065, ""57"": 0.28457439340921725}","[0.44623262396721647, 0.4210818022411545, 0.07435669237001405, 0.058328881421615124]",1.459617315815319,1,0.4206359230849737,0.8181152177926926
62,2,2,1,0,5,0.35530131999841585,"{""1"": 0.24808232621310403, ""24"": 0.10329594681033803, ""30"": 0.03797363163469192, ""38"": 3.2298086259604875e-08, ""43"": 0.07943625885533238, ""57"": 0.5073994259647037, ""111"": 0.02381237822374377}","[0.11780343949575764, 0.35530131999841585, 0.28492125280529446, 0.2419739877005321]",1.338975279737458,57,0.5073994259647037,0.8587776989881457
63,4,4,1,0,3,0.7758151737740893,"{""1"": 0.15258638953804235, ""24"": 0.12497998257810664, ""30"": 0.08992750663850431, ""43"": 0.11186801244067254, ""57"": 0.19087788657682092, ""63"": 0.1361807915849638, ""98"": 0.11495725586606985, ""109"": 0.0786221747768196}","[0.008931377359434474, 0.08661482539640317, 0.12863862347007304, 0.7758151737740893]",2.0446769050642244,57,0.19087788657682092,0.47964506769982707
64,1,1,1,0,5,0.4646310398758206,"{""30"": 0.15253580146175016, ""42"": 0.1940976157133554, ""55"": 0.19481436386493864, ""60"": 0.10793669825963974, ""106"": 0.20616701224344505, ""109"": 0.14444850845687104}","[0.4646310398758206, 0.2835811069100336, 0.2225289490555253, 0.029258904158620425]",1.769008818630542,106,0.20616701224344505,0.5950789918217391
65,1,1,1,0,5,0.7604150464196865,"{""20"": 0.18605389088470012, ""30"": 0.200730783643893, ""42"": 0.1761686344263605, ""55"": 0.046889395788536944, ""79"": 0.22222761214854822, ""87"": 0.057814498095294965, ""106"": 0.11011518501266618}","[0.7604150464196865, 0.05217525630586112, 0.13487023362296954, 0.0525394636514828]",1.826568321305624,79,0.22222761214854822,0.6090122866771414
66,4,4,1,0,5,0.34372679695272657,"{""3"": 0.1440324681498194, ""5"": 0.09985636857993242, ""26"": 0.1477631938625552, ""30"": 0.1915679100850789, ""42"": 0.2708525165125173, ""102"": 0.14592754281009684}","[0.19654595673599337, 0.20331426346110182, 0.2564129828501783, 0.34372679695272657]",1.742919494878365,42,0.2708525165125173,0.6101836204601514
67,2,2,1,0,6,0.5227325764513994,"{""5"": 0.14477900411911448, ""26"": 0.1633454005943404, ""55"": 0.1180722549111768, ""71"": 0.12904139873356196, ""74"": 0.13790187938264167, ""84"": 0.15142477563934986, ""102"": 0.15543528661981465}","[0.1473816342756961, 0.5227325764513994, 0.13540852827726946, 0.19447726099563512]",1.9406395246197292,26,0.1633454005943404,0.47020546285350495
68,4,4,1,0,5,0.5730961701299475,"{""3"": 0.1823234922226067, ""26"": 0.2265529254149086, ""30"": 0.10463533351864952, ""59"": 0.14078790939400312, ""71"": 0.19090762039747655, ""84"": 0.15479271905235562}","[0.02215592324800309, 0.07999475795319012, 0.32475314866885924, 0.5730961701299475]",1.7638238656212109,26,0.2265529254149086,0.5997840380349918
69,3,3,1,0,4,0.4534771099023097,"{""3"": 0.08368440198597432, ""12"": 0.05510750781704462, ""26"": 0.3257454315932376, ""31"": 0.20385316974995096, ""67"": 0.06137170753228701, ""71"": 0.09433657192435325, ""84"": 0.17590120939715229}","[0.1279863199324187, 0.2541557307469635, 0.4534771099023097, 0.16438083941830808]",1.7565726750248043,26,0.3257454315932376,0.7054998107403408
70,1,1,1,0,4,0.37593436969574756,"{""3"": 0.4399307654380345, ""26"": 0.028598073137724785, ""27"": 0.3718141510141598, ""71"": 9.86289494500396e-08, ""78"": 1.0030652792524977e-07, ""99"": 0.11135960933416343, ""113"": 0.04829720214044009}","[0.37593436969574756, 0.2714407183868127, 0.3285505510719634, 0.024074360845476483]",1.221547209478457,3,0.4399307654380345,0.9231045257863578
71,2,2,1,0,6,0.6280450495439677,"{""2"": 0.1580404722132261, ""3"": 0.20981422297213212, ""26"": 0.030363449931371442, ""27"": 0.04440765114773202, ""48"": 0.23428851427911435, ""63"": 0.07736338908079811, ""99"": 0.08175504062305396, ""113"": 0.16396725975257187}","[0.09638697730296426, 0.6280450495439677, 0.18736071458187495, 0.08820725857119303]",1.902783309582832,48,0.23428851427911435,0.6080699970038184
72,4,4,1,0,3,0.361918446782722,"{""26"": 0.03862505727385737, ""27"": 0.019750961776941977, ""42"": 0.15969693264616255, ""48"": 0.2951509044759768, ""94"": 0.22962644991481282, ""113"": 0.2571496939122485}","[0.3541805878269133, 0.04546535565849496, 0.23843560973186975, 0.361918446782722]",1.5434016950442944,48,0.2951509044759768,0.7819270483030382
73,4,4,1,0,5,0.5315629072699724,"{""2"": 0.12246568849339454, ""23"": 0.04287258293766378, ""26"": 0.12852295529140448, ""48"": 0.241958741372504, ""51"": 0.055437905386867874, ""94"": 0.2648751479075846, ""113"": 0.14386697861058084}","[0.1922896347028805, 0.1419332139736992, 0.13421424405344787, 0.5315629072699724]",1.7903955167965657,94,0.2648751479075846,0.6507008678906694
74,2,4,0,1,6,0.2918485625759294,"{""2"": 0.09983982353221185, ""29"": 0.07261225178007034, ""48"": 0.2345607036279762, ""50"": 0.1055026480395747, ""80"": 0.23618727511570647, ""94"": 0.09522417229128438, ""113"": 0.156073125613176}","[0.04523331482800058, 0.2918485625759294, 0.29557281380097455, 0.36734530879509547]",1.8525499764425586,80,0.23618727511570647,0.6268211043568587
75,1,1,1,0,5,0.6091872075250477,"{""44"": 0.15505697706742066, ""48"": 0.3104716658127166, ""73"": 0.04813100524013838, ""80"": 0.17619605761680962, ""106"": 0.19374029413136407, ""113"": 0.11640400013155051}","[0.6091872075250477, 0.053945724975414354, 0.26118586376231917, 0.07568120373721882]",1.6724153410903746,48,0.3104716658127166,0.6804080175608902
76,1,1,1,0,4,0.7166656060057018,"{""0"": 0.14351998628128174, ""11"": 0.14768517684125373, ""48"": 0.21599880042558703, ""50"": 0.10971875933567153, ""80"": 0.12984469670295457, ""96"": 0.13151123928677075, ""106"": 0.12172134112648066}","[0.7166656060057018, 0.06773723876324886, 0.08029742678932913, 0.13529972844172022]",1.9227674380697954,48,0.21599880042558703,0.5072039635481225
77,1,1,1,0,5,0.6805841982651591,"{""7"": 0.1358497187992625, ""11"": 0.06643998272266018, ""48"": 0.3084369315270875, ""70"": 0.12545831653573064, ""80"": 0.17123776615851158, ""81"": 0.19257728425674764}","[0.6805841982651591, 0.12356545059409232, 0.06641972251383464, 0.1294306286269139]",1.693960507898868,48,0.3084369315270875,0.6722519819423467
78,2,1,0,1,4,0.13739361212137677,"{""7"": 0.07088755505905836, ""31"": 0.10779924092009763, ""48"": 0.30102700917738184, ""50"": 0.11696368414006673, ""81"": 0.1857411952370846, ""93"": 0.0739680332976211, ""110"": 0.14361328216868988}","[0.4163519555958899, 0.13739361212137677, 0.3719285726038187, 0.07432585967891474]",1.8241265378983413,48,0.30102700917738184,0.6303814865831563
79,4,4,1,0,4,0.4360441923497277,"{""7"": 0.12827682582073704, ""28"": 0.11714202860886407, ""42"": 0.11024067715553848, ""48"": 0.31364875693271965, ""63"": 0.12233000225852163, ""81"": 0.2083617092236191}","[0.05396040036794525, 0.22055645091885925, 0.28943895636346784, 0.4360441923497277]",1.7052113532465918,48,0.31364875693271965,0.6502872919770758
80,2,2,1,0,5,0.5852977287864733,"{""12"": 0.12633730239592175, ""28"": 0.051626421261316106, ""48"": 0.6099269337365932, ""59"": 0.2121092126503991, ""68"": 3.535518277134269e-08, ""78"": 3.6951267338003925e-08, ""81"": 5.764931984769172e-08}","[0.0847330012461633, 0.5852977287864733, 0.21099726620580522, 0.11897200376155814]",1.0448408463595438,48,0.6099269337365932,0.9483734487829141
81,3,4,0,1,5,0.13752129583929165,"{""12"": 0.1900968017335456, ""19"": 0.023477210143678758, ""28"": 0.03328433256101995, ""48"": 0.588849407922288, ""53"": 0.03448341551070013, ""59"": 0.021732846989275193, ""68"": 0.0003475116020041344, ""78"": 0.00019463156079976612, ""93"": 0.10753384197668847}","[0.01137504609358083, 0.0440650547501604, 0.13752129583929165, 0.8070386033169671]",1.2723388105797893,48,0.588849407922288,0.8864800516325221
82,2,2,1,0,4,0.6877022932307875,"{""12"": 0.05400709855405157, ""13"": 0.02887920386932785, ""19"": 0.1415582923632778, ""42"": 0.3545464303998665, ""48"": 0.07641101253266457, ""53"": 0.03677986993659625, ""89"": 4.711760998565388e-08, ""93"": 0.30781804522660555}","[0.10347239484839506, 0.6877022932307875, 0.1286861021917082, 0.08013920972910936]",1.5850447274359014,42,0.3545464303998665,0.8039227679897498
83,2,2,1,0,2,0.6768498955744513,"{""12"": 0.09724918889498736, ""35"": 0.042223411107903425, ""42"": 0.20530744408882837, ""48"": 0.17447520704851624, ""68"": 0.09224024775856436, ""70"": 0.1173595964061058, ""93"": 0.17741209156637774, ""104"": 0.0937328131287166}","[0.0934882453335918, 0.6768498955744513, 0.02230842333399847, 0.20735343575795845]",1.9899217934511748,42,0.20530744408882837,0.5571947427037224
84,3,3,1,0,4,0.5203439491987479,"{""44"": 0.10715146582453951, ""48"": 0.3328073990014014, ""61"": 0.11051176337339796, ""79"": 0.18268351950788772, ""84"": 0.12174071492454881, ""104"": 0.1451051373682247}","[0.09505851701914898, 0.34088646232789027, 0.5203439491987479, 0.04371107145421281]",1.6959198565767943,48,0.3328073990014014,0.6605960558775138
85,4,3,0,1,4,0.17008794731949842,"{""39"": 0.1384477804211942, ""48"": 0.2970966672581735, ""75"": 0.11704216127476043, ""79"": 0.13040650438111645, ""84"": 0.10957366841888784, ""104"": 0.11398492700925732, ""113"": 0.09344829123661028}","[0.1272472650880026, 0.2918410004228596, 0.4108237871696395, 0.17008794731949842]",1.8623947378369423,48,0.2970966672581735,0.5659509520604842
86,1,1,1,0,3,0.49046521768216994,"{""26"": 0.12648445390202087, ""44"": 0.1519009919930583, ""48"": 0.29010427750702794, ""54"": 0.1262224654031677, ""104"": 0.13132894469892206, ""109"": 0.17395886649580314}","[0.49046521768216994, 0.23338058640329046, 0.1693045879498968, 0.10684960796464282]",1.7388847072791622,48,0.29010427750702794,0.6159641359958894
87,3,3,1,0,5,0.35379037828728177,"{""18"": 0.11825238277542541, ""42"": 0.08142634973068377, ""44"": 0.09701112719928776, ""48"": 0.28033912555562196, ""66"": 0.04612868229065302, ""101"": 0.21551722144779228, ""104"": 0.16132511100053581}","[0.17967497154549322, 0.2759793972132705, 0.35379037828728177, 0.19055525295395453]",1.8065006259980625,48,0.28033912555562196,0.6571814580039501
88,1,1,1,0,6,0.8246466074738893,"{""4"": 0.1337925591222362, ""48"": 0.5560169693870882, ""53"": 0.051797579689720284, ""66"": 0.21155259301678464, ""78"": 0.015475988706764377, ""101"": 0.031364310077406296}","[0.8246466074738893, 0.03156569974278945, 0.13532421129433156, 0.008463481488989833]",1.2505167217713042,48,0.5560169693870882,0.9013621215261091
89,3,4,0,1,5,0.21088033698177217,"{""4"": 0.10665927260342331, ""16"": 0.00571291736738937, ""39"": 1.7910829395831575e-08, ""44"": 0.18592604150305003, ""48"": 0.5907020327093763, ""53"": 0.053140920254179116, ""66"": 2.5441485034249885e-08, ""101"": 0.05785877221026753}","[0.012829434928321868, 0.11150556933432931, 0.21088033698177217, 0.6647846587555767]",1.2128398165487135,48,0.5907020327093763,0.8832873468158496
90,2,1,0,1,4,0.22184306575243745,"{""2"": 0.04939465277710716, ""4"": 0.09122201635338746, ""10"": 0.1387950552523978, ""44"": 0.40038339324137256, ""48"": 0.1674924572658635, ""53"": 0.06509380861263497, ""54"": 0.06352732925082663, ""101"": 0.024091287246409895}","[0.4732799203765544, 0.22184306575243745, 0.2341225686669547, 0.07075444520405351]",1.749543803679666,44,0.40038339324137256,0.7066709057596339
91,4,3,0,1,4,0.3788708887862156,"{""2"": 0.04021117347609616, ""10"": 0.07841919007779412, ""44"": 0.037155137913981985, ""48"": 0.6313527309913626, ""91"": 0.11689709571544521, ""110"": 0.0383848029590427, ""115"": 0.05757986886627716}","[0.044472019397111456, 0.08712339857651887, 0.4895336932401541, 0.3788708887862156]",1.2819654899009798,48,0.6313527309913626,0.8266690167846019
92,3,3,1,0,6,0.34243509140010925,"{""0"": 0.0909117570161351, ""2"": 0.046001202863542597, ""10"": 0.036300676327497124, ""44"": 0.1006529815217571, ""48"": 0.2223427586593468, ""94"": 0.195916940794503, ""101"": 0.1855145175936078, ""115"": 0.12235916522361039}","[0.07502797218289355, 0.27068864782274893, 0.34243509140010925, 0.31184828859424824]",1.934343720218087,48,0.2223427586593468,0.6037742170474576
93,2,2,1,0,3,0.7265385163697078,"{""0"": 0.07090151089722439, ""48"": 0.434109908964268, ""92"": 0.13937155140921437, ""94"": 0.21865056982378198, ""96"": 0.07085558445068252, ""98"": 0.06611087445482883}","[0.019162922586397617, 0.7265385163697078, 0.11096921151229196, 0.1433293495316027]",1.524089623357972,48,0.434109908964268,0.7921320301972643
94,4,4,1,0,3,0.6483737816993057,"{""0"": 0.012250796905495954, ""42"": 0.12155484424133267, ""48"": 0.414608213077484, ""85"": 0.025362159327175334, ""91"": 0.11672060390289953, ""92"": 0.1015265200393758, ""94"": 0.20797686250623665}","[0.10534049034737224, 0.024920293511756633, 0.2213654344415655, 0.6483737816993057]",1.577856452575977,48,0.414608213077484,0.7441399198250533
95,3,3,1,0,4,0.7013683823625909,"{""42"": 0.124713538384407, ""48"": 0.3688216444108641, ""54"": 0.09063849996332986, ""79"": 0.09594201383204454, ""92"": 0.07972879287285443, ""94"": 0.15478975818374266, ""111"": 0.0853657523527575}","[0.05804437609328704, 0.16314184505725168, 0.7013683823625909, 0.07744539648687039]",1.7705021418982971,48,0.3688216444108641,0.6483249409790138
96,3,3,1,0,4,0.6066643984501247,"{""48"": 0.382420732141888, ""54"": 0.09458805587587041, ""77"": 0.09244829050863713, ""79"": 0.10732885814673293, ""85"": 0.10550070473106266, ""92"": 0.10818844021994885, ""100"": 0.10952491837586005}","[0.1390388403669146, 0.20176147863942578, 0.6066643984501247, 0.05253528254353504]",1.770426403505563,48,0.382420732141888,0.6001340907376969
97,1,2,0,1,4,0.3743355118357999,"{""23"": 0.05241760607298759, ""48"": 0.4051902159561256, ""54"": 0.11615463400868316, ""77"": 0.10970615442492712, ""99"": 0.10951243005664722, ""102"": 0.09776311897598232, ""109"": 0.10925584050464705}","[0.3743355118357999, 0.42616861718817106, 0.15167795099553502, 0.04781791998049416]",1.7245383051924672,48,0.4051902159561256,0.6310510043897359
98,4,3,0,1,5,0.1854673745553825,"{""23"": 0.019171128957857535, ""32"": 0.07032284879181447, ""41"": 3.181530375394617e-08, ""42"": 0.13886540988964816, ""48"": 0.745396523328878, ""54"": 0.026244023784312568, ""88"": 3.343218561010664e-08}","[0.017754401109910632, 0.03644802874339583, 0.7603301955913111, 0.1854673745553825]",0.8512117742095998,48,0.745396523328878,0.9545847820103406
99,4,4,1,0,6,0.41775696122694067,"{""23"": 0.09122844062544576, ""32"": 0.07335306978005092, ""41"": 2.048456996499062e-10, ""42"": 0.3262152420875826, ""48"": 0.2510914391640271, ""54"": 0.06140722947050235, ""73"": 3.6705229800861274e-08, ""91"": 0.13852391071525438, ""104"": 0.0581806312470614}","[0.1858368568986122, 0.03756810876820813, 0.358838073106239, 0.41775696122694067]",1.7331277648378673,42,0.3262152420875826,0.715830591966864
100,4,4,1,0,6,0.5670887531731954,"{""23"": 0.1721525479316544, ""27"": 0.06900395734037892, ""38"": 0.050423525463893996, ""42"": 0.2983506719746822, ""54"": 0.11665374984917136, ""55"": 0.1784306310788165, ""70"": 0.11498491636140262}","[0.03263558161328013, 0.06940405512411289, 0.33087161008941157, 0.5670887531731954]",1.805728146232088,42,0.2983506719746822,0.648933850985153
101,1,3,0,1,3,0.27787489239425295,"{""22"": 0.16930016346528942, ""35"": 0.18773735638259384, ""42"": 0.2545986549131739, ""54"": 0.16461486668554945, ""57"": 0.12036951168296281, ""63"": 0.1033794468704305}","[0.27787489239425295, 0.16879126855732113, 0.4631722391844566, 0.09016159986396935]",1.7494677937748886,42,0.2545986549131739,0.6116361747610571
102,4,4,1,0,4,0.36637007189267834,"{""22"": 0.1381543612734812, ""35"": 0.11960613712210517, ""42"": 0.18418591488516345, ""45"": 0.17578661129786907, ""48"": 0.1217345976740271, ""61"": 0.1543366418388545, ""79"": 0.10619573590849951}","[0.2053995905209921, 0.2816280804568863, 0.14660225712944333, 0.36637007189267834]",1.927559666399923,42,0.18418591488516345,0.5143091680218871
103,1,1,1,0,5,0.7758062959779068,"{""31"": 0.2897730501013781, ""35"": 0.06845566629611714, ""48"": 0.09748161803388344, ""57"": 0.33086167544187356, ""73"": 0.09790049964705258, ""85"": 0.1155274904796951}","[0.7758062959779068, 0.13623741097453215, 0.07507684358020687, 0.012879449467354146]",1.6122337423300128,57,0.33086167544187356,0.7361622160229467
104,1,2,0,1,4,0.16763784356648537,"{""28"": 0.07136524860031684, ""31"": 0.01604813224094142, ""35"": 0.06602030631019606, ""61"": 0.29801921465709136, ""65"": 0.5485469514501302, ""81"": 7.229671289660535e-08, ""85"": 7.444461115743875e-08}","[0.16763784356648537, 0.4691423869458369, 0.15655847265965706, 0.2066612968280207]",1.1243197565454923,65,0.5485469514501302,0.9179314147075384
105,2,4,0,1,4,0.32247380052786445,"{""7"": 0.14798718022432483, ""26"": 0.14109057629924332, ""28"": 0.08616479432746589, ""31"": 0.01538480954783771, ""35"": 0.09218396384192581, ""50"": 0.13537333116226707, ""61"": 0.18604147434953647, ""65"": 0.195773870247399}","[0.030408800066751986, 0.32247380052786445, 0.09338033574288666, 0.553737063662497]",1.9571295371985085,65,0.195773870247399,0.5298025248212603
106,1,1,1,0,3,0.4103330097222576,"{""28"": 0.15022653813227776, ""50"": 0.09251777339272597, ""65"": 0.15604739508961768, ""79"": 0.28343679094914503, ""86"": 0.17950417726169862, ""104"": 0.13826732517453488}","[0.4103330097222576, 0.20183612775652796, 0.3088903545450093, 0.0789405079762051]",1.7340963001394452,79,0.28343679094914503,0.6189883633004614
107,2,3,0,1,4,0.27082505613738883,"{""5"": 0.040630227651809896, ""28"": 0.0766584566652768, ""34"": 0.042910222596253135, ""40"": 0.1465091729170546, ""50"": 0.11412175162544401, ""79"": 0.3153862278462335, ""102"": 0.263783940697928}","[0.04380396839385156, 0.27082505613738883, 0.5804377472127955, 0.10493322825596423]",1.706709484996114,79,0.3153862278462335,0.725679341461216
108,4,4,1,0,6,0.7333649308566184,"{""5"": 0.08869927203746467, ""19"": 0.08264682771221078, ""50"": 0.12690881463631512, ""53"": 0.1636197124073437, ""79"": 0.20861809301686723, ""91"": 0.1383617252027372, ""102"": 0.19114555498706126}","[0.015438135933706926, 0.10935222359501987, 0.14184470961465484, 0.7333649308566184]",1.8960023858951873,79,0.20861809301686723,0.5633833604112721
109,1,2,0,1,4,0.05133114793091565,"{""5"": 0.6992747954642381, ""6"": 0.08523767156005078, ""11"": 0.11462531563361, ""19"": 0.10086190218879049, ""68"": 1.457512154039204e-07, ""79"": 1.6940209525255386e-07}","[0.05133114793091565, 0.6511971512955533, 0.1500192114040583, 0.14745248936947278]",0.9396911522943427,5,0.6992747954642381,0.9147620132866385
110,2,3,0,1,6,0.10267757467333659,"{""2"": 0.3074149339426287, ""5"": 0.1859980481039217, ""6"": 0.08155741497140492, ""11"": 0.10091238605613671, ""17"": 0.13763446739463445, ""19"": 0.13212065853541594, ""63"": 0.054362090498147934, ""68"": 2.320394217910809e-10, ""79"": 2.656702495553483e-10}","[0.03400108468390476, 0.10267757467333659, 0.5217847195885976, 0.34153662105416094]",1.8100029105078563,2,0.3074149339426287,0.6310474494411848
111,4,4,1,0,6,0.6056717217537217,"{""11"": 0.1438430773067569, ""19"": 0.07821995817675066, ""45"": 0.1014481590691479, ""55"": 0.25423476154826496, ""103"": 0.23322830193549174, ""112"": 0.18902574196358782}","[0.019053987202894907, 0.134031220638819, 0.24124307040456433, 0.6056717217537217]",1.7129589495716697,55,0.25423476154826496,0.6764888054473445
112,2,2,1,0,5,0.3521384176794116,"{""11"": 0.05294042316235495, ""16"": 0.0862082912652905, ""19"": 0.030279541782499902, ""23"": 0.140147132073724, ""51"": 0.15464893069854255, ""55"": 0.41413463733047345, ""112"": 0.12164104368711443}","[0.2232617924067764, 0.3521384176794116, 0.25532658499908695, 0.16927320491472495]",1.6581721000102885,55,0.41413463733047345,0.70893070010274
113,1,2,0,1,4,0.22972949072699053,"{""6"": 0.110700087852908, ""23"": 0.1115943041456957, ""41"": 0.055752812188974155, ""51"": 0.06100870004155326, ""55"": 0.32978805183471277, ""57"": 0.16110657494880695, ""114"": 0.17004946898734913}","[0.22972949072699053, 0.37361830512655936, 0.13957592357619844, 0.2570762805702516]",1.7811678086446323,55,0.32978805183471277,0.6609440957708689
114,2,1,0,1,4,0.27805123573460283,"{""6"": 0.08066012256183044, ""26"": 0.14297650433545045, ""48"": 0.15187628622001562, ""55"": 0.27341490661081863, ""58"": 0.13397288292885035, ""96"": 0.13667244649972798, ""114"": 0.08042685084330656}","[0.4041873451951958, 0.27805123573460283, 0.1287631226886064, 0.1889982963815948]",1.8659680084632453,55,0.27341490661081863,0.5682676971662848
115,3,4,0,1,5,0.24131571560445483,"{""6"": 0.12488929199343585, ""8"": 0.1588648444383059, ""30"": 0.16093758508357112, ""49"": 0.17903409809944615, ""58"": 0.15941112857519277, ""96"": 0.21686305181004828}","[0.031664796745974166, 0.3573001413723869, 0.24131571560445483, 0.3697193462771841]",1.7782306365020648,96,0.21686305181004828,0.5568347349930656
116,3,1,0,1,4,0.3285382588338954,"{""8"": 0.27252515997627536, ""11"": 0.07652995104997441, ""30"": 0.023277185456962276, ""68"": 0.11602181065781537, ""73"": 0.11946677399656844, ""96"": 0.1885672155981302, ""99"": 0.20361190326427397}","[0.3792577234364328, 0.07941380241594857, 0.3285382588338954, 0.21279021531372316]",1.7808903073451112,8,0.27252515997627536,0.6647042788386796
117,2,2,1,0,4,0.271481194522774,"{""3"": 0.151625987457913, ""8"": 0.19286043917301707, ""11"": 0.11767907060746505, ""56"": 0.1587512972025006, ""68"": 0.10469476343558042, ""73"": 0.10960207270355832, ""99"": 0.16478636941996558}","[0.2375162715303486, 0.271481194522774, 0.2329003059757423, 0.2581022279711351]",1.9231145115158839,8,0.19286043917301707,0.5163981057954833
118,1,3,0,1,4,0.31018569565215487,"{""8"": 0.13091337011481585, ""11"": 0.11335689243219009, ""33"": 0.3302145861632033, ""56"": 0.1142493540062117, ""70"": 0.20366041040582727, ""108"": 0.10760538687775177}","[0.31018569565215487, 0.16831395543762223, 0.34489781030390315, 0.17660253860631972]",1.6906771996216263,33,0.3302145861632033,0.6647883666838464
119,1,1,1,0,5,0.5505745679760893,"{""6"": 0.20095396939864077, ""11"": 0.05288548950870274, ""43"": 0.14341892780519067, ""70"": 0.19330334375388922, ""84"": 0.023812418299472417, ""108"": 0.15151295192554345, ""110"": 0.23411289930856072}","[0.5505745679760893, 0.15312952178995404, 0.15045678306468646, 0.14583912716927025]",1.7889791273217424,110,0.23411289930856072,0.6283702124610907
120,3,4,0,1,5,0.3039765531091399,"{""43"": 0.1259586886100703, ""70"": 0.15105710988530907, ""86"": 0.13038980739809058, ""102"": 0.14373563988276453, ""108"": 0.13112203810847825, ""109"": 0.14776310212528865, ""110"": 0.1699736139899985}","[0.13622434629613178, 0.1307167718323785, 0.3039765531091399, 0.4290823287623499]",1.9410708757766146,110,0.1699736139899985,0.4687938260005962
121,3,3,1,0,6,0.4373930146981561,"{""43"": 0.07790526372989814, ""55"": 0.19766120320766226, ""72"": 0.217363962267593, ""93"": 0.06584785368388936, ""102"": 0.03995468063166319, ""110"": 0.40126703647929407}","[0.012038852096459617, 0.2816223105960454, 0.4373930146981561, 0.26894582260933886]",1.5252158449796869,110,0.40126703647929407,0.8162922019545493
122,4,4,1,0,4,0.681620167581853,"{""0"": 0.022131600428276277, ""15"": 0.022041057625563566, ""55"": 0.4288867578474421, ""72"": 0.08990689664509907, ""74"": 0.049791414239678415, ""93"": 0.09003867835933342, ""110"": 0.29720359485460707}","[0.10941027424763386, 0.09828955570740276, 0.11068000246311038, 0.681620167581853]",1.4748324475651984,55,0.4288867578474421,0.8161290310613827
123,3,3,1,0,3,0.48195031580421516,"{""1"": 0.12438796730086708, ""22"": 0.02674863525073052, ""43"": 0.18658211310964296, ""55"": 0.2943568994952189, ""74"": 0.06640160603919576, ""93"": 0.08947586115001555, ""110"": 0.21204691765432926}","[0.042269996276813826, 0.2942721761149343, 0.48195031580421516, 0.18150751180403674]",1.754301921846015,55,0.2943568994952189,0.6929859302591912
124,3,2,0,1,4,0.2733970605808166,"{""32"": 0.0893974622838889, ""39"": 0.0939960358751807, ""43"": 0.16739283221177184, ""46"": 0.11350320158139897, ""55"": 0.2252640596018185, ""57"": 0.11059012953735521, ""110"": 0.19985627890858587}","[0.2352184189828494, 0.3559461831146866, 0.2733970605808166, 0.1354383373216473]",1.8853560039457524,55,0.2252640596018185,0.5925131707221762
125,3,1,0,1,4,0.19522751307366282,"{""32"": 0.19051365142404045, ""39"": 0.10650021936844602, ""42"": 0.18039953068849568, ""62"": 0.19506001267512885, ""85"": 0.09305814062117723, ""99"": 0.23446844522271165}","[0.5391226821309272, 0.21651061292457677, 0.19522751307366282, 0.04913919187083342]",1.7432111855435377,99,0.23446844522271165,0.620042109321881
126,3,3,1,0,4,0.2797081877776389,"{""15"": 0.10681308533142132, ""27"": 0.17199144856881324, ""32"": 0.11998509923104862, ""42"": 0.1553115856707188, ""62"": 0.12097532321446468, ""99"": 0.19893218934549797, ""101"": 0.12599126863803548}","[0.26025403027596355, 0.24376223430761396, 0.2797081877776389, 0.21627554763878373]",1.9230701446748175,99,0.19893218934549797,0.52623522358503
127,1,1,1,0,5,0.5058326373635763,"{""32"": 0.10669561920942586, ""38"": 0.2438238620580621, ""54"": 0.15535261621345092, ""62"": 0.14223948546184367, ""68"": 0.18834005444434038, ""99"": 0.16354836261287697}","[0.5058326373635763, 0.20851375250149443, 0.1630091323126502, 0.12264447782227904]",1.7601119510985503,38,0.2438238620580621,0.5957122791152795
128,3,1,0,1,4,0.1481571613176183,"{""9"": 0.21352378852689952, ""37"": 7.929842077374615e-08, ""38"": 8.970983430498433e-08, ""57"": 0.13637331759330668, ""62"": 0.21891992048023365, ""64"": 0.16948010760763632, ""99"": 0.2617026967836687}","[0.318894787002606, 0.24376623810589212, 0.1481571613176183, 0.28918181357388356]",1.58559483902839,99,0.2617026967836687,0.6941464057908018
129,2,3,0,1,5,0.23434317574680688,"{""9"": 0.10372754776672326, ""57"": 0.05738681531248765, ""62"": 0.13575289288583198, ""64"": 0.11208068340917461, ""69"": 0.1657279257991872, ""73"": 0.13911639951221563, ""77"": 0.10345747405559334, ""99"": 0.1827502612587863}","[0.10270152656756154, 0.23434317574680688, 0.500148806045491, 0.16280649164014077]",2.0330254064884183,99,0.1827502612587863,0.48759458657018917
130,3,4,0,1,6,0.13962871438996835,"{""0"": 0.21266024389928917, ""9"": 0.17120728891927842, ""57"": 0.12392433802284097, ""83"": 0.0783678299166076, ""99"": 0.2176561489659745, ""111"": 0.19618415027600933}","[0.22164552994998074, 0.23946939223980535, 0.13962871438996835, 0.3992563634202457]",1.741102740426543,99,0.2176561489659745,0.626500543141273
131,4,4,1,0,4,0.5560056267600708,"{""9"": 0.22265581751618332, ""57"": 0.046828382451670036, ""73"": 0.08484127247541606, ""82"": 0.027592266867141297, ""99"": 0.06511274010975082, ""110"": 0.4283788670049289, ""111"": 0.12459065357490964}","[0.010995950988960838, 0.12795233548438592, 0.30504608676658257, 0.5560056267600708]",1.586684047027635,110,0.4283788670049289,0.7756253380960219
132,2,1,0,1,6,0.08272475457254418,"{""9"": 0.11117678684185682, ""37"": 0.13338856618129252, ""73"": 0.10684929878538732, ""82"": 0.07540710007419542, ""89"": 0.10960961795891373, ""102"": 0.12312446309784315, ""110"": 0.2190550643914471, ""111"": 0.12138910266906394}","[0.40764966955340465, 0.08272475457254418, 0.3431520661592405, 0.16647350971481073]",2.035611499687492,110,0.2190550643914471,0.4755680936705828
133,1,1,1,0,4,0.5711466847392548,"{""55"": 0.32496462280278354, ""82"": 0.06739837850229337, ""83"": 0.2849090423294007, ""102"": 0.043204350871854674, ""109"": 0.2637876004401355, ""110"": 0.01573600505353216}","[0.5711466847392548, 0.1787153349173666, 0.2042948644998921, 0.04584311584348649]",1.4573820940007174,55,0.32496462280278354,0.8736612655723197
134,4,4,1,0,4,0.5731328155111688,"{""2"": 0.1357196246430561, ""49"": 0.09242208240404011, ""55"": 0.2102263013261106, ""82"": 0.056617364444447545, ""83"": 0.16251857035997527, ""94"": 0.1645743712331536, ""109"": 0.17792168558921678}","[0.07730525570912716, 0.158202518871052, 0.19135940990865208, 0.5731328155111688]",1.8809965660171333,55,0.2102263013261106,0.552722358148481
135,2,2,1,0,6,0.6662230361329778,"{""8"": 0.008954822870011012, ""42"": 0.14734801074174186, ""69"": 0.15961597774474678, ""94"": 0.2500962610136334, ""106"": 0.133969441870705, ""109"": 0.30001548575916187}","[0.10916572325806373, 0.6662230361329778, 0.20086755450556462, 0.023743686103393825]",1.5943887030468769,109,0.30001548575916187,0.7097277245175421
136,4,4,1,0,4,0.37900786171893375,"{""22"": 0.02107247332338502, ""28"": 0.038688262508181026, ""37"": 0.05482069191969056, ""42"": 0.1752551602488195, ""56"": 0.020321525026560358, ""69"": 0.23339287115871735, ""94"": 0.2680261546312633, ""109"": 0.1884228611833829}","[0.13689185923904232, 0.28133452957887073, 0.20276574946315323, 0.37900786171893375]",1.7577099421775166,94,0.2680261546312633,0.6898418869733636
137,2,2,1,0,6,0.6245088827567541,"{""27"": 0.040676658940707204, ""42"": 0.3027718454326957, ""81"": 3.607515778945626e-08, ""88"": 3.9260634775690524e-08, ""94"": 0.1914547370098179, ""106"": 0.2099726600834125, ""109"": 0.25512402319757416}","[0.04582468377152658, 0.6245088827567541, 0.2756100690276013, 0.05405636444411802]",1.4847125852371175,42,0.3027718454326957,0.7678685287136824
138,3,3,1,0,4,0.4908276586528092,"{""1"": 0.03605069845192407, ""42"": 0.24547972027489745, ""94"": 0.30300877544116583, ""104"": 0.13318260249555103, ""106"": 0.09017911447998925, ""108"": 0.018830232270636172, ""109"": 0.17326885658583616}","[0.3770385545290378, 0.07858508037793986, 0.4908276586528092, 0.05354870644021324]",1.690358945438663,94,0.30300877544116583,0.7217573523018994
139,2,2,1,0,4,0.8224678579270048,"{""23"": 0.14864332311800332, ""25"": 0.03386292150486459, ""74"": 3.856858632210426e-08, ""77"": 4.0143036205550004e-08, ""94"": 0.6609856965753225, ""104"": 0.13516889105616076, ""109"": 0.021339089034026332}","[0.016260737234807136, 0.8224678579270048, 0.04693060325213758, 0.11434080158605048]",1.0242502533197926,94,0.6609856965753225,0.9447979107494866
140,4,4,1,0,6,0.5165434096328346,"{""23"": 0.035949028642181, ""25"": 0.017466345944021685, ""37"": 2.3821647418298625e-08, ""40"": 1.9628784217082038e-08, ""69"": 2.7553143309725556e-08, ""77"": 1.320196141105947e-10, ""94"": 0.6804138959908248, ""104"": 0.25646035218673413, ""109"": 0.009710306100643749}","[0.36247915108803724, 0.04505494623058528, 0.07592249304854291, 0.5165434096328346]",0.8462355095480203,94,0.6804138959908248,0.9728232768197399
141,1,4,0,1,4,0.2819703914672535,"{""23"": 0.029412463490431705, ""25"": 0.02368292524984386, ""36"": 2.4709748676122577e-08, ""40"": 1.197802785513544e-10, ""66"": 3.0882428550621386e-08, ""69"": 1.4139433248590997e-10, ""94"": 0.40337894073850694, ""104"": 0.4670857639493586, ""109"": 0.07643985071850694}","[0.2819703914672535, 0.06489128963678482, 0.12447265214103446, 0.5286656667549273]",1.1106951825668974,104,0.4670857639493586,0.9469045554063724
142,4,4,1,0,4,0.3500222435848149,"{""10"": 0.04590760694476067, ""23"": 0.061389791592483804, ""25"": 0.06861605211072053, ""54"": 0.025307593341343963, ""94"": 0.6079234898027258, ""104"": 0.12367088803753543, ""109"": 0.039114415416989075, ""114"": 0.028070162753440726}","[0.33574665106106605, 0.08506897753819807, 0.229162127815921, 0.3500222435848149]",1.3777731826909414,94,0.6079234898027258,0.8002104299509818
143,4,4,1,0,4,0.4630167195563733,"{""23"": 0.06009072738794331, ""25"": 0.09038209623512415, ""54"": 0.12212788326116335, ""81"": 0.08189888031212476, ""94"": 0.2916408810036232, ""95"": 0.042273707729722915, ""104"": 0.24681980484941674, ""110"": 0.06476601922088164}","[0.02348370639963771, 0.11466093547488543, 0.3988386385691036, 0.4630167195563733]",1.8636447723301584,94,0.2916408810036232,0.6605885691142032
144,1,1,1,0,5,0.4607529482193237,"{""41"": 0.13855422502510326, ""54"": 0.1427715423431436, ""65"": 0.12457300410343933, ""94"": 0.3554229070052084, ""102"": 0.12438622493444243, ""110"": 0.11429209658866306}","[0.4607529482193237, 0.3159494578468567, 0.1364322437782093, 0.08686535015561037]",1.6860578305286524,94,0.3554229070052084,0.6367486743734553
145,4,2,0,1,5,0.23739648533562474,"{""11"": 0.12143183288038364, ""41"": 0.12502294298829278, ""53"": 0.10399739378186161, ""65"": 0.08197622911757811, ""77"": 0.09568856120088655, ""94"": 0.2991230524879948, ""110"": 0.17275998754300242}","[0.2706406630625549, 0.31116581135797816, 0.1807970402438421, 0.23739648533562474]",1.8453188159291045,94,0.2991230524879948,0.59690598301929
146,2,2,1,0,4,0.43149369382607716,"{""22"": 0.09780313132211169, ""27"": 0.07264349850395348, ""35"": 0.09320503519962234, ""74"": 6.251226763686917e-08, ""94"": 0.48599800761765827, ""110"": 0.25035026484438666}","[0.05771108746112463, 0.43149369382607716, 0.13635927409283316, 0.3744359446199651]",1.3364108809518465,94,0.48599800761765827,0.8341514037841566
147,3,1,0,1,5,0.2356545190540133,"{""13"": 0.057031366234599964, ""22"": 0.012584002601296756, ""27"": 0.03388599303268672, ""35"": 0.03641452061941496, ""81"": 0.025649291380519634, ""93"": 0.21384245587536146, ""94"": 0.6068380016851127, ""110"": 0.013754368571007689}","[0.4751632041682703, 0.23160820385766545, 0.2356545190540133, 0.05757407292005089]",1.239618201806253,94,0.6068380016851127,0.8777118237950741
148,1,1,1,0,6,0.6376857960207248,"{""13"": 0.10652090108284137, ""35"": 0.08612814394656941, ""36"": 0.05004530674073986, ""39"": 0.08734431997592469, ""74"": 0.1062900769556848, ""81"": 0.03361333014584811, ""93"": 0.12521685751139083, ""94"": 0.40484106364100075}","[0.6376857960207248, 0.14180083107148875, 0.1883560260844747, 0.03215734682331174]",1.791085563161798,94,0.40484106364100075,0.636578822235233
149,3,3,1,0,5,0.3661163022282301,"{""13"": 0.13975798959498456, ""36"": 0.042567081619111255, ""71"": 0.031974052190769035, ""74"": 0.16226220692964827, ""78"": 0.026308530127245627, ""94"": 0.5693442940174751, ""113"": 0.027785845520766114}","[0.10783922109950851, 0.2161660093330024, 0.3661163022282301, 0.3098784673392589]",1.3305183815055164,94,0.5693442940174751,0.8713644905421079
150,1,1,1,0,4,0.8406178666592375,"{""13"": 0.30129532272703985, ""37"": 0.02069637464874404, ""74"": 0.018195148003810162, ""78"": 0.03261411353570125, ""81"": 0.03157101116660009, ""94"": 0.5481863257072666, ""109"": 0.01860453188197593, ""113"": 0.02883717232886216}","[0.8406178666592375, 0.053482260489293484, 0.09883300867066942, 0.007066864180799561]",1.2412657799660434,94,0.5481863257072666,0.8820957619700076
151,2,2,1,0,6,0.6507846687445051,"{""13"": 0.16869562151353026, ""24"": 0.08558743391044156, ""74"": 0.05733215373262773, ""78"": 0.058538217447404686, ""81"": 0.06292828481804588, ""91"": 0.08432237268318467, ""94"": 0.42427840080757606, ""113"": 0.05831751508718924}","[0.21783337732675903, 0.6507846687445051, 0.08812859227235761, 0.04325336165637831]",1.7527298712591106,94,0.42427840080757606,0.6785614562315478
152,3,3,1,0,4,0.5232862626766971,"{""38"": 0.003554739692958068, ""44"": 0.008185271933589481, ""48"": 0.1295278156333485, ""74"": 0.00739728768799692, ""91"": 0.14074204005419994, ""94"": 0.6617763967278975, ""113"": 0.04881644827000961}","[0.03488928651064743, 0.03958366100708182, 0.5232862626766971, 0.40224078980557365]",1.0569937356264365,94,0.6617763967278975,0.9320462524154459
153,1,1,1,0,4,0.7156392952805591,"{""24"": 0.05913939494484008, ""44"": 0.03843146840896608, ""48"": 0.11308309125120462, ""57"": 0.059970705350379544, ""74"": 0.034144730424402636, ""81"": 0.06922389324487811, ""91"": 0.11399568391142292, ""94"": 0.4536902777037489, ""113"": 0.05832075476015687}","[0.7156392952805591, 0.07443657019742674, 0.13843562502396795, 0.07148850949804622]",1.779738275355537,94,0.4536902777037489,0.6807690528663765
154,1,1,1,0,5,0.7962492632124102,"{""6"": 0.07913476654370638, ""19"": 0.04806925645000336, ""48"": 0.13145629681371535, ""59"": 0.029943086059025906, ""81"": 0.04209096940422176, ""94"": 0.5879454265492042, ""106"": 0.081360198180123}","[0.7962492632124102, 0.04242399606115225, 0.10550393101804437, 0.05582280970839324]",1.3681518065289706,94,0.5879454265492042,0.8007619215430425
155,3,3,1,0,5,0.6978807746039906,"{""2"": 0.04489286132428665, ""6"": 0.06543634224888009, ""19"": 0.04344767959063131, ""38"": 0.026303229610485698, ""48"": 0.14273473924792748, ""74"": 0.04723206906957573, ""94"": 0.5218419639173114, ""106"": 0.10811111499090159}","[0.07757762657107932, 0.13439693518967108, 0.6978807746039906, 0.0901446636352591]",1.551661480058029,94,0.5218419639173114,0.7726878181561405
156,3,2,0,1,4,0.12790799439705086,"{""7"": 0.040334185489606544, ""48"": 0.13929337270179162, ""70"": 0.06602354243882645, ""74"": 0.08039674714071553, ""94"": 0.5502214663708211, ""106"": 0.0997980394152019, ""111"": 0.02393264644303676}","[0.05464107346134474, 0.4541677918580463, 0.12790799439705086, 0.3632831402835582]",1.4342095658980218,94,0.5502214663708211,0.7893128784878147
157,2,3,0,1,6,0.23182893198456195,"{""7"": 0.11050301754965716, ""69"": 0.11022549315835768, ""72"": 0.12585731830633595, ""74"": 0.1849287726990785, ""87"": 0.1259546282506809, ""94"": 0.14037023419481404, ""106"": 0.20216053584107582}","[0.2669277831422714, 0.23182893198456195, 0.31170760108220347, 0.18953568379096308]",1.9192139101641434,106,0.20216053584107582,0.5274595427349684
158,1,1,1,0,4,0.5342104375246227,"{""7"": 0.08119023416810751, ""10"": 0.5313997921036877, ""22"": 0.03454135451046241, ""42"": 0.1988414709319573, ""74"": 0.032708037551702936, ""106"": 0.12131911073408211}","[0.5342104375246227, 0.15713914719455496, 0.08362057069747875, 0.2250298445833436]",1.3450365184383224,10,0.5313997921036877,0.851560373769727
159,2,2,1,0,4,0.28807732195263014,"{""7"": 0.10691312203546458, ""11"": 0.19218624611450313, ""19"": 0.08682790394252052, ""22"": 0.09496023909105655, ""42"": 0.12700674023464933, ""74"": 0.09378432011395761, ""105"": 0.15222271584476693, ""106"": 0.14609871262308144}","[0.2733780732036439, 0.28807732195263014, 0.22928388570663763, 0.20926071913708844]",2.043365360210852,11,0.19218624611450313,0.4905076745823515
160,3,4,0,1,5,0.15829113018096305,"{""7"": 0.14441552687399917, ""10"": 0.14232908716963105, ""12"": 0.18104857938554908, ""22"": 0.13554942577600704, ""58"": 0.18475690472126566, ""115"": 0.21190047607354812}","[0.18036720014361945, 0.31609842735281035, 0.15829113018096305, 0.3452432423226073]",1.7780287979470453,115,0.21190047607354812,0.5777059601803629
161,4,4,1,0,5,0.5485783470193767,"{""4"": 0.0253862317750548, ""10"": 0.3139022259864572, ""51"": 0.19781028112673119, ""58"": 0.07983747909860048, ""71"": 0.1476594920610413, ""75"": 0.08439337729815187, ""115"": 0.1510109126539631}","[0.2335536097093076, 0.10685567492346519, 0.11101236834785055, 0.5485783470193767]",1.7558833682466342,10,0.3139022259864572,0.6627234197671514
162,2,3,0,1,3,0.12594047259404287,"{""11"": 0.056874397077569104, ""47"": 0.38140855479833025, ""51"": 0.3038574139862949, ""59"": 0.08058461536584974, ""71"": 4.600808389067789e-08, ""97"": 0.17727492523658722, ""115"": 4.752728488703353e-08}","[0.08972921470050514, 0.12594047259404287, 0.7539058680503424, 0.030424444655109587]",1.4022862047574411,47,0.38140855479833025,0.8625408940212125
163,1,1,1,0,6,0.6898097268594191,"{""1"": 0.46317808589222315, ""11"": 0.0630634943220955, ""13"": 0.011944490497379792, ""47"": 0.3009128572326705, ""51"": 0.057264521420408096, ""81"": 6.888205152689116e-08, ""97"": 0.1036364817531713}","[0.6898097268594191, 0.17904044814917078, 0.05481226428781363, 0.0763375607035964]",1.3437378009309227,1,0.46317808589222315,0.867727424878065
164,1,1,1,0,5,0.6945041457186435,"{""1"": 0.1729845855802956, ""6"": 0.1397722529772612, ""11"": 0.03268560319043578, ""47"": 0.2607398879204857, ""51"": 0.0709225413963244, ""56"": 0.11387045717351658, ""97"": 0.052369784440048854, ""104"": 0.15665488732163196}","[0.6945041457186435, 0.06501474506721003, 0.11463278862162687, 0.12584832059251952]",1.920784690616209,47,0.2607398879204857,0.5903793608224133
165,2,3,0,1,5,0.18779083774242084,"{""1"": 0.288673409668045, ""6"": 0.0894488409962582, ""12"": 0.09956044498373326, ""29"": 0.16099249159786092, ""47"": 0.26391983892156845, ""70"": 0.09740497383253414}","[0.08799215502069538, 0.18779083774242084, 0.4640583013147719, 0.2601587059221118]",1.6767381720878283,1,0.288673409668045,0.7135857401874743
166,4,4,1,0,5,0.37845803266704664,"{""1"": 0.2952604984127021, ""6"": 0.14053664641151287, ""8"": 0.12071732537888748, ""29"": 0.04271492466602121, ""42"": 0.14113537411126084, ""57"": 0.13048126835866963, ""89"": 0.1291539626609458}","[0.09774219472002073, 0.22684594496282942, 0.29695382765010325, 0.37845803266704664]",1.8323052161589524,1,0.2952604984127021,0.5769325189354758
167,1,1,1,0,5,0.4221080876400323,"{""1"": 0.34715258302627133, ""40"": 0.17802185218686478, ""42"": 0.16345026303103513, ""46"": 0.053420575081729114, ""52"": 0.06102376133681231, ""64"": 0.1969309653372873}","[0.4221080876400323, 0.10142927747938058, 0.39599918219006436, 0.08046345269052274]",1.6177165468191796,1,0.34715258302627133,0.7221054005504235
168,1,1,1,0,6,0.3995639190129175,"{""1"": 0.04435766506818114, ""23"": 0.22486655263449898, ""40"": 0.17759660320792922, ""57"": 0.03386394655692823, ""64"": 0.24817655727290042, ""65"": 0.04782478370198223, ""110"": 0.22331389155757966}","[0.3995639190129175, 0.15293670683902455, 0.3504451632693269, 0.09705421087873109]",1.7213714852280904,64,0.24817655727290042,0.696357001464979
169,4,1,0,1,4,0.1699329408750977,"{""1"": 0.24291889854197762, ""57"": 0.11208255005530177, ""58"": 0.09176608654875469, ""64"": 0.19693900543480114, ""90"": 0.19614101258556582, ""93"": 0.0379887483042424, ""96"": 0.12216369852935656}","[0.3243870555510483, 0.22469726254404293, 0.2809827410298111, 0.1699329408750977]",1.828790137184679,1,0.24291889854197762,0.6359989165623445
170,4,3,0,1,5,0.2258954300503172,"{""44"": 0.12131273176260411, ""55"": 0.24951695861711196, ""58"": 0.12154781865456227, ""60"": 0.15134272408748062, ""89"": 0.2082063460335953, ""96"": 0.14807342084464564}","[0.08989780846427514, 0.3224903972315723, 0.36171636425383535, 0.2258954300503172]",1.753753779420782,55,0.24951695861711196,0.6090660287381879
171,2,3,0,1,5,0.16384715971317346,"{""25"": 0.1263938980495409, ""33"": 0.07054997535311025, ""44"": 0.32141282686559025, ""55"": 0.3604822220700653, ""72"": 7.377066139019575e-08, ""89"": 8.382583794796264e-08, ""96"": 0.12116092006519398}","[0.3304769456124743, 0.16384715971317346, 0.45792981281572376, 0.0477460818586285]",1.4368322413441343,55,0.3604822220700653,0.8082889469851965
172,3,3,1,0,4,0.43671269418321135,"{""2"": 0.08114471438010738, ""14"": 0.16181178397113988, ""25"": 0.21806872867493254, ""33"": 0.15425120737103107, ""39"": 0.21842956295794938, ""44"": 0.03741875309137933, ""55"": 0.12887524955346047}","[0.04716636630548596, 0.37913215343445017, 0.43671269418321135, 0.1369887860768524]",1.838228121302961,39,0.21842956295794938,0.5983100756040218
173,4,2,0,1,5,0.286213395507284,"{""2"": 0.32521641408095686, ""36"": 6.491751124111666e-08, ""39"": 8.708626294227178e-08, ""55"": 0.5559837138305266, ""97"": 0.07064533463131317, ""109"": 0.048154385453429344}","[0.20435588352511674, 0.3157521925593767, 0.19367852840822242, 0.286213395507284]",1.024962795529999,55,0.5559837138305266,0.9518454625427966
174,4,4,1,0,5,0.47854023822098807,"{""2"": 0.10479765072626727, ""36"": 0.0011674241580018308, ""39"": 0.0003253883772150031, ""42"": 0.18066187812601706, ""47"": 0.19786063658780084, ""55"": 0.3012065844580208, ""77"": 0.07720545056362553, ""97"": 0.07004989874521593, ""109"": 0.06672508825783571}","[0.15164035711606186, 0.2632109770311424, 0.10660842763180764, 0.47854023822098807]",1.8026471903912884,55,0.3012065844580208,0.6797290991718387
175,2,2,1,0,6,0.4338112212580908,"{""5"": 0.2366952917711928, ""47"": 0.21149942745561118, ""53"": 0.20144222078353372, ""55"": 0.2815513879781105, ""65"": 0.030230108680283925, ""97"": 0.03858156333126787}","[0.2259032996173946, 0.4338112212580908, 0.30043259192072924, 0.03985288720378544]",1.5806107076564504,55,0.2815513879781105,0.7297461072049145
176,3,2,0,1,5,0.2768675416238517,"{""2"": 0.050082635875189206, ""5"": 0.07221537275236657, ""44"": 0.013392221612032169, ""47"": 0.500884693670706, ""55"": 0.31344824689605955, ""77"": 0.02459072634627369, ""97"": 0.025386102847372742}","[0.10697415481842877, 0.5070757450705878, 0.2768675416238517, 0.1090825584871318]",1.2918171636776907,47,0.500884693670706,0.8865483133191321
177,2,1,0,1,4,0.11214497166787499,"{""5"": 0.13327346823922928, ""10"": 0.14609051267445516, ""44"": 0.07323670146863648, ""47"": 0.09555805264723426, ""55"": 0.2529145700500127, ""62"": 0.06759040881512866, ""97"": 0.08242826207198722, ""103"": 0.14890802403331618}","[0.676623091681663, 0.11214497166787499, 0.15489231372724654, 0.05633962292321537]",1.984521374909419,55,0.2529145700500127,0.547913106757784
178,4,4,1,0,4,0.6264226199802811,"{""44"": 0.12874208084836156, ""48"": 0.37368465749000557, ""49"": 0.1112669151238103, ""52"": 0.30586489033583386, ""85"": 1.278801174126755e-07, ""103"": 0.0804413283218713}","[0.010682831449637544, 0.22093983792997282, 0.14195471064010848, 0.6264226199802811]",1.4411340667015204,48,0.37368465749000557,0.808291628674201
179,4,2,0,1,5,0.04665658262645779,"{""2"": 0.2577842186834866, ""14"": 0.018326313423324008, ""39"": 4.220558847608405e-08, ""44"": 0.12348378104892543, ""48"": 0.2931838469123391, ""49"": 0.14984504223789885, ""52"": 0.15737675548843746}","[0.04710764022773762, 0.49858902650117176, 0.4076467506446328, 0.04665658262645779]",1.6161999766561777,48,0.2931838469123391,0.7083448210842632
180,2,3,0,1,4,0.12983347589521219,"{""2"": 0.1421045005401751, ""27"": 0.1581713916307384, ""44"": 0.13739322835704076, ""51"": 0.12624439375314234, ""52"": 0.056676967172867035, ""54"": 0.11419887944300573, ""75"": 0.2652106391030307}","[0.13001782898673359, 0.12983347589521219, 0.5872837723914461, 0.1528649227266081]",1.865404449373341,75,0.2652106391030307,0.5654865312739442
181,2,2,1,0,5,0.8104524895785944,"{""14"": 0.09807681305698857, ""52"": 0.1047430200643158, ""68"": 1.523212188373082e-07, ""75"": 1.6978219160058605e-07, ""106"": 0.7971796772899763, ""114"": 1.6748530871267759e-07}","[0.14905380000539778, 0.8104524895785944, 0.022827321715629536, 0.017666388700378344]",0.6447692349532237,106,0.7971796772899763,0.9999995104112807
182,1,1,1,0,4,0.6512803515622383,"{""14"": 0.04036547258302528, ""28"": 0.3243378723453977, ""52"": 0.0789448439972813, ""68"": 2.3846489343101153e-10, ""74"": 3.806938524061461e-08, ""75"": 2.523929067623892e-10, ""106"": 0.5563517722642557, ""114"": 2.497968893239593e-10}","[0.6512803515622383, 0.22868968621308058, 0.11220649127765168, 0.007823470947029438]",1.0214203086699603,106,0.5563517722642557,0.9596344886069347
183,1,1,1,0,6,0.7807043250516169,"{""8"": 0.16764567721257298, ""13"": 0.050618875357373104, ""14"": 0.018713283030299142, ""28"": 0.23666061624386608, ""52"": 0.15059582097420735, ""68"": 2.060458012884423e-05, ""74"": 0.00020775463614206393, ""94"": 0.07231813212550277, ""106"": 0.3032192358399077}","[0.7807043250516169, 0.0498020322752963, 0.02974347472879872, 0.13975016794428807]",1.704799371591829,106,0.3032192358399077,0.7075255292963467
184,3,3,1,0,5,0.5601587258826128,"{""28"": 0.2614531255537601, ""44"": 0.1513226555130514, ""68"": 0.0008259861589353933, ""70"": 0.06916763969503009, ""94"": 0.10464551184319518, ""97"": 0.1018657117314049, ""106"": 0.310719369504623}","[0.011829520313480809, 0.054326501641039554, 0.5601587258826128, 0.3736852521628668]",1.6591778604253054,106,0.310719369504623,0.7234951505714344
185,4,4,1,0,4,0.37645618699267897,"{""28"": 0.03488093647363051, ""50"": 0.05593357224682029, ""66"": 0.09697080892827138, ""71"": 0.2032973490346424, ""94"": 0.16543800306311157, ""97"": 0.017877854537761362, ""106"": 0.4256014757157625}","[0.32767486884826197, 0.21555357988160798, 0.08031536427745115, 0.37645618699267897]",1.5616439587783177,106,0.4256014757157625,0.7943368278135166
186,1,1,1,0,5,0.8010008757977921,"{""14"": 0.08839693243444657, ""50"": 0.060275999546578966, ""53"": 0.14489863833717967, ""66"": 4.288513583904564e-08, ""71"": 5.698191768959443e-08, ""94"": 0.09148119502536209, ""106"": 0.6149471347893791}","[0.8010008757977921, 0.07955940574614793, 0.03993366621362356, 0.07950605224243636]",1.1814410055835736,106,0.6149471347893791,0.8513269681519209
187,1,1,1,0,6,0.4643879537915292,"{""14"": 0.0763122776923193, ""50"": 0.09267316257703692, ""53"": 0.1387020519132713, ""75"": 0.09658537312326458, ""94"": 0.08333073869198117, ""100"": 0.0898838543447472, ""106"": 0.3213541668265842, ""107"": 0.10115837483079539}","[0.4643879537915292, 0.08996739016593709, 0.3760862855250818, 0.0695583705174518]",1.936721288773754,106,0.3213541668265842,0.5612145935706508
188,4,4,1,0,4,0.8006711274411471,"{""43"": 0.28226394660474297, ""46"": 0.28470832553820735, ""71"": 6.416277263671155e-08, ""75"": 6.022885094605005e-08, ""78"": 6.031095238934137e-08, ""106"": 0.4330275431544737}","[0.008110901098659189, 0.10141995336266527, 0.08979801809752837, 0.8006711274411471]",1.0771426513491948,106,0.4330275431544737,0.9999998152974241
189,2,2,1,0,4,0.5485637828161238,"{""27"": 0.013776200627329182, ""41"": 3.0369961618852625e-08, ""43"": 0.1460795470061877, ""46"": 0.20105681714345744, ""71"": 1.3689286652760096e-10, ""75"": 1.320610990563634e-10, ""78"": 1.328091567549784e-10, ""80"": 2.8902492064829957e-08, ""106"": 0.6390873755488088}","[0.10644568455718584, 0.5485637828161238, 0.04058169340183079, 0.3044088392248595]",0.9486859587362042,106,0.6390873755488088,0.9862237396984539
190,1,1,1,0,6,0.7421074037404508,"{""27"": 0.03834240785189834, ""41"": 1.383159275572352e-10, ""43"": 0.2804516028405781, ""46"": 0.031160743515106778, ""56"": 0.011085170780833391, ""68"": 2.8532649739805513e-08, ""80"": 1.3500512226695902e-10, ""106"": 0.6140448875372652, ""112"": 0.02491515866834746}","[0.7421074037404508, 0.09865144718128249, 0.14275566774819645, 0.01648548133007018]",1.0310426912645798,106,0.6140448875372652,0.9328388982297415
191,4,3,0,1,4,0.27712221820906957,"{""21"": 0.04302456921372796, ""27"": 0.07739233584430626, ""43"": 0.13571772945184665, ""46"": 0.05563187786128051, ""56"": 0.03692674842411596, ""60"": 0.09845643923860795, ""71"": 0.10382861442875697, ""106"": 0.39298680881050124, ""112"": 0.056034876726856336}","[0.15694459597247679, 0.27442837880148097, 0.2915048070169726, 0.27712221820906957]",1.8789098163067717,106,0.39298680881050124,0.6325331526911049
192,3,3,1,0,5,0.4563027128543816,"{""5"": 0.05340039895239764, ""34"": 0.06442664064601877, ""43"": 0.19306546752952464, ""80"": 0.07714510457585484, ""99"": 0.1780384473547475, ""106"": 0.43392394094145653}","[0.09783928543825998, 0.1251293071071564, 0.4563027128543816, 0.3207286946002021]",1.5178509739503478,106,0.43392394094145653,0.8050278558257287
193,2,2,1,0,4,0.5477301194732827,"{""3"": 0.018528439786329357, ""5"": 0.06705906814130673, ""12"": 0.03182046816077181, ""43"": 0.12774634593215356, ""75"": 0.028645527155521225, ""80"": 0.02544956057155159, ""106"": 0.7007505902523659}","[0.2657048652828912, 0.5477301194732827, 0.15287256643480812, 0.03369244880901796]",1.0720625447084067,106,0.7007505902523659,0.895556004325826
194,2,3,0,1,5,0.14951758020137362,"{""5"": 0.028561365774938296, ""12"": 0.10600371465677226, ""28"": 0.015403182592866186, ""43"": 0.056173919515052774, ""50"": 0.021180710648638138, ""54"": 0.0183009994356586, ""75"": 0.018738694430640707, ""80"": 0.06037658647875309, ""106"": 0.6752608264666802}","[0.18047264662563683, 0.14951758020137362, 0.5947062839652513, 0.07530348920773834]",1.229501575496533,106,0.6752608264666802,0.8416411276022056
195,3,3,1,0,4,0.3744531034044723,"{""12"": 0.2674827208722708, ""15"": 0.11547795055772957, ""21"": 0.03655975443474294, ""28"": 0.0681729808766746, ""43"": 0.10001349758794383, ""75"": 0.06755216792618614, ""80"": 0.07983003658429344, ""106"": 0.26491089116015876}","[0.19265596349197017, 0.2926635960984892, 0.3744531034044723, 0.1402273370050683]",1.872086508283318,12,0.2674827208722708,0.6478715625901591
196,4,2,0,1,4,0.23682216219792906,"{""12"": 0.1615852057906801, ""32"": 0.09739565891424143, ""80"": 0.07308470908303055, ""87"": 0.15179922720112732, ""97"": 0.12960207277952757, ""106"": 0.38653312623139296}","[0.08300633559170272, 0.5446158085535483, 0.13555569365682, 0.23682216219792906]",1.6309563387708124,106,0.38653312623139296,0.6999175592232003
197,1,1,1,0,5,0.5450062493729796,"{""12"": 0.22301859931601936, ""23"": 0.08867224426337729, ""68"": 0.13454994029568557, ""80"": 0.09468024858896024, ""106"": 0.19060265874298976, ""112"": 0.2448824544026077, ""114"": 0.023593854390360085}","[0.5450062493729796, 0.1426123973115361, 0.2820827651148272, 0.030298588200657155]",1.791424094243537,112,0.2448824544026077,0.6585037124616169
198,3,2,0,1,5,0.35435054843355573,"{""12"": 0.15362770441911863, ""33"": 0.12236240463539043, ""50"": 0.09930944704638886, ""55"": 0.13798720149265392, ""80"": 0.031625278185963474, ""106"": 0.3424019671655838, ""112"": 0.11268599705490086}","[0.12233985128508533, 0.38761685114125943, 0.35435054843355573, 0.13569274914009952]",1.7697011944373717,106,0.3424019671655838,0.6340168730773563
199,4,4,1,0,5,0.405159554211054,"{""12"": 0.022750967321473067, ""33"": 0.0540674415181423, ""64"": 0.0983083968815656, ""87"": 0.022710257558265376, ""103"": 0.21777231675897052, ""106"": 0.5692717176183519, ""112"": 0.015118902343231176}","[0.019040117032547953, 0.3440501945360627, 0.23175013422033533, 0.405159554211054]",1.2738641185703354,106,0.5692717176183519,0.885352431258888
200,4,3,0,1,5,0.39010717863177413,"{""33"": 0.06231120015326022, ""64"": 0.044576262615485085, ""71"": 0.10765837285310807, ""87"": 0.0358515566681548, ""95"": 0.16999564410393112, ""103"": 0.15148236982148996, ""106"": 0.3121313451644601, ""115"": 0.11599324862011053}","[0.04286208528842161, 0.13015399099757777, 0.43687674508222657, 0.39010717863177413]",1.871303525591396,106,0.3121313451644601,0.6336093590898813
201,3,3,1,0,6,0.43184363960900285,"{""28"": 0.11132566278158097, ""63"": 0.04986362065662217, ""80"": 0.16904917142125692, ""95"": 0.09847861354074877, ""101"": 0.07287853372214698, ""106"": 0.4984043978776441}","[0.05784534614053848, 0.21986893611799002, 0.43184363960900285, 0.2904420781324686]",1.4605948215413087,106,0.4984043978776441,0.7787792320804819
202,3,2,0,1,4,0.06837987809920053,"{""14"": 0.12994990281495641, ""28"": 0.030682082150049174, ""31"": 0.010167418546175581, ""58"": 0.0815490760748259, ""80"": 0.015355945932869687, ""95"": 0.035197839794150906, ""106"": 0.6970977346869723}","[0.09792740066948699, 0.6919882124673499, 0.06837987809920053, 0.14170450876396265]",1.0565989834611083,106,0.6970977346869723,0.9085967135767546
203,3,3,1,0,4,0.5034451473959797,"{""14"": 0.059382542215869236, ""25"": 0.12820062199072274, ""28"": 0.1689850476188411, ""31"": 0.07633234802940196, ""58"": 0.01611745586015283, ""68"": 0.1291887236380446, ""70"": 0.2159587353873346, ""80"": 0.08477564716391767, ""106"": 0.12105887809571528}","[0.033383858805648065, 0.2494856773915829, 0.5034451473959797, 0.21368531640678928]",2.054573191393287,70,0.2159587353873346,0.5141325066442203
204,1,1,1,0,5,0.6020980231380573,"{""14"": 0.03328630247006667, ""27"": 0.3893777289304134, ""65"": 0.2218657735449608, ""70"": 9.55653433055511e-08, ""80"": 6.771811076553412e-08, ""103"": 0.35547003177110514}","[0.6020980231380573, 0.25205316347611634, 0.1292419945749862, 0.016606818810840293]",1.1822533204376242,27,0.3893777289304134,0.9667135342464792
205,4,4,1,0,4,0.662085052739178,"{""14"": 0.0521250452510962, ""27"": 0.2473276235252508, ""31"": 0.09395495086847477, ""65"": 0.06453147952537401, ""70"": 0.00042619933858673335, ""73"": 0.2013039743769331, ""79"": 0.10875699405397277, ""103"": 0.23157373306031168}","[0.019766912767873547, 0.16407553764189567, 0.15407249685105298, 0.662085052739178]",1.8046003362230418,27,0.2473276235252508,0.6802053309624956
206,2,4,0,1,6,0.1460571874597239,"{""72"": 1.2696575399701186e-07, ""73"": 1.66869868900871e-07, ""74"": 1.1221167730493515e-07, ""79"": 1.2989363913847946e-07, ""104"": 0.15391429018525135, ""105"": 0.8460851738738093}","[0.3040794613404292, 0.1460571874597239, 0.15250912142024434, 0.39735422977960255]",0.429448081449755,105,0.8460851738738093,0.9999996309289296
207,4,4,1,0,4,0.7566506964244396,"{""72"": 0.0010713765804360495, ""73"": 0.0014778351934543455, ""74"": 0.0012174045654325765, ""79"": 0.00133045161556664, ""80"": 0.1811853009642822, ""87"": 0.2147492001940335, ""104"": 0.24386904791059175, ""105"": 0.35509938297620286}","[0.014507171124973746, 0.08125592124220155, 0.1475862112083851, 0.7566506964244396]",1.385575567889575,105,0.35509938297620286,0.8137176310808282
208,1,3,0,1,5,0.19906462819983226,"{""6"": 0.009057183016716895, ""34"": 0.232184114949649, ""74"": 0.012452258809395026, ""80"": 0.1603745392893295, ""87"": 0.15452206851675457, ""104"": 0.18418413015596316, ""105"": 0.17530037346259103, ""115"": 0.07192533179960084}","[0.19906462819983226, 0.1779660198255544, 0.34031920141972627, 0.2826501505548872]",1.8245086914692648,34,0.232184114949649,0.5916686185682032
209,3,1,0,1,6,0.044483678589376414,"{""34"": 0.10421551276341579, ""61"": 0.10576540081246717, ""73"": 0.48928489213361376, ""86"": 0.13955391947587228, ""87"": 0.06863537625864119, ""114"": 0.09254489855599002}","[0.7038013837823053, 0.19524328125649762, 0.044483678589376414, 0.056471656371820625]",1.5019704024041933,73,0.48928489213361376,0.7346042124219533
210,4,2,0,1,5,0.26324141998556544,"{""27"": 0.11368758906680311, ""61"": 0.091178269557976, ""73"": 0.13387582089413066, ""86"": 0.17611460796195127, ""94"": 0.2463638876058181, ""103"": 0.15336654150445542, ""114"": 0.08541328340886563}","[0.245828737104853, 0.4269047402586296, 0.06402510265095192, 0.26324141998556544]",1.8834362609245594,94,0.2463638876058181,0.5758450370722248
211,3,3,1,0,3,0.4948816572181782,"{""14"": 0.1490911586909902, ""33"": 0.17464952113641158, ""51"": 0.07969508211024282, ""74"": 0.12957712197510687, ""86"": 0.33238454191973055, ""103"": 0.13460257416751803}","[0.10226872097590274, 0.18942545709674147, 0.4948816572181782, 0.21342416470917766]",1.6909344541939417,86,0.33238454191973055,0.6561252217471323
212,1,1,1,0,6,0.8231597091559298,"{""15"": 0.0316807200699949, ""32"": 0.029798359092114896, ""33"": 0.17841515805333083, ""34"": 0.17164513949678176, ""64"": 0.2798045360342957, ""74"": 0.04642786693706596, ""86"": 0.2622282203164159}","[0.8231597091559298, 0.07533400655408348, 0.08898919369716199, 0.012517090592824718]",1.673979338476458,64,0.2798045360342957,0.7204479144040425
213,2,4,0,1,5,0.07200697775953259,"{""33"": 0.17722227265997706, ""34"": 0.12574014642072007, ""52"": 0.10452300422926603, ""61"": 0.1321348975801387, ""64"": 0.192355403430853, ""79"": 0.1546809273571202, ""97"": 0.1133433483219249}","[0.028455249963824616, 0.07200697775953259, 0.4443861345279222, 0.45515163774872064]",1.9234269935609147,64,0.192355403430853,0.5242586034479502
214,2,2,1,0,4,0.4864293266785574,"{""33"": 0.17635998069579978, ""43"": 0.19616102835441404, ""50"": 0.1657709376298155, ""58"": 0.11515716801362068, ""64"": 0.21783397540928184, ""89"": 0.12871690989706808}","[0.32067114554101145, 0.4864293266785574, 0.1637512983042656, 0.02914822947616541]",1.7682293929172113,64,0.21783397540928184,0.5903549844594957
215,2,3,0,1,6,0.023598326699288907,"{""8"": 0.016576325769670414, ""33"": 0.028081378382085968, ""50"": 0.040611978439310886, ""53"": 0.2284557657371729, ""64"": 0.4339150800974482, ""111"": 0.2523594160479975, ""114"": 5.552631423083794e-08}","[0.037511494271732684, 0.023598326699288907, 0.8414467843606418, 0.09744339466833672]",1.3454407890412667,64,0.4339150800974482,0.9147302618826185
216,3,4,0,1,4,0.05103253101959794,"{""33"": 0.03544481373670567, ""50"": 0.05079009507133894, ""53"": 0.11539544818602204, ""57"": 0.5549813373667841, ""58"": 0.026228395692672254, ""64"": 0.057607899218282285, ""97"": 0.11569312802583089, ""111"": 0.04385888270236395}","[0.30406331405424925, 0.2771577062294245, 0.05103253101959794, 0.36774644869672846]",1.4922827145211803,57,0.5549813373667841,0.7860699135786371
217,2,3,0,1,6,0.31895182420104834,"{""5"": 0.22636911796071268, ""33"": 0.10979688097001829, ""50"": 0.05984502342207637, ""53"": 0.06647508150979665, ""57"": 0.03161148684482254, ""94"": 0.3886696218550388, ""96"": 0.11723278743753472}","[0.07429223521481067, 0.31895182420104834, 0.329641574982114, 0.27711436560202707]",1.6553744296140325,94,0.3886696218550388,0.7322715272532863
218,3,3,1,0,5,0.3733696972654094,"{""17"": 0.015339997558470228, ""50"": 0.055428557211342294, ""69"": 0.28443598754000027, ""73"": 0.0586161415154517, ""94"": 0.47943050814629157, ""96"": 0.05038909080030314, ""115"": 0.05635971722814064}","[0.014862042444644064, 0.24532546896934462, 0.3733696972654094, 0.3664427913206019]",1.4134095699133238,94,0.47943050814629157,0.8224826372017435
219,3,3,1,0,4,0.7683695578554339,"{""25"": 0.036533940058568165, ""69"": 0.11776898742841767, ""90"": 0.046502504579823814, ""94"": 0.2761956619671521, ""96"": 0.06782407523489252, ""106"": 0.24661107511504088, ""115"": 0.20856375561610493}","[0.061193173106826565, 0.05164109020932185, 0.7683695578554339, 0.11879617882841766]",1.7255391190341207,94,0.2761956619671521,0.7313704926982979
220,1,1,1,0,4,0.720598030428734,"{""25"": 0.05583087948417403, ""34"": 0.08700159701335634, ""38"": 0.05839321539710747, ""44"": 0.10912021366574742, ""92"": 0.10422561453843415, ""94"": 0.32454177290948916, ""106"": 0.26088670699169136}","[0.720598030428734, 0.06775603628635832, 0.10872979585699166, 0.102916137427916]",1.7325829851117571,94,0.32454177290948916,0.6945486935669279
221,1,1,1,0,4,0.6835209280492773,"{""2"": 0.027861785792663327, ""13"": 0.15082771447329799, ""18"": 0.04122243422755166, ""38"": 0.11107278300678672, ""74"": 0.1476612078745862, ""94"": 0.3703721865543295, ""106"": 0.15098188807078472}","[0.6835209280492773, 0.059086070701831576, 0.13531004887714745, 0.1220829523717436]",1.696374689730201,94,0.3703721865543295,0.6721817890984122
222,4,4,1,0,5,0.6536207982471072,"{""13"": 0.17122466020906094, ""38"": 0.14726214227045784, ""41"": 0.08649972496457985, ""50"": 0.07329236422021315, ""63"": 0.12268486794052628, ""94"": 0.3017786356246317, ""106"": 0.0972576047705302}","[0.04578591311542407, 0.1369359463792474, 0.16365734225822134, 0.6536207982471072]",1.83312040757827,94,0.3017786356246317,0.6202654381041505
223,3,3,1,0,5,0.4275487870260618,"{""38"": 0.14393616124853567, ""50"": 0.06209634107904796, ""69"": 0.2122486411212423, ""73"": 0.10612282851102599, ""94"": 0.4467517583824407, ""114"": 0.028844269657707332}","[0.06309634306978168, 0.21584003264377344, 0.4275487870260618, 0.2935148372603831]",1.48085721556584,94,0.4467517583824407,0.8029365607522188
224,1,1,1,0,5,0.9581358820424801,"{""36"": 4.24969743411261e-08, ""38"": 5.794981742039243e-08, ""50"": 0.09390428473649438, ""69"": 6.396372042262024e-08, ""70"": 4.553752890410897e-08, ""71"": 4.241792651557133e-08, ""94"": 0.9060954628975383}","[0.9581358820424801, 0.024002957413628633, 0.004043138740116355, 0.013818021803774798]",0.3114835019399002,94,0.9060954628975383,0.9999998115977531
225,1,1,1,0,5,0.7551156338164691,"{""36"": 0.00024417223685250735, ""38"": 0.0009640559894691654, ""50"": 0.09776069015683801, ""67"": 0.06282288883409155, ""69"": 0.0005150348855099197, ""70"": 0.0004117795714221061, ""71"": 0.0001851020926913229, ""74"": 0.1156710066976179, ""94"": 0.7214252695355076}","[0.7551156338164691, 0.07469716222162669, 0.05315391765570852, 0.11703328630619564]",0.9036679640328067,94,0.7214252695355076,0.9348569663899634
226,1,1,1,0,5,0.8619184413674609,"{""16"": 0.09013601816688531, ""38"": 0.013199803964739854, ""50"": 0.1139481761398107, ""54"": 0.08318459134851075, ""58"": 0.07921122389481598, ""67"": 0.050748245678796954, ""69"": 0.006895810487919666, ""74"": 0.12744978834160228, ""94"": 0.4352263419769185}","[0.8619184413674609, 0.05384316727022088, 0.057139760859074164, 0.02709863050324416]",1.7394360722395474,94,0.4352263419769185,0.6766243064583315
227,2,1,0,1,4,0.37107860332186493,"{""16"": 0.10525050824738243, ""32"": 0.0966544164024178, ""74"": 0.13073375632981105, ""94"": 0.3751187064282337, ""97"": 0.07775439349325364, ""98"": 0.11553907370145601, ""99"": 0.0989491453974453}","[0.38184451357778404, 0.37107860332186493, 0.16382845396763324, 0.08324842913271782]",1.7734395204323345,94,0.3751187064282337,0.6213915364595007
228,1,1,1,0,3,0.5135298781877722,"{""32"": 0.10962244038873104, ""47"": 0.07761015381872673, ""69"": 0.13473849964536305, ""94"": 0.3869771521987478, ""97"": 0.06480189930751074, ""98"": 0.04373382278783879, ""105"": 0.18251603185308182}","[0.5135298781877722, 0.3294725824496727, 0.13830005602353804, 0.01869748333901691]",1.702825053696934,94,0.3869771521987478,0.7042316836971927
229,4,2,0,1,5,0.3867578234026007,"{""29"": 0.0669130730910221, ""32"": 0.08851382075830702, ""33"": 0.018045980613716768, ""69"": 0.050433157272179195, ""74"": 0.12806743946151938, ""84"": 0.008317094033565885, ""94"": 0.6397094347696897}","[0.041338037363903825, 0.5018228129111802, 0.07008132632231537, 0.3867578234026007]",1.207490994437249,94,0.6397094347696897,0.856290694989516
230,2,4,0,1,2,0.18427915480094778,"{""11"": 0.030228132115222055, ""25"": 0.09304452163350946, ""29"": 0.15957062828447047, ""32"": 0.1775259782993584, ""69"": 0.07775415629677701, ""74"": 0.2153542728736793, ""94"": 0.17062420478392248, ""97"": 0.07589810571306087}","[0.04585523278484449, 0.18427915480094778, 0.26979321654449856, 0.5000723958697092]",1.9531279908253962,74,0.2153542728736793,0.5635044559569602
231,3,2,0,1,4,0.2669920878498851,"{""2"": 0.18779828368084275, ""67"": 4.1085900993599984e-08, ""69"": 4.690211783443819e-08, ""82"": 5.065326880404715e-08, ""94"": 0.6220524337822524, ""107"": 0.1901491438956171}","[0.09097838517906788, 0.3491588301420753, 0.2669920878498851, 0.29287069682897177]",0.9250186424802613,94,0.6220524337822524,0.9999998613587122
232,2,2,1,0,6,0.4664728749745045,"{""2"": 0.13991123320316387, ""22"": 0.08351371192178494, ""67"": 0.0005429831337154755, ""69"": 0.0006500624485771782, ""70"": 0.12167618356088367, ""82"": 0.00029495615088383887, ""94"": 0.4418070411209154, ""107"": 0.17473463496391142, ""113"": 0.036869193496164375}","[0.1857040268685562, 0.4664728749745045, 0.1895419574220671, 0.15828114073487223]",1.5374702100956232,94,0.4418070411209154,0.7564529092879907
233,3,3,1,0,5,0.48471643819887233,"{""2"": 0.03711624069612603, ""22"": 0.023942306615072996, ""53"": 0.039871345437582355, ""62"": 0.14886800216108678, ""69"": 0.011603757141139634, ""70"": 0.027233521507767765, ""94"": 0.7113648264412246}","[0.13407910825562644, 0.06930599361618017, 0.48471643819887233, 0.31189845992932097]",1.0157340409073308,94,0.7113648264412246,0.9001041740398936
234,1,1,1,0,6,0.4978329841374241,"{""2"": 0.08958035004212239, ""22"": 0.05987885475951484, ""43"": 0.12382174578565142, ""53"": 0.013550124302104038, ""57"": 0.012627990461386327, ""62"": 0.06427206774388405, ""69"": 5.03818576949405e-09, ""81"": 1.8443708531341137e-08, ""94"": 0.6362688434234427}","[0.4978329841374241, 0.2773573485727709, 0.15795156722946926, 0.06685810006033586]",1.2209347016307763,94,0.6362688434234427,0.8496709392512165
235,1,3,0,1,6,0.3560256894120689,"{""2"": 0.08598746497959697, ""22"": 0.06867786519508556, ""43"": 0.13313082948645305, ""45"": 0.059696669606789175, ""62"": 0.07925419758961728, ""92"": 0.01819772427639428, ""94"": 0.46077208539950015, ""99"": 0.09428316346656354}","[0.3560256894120689, 0.11109503247645558, 0.4902895478169521, 0.0425897302945235]",1.6851192379596287,94,0.46077208539950015,0.6881860783525167
236,2,1,0,1,5,0.034828221983307456,"{""18"": 0.06827771185631318, ""26"": 0.08361133909442627, ""43"": 0.2223383619280822, ""71"": 0.14726065624811463, ""81"": 0.19864353243795752, ""94"": 0.11576429396005646, ""99"": 0.16410410447504972}","[0.6835766237980094, 0.034828221983307456, 0.24641745092596173, 0.035177703292721366]",1.8743852634229716,43,0.2223383619280822,0.5850859988410895
237,4,4,1,0,5,0.5914401039541938,"{""26"": 0.16351349894176712, ""43"": 0.14248301260155913, ""56"": 0.1373428419872944, ""94"": 0.2831356515072689, ""101"": 0.1963946543116133, ""102"": 0.07713034065049712}","[0.0280676421237437, 0.31935138210322844, 0.061140871818834035, 0.5914401039541938]",1.7209504507132511,94,0.2831356515072689,0.6430438047606493
238,2,2,1,0,6,0.47552334634777293,"{""26"": 0.11830024154568436, ""37"": 0.07677033947637545, ""43"": 0.17667918846559302, ""46"": 0.12061193493463401, ""63"": 0.17276221316655951, ""81"": 0.08741575153348803, ""94"": 0.2474603308776656}","[0.14655513976867607, 0.47552334634777293, 0.17732994013780695, 0.20059157374574396]",1.8729161488556532,94,0.2474603308776656,0.5969017325098182
239,1,1,1,0,3,0.4839490606926487,"{""26"": 0.2379083721045024, ""37"": 0.15092988345911365, ""74"": 0.15552961808528273, ""76"": 0.20290167119776337, ""96"": 0.21217349251422263, ""113"": 0.04055696263911523}","[0.4839490606926487, 0.37413177909129974, 0.04440910050189639, 0.0975100597141552]",1.69899819912377,26,0.2379083721045024,0.6529835358164884
240,3,4,0,1,4,0.1977852906428083,"{""26"": 0.08239646204620707, ""37"": 0.4893118706155494, ""53"": 0.13474794888815791, ""71"": 0.05598903972907603, ""76"": 0.1489497240355374, ""83"": 0.03953229332193419, ""113"": 0.04907266136353803}","[0.05121731893678629, 0.3068451220360084, 0.1977852906428083, 0.44415226838439703]",1.5461570738616668,37,0.4893118706155494,0.7730095435392447
241,2,3,0,1,5,0.06894674340362841,"{""37"": 0.055645463322105106, ""38"": 0.3897494188248101, ""39"": 0.0856388161555784, ""53"": 0.1798865087171825, ""83"": 0.054058616255397825, ""96"": 0.1537042646644948, ""113"": 0.08131691206043117}","[0.3962296782477532, 0.06894674340362841, 0.41482014367523257, 0.12000343467338581]",1.696666563127586,38,0.3897494188248101,0.7233401922064875
242,4,4,1,0,4,0.6574467527810983,"{""13"": 0.14553700863922767, ""38"": 0.2102874019250498, ""39"": 0.08672346900509005, ""40"": 0.10750496129086043, ""49"": 0.16953171309786658, ""53"": 0.13539654158029335, ""81"": 0.14501890446161222}","[0.04823990073227285, 0.15124020632721358, 0.14307314015941522, 0.6574467527810983]",1.9118131888277041,38,0.2102874019250498,0.525356123662144
243,1,1,1,0,3,0.6008589253224506,"{""13"": 0.14440844186563082, ""25"": 0.17077160710151995, ""29"": 0.19885305167262493, ""38"": 0.1169390771409813, ""42"": 0.23425491668446366, ""81"": 0.13477290553477947}","[0.6008589253224506, 0.2536242569109326, 0.12100111677377448, 0.0245157009928423]",1.7635130333094935,42,0.23425491668446366,0.6038795754586086
244,4,2,0,1,5,0.22358474974833042,"{""19"": 0.184112909473931, ""29"": 0.09391449232560176, ""42"": 0.27427358130761664, ""50"": 0.20747279189351067, ""58"": 0.06365531112227253, ""66"": 0.08498030581611202, ""81"": 0.0915906080609553}","[0.2779848599190376, 0.3028766367101064, 0.19555375362252567, 0.22358474974833042]",1.818581438179671,42,0.27427358130761664,0.6658592826750583
245,3,4,0,1,5,0.2639179567887415,"{""42"": 0.2556306823218015, ""53"": 0.16167725428204607, ""55"": 0.1520605388792194, ""58"": 0.17166617276589508, ""102"": 0.07379100596960386, ""113"": 0.18517434578143419}","[0.018705162175488853, 0.15693799602846603, 0.2639179567887415, 0.5604388850073037]",1.7368259538193196,42,0.2556306823218015,0.6124712008691306
246,1,1,1,0,4,0.5930081512108258,"{""19"": 0.16313058240339917, ""42"": 0.19568398105218132, ""48"": 0.12735529819466448, ""53"": 0.18649982935687084, ""55"": 0.12345066292816874, ""60"": 0.12924087224447559, ""91"": 0.07463877382023984}","[0.5930081512108258, 0.1978232605964818, 0.14010663503337278, 0.06906195315931947]",1.907023442318083,42,0.19568398105218132,0.5453143928124513
247,4,4,1,0,5,0.4961535769148081,"{""17"": 0.04953732593758219, ""18"": 0.11099748355705406, ""42"": 0.3462050819954626, ""48"": 0.1792193014300669, ""92"": 0.14449779852815278, ""107"": 0.1695430085516815}","[0.25352251634474077, 0.07163015155107103, 0.17869375518938016, 0.4961535769148081]",1.6486020275033926,42,0.3462050819954626,0.694967391977211
248,2,4,0,1,5,0.3463548334082358,"{""3"": 0.09542021759484631, ""23"": 0.07087547324146808, ""42"": 0.43661953556750044, ""48"": 0.16547105554414096, ""50"": 0.045690160306991516, ""107"": 0.05324046657303728, ""108"": 0.13268309117201546}","[0.10952770936681396, 0.3463548334082358, 0.09421317570819034, 0.44990428151676]",1.6364181910638287,42,0.43661953556750044,0.7347736822836569
249,3,3,1,0,5,0.30546671809042136,"{""3"": 0.14755855495961734, ""19"": 0.1979708941106526, ""26"": 0.1368917568889903, ""34"": 0.1328160863695775, ""48"": 0.15189202404015226, ""55"": 0.16217077438830416, ""108"": 0.07069990924270583}","[0.1865261806627865, 0.24193553354414787, 0.30546671809042136, 0.26607156770264434]",1.911909546379309,19,0.1979708941106526,0.512033692539109
250,3,2,0,1,4,0.2785417792072211,"{""23"": 0.17968187825209136, ""26"": 0.1729380130938675, ""67"": 0.15446806608684419, ""80"": 0.1522651134817881, ""87"": 0.20567413535208795, ""108"": 0.13497279373332086}","[0.25906263822972825, 0.4094237577191857, 0.2785417792072211, 0.05297182484386493]",1.782578504173288,87,0.20567413535208795,0.5582940266980468
251,2,3,0,1,4,0.09503660548919697,"{""9"": 0.04947242614867164, ""23"": 0.1930426307295405, ""34"": 0.3952334288785837, ""75"": 8.150844088960934e-08, ""87"": 8.310184781211416e-08, ""96"": 0.22612672877273482, ""108"": 0.1361246208601805}","[0.27008866745271237, 0.09503660548919697, 0.35331368374442096, 0.28156104331366977]",1.4407765512368305,34,0.3952334288785837,0.8144027883808591
252,3,1,0,1,5,0.3254033223156636,"{""9"": 0.10575782502084752, ""23"": 0.15107276982748657, ""34"": 0.33815165530656116, ""72"": 5.29340666891069e-08, ""89"": 4.8928797773623665e-08, ""96"": 0.06695840495927424, ""104"": 0.33805924302296597}","[0.37334299663439957, 0.047874016606621134, 0.3254033223156636, 0.2533796644433158]",1.4374398963778978,34,0.33815165530656116,0.8272836681570137
253,3,4,0,1,5,0.20943399368949092,"{""9"": 0.08438062618021894, ""23"": 0.19546479337217953, ""34"": 0.2501589586326901, ""86"": 0.1828394619947156, ""89"": 0.0005891501472426, ""104"": 0.10935101432596292, ""105"": 0.1772159953469903}","[0.034015159213746086, 0.12041925464400925, 0.20943399368949092, 0.6361315924527537]",1.7380503011039128,34,0.2501589586326901,0.6284632139995853
254,1,1,1,0,5,0.7857058599739468,"{""23"": 0.16753353155136277, ""55"": 0.6148928788698383, ""75"": 1.9362146613780562e-07, ""76"": 1.934501898820388e-07, ""86"": 1.8764560463150965e-07, ""87"": 1.554438729699628e-07, ""105"": 0.21757285941766505}","[0.7857058599739468, 0.0743244459203775, 0.08790071461855258, 0.05206897948712326]",0.9301956440541174,55,0.6148928788698383,0.9999992698388661
255,4,4,1,0,5,0.5922360942268744,"{""23"": 0.14147242365760065, ""43"": 0.17347281375076223, ""49"": 0.17909324758506126, ""55"": 0.1965558855529208, ""75"": 0.0008423751863830437, ""76"": 0.0007930857053551621, ""87"": 0.000726648747019032, ""92"": 0.17208442464578058, ""105"": 0.13495909516911725}","[0.038566882662806425, 0.046760101119343325, 0.3224369219909759, 0.5922360942268744]",1.798321099072479,55,0.1965558855529208,0.5491219468887443
256,3,3,1,0,5,0.36998263399817666,"{""23"": 0.07759145393640353, ""33"": 0.038746990902126, ""47"": 0.36611237685294445, ""48"": 0.19799128707243813, ""55"": 0.31955784534083737, ""79"": 4.5895250425404525e-08}","[0.2463823588981074, 0.11719581630073928, 0.36998263399817666, 0.2664391908029767]",1.3773880601678048,47,0.36611237685294445,0.8836615092662199
257,2,2,1,0,5,0.5797506452569934,"{""23"": 0.0928459240624301, ""33"": 0.06400908665306713, ""45"": 0.02480035618399439, ""47"": 0.027183577421383675, ""48"": 0.17165475489962492, ""55"": 0.563029443939549, ""57"": 0.021133093750837013, ""62"": 0.03534376308911378}","[0.25840083893875104, 0.5797506452569934, 0.09733204502037412, 0.06451647078388152]",1.4118753102285215,55,0.563029443939549,0.827530122901604
258,3,3,1,0,6,0.5776064835030792,"{""23"": 0.05628979063055364, ""42"": 0.2368325818065991, ""48"": 0.20031353348827602, ""55"": 0.3152845055458569, ""62"": 0.08340498941181021, ""89"": 2.8612325345828226e-08, ""103"": 0.10787457050457877}","[0.012022281619896628, 0.10190993508401762, 0.5776064835030792, 0.3084612997930067]",1.6364944187304966,55,0.3152845055458569,0.7524306208407321
259,2,2,1,0,4,0.4034201738694817,"{""26"": 0.08175303815797588, ""42"": 0.2320319751178335, ""48"": 0.07023578692611676, ""55"": 0.28944681555134827, ""57"": 0.011320605029203854, ""64"": 0.14040841075207117, ""103"": 0.17480336846545053}","[0.38332094108191966, 0.4034201738694817, 0.10279716921294701, 0.11046171583565156]",1.7203275754873901,55,0.28944681555134827,0.6962821591346323
260,3,3,1,0,6,0.5333560242015831,"{""5"": 0.10921663723762548, ""35"": 0.11360216786355234, ""42"": 0.2678830910068188, ""57"": 0.043581617808372546, ""64"": 0.13744683654389278, ""103"": 0.1766492037938521, ""107"": 0.15162044574588596}","[0.2421470946066966, 0.11789831311947921, 0.5333560242015831, 0.10659856807224109]",1.843361619385942,42,0.2678830910068188,0.5961527405465569
261,1,1,1,0,5,0.6616035592072363,"{""13"": 0.17419495424431453, ""24"": 0.14401809240784982, ""42"": 0.25668575095092333, ""64"": 0.1655934642020559, ""106"": 0.13481269181145203, ""107"": 0.12469504638340444}","[0.6616035592072363, 0.11982672264129311, 0.1559472492819638, 0.06262246886950681]",1.760088911993543,42,0.25668575095092333,0.5964741693972937
262,2,4,0,1,4,0.30228747110376725,"{""13"": 0.0673416824384469, ""26"": 0.10767585635966845, ""34"": 0.2098107055843242, ""50"": 0.12630203955193872, ""106"": 0.15604768057754703, ""107"": 0.19566025067402623, ""110"": 0.13716178481404856}","[0.05769624874941063, 0.30228747110376725, 0.07253822619217652, 0.5674780539546457]",1.8921679211423057,34,0.2098107055843242,0.5615186368358974
263,1,1,1,0,5,0.38119539363553945,"{""26"": 0.34163444405474747, ""43"": 0.2985781524916214, ""56"": 0.03720508153918612, ""81"": 0.03297919810690112, ""87"": 0.2170506352604139, ""110"": 0.07255248854713005}","[0.38119539363553945, 0.21185855884803995, 0.20852650988146837, 0.1984195376349523]",1.4847024400886497,26,0.34163444405474747,0.8572632318067828
264,3,3,1,0,3,0.49211653209357153,"{""6"": 0.12954787139219417, ""12"": 0.15220299470685172, ""26"": 0.17514446006687365, ""43"": 0.1806684347304055, ""87"": 0.10320877441967928, ""110"": 0.10711370558781447, ""112"": 0.15211375909618122}","[0.11264770262547254, 0.10965284002873443, 0.49211653209357153, 0.28558292525222145]",1.9256672568531525,43,0.1806684347304055,0.5080158895041309
265,2,1,0,1,6,0.04887627243303446,"{""0"": 0.15893022758824107, ""26"": 0.21576540170689076, ""43"": 0.19404801215203696, ""46"": 0.1616528749933565, ""60"": 0.09704345073171902, ""87"": 0.1725600328277557}","[0.6479294299959124, 0.04887627243303446, 0.19279911989389675, 0.11039517767715637]",1.7655131004245264,26,0.21576540170689076,0.5823734466866834
266,3,3,1,0,4,0.3363692024893071,"{""0"": 0.11187393501875677, ""18"": 0.08910144355861811, ""26"": 0.28169341428096634, ""34"": 0.04438440478727338, ""46"": 0.1774434190216566, ""102"": 0.1385670440340756, ""112"": 0.15693633929865322}","[0.297702248339259, 0.27715917969297804, 0.3363692024893071, 0.08876936947845596]",1.8269460997239795,26,0.28169341428096634,0.6160731726012761
267,2,1,0,1,4,0.12463860486400193,"{""0"": 0.1663042154686496, ""26"": 0.2031942673078288, ""31"": 0.12006941852017175, ""70"": 0.2380720933748115, ""111"": 0.11759735482175766, ""112"": 0.15476265050678062}","[0.5357589067949015, 0.12463860486400193, 0.27760297975383724, 0.06199950858725944]",1.758815876546241,70,0.2380720933748115,0.60757057615129
268,2,1,0,1,4,0.18493263985900008,"{""0"": 0.11318760375727238, ""43"": 0.13597321981803703, ""57"": 0.1677312480166676, ""70"": 0.1584391624669004, ""100"": 0.1547157205558728, ""104"": 0.15808865785114343, ""111"": 0.1118643875341063}","[0.5304510009713924, 0.18493263985900008, 0.20190284061158775, 0.08271351855801967]",1.9346525447367076,57,0.1677312480166676,0.48425906833471144
269,4,4,1,0,6,0.6336075954895783,"{""0"": 0.1306353396842885, ""5"": 0.21112089294200845, ""10"": 0.17217412136819563, ""43"": 0.16985100289021393, ""63"": 0.162242652857034, ""107"": 0.1539759902582595}","[0.03470137022546908, 0.17038719786916495, 0.16130383641578766, 0.6336075954895783]",1.7814115281236789,5,0.21112089294200845,0.553146017200418
270,4,3,0,1,4,0.31603853075070093,"{""5"": 0.1574028013625955, ""43"": 0.20386517509798227, ""57"": 0.15413897948910996, ""65"": 0.0960040252228123, ""68"": 3.1328435785211914e-08, ""94"": 0.25250653377147814, ""107"": 0.13608245372758607}","[0.18364674843057852, 0.05586112033825234, 0.4444536004804683, 0.31603853075070093]",1.7473781234344594,94,0.25250653377147814,0.613774510232056
271,4,4,1,0,4,0.3454886410233492,"{""42"": 0.23747491494806375, ""43"": 0.0962578496479048, ""57"": 0.27659261774819116, ""63"": 0.06103652113091289, ""71"": 5.2724639046284797e-08, ""94"": 0.22428441509912966, ""107"": 0.10435362870115879}","[0.1988261019594088, 0.2037732638755861, 0.25191199314165585, 0.3454886410233492]",1.6639904023378167,57,0.27659261774819116,0.7383519477953846
272,2,2,1,0,4,0.44835770395946906,"{""18"": 0.1898156360121753, ""42"": 0.20531220688193655, ""43"": 0.07152876757198527, ""47"": 0.11920897228854309, ""54"": 0.13281337691920228, ""57"": 0.17225496315891484, ""92"": 0.10906607716724259}","[0.05650180035518157, 0.44835770395946906, 0.44649044943464733, 0.04865004625070205]",1.8954355251511235,42,0.20531220688193655,0.5673828060530267
273,1,1,1,0,5,0.3519126780438982,"{""19"": 0.16421224033167997, ""42"": 0.43229299222226886, ""54"": 0.3532758288322951, ""57"": 0.050218818465025905, ""84"": 6.002488354694353e-08, ""86"": 6.012384661091474e-08}","[0.3519126780438982, 0.18004432213721164, 0.2795586052514667, 0.18848439456742355]",1.1770188591053143,42,0.43229299222226886,0.9497810613862439
274,1,1,1,0,4,0.6296331931243635,"{""19"": 0.1869177347693485, ""22"": 0.02066266768677053, ""42"": 0.3500484217313928, ""48"": 0.16086388018250414, ""54"": 0.13999372729597553, ""57"": 0.1415135248987044, ""80"": 4.3222880552512535e-08, ""84"": 2.1242352504093643e-10}","[0.6296331931243635, 0.287554879792204, 0.05857212769718704, 0.02423979938624551]",1.6069670185800224,42,0.3500484217313928,0.6978300366832455
275,4,4,1,0,4,0.44323477969821523,"{""14"": 0.19885946217031578, ""19"": 0.18448490106627963, ""42"": 0.2159382072475875, ""48"": 0.13707937674916454, ""53"": 0.012767672155837259, ""54"": 0.17595486162229745, ""55"": 0.02960631663773862, ""57"": 0.04530920235077906}","[0.03224684052736224, 0.33160145491819804, 0.19291692485622453, 0.44323477969821523]",1.8421982548937965,42,0.2159382072475875,0.5992825704841829
276,4,4,1,0,5,0.6174003290784494,"{""3"": 0.6175636964068522, ""14"": 0.04287600508136662, ""16"": 0.03864985303914927, ""19"": 0.0689102571169852, ""57"": 0.23200012347645593, ""83"": 6.487919086033169e-08}","[0.09067223594457731, 0.2263690526985748, 0.06555838227839839, 0.6174003290784494]",1.0817095696872072,3,0.6175636964068522,0.9184740770002933
277,4,4,1,0,5,0.37554538927517966,"{""3"": 0.4187208206525846, ""14"": 0.007760304509583836, ""16"": 0.008490921249100275, ""19"": 0.02800633607239401, ""25"": 0.03238626393002758, ""29"": 0.0660694456429006, ""47"": 0.20352213958781648, ""57"": 0.2350437681580607, ""83"": 1.9753193961489407e-10}","[0.18959465930586603, 0.10778344012758942, 0.32707651129136484, 0.37554538927517966]",1.4977881794582233,3,0.4187208206525846,0.8572867283984618
278,1,1,1,0,5,0.6163886462441656,"{""3"": 0.21006735320639108, ""25"": 0.09410986747300247, ""46"": 0.14082479647642482, ""47"": 0.14788661101342443, ""51"": 0.1129321361669864, ""57"": 0.20368333999038932, ""62"": 0.09049589567338157}","[0.6163886462441656, 0.2716786146485623, 0.09686375052482724, 0.015068988582444976]",1.8967021793577077,3,0.21006735320639108,0.5616373042102047
279,2,4,0,1,4,0.07135727694041617,"{""3"": 0.24534409921651124, ""20"": 0.2025078690785835, ""46"": 0.13284919167869488, ""47"": 0.18615616743144164, ""51"": 0.0502170012407306, ""60"": 0.18292567135403814}","[0.03100223524544062, 0.07135727694041617, 0.443530025636701, 0.4541104621774422]",1.7102038255428198,3,0.24534409921651124,0.6340081357265364
280,4,4,1,0,4,0.44492453608049753,"{""20"": 0.21906436400205184, ""46"": 0.1050030014545281, ""47"": 0.2529752637589575, ""60"": 0.12375631154044493, ""63"": 0.10193932516096754, ""64"": 0.05083688037667995, ""105"": 0.14642485370637015}","[0.04135899986898762, 0.12662325753333878, 0.38709320651717616, 0.44492453608049753]",1.841097595569501,47,0.2529752637589575,0.6184644814673795
281,4,1,0,1,5,0.15560875635443192,"{""27"": 0.02979013625820059, ""47"": 0.48310393962284903, ""60"": 0.13964373038199943, ""86"": 4.472482010968147e-08, ""105"": 0.15557040965595786, ""110"": 0.191891739356173}","[0.39942598397465845, 0.22143914211309468, 0.22352611755781507, 0.15560875635443192]",1.3372939411988334,47,0.48310393962284903,0.8305660886349799
282,2,2,1,0,4,0.5176719215678601,"{""27"": 0.07096203268834723, ""46"": 0.1290995437235766, ""47"": 0.21032928659723918, ""57"": 0.08096494190730674, ""60"": 0.13905064148077845, ""94"": 0.1356562704221586, ""105"": 0.11370512764384087, ""110"": 0.1202321555367524}","[0.13259030741190642, 0.5176719215678601, 0.2070575686783307, 0.1426802023419026]",2.0307015827475743,47,0.21032928659723918,0.48503619850017626
283,3,4,0,1,4,0.05655412295023644,"{""13"": 0.1450706676567808, ""27"": 0.006591275433879196, ""31"": 0.19609730381890203, ""47"": 0.32825993430885403, ""57"": 0.163042404298487, ""63"": 0.16093841448309681}","[0.2562221358275389, 0.17666189377489638, 0.05655412295023644, 0.5105618474473282]",1.5880100670544528,47,0.32825993430885403,0.687399642426243
284,3,2,0,1,5,0.28444656384062755,"{""3"": 0.15265134041070835, ""5"": 0.1204708879751534, ""13"": 0.1526083148640576, ""31"": 0.1523016376329954, ""44"": 0.19449685758153523, ""47"": 0.10766628551634608, ""57"": 0.07217496378928918, ""111"": 0.04762971222991471}","[0.31995981388876304, 0.35206789525342597, 0.28444656384062755, 0.043525727017183366]",2.008520055797165,44,0.19449685758153523,0.4997565128563012
285,4,4,1,0,6,0.4818307461127327,"{""3"": 0.11034317363460573, ""10"": 0.26528358572986815, ""31"": 0.18786676967928345, ""44"": 0.16711460454958882, ""61"": 0.1777631897964216, ""101"": 0.09162867661023223}","[0.11619774824210653, 0.27241958462097876, 0.12955192102418206, 0.4818307461127327]",1.7343761170610295,10,0.26528358572986815,0.6309135452055732
286,1,1,1,0,5,0.687753942948857,"{""2"": 0.33459541106417684, ""9"": 0.2068663488647902, ""22"": 0.1597300519250776, ""31"": 0.030124522564717465, ""38"": 6.391186492583823e-08, ""44"": 0.11350117485181095, ""61"": 0.15518242681756192}","[0.687753942948857, 0.13702027255667507, 0.06347487595399594, 0.11175090854047193]",1.626880263196354,2,0.33459541106417684,0.7011918118540447
287,4,4,1,0,6,0.6052132543257599,"{""2"": 0.2939577191531783, ""9"": 0.03372445309484681, ""25"": 0.16236941232740937, ""58"": 0.19426678067377479, ""61"": 0.14887847692035736, ""91"": 0.1383108281245762, ""99"": 0.028492329705857085}","[0.03281225130872459, 0.20833470956005393, 0.15363978480546156, 0.6052132543257599]",1.7462375399531755,2,0.2939577191531783,0.6505939121543625
288,4,1,0,1,5,0.2029555608253263,"{""2"": 0.27069946836448716, ""25"": 0.16843035270853157, ""55"": 0.08524504112851693, ""58"": 0.08525664764404729, ""59"": 0.18849673239299852, ""61"": 0.07301043648269978, ""90"": 0.1288613212787188}","[0.27195165603577287, 0.262047836041343, 0.2630449470975579, 0.2029555608253263]",1.8432095384787797,2,0.27069946836448716,0.6276265534660173
289,3,3,1,0,4,0.37565797550184143,"{""19"": 0.18595667586172746, ""25"": 0.1822424562157894, ""33"": 0.11205429451487055, ""52"": 0.13554238343772504, ""59"": 0.25751581951410857, ""96"": 0.12668837045577902}","[0.212539712008969, 0.08923419590503996, 0.37565797550184143, 0.3225681165841497]",1.7503219293582015,59,0.25751581951410857,0.6257149515916254
290,3,3,1,0,4,0.330395343195564,"{""19"": 0.0636006144879889, ""22"": 0.1597333276320091, ""33"": 0.1334964256834556, ""52"": 0.14189154749313335, ""59"": 0.19585772685206745, ""65"": 0.14735790162727097, ""110"": 0.1580624562240747}","[0.07344342787378888, 0.27202890712679795, 0.330395343195564, 0.32413232180384915]",1.90719090181093,59,0.19585772685206745,0.5136535107081512
291,1,1,1,0,6,0.6282681652785097,"{""11"": 0.3030455265203787, ""37"": 1.3183666502701775e-07, ""48"": 0.35353970593712264, ""59"": 0.15121877808230164, ""99"": 0.06798896061739702, ""110"": 0.1242068970061349}","[0.6282681652785097, 0.06676895908758966, 0.16516219404814977, 0.13980068158575099]",1.456906197477629,48,0.35353970593712264,0.807804010539803
292,4,2,0,1,4,0.12625884992226724,"{""0"": 0.10853963178203838, ""8"": 0.15838221973505182, ""11"": 0.13489307910152634, ""48"": 0.11963589057100964, ""59"": 0.17603074697135776, ""64"": 0.19349239281865646, ""110"": 0.10902603902035965}","[0.2891602800154012, 0.3349216097406587, 0.2496592603216729, 0.12625884992226724]",1.9223531927555526,64,0.19349239281865646,0.527905359525066
293,1,1,1,0,4,0.6588739710114613,"{""8"": 0.21096183804700422, ""12"": 0.1404149566430977, ""37"": 0.15659449131771244, ""58"": 0.10598816262619369, ""64"": 0.21043270976355696, ""71"": 0.175607841602435}","[0.6588739710114613, 0.08675384090538579, 0.08812769693449495, 0.166244491148658]",1.7656014758714749,8,0.21096183804700422,0.5970023894129962
294,2,2,1,0,4,0.32106986322490233,"{""6"": 0.10409082214938302, ""8"": 0.1260006463541826, ""12"": 0.16606797689062486, ""32"": 0.0728307280501234, ""64"": 0.262792156326518, ""104"": 0.15615062764579243, ""115"": 0.11206704258337571}","[0.28909567827604826, 0.32106986322490233, 0.1551292320128632, 0.23470522648618627]",1.871882213642572,64,0.262792156326518,0.5850107608629352
295,4,3,0,1,5,0.13557137470097635,"{""12"": 0.4329307848327737, ""37"": 2.477898471705632e-07, ""46"": 0.11932352947081096, ""56"": 0.12912279168544138, ""62"": 0.31862238583774777, ""115"": 2.603833791846246e-07}","[0.02466349841775138, 0.058456688269122155, 0.78130843861215, 0.13557137470097635]",1.2448566458623431,12,0.4329307848327737,0.8806759623559628
296,3,1,0,1,6,0.10844747624093833,"{""12"": 0.12096194855207339, ""37"": 3.7978776956659927e-10, ""46"": 0.16356751561793034, ""56"": 0.06532050923292114, ""62"": 0.11656378157187625, ""85"": 8.386632078699978e-08, ""96"": 0.04897571110175191, ""109"": 0.4846104496773384}","[0.6588055067867584, 0.19204794061673444, 0.10844747624093833, 0.04069907635556878]",1.4791952168217348,109,0.4846104496773384,0.7691399138473421
297,4,2,0,1,5,0.21818124243130518,"{""12"": 0.26697352752339815, ""37"": 4.5840144814697694e-11, ""46"": 0.2998741686843193, ""47"": 0.07815238742634172, ""89"": 1.3818146974682513e-07, ""96"": 0.2641121118303319, ""109"": 0.09088766630829907}","[0.10790621637879783, 0.3527394112175647, 0.3211731299723322, 0.21818124243130518]",1.4825474821265632,46,0.2998741686843193,0.8309598080380494
298,1,1,1,0,5,0.49113418153489374,"{""3"": 0.1618075040591405, ""12"": 0.19580999200026067, ""46"": 0.1361376611946934, ""47"": 0.19669995964118464, ""52"": 0.08516364063147457, ""96"": 0.07918586186891104, ""104"": 0.14519538060433523}","[0.49113418153489374, 0.14541336825861714, 0.23158670243282653, 0.1318657477736625]",1.8960825072023026,47,0.19669995964118464,0.5543174557005858
299,2,2,1,0,4,0.40609374507998824,"{""3"": 0.1471598780717283, ""24"": 0.19385426630863273, ""32"": 0.21178683205308924, ""60"": 0.2022001887071791, ""96"": 0.1350533484063466, ""112"": 0.10994548645302415}","[0.13305387731235618, 0.40609374507998824, 0.15947529245212277, 0.30137708515553274]",1.7651091255445026,32,0.21178683205308924,0.6078412870689011
300,2,2,1,0,4,0.4260611216955846,"{""0"": 0.4536890915546544, ""24"": 0.03535232867015734, ""41"": 6.262282765494117e-08, ""60"": 0.06065939587745357, ""64"": 0.4102595312755586, ""83"": 7.525581610070376e-08, ""96"": 0.04003951474353226}","[0.034806635283616175, 0.4260611216955846, 0.37801036006203603, 0.16112188295876334]",1.141100131359326,0,0.4536890915546544,0.9246080187076666
301,2,3,0,1,6,0.0634602505401971,"{""0"": 0.1672156174955957, ""24"": 0.06475081626831239, ""45"": 0.09847853380968893, ""60"": 0.10393174760608301, ""64"": 0.22255221458276017, ""86"": 0.14718190402517423, ""96"": 0.0815960206667236, ""102"": 0.11429314554566197}","[0.12813879007797396, 0.0634602505401971, 0.5883462393950741, 0.22005471998675485]",2.0086623248659325,64,0.22255221458276017,0.53694973610353
302,3,2,0,1,4,0.11535042234337604,"{""46"": 0.16770061342359907, ""53"": 0.24116116469055762, ""60"": 0.06630171404983302, ""86"": 0.0921383414913927, ""96"": 0.044333641529360604, ""109"": 0.3883645248152571}","[0.3490401199163799, 0.45011038414112226, 0.11535042234337604, 0.08549907359912168]",1.5475195100136114,109,0.3883645248152571,0.7972263029294138
303,2,2,1,0,4,0.38378575172263063,"{""24"": 0.17975139945105673, ""46"": 0.14201546785632202, ""53"": 0.1537319884983989, ""60"": 0.09233664621431616, ""69"": 0.1963797901160545, ""107"": 0.09527285327205537, ""109"": 0.1405118545917963}","[0.035044171945896284, 0.38378575172263063, 0.3132251171645618, 0.26794495916691125]",1.9129044376125495,69,0.1963797901160545,0.5298631780655101
304,2,1,0,1,5,0.38073408579150625,"{""22"": 0.051068251214068466, ""25"": 0.22173211148037011, ""33"": 0.14643722295444192, ""41"": 0.1681941546667457, ""46"": 0.17500689676023534, ""69"": 0.23756136292413835}","[0.41890575940543806, 0.38073408579150625, 0.1271801428947608, 0.07318001190829487]",1.7135358289152804,69,0.23756136292413835,0.6343003711647438
305,1,1,1,0,6,0.6788393538894335,"{""22"": 0.13045999528347324, ""25"": 0.16134222595979578, ""33"": 0.17694982450445465, ""46"": 0.1739406787410592, ""69"": 1.3694815444381034e-07, ""96"": 0.045105881118662663, ""105"": 0.31220125744439997}","[0.6788393538894335, 0.16926331031345068, 0.11979196867100583, 0.03210536712610997]",1.6739275889258425,105,0.31220125744439997,0.6630917606899138
306,3,1,0,1,6,0.19714728643606597,"{""44"": 0.17818789852805308, ""46"": 0.1313738425829631, ""63"": 0.15496929173452262, ""67"": 0.1902216895099653, ""90"": 0.12007660175402544, ""96"": 0.059923534876417044, ""105"": 0.16524714101405347}","[0.47381066217030243, 0.2154052909656074, 0.19714728643606597, 0.11363676042802412]",1.8993196967650776,67,0.1902216895099653,0.5336567290520718
307,4,1,0,1,5,0.1768428451307964,"{""39"": 0.07116859249688574, ""63"": 0.05929556534198458, ""72"": 0.22327324611789218, ""88"": 0.3852421232009148, ""90"": 0.17684286695684626, ""108"": 0.08417760588547644}","[0.35645661267943196, 0.1690664327900271, 0.29763410939974455, 0.1768428451307964]",1.5725474194574829,88,0.3852421232009148,0.7853582362756533
308,1,3,0,1,4,0.37431001107926204,"{""29"": 0.05661410220077845, ""35"": 0.11719303000909292, ""63"": 0.045707346905584555, ""70"": 0.31289764079544, ""88"": 0.10081434404951153, ""90"": 0.2776832738234613, ""108"": 0.08909026221613128}","[0.37431001107926204, 0.14298707241839495, 0.39536338079110794, 0.08733953571123514]",1.720934297607019,70,0.31289764079544,0.7077739446279943
309,3,3,1,0,5,0.3921553599999329,"{""13"": 0.14315931111529415, ""35"": 0.132478479245872, ""70"": 0.17364126382829456, ""90"": 0.14488009809919092, ""92"": 0.13132019083850346, ""100"": 0.13824887071032793, ""115"": 0.136271786162517}","[0.24361371770859322, 0.12916442806347825, 0.3921553599999329, 0.23506649422799564]",1.941699514467193,70,0.17364126382829456,0.4616806730427796
310,3,4,0,1,5,0.14554833892642433,"{""13"": 0.2339037375486512, ""85"": 0.13651433891038267, ""88"": 0.4402360312351024, ""90"": 0.07915100326946356, ""100"": 0.03728419600337636, ""105"": 0.07291069303302392}","[0.07073267381566871, 0.270150622843993, 0.14554833892642433, 0.5135683644139141]",1.4871708319972619,88,0.4402360312351024,0.8106541076941363
311,4,1,0,1,5,0.1585789148301317,"{""13"": 0.18545828074424306, ""61"": 0.14451530528206505, ""77"": 0.1469507847137786, ""85"": 0.10488395281976944, ""88"": 0.18661461599735943, ""105"": 0.11185171241921306, ""108"": 0.11972534802357133}","[0.4285097466460702, 0.19945058164460105, 0.2134607568791971, 0.1585789148301317]",1.9227492438786673,88,0.18661461599735943,0.519023681455381
312,4,4,1,0,4,0.7307098971303302,"{""13"": 0.20861005736612248, ""49"": 0.16851935255116396, ""87"": 0.062078321026573284, ""88"": 0.20409390681202064, ""97"": 0.19305161615074418, ""105"": 0.1636467460933754}","[0.04240650005397557, 0.20389396583327488, 0.022989636982419383, 0.7307098971303302]",1.7376530548853495,13,0.20861005736612248,0.6057555803288873
313,2,1,0,1,4,0.1833161523253988,"{""13"": 0.00819666922205281, ""15"": 0.02315110495464281, ""49"": 0.38665868437177164, ""58"": 0.07437019482384474, ""62"": 0.08564758981586458, ""88"": 6.720860334415231e-08, ""99"": 0.4219756896032201}","[0.392623130907285, 0.1833161523253988, 0.37746223263271805, 0.046598484134598044]",1.2617964414614473,99,0.4219756896032201,0.8942819637908563
314,1,1,1,0,5,0.4981042076271944,"{""13"": 0.015055205508359808, ""49"": 0.29235384661908503, ""55"": 0.16089229597179253, ""58"": 0.08431124850068132, ""62"": 0.03876385304085776, ""63"": 0.034828452620710146, ""74"": 7.580993197434763e-08, ""99"": 0.37379502192858144}","[0.4981042076271944, 0.28391317597011434, 0.1921463821378032, 0.02583623426488822]",1.5359380162097074,99,0.37379502192858144,0.827041164519459
315,2,3,0,1,5,0.16578452128632207,"{""7"": 0.27283461407706316, ""25"": 0.04740483349104071, ""49"": 0.16896251520446312, ""55"": 0.12217834904439001, ""63"": 0.088824536207748, ""74"": 1.8445390719411854e-10, ""99"": 0.2997951517908411}","[0.2914851625106216, 0.16578452128632207, 0.29518959664054384, 0.24754071956251253]",1.6324041113588097,99,0.2997951517908411,0.7415922810723674
316,3,2,0,1,4,0.16155645434949734,"{""3"": 0.18614387261977597, ""18"": 0.4798786631342526, ""49"": 0.17337137222375454, ""63"": 0.036596358649052176, ""74"": 1.77434348571136e-11, ""81"": 5.3567987346461754e-08, ""99"": 0.12400967978743395}","[0.1895064208705961, 0.42291223173668413, 0.16155645434949734, 0.22602489304322254]",1.3490029794614635,18,0.4798786631342526,0.8393939079777831
317,1,1,1,0,5,0.3481371652835552,"{""3"": 0.09588458729470922, ""18"": 0.21624906619241166, ""49"": 0.14190900980003035, ""63"": 0.03547782877511078, ""86"": 0.12549486001475058, ""90"": 0.13228117319180493, ""98"": 0.11493886012966315, ""99"": 0.13776461460151948}","[0.3481371652835552, 0.1738308865573944, 0.3133861742747057, 0.16464577388434468]",2.0012785576790053,18,0.21624906619241166,0.49592269059396143
318,1,3,0,1,5,0.10998753878102063,"{""3"": 0.1600742262722072, ""11"": 0.17059411748370087, ""23"": 0.17705046187794338, ""24"": 0.18050809357993147, ""79"": 0.13717995767460003, ""86"": 0.17459314311161703}","[0.10998753878102063, 0.20977553755415068, 0.41605677972448674, 0.264180143940342]",1.787741952163136,24,0.18050809357993147,0.5321516985694918
319,1,1,1,0,3,0.6756691153753589,"{""2"": 0.12277443467819495, ""3"": 0.16488845166478575, ""11"": 0.1907877425150002, ""67"": 0.19630162894032233, ""79"": 0.10290276057337885, ""96"": 0.1506894550846039, ""114"": 0.0716555265437141}","[0.6756691153753589, 0.058462956024030385, 0.11571003481218187, 0.1501578937884288]",1.8984326058830134,67,0.19630162894032233,0.5519778231201082
320,4,4,1,0,5,0.3561888284313807,"{""1"": 0.1902237498398477, ""11"": 0.08436952094541077, ""22"": 0.1260677494960775, ""67"": 0.266273127479094, ""72"": 0.15654432904427779, ""96"": 0.17652152319529227}","[0.13486442914072763, 0.23663249589584492, 0.27231424653204683, 0.3561888284313807]",1.7341557403798569,67,0.266273127479094,0.633018400514234
321,1,1,1,0,4,0.5831258261299248,"{""11"": 0.08276921696472972, ""22"": 0.08762775869609706, ""27"": 0.2359320330594698, ""31"": 0.1123188308012235, ""58"": 0.10769351850306205, ""67"": 0.21999751669519763, ""96"": 0.1536611252802202}","[0.5831258261299248, 0.1354341127949404, 0.19858936472144534, 0.08285069635368948]",1.8667970514713055,27,0.2359320330594698,0.6095906750348876
322,1,1,1,0,4,0.30671369906999996,"{""27"": 0.22617604272041172, ""58"": 0.11715983742459701, ""73"": 0.16768707636745017, ""74"": 0.15689387906674726, ""89"": 0.15826265858622637, ""111"": 0.17382050583456754}","[0.30671369906999996, 0.19688268438355377, 0.29671528445893314, 0.1996883320875132]",1.7733378754101878,27,0.22617604272041172,0.5676836249224294
323,4,4,1,0,5,0.28230891773202077,"{""3"": 0.12990123348084592, ""58"": 0.09283201063511622, ""72"": 0.1482371071336859, ""74"": 0.14894361171686618, ""88"": 0.13261680590854172, ""89"": 0.14682660006759837, ""101"": 0.20064263105734564}","[0.2382281564363026, 0.24174522566811216, 0.23771770016356442, 0.28230891773202077]",1.9242669552773892,101,0.20064263105734564,0.49782334990789767
324,2,2,1,0,5,0.5512234841065335,"{""2"": 0.21072435502127299, ""42"": 0.36040755115913303, ""72"": 4.330836585122102e-08, ""74"": 4.3639719490993744e-08, ""101"": 0.35122836486269493, ""102"": 0.07763964200881371}","[0.04262129602432378, 0.5512234841065335, 0.22220511027122525, 0.18395010959791747]",1.2618640515654636,42,0.36040755115913303,0.9223602710431009
325,3,3,1,0,4,0.46041830047098886,"{""2"": 0.21773763929905063, ""42"": 0.2998116169464361, ""48"": 0.15795549080995464, ""69"": 2.7976083417649697e-08, ""74"": 1.2978050451295928e-10, ""98"": 0.0285682890658047, ""101"": 0.2390956876029532, ""102"": 0.05683124816993682}","[0.19352944575815223, 0.2165420866328039, 0.46041830047098886, 0.12951016713805497]",1.5912513578411835,42,0.2998116169464361,0.7566449438484399
326,1,1,1,0,5,0.640300551290526,"{""2"": 0.07564065461300883, ""24"": 0.10659584244586354, ""38"": 0.08745375623678013, ""42"": 0.2065410144979344, ""48"": 0.1436294432591129, ""89"": 0.11170155117643019, ""101"": 0.16965687433303023, ""102"": 0.09878086343783984}","[0.640300551290526, 0.10678390403617657, 0.20148351503397693, 0.05143202963932057]",2.02597271145968,42,0.2065410144979344,0.5198273320900775
327,3,3,1,0,5,0.46826986149719635,"{""27"": 0.17465641888404543, ""42"": 0.26677348149554586, ""48"": 0.19036374244280468, ""101"": 0.19754951063860443, ""110"": 0.12483305893590808, ""113"": 0.0458237876030916}","[0.02608118401199358, 0.4072512473616792, 0.46826986149719635, 0.09839770712913079]",1.6944470093896802,42,0.26677348149554586,0.6546867345769549
328,3,3,1,0,4,0.6792778916897245,"{""27"": 0.01861304931583411, ""42"": 0.34298936888598847, ""52"": 0.027034036168176546, ""55"": 0.14803108800193182, ""56"": 0.0688144157054003, ""96"": 0.3154723267012586, ""101"": 0.07904571522141028}","[0.05966437854594068, 0.15939992236920397, 0.6792778916897245, 0.10165780739513092]",1.5702924865494878,42,0.34298936888598847,0.8064927835891789
329,1,1,1,0,5,0.6356408884106035,"{""42"": 0.4135896787411256, ""55"": 0.17998303419486436, ""56"": 0.029730854698673186, ""81"": 2.8120626049504047e-08, ""82"": 2.589231261559592e-08, ""96"": 0.2406407731271964, ""103"": 0.1360556052252018}","[0.6356408884106035, 0.09527325885096943, 0.22886974471370727, 0.04021610802471992]",1.3924935906229061,42,0.4135896787411256,0.8342134860631863
330,3,3,1,0,6,0.49488763272042136,"{""0"": 0.10194453320341243, ""41"": 0.14290063609627504, ""42"": 0.3074944338693385, ""55"": 0.10783117344288824, ""71"": 0.09010037138430267, ""96"": 0.11081500085724329, ""103"": 0.1389138511465397}","[0.013464228039677827, 0.26164181802661735, 0.49488763272042136, 0.23000632121328346]",1.848428709846435,42,0.3074944338693385,0.5893089211121532
331,2,2,1,0,5,0.5572918493805277,"{""47"": 0.05613410871552658, ""55"": 0.5138428832744693, ""62"": 0.056663082620136584, ""65"": 0.3733597684618554, ""71"": 8.286444321985088e-08, ""87"": 7.406356898327567e-08}","[0.020517879377072983, 0.5572918493805277, 0.03835836711865543, 0.38383190412374396]",1.0343031375639782,55,0.5138428832744693,0.9438657343564614
332,1,3,0,1,5,0.03621547180621125,"{""30"": 0.13002093758681102, ""47"": 0.0783919363423474, ""49"": 0.14181282210458662, ""55"": 0.2304729687249358, ""62"": 0.09724120819199622, ""65"": 0.1909803317529563, ""71"": 0.0005690338093557194, ""78"": 0.13013811369696573, ""87"": 0.0003726477900450333}","[0.03621547180621125, 0.3463368886429856, 0.487379134578755, 0.13006850497204817]",1.8954582376080804,55,0.2304729687249358,0.5632661225824787
333,4,4,1,0,5,0.4151622335791352,"{""38"": 0.21323737393531256, ""47"": 0.12849502324215906, ""50"": 0.18338428105062846, ""55"": 0.23571759322098426, ""62"": 0.06590269381674384, ""111"": 0.17326303473417184}","[0.07418441646115909, 0.31524621100246775, 0.19540713895723805, 0.4151622335791352]",1.727820113246107,55,0.23571759322098426,0.6323392482069252
334,4,4,1,0,5,0.29041947674695207,"{""0"": 0.1474410406339609, ""47"": 0.15158776719253372, ""50"": 0.161495901404752, ""52"": 0.12637328113450577, ""58"": 0.13878773832428318, ""111"": 0.10366381304265418, ""115"": 0.1706504582673102}","[0.1783198484180328, 0.2765920507944787, 0.2546686240405365, 0.29041947674695207]",1.9348684945442367,115,0.1706504582673102,0.48373412686459594
335,2,4,0,1,5,0.2711525687400247,"{""47"": 0.15959561788246385, ""68"": 0.10735291376687907, ""70"": 0.11295195178601655, ""77"": 0.27948175767289485, ""102"": 0.0799281760549406, ""115"": 0.260689582836805}","[0.12862919482143742, 0.2711525687400247, 0.1702974010856213, 0.42992083535291664]",1.687487703937029,77,0.27948175767289485,0.6997669583921637
336,2,1,0,1,5,0.2741878392535123,"{""1"": 0.15451868297981258, ""31"": 0.18043682015468757, ""47"": 0.15028666983407596, ""70"": 0.1557193199417869, ""99"": 0.1604760834690874, ""100"": 0.06216896875047131, ""115"": 0.13639345487007834}","[0.38326458160628596, 0.2741878392535123, 0.26019481554893803, 0.08235276359126377]",1.90997842729082,31,0.18043682015468757,0.49663222356556186
337,1,1,1,0,6,0.4216725404752951,"{""1"": 0.16380910394071, ""26"": 0.1404190735510445, ""31"": 0.17675448436282096, ""47"": 0.1605909682054868, ""81"": 0.16722983266818253, ""94"": 0.19119653727175526}","[0.4216725404752951, 0.10123232554750368, 0.2934061779498286, 0.18368895602737265]",1.7874151262534166,94,0.19119653727175526,0.5351808543027587
338,2,2,1,0,5,0.4569906333615785,"{""1"": 0.13339936390808046, ""26"": 0.12800265251295395, ""47"": 0.13125949482205543, ""48"": 0.1431047600312414, ""61"": 0.1767720681618611, ""94"": 0.134303261565388, ""106"": 0.15315839899841954}","[0.2974050014689521, 0.4569906333615785, 0.21911177133341955, 0.0264925938360498]",1.9399406071242504,61,0.1767720681618611,0.473035227191522
339,1,1,1,0,6,0.3677922779413717,"{""1"": 0.05594588255347645, ""33"": 0.07456976972578463, ""51"": 0.11543595050087281, ""77"": 0.0900471932559606, ""94"": 0.39691458469828517, ""114"": 0.2670866192656203}","[0.3677922779413717, 0.215733117857785, 0.2935694724647771, 0.12290513173606622]",1.5402752880631911,94,0.39691458469828517,0.7794371544647782
340,4,4,1,0,5,0.40138417109168895,"{""6"": 0.1940943662112189, ""33"": 0.060762174563732375, ""51"": 0.08959569898568706, ""80"": 0.07404901602353274, ""81"": 0.020432227341770144, ""94"": 0.5077999775566984, ""114"": 0.053266539317360355}","[0.13097731573248042, 0.17044745185731888, 0.29719106131851175, 0.40138417109168895]",1.4770943841911481,94,0.5077999775566984,0.7914900427536044
341,1,1,1,0,4,0.40407077805650937,"{""6"": 0.10214345423411672, ""26"": 0.12898815678851414, ""51"": 0.14573297178381403, ""80"": 4.921080410286368e-08, ""81"": 3.061705352263261e-08, ""94"": 0.6231352921895079, ""114"": 4.5176189456012765e-08}","[0.40407077805650937, 0.09845176635306636, 0.3984939283173594, 0.0989835272730648]",1.0726185304014753,94,0.6231352921895079,0.8978564207618361
342,3,4,0,1,5,0.2748780665105972,"{""2"": 0.2385826544427158, ""6"": 0.10596517237464347, ""26"": 0.015687125950723465, ""45"": 0.22734222657047606, ""51"": 0.14143394892643507, ""80"": 1.8243771418166497e-10, ""81"": 1.4486034248822098e-10, ""94"": 0.270988871227515, ""114"": 1.8019301009028994e-10}","[0.015109268282139775, 0.21719194530958433, 0.2748780665105972, 0.49282071989767867]",1.6121509002293126,94,0.270988871227515,0.736913752240707
343,2,3,0,1,3,0.16360408114342614,"{""2"": 0.0550324509872196, ""15"": 0.03437375622106125, ""45"": 0.042164027293668756, ""69"": 0.07068327689095685, ""75"": 0.07232769466994464, ""94"": 0.4988351206948433, ""110"": 0.2265836732423056}","[0.1532136535836131, 0.16360408114342614, 0.3548729381620041, 0.3283093271109567]",1.4695154164078947,94,0.4988351206948433,0.7977464886070935
344,4,4,1,0,5,0.6724159171450202,"{""38"": 1.2104899203541705e-07, ""45"": 0.11461775369026451, ""69"": 1.0514595016087846e-07, ""74"": 1.2282805680626452e-07, ""75"": 1.0403488700703889e-07, ""94"": 0.3935244350956091, ""110"": 0.4918573581562404}","[0.010540854684706303, 0.16140474489328052, 0.155638483276993, 0.6724159171450202]",0.9642979597470192,110,0.4918573581562404,0.999999546942114
345,4,4,1,0,4,0.3074477896362342,"{""24"": 0.20614932673305184, ""25"": 0.17807749267563552, ""45"": 0.14395440015153538, ""69"": 0.0006433799808025903, ""74"": 0.0008556252281927293, ""75"": 0.0005240211585428499, ""91"": 0.08753972347647618, ""94"": 0.22584524133376738, ""110"": 0.15641078926199564}","[0.21000497313550592, 0.24687259078157608, 0.2356746464466837, 0.3074477896362342]",1.7660097921632103,94,0.22584524133376738,0.6100720607424548
346,4,4,1,0,4,0.48037325755472277,"{""23"": 0.14864907819588033, ""24"": 0.1698195775333517, ""25"": 0.184497299153942, ""52"": 0.09301631526468236, ""74"": 0.00576292407162382, ""94"": 0.28320812513439614, ""108"": 0.11504668064612357}","[0.15848157214803837, 0.11444018280434726, 0.2467049874928917, 0.48037325755472277]",1.752959975089981,94,0.28320812513439614,0.6375250018216898
347,3,3,1,0,4,0.39480944587113675,"{""25"": 0.06358064399054779, ""52"": 0.03459388424712772, ""78"": 0.1315787446081532, ""81"": 0.19108115720521923, ""83"": 0.143614136032723, ""90"": 0.03527843192308933, ""94"": 0.4002730019931396}","[0.20001064057867712, 0.1732583551078778, 0.39480944587113675, 0.23192155844230833]",1.6378638872988613,94,0.4002730019931396,0.7349682952310819
348,2,4,0,1,4,0.12226002660244809,"{""19"": 0.06035147711046864, ""78"": 0.10791824521135028, ""79"": 0.0767584647737906, ""81"": 0.1543197978093999, ""83"": 0.14795836653658978, ""90"": 0.09247413660825968, ""94"": 0.3602195119501411}","[0.06668297847181477, 0.12226002660244809, 0.1888554737858248, 0.6222015211399125]",1.765822365088493,94,0.3602195119501411,0.6624976762961308
349,2,2,1,0,5,0.43678703198709135,"{""19"": 0.2118889141147455, ""26"": 0.23298608622064038, ""69"": 1.1648967480550541e-07, ""79"": 9.830597618490103e-08, ""81"": 1.353094080425221e-07, ""94"": 0.30630282111461155, ""104"": 0.2488218284449436}","[0.19784642290511262, 0.43678703198709135, 0.23906942780588214, 0.12629711730191398]",1.376728207672148,94,0.30630282111461155,0.7881107357801955
350,4,4,1,0,6,0.7175127737969887,"{""19"": 0.21282225061594368, ""26"": 0.029913013418768307, ""81"": 2.3056902513749857e-10, ""91"": 0.09996442568223034, ""94"": 0.38617800100720406, ""97"": 0.07077205926475875, ""101"": 0.029942811503523507, ""104"": 0.17040743827700225}","[0.0370808793077416, 0.09288934809263345, 0.15251699880263622, 0.7175127737969887]",1.6259469358158825,94,0.38617800100720406,0.76940768990015
351,4,4,1,0,5,0.4354784009494937,"{""13"": 0.07275725335313368, ""15"": 0.0835944319810539, ""26"": 0.09217185860684439, ""54"": 0.12763502672675137, ""92"": 0.10678708831886057, ""94"": 0.35583591866606046, ""104"": 0.16121842234729572}","[0.020433129252711398, 0.111179022525496, 0.43290944727229885, 0.4354784009494937]",1.781403333092109,94,0.35583591866606046,0.6446893677401075
352,4,4,1,0,4,0.4872219395135048,"{""1"": 0.1269932236546314, ""2"": 0.0988841143235649, ""13"": 0.013201303156074602, ""54"": 0.03902185213519058, ""66"": 2.9630895215516723e-08, ""81"": 3.1485080361939395e-08, ""94"": 0.7218994456145629}","[0.39058886022019806, 0.056719154881953435, 0.06547004538434369, 0.4872219395135048]",0.9098111193100858,94,0.7218994456145629,0.9477767835927592
353,2,1,0,1,5,0.3479849043768009,"{""1"": 0.15448519733087476, ""2"": 0.15266057941034147, ""13"": 0.015604343577408244, ""24"": 0.057777648371704, ""28"": 0.03151062700776667, ""54"": 0.14789321199648695, ""74"": 0.052540918474066674, ""81"": 0.0003954529242129304, ""94"": 0.3871320209071384}","[0.44438367151060315, 0.3479849043768009, 0.19181158816806776, 0.015819835944528224]",1.7219927645910598,94,0.3871320209071384,0.6942777976483546
354,3,3,1,0,5,0.5479294993517345,"{""1"": 0.0455995831789526, ""20"": 0.15075439426826762, ""24"": 0.0688289805262912, ""50"": 0.01683288503889161, ""91"": 0.10001404630221017, ""94"": 0.5958661909573594, ""108"": 0.022103919728027357}","[0.06528492697819391, 0.29259786138595995, 0.5479294993517345, 0.09418771228411173]",1.302035986801562,94,0.5958661909573594,0.8466346315278372
355,2,2,1,0,4,0.5009168745302833,"{""1"": 0.06742754676436206, ""20"": 0.04443838537019978, ""24"": 0.09972082692112336, ""53"": 0.055435872368629804, ""69"": 0.10250917667876644, ""91"": 0.11724470942916776, ""94"": 0.466296653790013, ""101"": 0.04692682867773775}","[0.2524321563678566, 0.5009168745302833, 0.1657669346692416, 0.08088403443261855]",1.6945609041379568,94,0.466296653790013,0.6860505398979473
356,3,3,1,0,6,0.5772139057671863,"{""1"": 0.12384224284792915, ""11"": 0.022768239194479227, ""20"": 0.012736443024557786, ""24"": 0.04495466673683929, ""35"": 0.02266072352639816, ""92"": 0.17265210284288968, ""94"": 0.6003855818269067}","[0.033154603663097706, 0.23581287337828108, 0.5772139057671863, 0.15381861719143491]",1.2352050372447714,94,0.6003855818269067,0.8968799275177255
357,3,3,1,0,6,0.3705912921665614,"{""1"": 0.03801230836661484, ""11"": 0.010307625291240931, ""24"": 0.05336775160053425, ""25"": 0.030972444420492518, ""81"": 0.008315007038647942, ""90"": 0.02674274923937278, ""92"": 0.1105247510211582, ""94"": 0.7217573630219385}","[0.0357224663453617, 0.2809786649414306, 0.3705912921665614, 0.31270757654664644]",1.0509140648571638,94,0.7217573630219385,0.8856498656436309
358,3,1,0,1,5,0.1044559437895722,"{""1"": 0.039635294133154406, ""10"": 0.0728587998023729, ""24"": 0.07233635511087645, ""63"": 0.022453544811467302, ""74"": 0.01457121928247092, ""81"": 0.013822752932459466, ""90"": 0.03491035520840773, ""92"": 0.06942511686364204, ""94"": 0.6599865618551487}","[0.5774108347671209, 0.18237853394017517, 0.1044559437895722, 0.13575468750313188]",1.2913669827151821,94,0.6599865618551487,0.805181716768398
359,1,1,1,0,5,0.458384628722399,"{""2"": 0.28727853989823177, ""10"": 0.07914881874971998, ""24"": 0.15757901101747115, ""60"": 0.03498772371081223, ""74"": 5.202733519968837e-08, ""81"": 4.754904273395121e-08, ""90"": 0.09352744792432352, ""94"": 0.34747835912306335}","[0.458384628722399, 0.2219444407671707, 0.07120157403693651, 0.24846935647349383]",1.5564807864968393,94,0.34747835912306335,0.7923359100387662
360,4,4,1,0,4,0.580356824166763,"{""2"": 0.21305562975350664, ""10"": 0.09444744222687476, ""24"": 0.08100234331101105, ""54"": 0.04300425765845288, ""69"": 0.24366738150431083, ""90"": 0.03804423516478155, ""94"": 0.2867787103810622}","[0.09226109460855846, 0.21227114900045516, 0.11511093222422343, 0.580356824166763]",1.7178007405620266,94,0.2867787103810622,0.7435017216388797
361,4,2,0,1,4,0.19034406184357835,"{""10"": 0.03324880810370897, ""18"": 0.012858371682331438, ""24"": 0.03267334890144512, ""79"": 2.3631186108044533e-08, ""81"": 2.34841391742259e-08, ""94"": 0.7579695817038996, ""101"": 0.16324984249328975}","[0.04541589572117128, 0.6578299033435596, 0.10641013909169066, 0.19034406184357835]",0.7868636813867098,94,0.7579695817038996,0.9544682323008984
362,4,4,1,0,5,0.42710095987320423,"{""10"": 0.016328550195948966, ""18"": 0.053760784560028134, ""24"": 0.10364913035808127, ""39"": 0.12340878585482412, ""70"": 0.18351890356488731, ""81"": 0.00030761848097053196, ""94"": 0.4071021204755686, ""101"": 0.11192410650969103}","[0.32255030643637284, 0.07999123099276895, 0.17035750269765387, 0.42710095987320423]",1.6420899027824492,94,0.4071021204755686,0.71402980989528
363,4,4,1,0,5,0.5028041966579377,"{""7"": 0.12276788844362331, ""39"": 0.13469614840622474, ""54"": 0.10214404209994574, ""70"": 0.16169048985970236, ""74"": 0.06478566310570692, ""94"": 0.2897553724989016, ""112"": 0.12416039558589514}","[0.05817376428749914, 0.2006305834615797, 0.2383914555929834, 0.5028041966579377]",1.8504140941757516,94,0.2897553724989016,0.5861420107648287
364,2,1,0,1,4,0.3439124192642893,"{""39"": 0.1330364979676133, ""54"": 0.09907771125007515, ""70"": 0.15913414058457687, ""84"": 0.1432913753826378, ""93"": 0.1675447915353168, ""94"": 0.29791548327978007}","[0.4873468836737113, 0.3439124192642893, 0.1201218442484374, 0.048618852813562076]",1.728370998588774,94,0.29791548327978007,0.6245944153996738
365,3,3,1,0,4,0.5049448167756884,"{""27"": 0.08985644582679898, ""28"": 0.08229145757644239, ""70"": 0.13110930992660036, ""72"": 0.10030201820081344, ""84"": 0.10595357906922076, ""93"": 0.10587631787644795, ""94"": 0.3846108715236762}","[0.23413629399322616, 0.18613442629320417, 0.5049448167756884, 0.0747844629378814]",1.762152062410615,94,0.3846108715236762,0.6216737605194973
366,1,1,1,0,5,0.525306409325016,"{""9"": 0.01586332693900084, ""28"": 0.037371487252943494, ""72"": 0.05428167874315606, ""84"": 0.08779945640109733, ""92"": 0.07567356301267424, ""94"": 0.6007550448236146, ""103"": 0.12825544282751333}","[0.525306409325016, 0.27756091665430255, 0.10540690584902197, 0.09172576817165928]",1.3251770239012188,94,0.6007550448236146,0.8168099440522253
367,4,4,1,0,4,0.6263608837683677,"{""9"": 0.024667978233865656, ""28"": 0.04617317264305064, ""34"": 0.024279255136983608, ""84"": 0.02114819950472525, ""91"": 0.026072666603162972, ""94"": 0.7962358394804399, ""103"": 0.029910031711532437, ""111"": 0.031512856686239626}","[0.20128089577641864, 0.08466191905984673, 0.08769630139536698, 0.6263608837683677]",0.8955872834426077,94,0.7962358394804399,0.8739218688097301
368,1,4,0,1,5,0.3270623542906702,"{""26"": 0.04827744070743585, ""28"": 0.06474229570106052, ""34"": 0.032252835211133986, ""70"": 0.037580731312340215, ""81"": 0.0711394333919156, ""84"": 0.023241067238719854, ""94"": 0.626330049940109, ""103"": 0.06743548201380024, ""111"": 0.02900066448348482}","[0.3270623542906702, 0.20683580328082013, 0.10282370785314086, 0.3632781345753689]",1.4106389124569934,94,0.626330049940109,0.7649049653458249
369,3,3,1,0,4,0.7566661786716016,"{""2"": 0.035673946669186204, ""28"": 0.05899231363224227, ""70"": 0.029793383696693567, ""92"": 0.13476917148118464, ""94"": 0.6174015421655707, ""98"": 0.08091978550403559, ""103"": 0.04244985685108693}","[0.011498798911047105, 0.09524557841828897, 0.7566661786716016, 0.13658944399906234]",1.2959702214161704,94,0.6174015421655707,0.8330904991507909
370,2,4,0,1,2,0.17925255596053538,"{""2"": 0.05775568747890484, ""28"": 0.020645092413942294, ""63"": 0.007525606073473152, ""70"": 9.642974917168611e-09, ""92"": 0.11931174568793308, ""94"": 0.6356404898558186, ""96"": 0.09182206971732208, ""103"": 0.06729929912963109}","[0.16533219034084562, 0.17925255596053538, 0.08744822863323311, 0.5679670250653859]",1.224154988595224,94,0.6356404898558186,0.8467743052610738
371,3,2,0,1,5,0.2646626039389206,"{""2"": 0.0701147706244566, ""28"": 0.03836884913580409, ""30"": 0.03852961063809942, ""70"": 0.00022627058655448547, ""87"": 0.05407643078870677, ""92"": 0.10631025802657591, ""94"": 0.6077706430478772, ""103"": 0.08460316715192541}","[0.022509089154333275, 0.449127940755653, 0.2646626039389206, 0.2637003661510932]",1.346443809924724,94,0.6077706430478772,0.7986840682263785
372,2,4,0,1,5,0.28333233581857187,"{""2"": 0.08207697701149802, ""28"": 0.06606301952938355, ""30"": 0.014234693309035592, ""47"": 0.01563093483404598, ""70"": 0.006659202738538346, ""92"": 0.06672087869610821, ""94"": 0.7382861637986061, ""101"": 0.010328130082784107}","[0.09581007824302959, 0.28333233581857187, 0.13733773478937195, 0.48351985114902657]",0.9954780599952676,94,0.7382861637986061,0.8870840195062124
373,1,1,1,0,6,0.5287471176541975,"{""2"": 0.10307923143516837, ""11"": 0.0873109460457549, ""28"": 0.08386403767840463, ""47"": 0.051651409657622965, ""70"": 0.016357122068310206, ""81"": 0.05419401839388109, ""92"": 0.122220221448301, ""94"": 0.4207154197500194, ""112"": 0.06060759352253739}","[0.5287471176541975, 0.11522534637674459, 0.20519558157001708, 0.15083195439904082]",1.8243489445105912,94,0.4207154197500194,0.6460148726334888
374,1,4,0,1,4,0.09697788051891015,"{""2"": 0.05310777831030095, ""29"": 0.11814649428221898, ""41"": 0.10591461920057145, ""70"": 0.014825164498062655, ""94"": 0.6252965576799568, ""107"": 0.08270938602888919}","[0.09697788051891015, 0.21156573345837357, 0.08225140162657466, 0.6092049843961417]",1.2082031901593693,94,0.6252965576799568,0.8493576711627473
375,3,1,0,1,5,0.0999715145671428,"{""2"": 0.16490042658141388, ""29"": 0.11670369721763031, ""41"": 4.26744692015419e-08, ""83"": 3.1761064326089437e-08, ""85"": 2.8979599004108156e-08, ""92"": 0.18201682423006946, ""94"": 0.5022497440409215, ""107"": 0.034129204514832256}","[0.49303699127149386, 0.1187223553504188, 0.0999715145671428, 0.2882691388109445]",1.319160869776245,94,0.5022497440409215,0.8491669948524049
376,2,3,0,1,6,0.2033295993298612,"{""2"": 0.1897511586061767, ""6"": 0.06681891053387344, ""16"": 0.08221137270123548, ""29"": 0.19642642078809672, ""74"": 2.9057658489913485e-08, ""92"": 0.041644743369181156, ""94"": 0.2783395088844461, ""107"": 0.1448078560593319}","[0.24353825913849048, 0.2033295993298612, 0.324690419396083, 0.2284417221355653]",1.7894134077970758,94,0.2783395088844461,0.6645170882787195
377,2,4,0,1,5,0.1798017970804921,"{""11"": 0.13039896297386863, ""16"": 0.027154259910481655, ""29"": 0.10372439680521196, ""58"": 0.0077928266676728555, ""74"": 0.00012520930501013392, ""94"": 0.6671105317644592, ""112"": 0.06369381257329541}","[0.1263173712560796, 0.1798017970804921, 0.18606464403307288, 0.5078161876303554]",1.0830021059533823,94,0.6671105317644592,0.9012338915435398
378,2,2,1,0,5,0.410977257053321,"{""11"": 0.1298153117441111, ""16"": 0.033165172115880215, ""29"": 0.10426429131038846, ""32"": 0.06453477183181042, ""58"": 0.04522754167068079, ""81"": 0.05182436521038155, ""86"": 0.07643487658385732, ""94"": 0.42174368429129977, ""112"": 0.07298998524159027}","[0.2528570796130397, 0.410977257053321, 0.20115370327323384, 0.1350119600604055]",1.8357113698812861,94,0.42174368429129977,0.6558232873457993
379,3,3,1,0,3,0.703518037005845,"{""21"": 0.029989459757541474, ""29"": 0.09699426850351399, ""68"": 0.09780194486000253, ""69"": 0.09714043477231463, ""71"": 0.09528605168779535, ""94"": 0.582787840418832}","[0.09121640163603124, 0.06893849703807121, 0.703518037005845, 0.13632706432005254]",1.3240025327342573,94,0.582787840418832,0.7777302200511491
380,1,1,1,0,5,0.5010695941759197,"{""29"": 0.08276052689715595, ""60"": 0.07532152275492005, ""68"": 0.04486706394378767, ""69"": 0.012487399405331435, ""71"": 0.032487763285275924, ""80"": 0.008162310143730662, ""92"": 0.09549399324940405, ""94"": 0.6484194203203941}","[0.5010695941759197, 0.22865345950603175, 0.02541215740707125, 0.24486478891097727]",1.2507769860996936,94,0.6484194203203941,0.8266739404669542
381,3,1,0,1,5,0.19376957004009232,"{""25"": 0.04111657035620251, ""29"": 0.028772925468757093, ""60"": 0.009011950102436555, ""68"": 0.07473324696580037, ""69"": 0.032788514341649366, ""94"": 0.70844444612485, ""96"": 0.07328039228441889, ""101"": 0.03185195435588502}","[0.6150142808838613, 0.10107327451255972, 0.19376957004009232, 0.09014287456348655]",1.1271451847810061,94,0.70844444612485,0.8564580853750693
382,2,2,1,0,5,0.7715199625120361,"{""17"": 0.03978929149666625, ""25"": 0.05066037799698685, ""45"": 0.016759715538722915, ""68"": 5.260040243085071e-08, ""69"": 3.6668940498952655e-08, ""94"": 0.8368613951813083, ""96"": 0.03511041776948526, ""101"": 0.02081871274748751}","[0.039624304862062254, 0.7715199625120361, 0.04696030706479276, 0.1418954255611089]",0.6951596181551171,94,0.8368613951813083,0.9273110646749614
383,2,2,1,0,3,0.698907271509431,"{""17"": 0.029902697818863098, ""25"": 0.05978670051869481, ""45"": 0.039167054153243244, ""72"": 0.029976766000565196, ""74"": 0.04075323029508365, ""94"": 0.706446031319544, ""96"": 0.04773826807987459, ""101"": 0.04622925181413133}","[0.10347152950452193, 0.698907271509431, 0.11196189379741994, 0.08565930518862713]",1.1686581918269667,94,0.706446031319544,0.8139709999181134
384,4,4,1,0,4,0.7541899623564879,"{""17"": 0.03710762755182116, ""25"": 0.06686924784565182, ""49"": 0.06607312644470746, ""69"": 0.06675273118401796, ""74"": 0.0344021929969591, ""83"": 0.04270384086045147, ""94"": 0.6539190218173964, ""101"": 0.032172211298994786}","[0.0520294959289136, 0.0609007944265043, 0.132879747288094, 0.7541899623564879]",1.3022352728262503,94,0.6539190218173964,0.7875410008470661
385,2,2,1,0,6,0.8199781276250595,"{""11"": 0.06089605899548682, ""39"": 0.03831953440295412, ""49"": 0.06907590900302764, ""74"": 0.023829598942785926, ""81"": 0.06326852814714715, ""83"": 0.05840512772814937, ""94"": 0.6376793512061126, ""101"": 0.0485258915743364}","[0.018944307967349666, 0.8199781276250595, 0.056985017320132995, 0.1040925470874578]",1.3433319637129124,94,0.6376793512061126,0.7700237883562874
386,3,3,1,0,6,0.4163188877207172,"{""11"": 0.04548987346407932, ""49"": 0.038656838876145024, ""69"": 0.05111813262709281, ""83"": 0.04778882047301075, ""90"": 0.03146937487855427, ""92"": 0.04711723329283787, ""94"": 0.6942361329723701, ""101"": 0.0441235934159098}","[0.4159134417049308, 0.014626826526038438, 0.4163188877207172, 0.1531408440483137]",1.207506377048833,94,0.6942361329723701,0.7931430860724737
387,4,4,1,0,6,0.6777236622792978,"{""38"": 0.04845369442543184, ""49"": 0.06727239253606086, ""62"": 0.02255461418866429, ""69"": 0.0408255808266068, ""81"": 0.0382273825129304, ""83"": 0.02476084326422833, ""92"": 0.05675705747749949, ""94"": 0.7011484347685779}","[0.0540567585955442, 0.17724146058860105, 0.09097811853655699, 0.6777236622792978]",1.1724733744244666,94,0.7011484347685779,0.8251778847821383
388,4,4,1,0,5,0.8057601363332261,"{""9"": 0.00998398400418812, ""27"": 0.06856062768439534, ""38"": 0.02110458688227435, ""49"": 0.0718433300189332, ""62"": 0.04272603061181675, ""83"": 0.030341485084410917, ""92"": 0.03321334200044697, ""94"": 0.7222266137135344}","[0.04227093146075342, 0.06302947482977406, 0.08893945737624646, 0.8057601363332261]",1.0892216433096995,94,0.7222266137135344,0.8626305714168628
389,1,1,1,0,4,0.6061626814229522,"{""27"": 0.0540298252349617, ""49"": 0.036110632037743194, ""62"": 0.005540022968699131, ""81"": 0.037618225658341185, ""83"": 0.041229982353941555, ""92"": 0.006052032853385259, ""94"": 0.7674511614305602, ""98"": 0.04846708004476573, ""114"": 0.003501037417601985}","[0.6061626814229522, 0.11628689119110497, 0.19406431826349027, 0.08348610912245255]",0.9617883515827073,94,0.7674511614305602,0.8699480667102877
390,2,2,1,0,6,0.6385434482743805,"{""49"": 0.05276829037843891, ""73"": 0.029435050988079567, ""74"": 0.03200259476404495, ""77"": 0.030452106858715907, ""81"": 0.046433380385612295, ""83"": 0.04954107714228112, ""92"": 0.02216737768496861, ""94"": 0.6818336918284665, ""98"": 0.05536642996939215}","[0.19986055059990074, 0.6385434482743805, 0.12492881962782061, 0.0366671814978982]",1.2726742106669744,94,0.6818336918284665,0.7899684121762975
391,3,3,1,0,5,0.8296559084481171,"{""40"": 0.003135139605102371, ""73"": 0.004949954560828866, ""77"": 0.007481400216795762, ""81"": 0.032379647089060166, ""91"": 0.052976595383977455, ""92"": 0.01971320792787383, ""94"": 0.8710496353053581, ""98"": 0.008314419911003396}","[0.07268243374700714, 0.02280782848354676, 0.8296559084481171, 0.07485382932132902]",0.5851654747675592,94,0.8710496353053581,0.9564058777783957
392,1,1,1,0,5,0.5348919921103852,"{""8"": 0.006863513362111984, ""40"": 2.6421238226703314e-09, ""70"": 4.222787107945265e-09, ""77"": 3.616375953187156e-09, ""81"": 6.604715234456414e-09, ""91"": 0.058691667957884185, ""92"": 0.02402189422078183, ""94"": 0.8962903017253996, ""98"": 0.014132605647820215}","[0.5348919921103852, 0.17593811574463056, 0.24253973796760023, 0.046630154177383996]",0.4485117295170373,94,0.8962903017253996,0.9790038639040656
393,1,3,0,1,6,0.2958401834933716,"{""5"": 0.016769627928957476, ""8"": 0.015767944787705764, ""26"": 0.015082443151145456, ""70"": 0.0001315084734006027, ""81"": 0.0001623620814035716, ""91"": 0.06016195353443626, ""92"": 0.03503109139091399, ""94"": 0.8238982667950705, ""98"": 0.03299480185696668}","[0.2958401834933716, 0.025843131304974697, 0.6397670402815852, 0.03854964492006867]",0.7585018773048172,94,0.8238982667950705,0.9190913117204207
394,1,1,1,0,5,0.6982585421143944,"{""5"": 0.07164927732812015, ""8"": 0.028705062054379848, ""26"": 0.052670170167566775, ""49"": 0.053065312274539284, ""74"": 0.030002506398222988, ""91"": 0.047842902967835554, ""92"": 0.03991648365286059, ""94"": 0.6761482851564748}","[0.6982585421143944, 0.11400425020142758, 0.0366328380191187, 0.1511043696650594]",1.245458474282622,94,0.6761482851564748,0.8008628747591342
395,3,3,1,0,5,0.7912991964206401,"{""5"": 0.01576339234933984, ""49"": 0.050934237455021514, ""74"": 0.03958142289221918, ""81"": 0.03836517668105804, ""91"": 0.027603362431866948, ""92"": 0.03950614567802661, ""94"": 0.7514248165749818, ""107"": 0.03682144593748604}","[0.030387441850594867, 0.07101605116930551, 0.7912991964206401, 0.10729731055945962]",1.0330442143834904,94,0.7514248165749818,0.8419404769222226
396,4,4,1,0,4,0.6927698017694526,"{""16"": 0.004056415723655203, ""49"": 0.03989661131876659, ""57"": 0.002726528169205111, ""63"": 0.0071028059205199, ""74"": 0.005966649322992584, ""81"": 0.0022814902687475474, ""91"": 0.03989259378680269, ""94"": 0.8716936894038142, ""107"": 0.026383216085496132}","[0.18122835879357208, 0.04096721813391394, 0.08503462130306139, 0.6927698017694526]",0.5906604428140173,94,0.8716936894038142,0.9514828945093834
397,3,3,1,0,5,0.792433607799298,"{""16"": 0.00941663082782773, ""49"": 0.01000242466379079, ""63"": 0.007949708036734083, ""64"": 0.02341470188524293, ""74"": 3.378611907501816e-09, ""81"": 2.432276310007103e-09, ""91"": 0.062433007551688915, ""94"": 0.8767998359637246, ""107"": 0.009983685260102763}","[0.022663682927940135, 0.13147072878529023, 0.792433607799298, 0.053431980487471574]",0.5507730225745591,94,0.8767998359637246,0.9626475454006564
398,2,2,1,0,5,0.9459763455785872,"{""16"": 0.008272423677819269, ""49"": 0.004973372539372212, ""63"": 0.0031416025685204185, ""64"": 0.025544564123965226, ""91"": 0.03976391090419358, ""92"": 0.009772256095889989, ""94"": 0.8996708668079896, ""105"": 0.0031528606149964786, ""107"": 0.0057081426672531115}","[0.011402515756429846, 0.9459763455785872, 0.019315249856540817, 0.023305888808442178]",0.4940509773649053,94,0.8996708668079896,0.9649793418361484
399,1,1,1,0,5,0.46547380462990207,"{""45"": 0.010977940134095254, ""49"": 0.014378546251115525, ""63"": 0.009252290102029164, ""64"": 0.02279442417965643, ""69"": 0.015268934503333137, ""91"": 0.049204733928354116, ""92"": 0.019883717151511146, ""94"": 0.8467157949858424, ""107"": 0.011523618764062727}","[0.46547380462990207, 0.21344769860805374, 0.046089549483676204, 0.2749889472783679]",0.7223111662949889,94,0.8467157949858424,0.9187149530938529
400,1,1,1,0,5,0.722388025211191,"{""24"": 0.010554306073536112, ""45"": 0.00792083661320407, ""63"": 0.010311673363438868, ""64"": 0.029716690836094555, ""81"": 0.010077462618061644, ""91"": 0.06613465243504732, ""94"": 0.8538262146073681, ""107"": 0.01145816345324938}","[0.722388025211191, 0.09973893446121074, 0.1674595094829282, 0.010413530844669993]",0.6501055918583556,94,0.8538262146073681,0.9496775578785099
401,3,1,0,1,5,0.427185070233685,"{""24"": 0.010777013154713692, ""45"": 0.01305671491811007, ""63"": 0.005898346601810145, ""64"": 0.0030295907338362383, ""91"": 0.003526279839212111, ""92"": 0.004721392521200166, ""94"": 0.9274090183341474, ""101"": 0.02354580265996471, ""107"": 0.008035841237005452}","[0.4521967139141496, 0.05861547981812993, 0.427185070233685, 0.062002736034035486]",0.39543901754339505,94,0.9274090183341474,0.9640115359122222
402,4,4,1,0,5,0.5576455189917321,"{""24"": 0.003985572949739367, ""45"": 0.00437976438285955, ""54"": 0.0036025205929731156, ""63"": 0.009076889102455054, ""64"": 0.021819476503252316, ""74"": 2.9942759614336086e-09, ""94"": 0.9366907320943657, ""101"": 0.001271562279343898, ""107"": 0.019173479100735157}","[0.027185565873868438, 0.03069652616322223, 0.38447238897117725, 0.5576455189917321]",0.3377685188512567,94,0.9366907320943657,0.9776836876983532
403,2,4,0,1,4,0.3217014814080316,"{""24"": 0.00977298763985398, ""45"": 0.011338078552862375, ""54"": 0.0021456799001208955, ""63"": 0.007872392580657651, ""64"": 0.005755541334525306, ""87"": 0.002758914788987244, ""92"": 0.002352526569180141, ""94"": 0.9462016628601896, ""107"": 0.011802215773622827}","[0.024167506208622982, 0.3217014814080316, 0.032479573018610944, 0.6216514393647345]",0.312242278270742,94,0.9462016628601896,0.9693419571866748
404,1,1,1,0,6,0.9161485146633909,"{""24"": 0.004110654416419504, ""38"": 1.7155774319246786e-09, ""45"": 0.013189973594346502, ""54"": 0.01775039090235799, ""63"": 0.010674432892876288, ""64"": 0.028278683004514207, ""81"": 3.6514217847870607e-09, ""87"": 3.881919197728106e-09, ""94"": 0.9259958559405672}","[0.9161485146633909, 0.04252302141719433, 0.020706322572066335, 0.020622141347348414]",0.3717213390632372,94,0.9259958559405672,0.9720249298474394
405,3,2,0,1,5,0.19192854379889232,"{""24"": 0.006941729785502936, ""45"": 0.006991448850759735, ""54"": 0.006983870182252612, ""63"": 0.0038442289031478893, ""64"": 0.006253485408290288, ""74"": 0.01071725594865278, ""87"": 1.5211956095361215e-05, ""94"": 0.9490419814246802, ""104"": 0.009210787540618152}","[0.06894930016869841, 0.6466592272754077, 0.19192854379889232, 0.09246292875700159]",0.298574978599919,94,0.9490419814246802,0.9689700249139511
406,1,1,1,0,5,0.46018860317783616,"{""18"": 0.008207411044064934, ""24"": 0.024300170809543855, ""45"": 0.01727613925451686, ""54"": 0.013949738043291228, ""64"": 0.042338735378082, ""69"": 0.020324257609160786, ""74"": 0.00702375954099592, ""94"": 0.859587771673382, ""104"": 0.006992016646962425}","[0.46018860317783616, 0.405109103447315, 0.07226220093445142, 0.0624400924403974]",0.6721049369932892,94,0.859587771673382,0.9262266778610078
407,1,1,1,0,5,0.719530933347327,"{""24"": 0.01794161074968151, ""25"": 0.01034413405816102, ""45"": 0.01611279925137041, ""54"": 0.013228712521331213, ""64"": 0.021146303411519695, ""69"": 0.020070419672912624, ""74"": 0.011582566073425128, ""87"": 0.010730937371864365, ""94"": 0.8788425168897339}","[0.719530933347327, 0.060567275467953006, 0.027931115230389846, 0.19197067595433012]",0.6169506656739868,94,0.8788425168897339,0.9200592399741663
408,4,4,1,0,4,0.8454804711881433,"{""16"": 0.012245743579007302, ""45"": 0.004700512068239769, ""54"": 0.004403424568570937, ""60"": 0.002451367057192664, ""64"": 0.013745431981097053, ""69"": 0.0171876273144859, ""74"": 0.011888064795305898, ""87"": 0.003362670950614628, ""94"": 0.9300151576854858}","[0.024983974850667227, 0.03554136620904883, 0.09399418775214072, 0.8454804711881433]",0.38582169373507946,94,0.9300151576854858,0.9609482169810687
409,4,4,1,0,4,0.7348999614019524,"{""16"": 0.00437544735826756, ""54"": 0.008974682797877357, ""60"": 0.005958121557442544, ""64"": 0.01610353037035921, ""67"": 0.008552199954517446, ""69"": 0.019532755504410807, ""74"": 0.004292239976613092, ""81"": 0.00855921469468828, ""94"": 0.9236518077858238}","[0.11426314805231688, 0.03404987669073533, 0.11678701385499543, 0.7348999614019524]",0.4181752498910207,94,0.9236518077858238,0.9592880936605938
410,4,4,1,0,4,0.6133633035281771,"{""16"": 0.0030864556641876117, ""19"": 0.0010010353513990283, ""54"": 0.006328291313150856, ""60"": 0.003111944778949841, ""69"": 2.789006819963932e-09, ""74"": 1.511191882670256e-09, ""81"": 1.965340580597145e-09, ""94"": 0.9807489409914583, ""109"": 0.0057233256353151326}","[0.2882920411615198, 0.0650521027349042, 0.03329255257539895, 0.6133633035281771]",0.12337335368394309,94,0.9807489409914583,0.9928005579399242
411,3,3,1,0,5,0.8531401116750069,"{""16"": 0.0023481763683327415, ""19"": 0.004387533101558697, ""48"": 0.007607526983650609, ""54"": 0.006911280205147252, ""60"": 0.003386572272523742, ""74"": 1.9491495623949942e-05, ""81"": 3.2100448507507915e-05, ""94"": 0.9665933360398161, ""109"": 0.008713983084839288}","[0.007447370659272651, 0.057141311482564024, 0.8531401116750069, 0.08227120618315642]",0.2035084536366963,94,0.9665933360398161,0.982914846108306
412,3,3,1,0,4,0.9716129360579312,"{""10"": 0.001688378989069268, ""16"": 0.0013474284764615448, ""19"": 0.0006598917215914046, ""48"": 0.009591300807890613, ""54"": 0.005548081826395988, ""60"": 0.004156443130810731, ""92"": 0.005266537592846036, ""94"": 0.9697007521512747, ""109"": 0.0020411853036598876}","[0.011546927136662144, 0.005445649940757961, 0.9716129360579312, 0.011394486864648687]",0.19080491234620495,94,0.9697007521512747,0.9848401347855613
413,2,2,1,0,6,0.813943157165493,"{""19"": 0.0002375739725081829, ""48"": 0.010106215999353548, ""54"": 0.004735578378387023, ""60"": 0.002542653149736835, ""69"": 0.0013938057626570201, ""92"": 0.008970045008332048, ""94"": 0.9690717170405974, ""109"": 0.0006112117573933648, ""115"": 0.002331198931034421}","[0.11709070569344437, 0.813943157165493, 0.05738621914563024, 0.01157991799543227]",0.18950284893164915,94,0.9690717170405974,0.988147978048283
414,2,2,1,0,3,0.7652733429891154,"{""23"": 0.0011574762305291565, ""25"": 0.0014383787581599354, ""48"": 0.012011466306850254, ""54"": 0.0015913508992549767, ""60"": 0.0012457835907712384, ""69"": 0.004340063770997767, ""92"": 0.00597051374960553, ""94"": 0.9706385614679841, ""109"": 0.0016064052258470813}","[0.18998176490118973, 0.7652733429891154, 0.0094171837725214, 0.035327708337173296]",0.18238317974153084,94,0.9706385614679841,0.9886205415244399
415,1,1,1,0,6,0.5122517743242293,"{""23"": 0.0028552270718773267, ""25"": 0.000618884780518783, ""48"": 0.010579687800247007, ""54"": 0.0035042775266795894, ""69"": 9.854888113357812e-10, ""70"": 4.867482373739229e-10, ""92"": 0.008273337531790248, ""94"": 0.9741685835017744, ""114"": 3.1487554368481504e-10}","[0.5122517743242293, 0.04004347644833579, 0.40385338905842283, 0.043851360169012026]",0.1544004106536257,94,0.9741685835017744,0.9930216088338116
416,2,2,1,0,6,0.7426969568938552,"{""21"": 0.002121092322656473, ""23"": 0.004513830341618141, ""25"": 0.0035203248534771024, ""48"": 0.020733757501456992, ""54"": 0.006422757649386736, ""69"": 3.782383896642452e-05, ""70"": 1.3447223160527755e-05, ""92"": 0.009467869788013072, ""94"": 0.9531690964812647}","[0.026371927430630125, 0.7426969568938552, 0.1972253019427257, 0.033705813732789046]",0.2604785495781755,94,0.9531690964812647,0.9833707237707348
417,1,1,1,0,4,0.8691484782694306,"{""21"": 0.0007201747208775817, ""23"": 0.004570261673322619, ""25"": 0.002979799305244549, ""48"": 0.017636181596964777, ""54"": 0.0018482116912932227, ""65"": 0.0003273369774028293, ""69"": 0.0003831721458453152, ""92"": 0.0075393127083633795, ""94"": 0.9639955491806856}","[0.8691484782694306, 0.02323046438004287, 0.09210984935231725, 0.015511207998209296]",0.20784887756998224,94,0.9639955491806856,0.9891710434860138
418,2,2,1,0,5,0.8804852665031572,"{""21"": 0.0005023783420063876, ""23"": 0.0012349235693803419, ""25"": 0.0023025080687752064, ""41"": 0.0007566364249541366, ""48"": 0.014669955645622875, ""69"": 0.0005410513903879248, ""74"": 0.002101229904344309, ""92"": 0.004075403081237512, ""94"": 0.9738159135732912}","[0.10236762777514073, 0.8804852665031572, 0.008532672026229256, 0.008614433695472937]",0.15873320355584902,94,0.9738159135732912,0.9925612723001517
419,4,4,1,0,4,0.44695068875006994,"{""23"": 0.0031117021119923182, ""25"": 0.004611671192179652, ""32"": 0.0016163994469548576, ""41"": 0.0022986558754555402, ""48"": 0.015027590639399903, ""69"": 0.0013183591098068473, ""74"": 0.0034353188079589794, ""92"": 0.007841805200095324, ""94"": 0.9607384976161567}","[0.10049688567531367, 0.023157715498923644, 0.4293947100756929, 0.44695068875006994]",0.23494125962894977,94,0.9607384976161567,0.983607893455652
420,2,2,1,0,4,0.846208149617268,"{""23"": 0.0018394516752460414, ""25"": 0.0023467915839483393, ""32"": 0.0012360736379130523, ""48"": 0.015043939409326319, ""71"": 0.0030284131786997093, ""74"": 0.0013249009623610328, ""81"": 0.002400880894176646, ""92"": 0.00833934857496501, ""94"": 0.964440200083364}","[0.013290059639214542, 0.846208149617268, 0.02557821701513125, 0.11492357372838609]",0.21287082551840614,94,0.964440200083364,0.9878234880676553
421,4,4,1,0,4,0.635649079471589,"{""16"": 0.00010629523409657678, ""25"": 0.0019383922753914, ""32"": 0.000729230989167919, ""48"": 0.012857821747140518, ""63"": 0.00026279789590094295, ""71"": 0.002070730018508641, ""74"": 0.0001824477593638733, ""92"": 0.008607013687567356, ""94"": 0.9732452703928629}","[0.06617861236692113, 0.21281148632561178, 0.08536082183587808, 0.635649079471589]",0.15818307706140838,94,0.9732452703928629,0.9947101058275708
422,3,3,1,0,5,0.5554873005415606,"{""13"": 0.0004933667630086233, ""25"": 0.0016280399247059103, ""48"": 0.004271032995964635, ""63"": 0.0010067084313215144, ""71"": 0.0024908353320580072, ""74"": 0.0006636958432386241, ""81"": 0.0011700902026055273, ""92"": 0.0017242968512757586, ""94"": 0.9865519336558213}","[0.281676975859999, 0.011822239090311786, 0.5554873005415606, 0.15101348450812863]",0.09647628486127267,94,0.9865519336558213,0.9933138019838439
423,4,4,1,0,6,0.9486443770756405,"{""13"": 0.0020923352321457157, ""25"": 0.003495311574374096, ""48"": 0.0073824250093768844, ""71"": 0.00410039697968802, ""74"": 0.002432422246904938, ""81"": 0.002635376061329859, ""89"": 0.0004036433766723903, ""92"": 0.004724809327859388, ""94"": 0.9727332801916486}","[0.0160606297768704, 0.0065089574111117455, 0.028786035736377356, 0.9486443770756405]",0.17709380161825758,94,0.9727332801916486,0.9848405145288849
424,4,4,1,0,4,0.7342198296104447,"{""25"": 0.003662793880110006, ""48"": 0.009732416447540573, ""70"": 0.002470385223262542, ""71"": 0.004831763330618732, ""74"": 0.0029561394353969698, ""81"": 0.0037363530758678467, ""87"": 0.0012447463059238129, ""92"": 0.004167561696846867, ""94"": 0.9671978406044325}","[0.005049901006983475, 0.03908373990639996, 0.22164652947617183, 0.7342198296104447]",0.20775135281844906,94,0.9671978406044325,0.9817620203825917
425,4,4,1,0,4,0.8552845883128671,"{""14"": 0.00024022291917647005, ""25"": 0.00042494084469346855, ""48"": 0.0010599488808149034, ""69"": 2.977721851580945e-10, ""70"": 4.366900344606731e-10, ""71"": 5.977051675971283e-10, ""81"": 5.021353681781774e-10, ""92"": 0.0011475594295042566, ""94"": 0.997127326091508}","[0.011871140933770001, 0.113266146119113, 0.019578124634249846, 0.8552845883128671]",0.023198910461313473,94,0.997127326091508,0.9993348344018272
426,4,2,0,1,5,0.4131045263421119,"{""14"": 0.0005968388208904381, ""25"": 0.0011033888433084876, ""41"": 0.0006685794152384213, ""48"": 0.0016756858192816695, ""69"": 5.916434747057772e-06, ""70"": 6.368497873758454e-06, ""81"": 7.830238377638842e-06, ""92"": 0.0007285934066808433, ""94"": 0.9952067985236016}","[0.04590720792106381, 0.49071913906635656, 0.05026912667046772, 0.4131045263421119]",0.03782680627325205,94,0.9952067985236016,0.9979858731861918
427,1,1,1,0,5,0.7350059500329879,"{""14"": 0.003480159806498225, ""19"": 0.0026038139794992313, ""25"": 0.00516930165677191, ""41"": 0.004420417169187565, ""48"": 0.010300953682450119, ""54"": 0.002484623940287043, ""81"": 0.00038790263161819034, ""92"": 0.0048096857806499286, ""94"": 0.9663431413530377}","[0.7350059500329879, 0.2276100759103343, 0.028837388750904917, 0.008546585305772937]",0.2102114727061989,94,0.9663431413530377,0.9818133966922596
428,3,2,0,1,6,0.38538799493502773,"{""7"": 0.0005485848047311738, ""19"": 8.345662593596816e-05, ""25"": 0.00033843835721534865, ""48"": 0.006046714951986093, ""54"": 0.0028748128677623047, ""74"": 2.651141927264183e-10, ""81"": 8.846340957731736e-11, ""92"": 0.002000587559336793, ""94"": 0.9881074044794546}","[0.05735346508655605, 0.48532473586332553, 0.38538799493502773, 0.07193380411509069]",0.07957183528488737,94,0.9881074044794546,0.9970289322992029
429,3,3,1,0,5,0.8823684223160876,"{""7"": 0.0016210710511429293, ""12"": 0.00045520768659620573, ""19"": 0.0002896233127584027, ""25"": 0.0003539485057142472, ""48"": 0.0030070272179938302, ""54"": 0.0009994587274838023, ""70"": 0.001145819670275596, ""92"": 0.0022783988140025607, ""94"": 0.9898494450140324}","[0.007389719884999523, 0.07780751664953578, 0.8823684223160876, 0.03243434114937713]",0.07517582899344358,94,0.9898494450140324,0.9951348710460288
430,1,1,1,0,5,0.6539270080122245,"{""7"": 0.0007864136290748058, ""12"": 0.0004592430802971296, ""25"": 0.00031636365068008306, ""26"": 0.00011042811005776324, ""48"": 0.002705051994361891, ""70"": 2.5025436133883445e-10, ""80"": 1.337774402602651e-10, ""92"": 0.0016259953310448438, ""94"": 0.9939965038204516}","[0.6539270080122245, 0.11900698108003549, 0.016571970976206465, 0.2104940399315336]",0.04512757658574332,94,0.9939965038204516,0.9983275511458582
431,3,3,1,0,6,0.7365474439384603,"{""7"": 0.00026274223975182516, ""12"": 0.0008258256228830849, ""25"": 0.0008615797861278678, ""26"": 0.0003068334589021967, ""48"": 0.004286292663447563, ""63"": 0.00013161588613199406, ""81"": 0.00014762330361428824, ""92"": 0.0020465038587866202, ""94"": 0.9911309831803545}","[0.006630928783980763, 0.08667810587497869, 0.7365474439384603, 0.1701435214025802]",0.06394003962730598,94,0.9911309831803545,0.9974637797025887
432,2,3,0,1,6,0.2855849224938474,"{""7"": 0.0005541410723940583, ""12"": 0.00040923156060768476, ""25"": 0.0005645134287726144, ""48"": 0.004195952927211066, ""68"": 0.00030811612460636623, ""70"": 0.0008529182653024463, ""81"": 0.00010986228341410077, ""92"": 0.001785060347298041, ""94"": 0.9912202039903936}","[0.07615266253806732, 0.2855849224938474, 0.6069105056518225, 0.0313519093162628]",0.06409457882861788,94,0.9912202039903936,0.9972012172649027
433,1,1,1,0,6,0.7737627712462253,"{""7"": 0.0005325052213834023, ""13"": 0.0008124751530095573, ""25"": 0.001628805794808324, ""48"": 0.01303650077474774, ""68"": 0.0028756101718867932, ""69"": 0.0011094242382135872, ""70"": 0.0018885355826160919, ""92"": 0.0034773967733521096, ""94"": 0.9746387462899824}","[0.7737627712462253, 0.05871932017480843, 0.14016909887321347, 0.02734880970575282]",0.15777423676090613,94,0.9746387462899824,0.9911526438380822
434,1,4,0,1,5,0.19329324308457332,"{""25"": 0.0012302307160023576, ""48"": 0.009296477107885885, ""66"": 0.0007695154460043126, ""68"": 0.0015929878969097363, ""69"": 0.0016124936240303213, ""70"": 0.0012631985587104062, ""74"": 0.0006465431695866062, ""92"": 0.0019459249587544542, ""94"": 0.9816426285221159}","[0.19329324308457332, 0.03475763086768649, 0.3127100397009937, 0.45923908634674643]",0.12139422734177131,94,0.9816426285221159,0.9928850305887562
435,3,3,1,0,5,0.43307124768555527,"{""25"": 0.004685004389550733, ""48"": 0.021576681241929005, ""66"": 0.004346269531972142, ""68"": 0.0018664113686490014, ""69"": 0.007764944554157165, ""73"": 0.001434581424918618, ""81"": 0.002016296202484952, ""92"": 0.006531090693716115, ""94"": 0.9497787205926222}","[0.29074105164806757, 0.02764338878301324, 0.43307124768555527, 0.24854431188336393]",0.28469062317338584,94,0.9497787205926222,0.9791203463887085
436,3,3,1,0,5,0.9361661211957227,"{""19"": 0.0011826397520617543, ""25"": 0.0005571679165042514, ""48"": 0.010641918121235681, ""66"": 6.729201055319446e-10, ""69"": 8.479357863926382e-10, ""76"": 2.8270867444794813e-10, ""81"": 4.958133965068629e-10, ""92"": 0.0037851019365595195, ""94"": 0.983833169974261}","[0.016779962719642924, 0.012863607155212599, 0.9361661211957227, 0.03419030892942178]",0.09763520751177489,94,0.983833169974261,0.9982601900320562
437,2,3,0,1,5,0.1409075307330916,"{""19"": 0.001383632956613453, ""25"": 0.00018207784184613726, ""48"": 0.006053856912292297, ""51"": 0.0001507754507766832, ""69"": 1.071308227002493e-12, ""70"": 1.0804390070026871e-10, ""92"": 0.0025552931470149555, ""94"": 0.989674363581397}","[0.02983506097451335, 0.1409075307330916, 0.8118010897302677, 0.0174563185621274]",0.068446784513539,94,0.989674363581397,0.9982835136407043
438,1,1,1,0,4,0.5316426018234589,"{""19"": 0.007096695176685118, ""25"": 0.002754444357778532, ""48"": 0.024513166728025976, ""51"": 0.002014689506983055, ""69"": 1.6383556025593091e-06, ""70"": 1.0398017255308255e-05, ""92"": 0.008684119612964543, ""94"": 0.9524800732979468, ""101"": 0.002444774946757874}","[0.5316426018234589, 0.435566565495328, 0.014802868507048587, 0.01798796417416453]",0.2571986059215115,94,0.9524800732979468,0.9856773596389373
439,2,2,1,0,6,0.9657764907248556,"{""19"": 0.0008694116116896997, ""25"": 0.0018794766305994927, ""48"": 0.01233137040265486, ""51"": 0.0011089383240964314, ""70"": 0.0001314735597950798, ""92"": 0.004881125908327754, ""94"": 0.9768684122011846, ""101"": 0.0009807003498773224, ""107"": 0.0009490910117748688}","[0.01256194801509992, 0.9657764907248556, 0.007751149593619904, 0.01391041166642467]",0.1430892007537838,94,0.9768684122011846,0.9940809085121672
440,2,2,1,0,4,0.9291054959269753,"{""25"": 0.001013201663051339, ""32"": 0.0002835837903305248, ""48"": 0.0068635526384583515, ""51"": 0.00032084158963687707, ""69"": 0.0009161056408312302, ""92"": 0.002093187801607192, ""94"": 0.98726733392136, ""101"": 0.0010951956191606693, ""107"": 0.00014699733556377284}","[0.030952144681010985, 0.9291054959269753, 0.004980868006124123, 0.034961491385889686]",0.08680979937955242,94,0.98726733392136,0.9962240743614256
441,4,4,1,0,4,0.9439899630033758,"{""25"": 0.001005156287966197, ""32"": 0.00023129954568639778, ""48"": 0.00669466445245439, ""51"": 0.00022641245759767733, ""62"": 0.00010239139771748158, ""69"": 0.0013013794789152168, ""92"": 0.0021981065296496492, ""94"": 0.987482639496923, ""101"": 0.0007579503530900144}","[0.0035340679751060325, 0.015628150031239157, 0.03684781899027901, 0.9439899630033758]",0.08521605448768807,94,0.987482639496923,0.9963754104790271
442,2,3,0,1,4,0.1926595188421209,"{""15"": 0.0004637427910849127, ""25"": 0.0012619685395651146, ""32"": 0.0006046404821418313, ""48"": 0.007934211934778482, ""69"": 0.0015179184802812436, ""81"": 0.0005233287913480411, ""92"": 0.0027528888954460704, ""94"": 0.9837186172534226, ""101"": 0.001222682831931731}","[0.024302002549887805, 0.1926595188421209, 0.744366631824997, 0.03867184678299424]",0.10922150208374666,94,0.9837186172534226,0.9944057180836472
443,1,1,1,0,4,0.634782693667434,"{""25"": 0.0011731381554853336, ""48"": 0.02448145192777438, ""69"": 7.522291500382398e-10, ""70"": 3.296063386968742e-10, ""81"": 4.638324806802077e-10, ""92"": 0.004168139452399323, ""94"": 0.9665326708713456, ""101"": 0.003125584656228307, ""108"": 0.0005190133910987926}","[0.634782693667434, 0.13085102422625777, 0.18620607302543954, 0.048160209080868745]",0.17643664120033087,94,0.9665326708713456,0.9951822622515194
444,4,4,1,0,5,0.5545041176969367,"{""25"": 0.0016766524566153957, ""48"": 0.017254314100097642, ""69"": 1.1387222823785849e-05, ""81"": 6.380718267628196e-06, ""91"": 0.0007122779979546976, ""92"": 0.0027987022516084126, ""94"": 0.9755819708246121, ""101"": 0.0009283480868026439, ""108"": 0.0010299663412175828}","[0.10999450284381865, 0.010550600193216367, 0.32495077926602817, 0.5545041176969367]",0.14026655825326673,94,0.9755819708246121,0.995634987176318
445,3,3,1,0,6,0.9242584793138146,"{""18"": 0.0005719361522077945, ""25"": 0.0011279822263443396, ""48"": 0.00973003476756295, ""70"": 0.000663106439381625, ""91"": 0.000925820106948316, ""92"": 0.002456489801457911, ""94"": 0.9823227768856714, ""101"": 0.001218029325226243, ""108"": 0.000983824295199402}","[0.004376889754867997, 0.026047832517386023, 0.9242584793138146, 0.0453167984139315]",0.1155876044008778,94,0.9823227768856714,0.9945093014546923
446,3,3,1,0,5,0.6566157915708851,"{""18"": 0.00013198842269869818, ""25"": 0.0005684853500526655, ""31"": 9.229451417245274e-05, ""48"": 0.008645598482760822, ""69"": 6.77707309138298e-05, ""70"": 0.0008920636598514204, ""91"": 0.0005213470418063713, ""94"": 0.9888868698371349, ""101"": 0.00019358196060883698}","[0.16803757414425075, 0.14816799971086286, 0.6566157915708851, 0.027178634574001426]",0.07091895814244355,94,0.9888868698371349,0.9984245319797471
447,2,2,1,0,6,0.5921512812249312,"{""18"": 8.017234702016602e-05, ""25"": 0.0003630905546278907, ""31"": 8.226156211246853e-05, ""48"": 0.0023571225612314304, ""69"": 0.00020407187553104448, ""70"": 0.0005501111999947017, ""81"": 3.455636058595391e-05, ""91"": 0.000835326921993755, ""94"": 0.9954932866169027}","[0.3479616957265512, 0.5921512812249312, 0.016780364402418153, 0.04310665864609947]",0.03530205090695691,94,0.9954932866169027,0.9986857361001279
448,4,1,0,1,6,0.2558429505059934,"{""18"": 8.860316916396114e-05, ""25"": 0.0006764089216964817, ""48"": 0.005282706971051679, ""69"": 0.0005736780833349976, ""70"": 0.0007039309129095286, ""74"": 5.522013442257594e-05, ""75"": 7.923485362365456e-05, ""91"": 0.0009892230450144377, ""94"": 0.9915509939087827}","[0.3328520524574365, 0.2946377662753142, 0.11666723076125599, 0.2558429505059934]",0.059400786707018566,94,0.9915509939087827,0.9978229239248488
449,2,3,0,1,4,0.12174252879569661,"{""18"": 0.0004919080181833511, ""25"": 0.0023318592618820286, ""48"": 0.0273283331781899, ""53"": 0.0007645025751355883, ""69"": 0.0003336607218945746, ""70"": 0.003098100560138867, ""81"": 0.00027310808798734505, ""91"": 0.0018839222816139731, ""94"": 0.9634946053149742}","[0.01649063973147071, 0.12174252879569661, 0.7936433263579682, 0.06812350511486454]",0.1922052813921688,94,0.9634946053149742,0.993921039053303
450,2,2,1,0,6,0.7595457032825679,"{""4"": 0.0003550858670555044, ""18"": 0.0006120596527722339, ""25"": 0.001347906946029542, ""48"": 0.013862404658231887, ""53"": 0.0008612499037604899, ""69"": 0.0003415546737582474, ""91"": 0.0014985372510466016, ""92"": 0.0005598865299999824, ""94"": 0.9805613145173455}","[0.20830572410943174, 0.7595457032825679, 0.026826189664459675, 0.005322382943540654]",0.11755930817206342,94,0.9805613145173455,0.995922256426624
451,4,4,1,0,6,0.3913764225037762,"{""4"": 0.00016537563207621637, ""18"": 0.00016512212813075137, ""25"": 0.0012136761289981315, ""42"": 0.0004909547482998322, ""48"": 0.01011968044197564, ""51"": 0.00013681303348089956, ""69"": 0.0005038371954823919, ""91"": 0.0014721633479268083, ""94"": 0.9857323773436292}","[0.16475921129596, 0.33323449201705857, 0.11062987418320522, 0.3913764225037762]",0.09005819642346469,94,0.9857323773436292,0.9973242211335316
452,1,1,1,0,6,0.7725355191299552,"{""4"": 0.00043987896359590754, ""25"": 0.0024773765287896855, ""42"": 0.0012728278738416996, ""48"": 0.024175397572821333, ""69"": 0.0003720645509615704, ""74"": 0.0006672780806180475, ""91"": 0.0017246266787748373, ""93"": 0.00029477907217128734, ""94"": 0.9685757706784256}","[0.7725355191299552, 0.16301025804185143, 0.04981531644625323, 0.014638906381940105]",0.16885402951535844,94,0.9685757706784256,0.9952285447800365
453,3,2,0,1,5,0.2595559319190828,"{""16"": 3.625109745283379e-05, ""25"": 0.00025064891974740944, ""42"": 0.0007709116574675499, ""48"": 0.0118337856873592, ""74"": 9.78169805549581e-11, ""91"": 0.00016124939453920743, ""93"": 0.00011635592204743025, ""94"": 0.9865225129162005, ""104"": 0.0003082843073689698}","[0.022807995745113184, 0.61788953998808, 0.2595559319190828, 0.09974653234772408]",0.0788196098516645,94,0.9865225129162005,0.9991272102610272
454,3,3,1,0,5,0.7189209054820956,"{""16"": 0.0003548856732630574, ""25"": 0.0002682849895273757, ""35"": 0.00017982526718917505, ""42"": 0.0016902681941998027, ""48"": 0.006676143157633007, ""92"": 0.0002541871182391801, ""93"": 0.00019412239531905974, ""94"": 0.9900331162225874, ""104"": 0.0003491669820417956}","[0.029240491121774972, 0.0062437354632968135, 0.7189209054820956, 0.24559486793283253]",0.06726665431835972,94,0.9900331162225874,0.9983995275744202
455,1,4,0,1,5,0.28947759172805754,"{""0"": 0.0001456711849639125, ""16"": 0.00048453286489710004, ""25"": 0.0005490273260237453, ""42"": 0.0009598741075016353, ""48"": 0.008538166242453892, ""81"": 0.0002384667782629345, ""92"": 0.00044233995102689307, ""94"": 0.9881908021651368, ""104"": 0.0004511193797330989}","[0.28947759172805754, 0.16139841387859488, 0.20254976280787734, 0.3465742315854703]",0.07706571533958402,94,0.9881908021651368,0.9976888425150923
456,2,4,0,1,4,0.35437578925303903,"{""19"": 0.0003635792801782993, ""25"": 0.0011784042712412307, ""42"": 0.0013605658838387264, ""48"": 0.013865458948610363, ""81"": 0.0005530902439127171, ""90"": 0.00047085254559840257, ""92"": 0.0008161306635063659, ""94"": 0.9805572497096507, ""104"": 0.0008346684534629861}","[0.026947384800256408, 0.35437578925303903, 0.05827522196710027, 0.5604016039796043]",0.11785477598439231,94,0.9805572497096507,0.9957832745420998
457,4,2,0,1,4,0.21153202336314872,"{""6"": 0.0002543234376030754, ""19"": 0.00046585508710217567, ""42"": 0.002392845504841768, ""48"": 0.02404392610026871, ""81"": 1.7338144193969043e-10, ""92"": 0.0013619077992751112, ""94"": 0.9706083008477395, ""101"": 0.00013725409434952357, ""104"": 0.000735586955438718}","[0.30158526806355673, 0.3026129330483849, 0.18426977552490975, 0.21153202336314872]",0.15422341439027148,94,0.9706083008477395,0.99704507245285
458,3,3,1,0,4,0.5311210412036972,"{""19"": 0.0006318335637878395, ""42"": 0.0017618840382811437, ""48"": 0.01922451890183262, ""68"": 0.0004748479917017319, ""74"": 0.0003822728547815686, ""92"": 0.0010841146668467939, ""94"": 0.9752051239512373, ""101"": 0.00034552126069706284, ""104"": 0.000889882770834021}","[0.005055429989637604, 0.04725584847906389, 0.5311210412036972, 0.41656768032760144]",0.13932747116964755,94,0.9752051239512373,0.996191526891351
459,4,4,1,0,5,0.9367994616254617,"{""7"": 0.00021574666895403957, ""42"": 0.001311777794269628, ""48"": 0.025296960546492823, ""68"": 0.0004722059721982732, ""74"": 0.0004050922632440228, ""81"": 5.6843048080598996e-05, ""92"": 0.001070873141412478, ""94"": 0.9702129429569282, ""104"": 0.0009575576084198558}","[0.0031294704782729205, 0.006058821236558831, 0.05401224665970657, 0.9367994616254617]",0.15420061422672382,94,0.9702129429569282,0.9968216812976906
460,3,1,0,1,6,0.3250796787412627,"{""19"": 6.028005041921724e-06, ""30"": 2.034399689822059e-05, ""42"": 0.0013005282475222779, ""48"": 0.0013593816243075306, ""68"": 6.977069398918227e-11, ""74"": 6.46835031854385e-11, ""81"": 3.1918273564179263e-11, ""94"": 0.9971742649522357, ""104"": 0.00013945300762177538}","[0.43765180329528075, 0.11729821589487446, 0.3250796787412627, 0.11997030206858209]",0.021966893247068575,94,0.9971742649522357,0.9998341748240654
461,2,3,0,1,6,0.21053828682724274,"{""16"": 0.00021791671452647525, ""19"": 0.00011521112848082256, ""30"": 0.00021199256404615116, ""42"": 0.0027336421275206946, ""48"": 0.0008944237617308394, ""63"": 0.00011793532025712257, ""94"": 0.9955411771295627, ""104"": 0.00016770125334459723}","[0.17323505425663766, 0.21053828682724274, 0.5943666200789628, 0.02186003883715692]",0.03406145900480384,94,0.9955411771295627,0.9991692430188143
462,2,2,1,0,4,0.8545685349049511,"{""19"": 0.00033127718409134584, ""30"": 0.0003685300093373753, ""42"": 0.0024740267513592693, ""48"": 0.006693686455263408, ""63"": 0.00037413432419971377, ""72"": 0.00017960083477412347, ""74"": 1.1264329800412769e-07, ""94"": 0.9889106812257221, ""104"": 0.0006679505719546012}","[0.12227352195511305, 0.8545685349049511, 0.0044404249300520416, 0.018717518209883915]",0.07434366123552413,94,0.9889106812257221,0.9980783944323447
463,1,1,1,0,4,0.5563343251510028,"{""19"": 2.4395299234949773e-05, ""30"": 9.950299765841e-05, ""42"": 0.001970260957065297, ""48"": 0.007965867474285893, ""63"": 0.00017239221794794192, ""64"": 5.268219501909381e-05, ""81"": 2.4414707308490983e-05, ""94"": 0.9893495154450086, ""104"": 0.00034096870647130613}","[0.5563343251510028, 0.2419111192586518, 0.012425229310835343, 0.1893293262795101]",0.06753368804258596,94,0.9893495154450086,0.9992856438763598
464,1,1,1,0,6,0.9462772640668291,"{""24"": 5.525309836192583e-05, ""30"": 9.27043830124455e-05, ""42"": 0.0006983439202585294, ""48"": 0.004716768563745128, ""63"": 7.754579397472825e-05, ""64"": 5.0093557043308124e-05, ""74"": 0.0002405769955489574, ""94"": 0.9938971954501062, ""104"": 0.00017151823794884908}","[0.9462772640668291, 0.02396081437594612, 0.025204319179815794, 0.004557602377408922]",0.042549154815468816,94,0.9938971954501062,0.99931230793411
465,1,1,1,0,3,0.7275685702458733,"{""3"": 7.84074222365703e-05, ""16"": 0.00019286278305684799, ""24"": 9.931956400040613e-05, ""30"": 0.00013032945271358734, ""42"": 0.001151369152555333, ""48"": 0.006667570811300251, ""74"": 0.0003784273319282811, ""94"": 0.9910492748333668, ""104"": 0.000252438648841905}","[0.7275685702458733, 0.0765068083454432, 0.017829007447769142, 0.17809561396091436]",0.05965478856534254,94,0.9910492748333668,0.9988682147972223
466,1,1,1,0,5,0.7784087008479765,"{""16"": 0.0002999386703424055, ""30"": 0.00010688057205953935, ""42"": 0.0012480826525435714, ""48"": 0.007387387554997396, ""56"": 8.231008607302978e-05, ""74"": 0.00038428323009187326, ""81"": 6.184550429761814e-05, ""94"": 0.9901163042499626, ""104"": 0.00031296747963214453}","[0.7784087008479765, 0.14026232130977678, 0.00741244962814404, 0.07391652821410256]",0.06476807084121099,94,0.9901163042499626,0.9987517744575035
467,4,4,1,0,5,0.7116131919398547,"{""16"": 0.00037784424509299783, ""30"": 6.428411993459413e-05, ""42"": 0.0010385894185031004, ""48"": 0.005673594403192693, ""52"": 3.898984223206783e-05, ""74"": 0.0004909159979851773, ""94"": 0.9919662989046856, ""98"": 0.00020090511247975655, ""104"": 0.00014857795589398706}","[0.029762487297509386, 0.006116755267677582, 0.25250756549495834, 0.7116131919398547]",0.05523417707845459,94,0.9919662989046856,0.9986784827263814
468,4,4,1,0,6,0.5466002967491188,"{""16"": 2.005912040627099e-05, ""42"": 0.0010339951265157035, ""48"": 0.0005102692617450413, ""74"": 7.166946196773013e-11, ""81"": 2.3602484544960715e-11, ""94"": 0.9981232195159611, ""98"": 0.00017911469893935636, ""103"": 5.399667250950651e-05, ""104"": 7.934550865097191e-05}","[0.12694970702183295, 0.29094850562461844, 0.035501490604429746, 0.5466002967491188]",0.015893216841523877,94,0.9981232195159611,0.9996674839042218
469,2,2,1,0,6,0.7318976599720439,"{""16"": 7.467561501069856e-05, ""42"": 0.002153357506517201, ""48"": 0.004311006107644187, ""61"": 0.00010170713439517047, ""92"": 0.00012560594734768797, ""94"": 0.9925850013832864, ""98"": 0.00014904477636139667, ""103"": 0.00025978005148865555, ""104"": 0.00023982147794863445}","[0.06008018471638765, 0.7318976599720439, 0.1934136352969371, 0.014608520014631402]",0.0523207369685111,94,0.9925850013832864,0.9990493649974479
470,4,4,1,0,4,0.7501025360485016,"{""9"": 1.8871643893034797e-05, ""16"": 1.8543012361198042e-05, ""42"": 0.0019069001074019545, ""48"": 0.006029662061883393, ""69"": 0.00012312415134907372, ""94"": 0.9915193465277051, ""98"": 2.3636802943323672e-05, ""103"": 7.748959895536461e-05, ""104"": 0.0002824260935075641}","[0.19887975826935353, 0.02918279798468355, 0.02183490769746132, 0.7501025360485016]",0.05601311196970517,94,0.9915193465277051,0.9994559086969904
471,1,4,0,1,4,0.1389229018438495,"{""9"": 0.00011245262209252012, ""16"": 9.104795520685343e-05, ""42"": 0.0016668906678801165, ""48"": 0.0050832607613339265, ""81"": 0.00013573594269496818, ""88"": 6.37950015941498e-05, ""94"": 0.9923038771059747, ""103"": 0.00018505900590867205, ""104"": 0.00035788093731408565}","[0.1389229018438495, 0.03859587174079119, 0.06762868933073718, 0.7548525370846222]",0.053303017729781625,94,0.9923038771059747,0.9990540285351888
472,2,2,1,0,5,0.8881358745951161,"{""16"": 0.0005092538583055003, ""19"": 0.0002774002850680522, ""42"": 0.0043962691960491435, ""48"": 0.02032240583328192, ""66"": 0.0005268401702447147, ""81"": 0.00039365155113658913, ""94"": 0.9715838543547978, ""103"": 0.0007957201288728768, ""104"": 0.001194604622243478}","[0.03257309340758532, 0.8881358745951161, 0.026130643775201995, 0.05316038822209657]",0.1579584203928528,94,0.9715838543547978,0.9963025293841289
473,3,1,0,1,6,0.27299830745744885,"{""19"": 5.8934413337642144e-05, ""42"": 0.002583181283450569, ""48"": 0.010323747305005255, ""66"": 0.00029420789378906294, ""69"": 0.0001904996617523893, ""81"": 3.8182928940448714e-05, ""94"": 0.986012421766034, ""103"": 9.715370811982022e-05, ""104"": 0.0004016710395706751}","[0.6824095188279494, 0.020162351319989683, 0.27299830745744885, 0.024429822394612038]",0.08552057571244988,94,0.986012421766034,0.9989193503544899
474,4,4,1,0,5,0.9543001664961426,"{""19"": 0.0001679625258191669, ""42"": 0.0022670971429027604, ""48"": 0.004008571273510786, ""66"": 9.950660863566087e-11, ""74"": 4.26822274800691e-11, ""81"": 4.488475814772513e-11, ""94"": 0.9933966986668553, ""102"": 2.881401277890569e-05, ""104"": 0.0001308561910595327}","[0.015031006088414465, 0.009996226632175658, 0.020672600783267405, 0.9543001664961426]",0.04544214872395151,94,0.9933966986668553,0.9996723670832689
475,3,3,1,0,5,0.6482344320920488,"{""19"": 0.00011843022671464499, ""29"": 2.3478339119346033e-05, ""42"": 0.0015615683765176174, ""48"": 0.0005283426488413809, ""66"": 4.921534447882139e-07, ""92"": 8.8685941561016e-06, ""94"": 0.9977117066103371, ""102"": 1.0502583202059039e-05, ""104"": 3.661046766700067e-05}","[0.008664838000581453, 0.03956589758290996, 0.6482344320920488, 0.3035348323244598]",0.018289093662503135,94,0.9977117066103371,0.9998016176356962
476,1,4,0,1,4,0.10427900751014761,"{""19"": 0.000127911633067446, ""29"": 2.5867535393049317e-05, ""42"": 0.0012969126745558254, ""48"": 0.0029170294175000517, ""54"": 0.00011007474090231338, ""92"": 8.009553002033533e-05, ""94"": 0.995228340808724, ""102"": 9.026834916897554e-05, ""104"": 0.00012349931066821867}","[0.10427900751014761, 0.08726510376030239, 0.018358076955301394, 0.7900978117742486]",0.03553972638510385,94,0.995228340808724,0.9994422829007799
477,4,4,1,0,5,0.8688998182995801,"{""29"": 0.0002754573259826334, ""42"": 0.0021249691803447894, ""48"": 0.014850787288732743, ""54"": 0.0006679584189830722, ""81"": 0.00018438924956716972, ""92"": 0.0005486897209461022, ""94"": 0.9804765328595642, ""104"": 0.0006549597372681622, ""113"": 0.0002162562186110515}","[0.04173161688797539, 0.004140422502045758, 0.08522814231039885, 0.8688998182995801]",0.11439914059070179,94,0.9804765328595642,0.9974522893286417
478,3,1,0,1,5,0.16363653554866212,"{""42"": 0.0016983566422023163, ""48"": 0.006937830545899106, ""54"": 0.0003507877003692703, ""81"": 0.0002053515062350714, ""92"": 0.00019014078841616747, ""94"": 0.9899398215129819, ""95"": 0.00018748451628383163, ""104"": 0.0003590437882790828, ""113"": 0.00013118299933337306}","[0.5416831648051701, 0.2511550150037705, 0.16363653554866212, 0.04352528464239744]",0.06712087219759194,94,0.9899398215129819,0.9985760087010833
479,4,4,1,0,5,0.8206430270334397,"{""31"": 0.00032322812814212907, ""42"": 0.006012734244795518, ""48"": 0.0023214027531937654, ""54"": 8.147099282695303e-05, ""70"": 7.241112975930151e-11, ""92"": 0.00011098056087672625, ""94"": 0.9907533593900031, ""104"": 0.0001880194721197611, ""113"": 0.00020880438563114788}","[0.00886974905943291, 0.12187705998994199, 0.048610163917185464, 0.8206430270334397]",0.061790752903657,94,0.9907533593900031,0.9990874963879924
480,4,2,0,1,5,0.24104582732415877,"{""31"": 0.00026277949871133393, ""42"": 0.002454759846677137, ""48"": 0.0034612483699366825, ""54"": 0.0001443980488501954, ""92"": 0.00011423794545780544, ""94"": 0.9930007986402036, ""101"": 0.00015045793491538128, ""104"": 0.0002456585058080391, ""113"": 0.00016566120943973313}","[0.0881249308765159, 0.6003515005870991, 0.07047774121222633, 0.24104582732415877]",0.050627512532436796,94,0.9930007986402036,0.9989168068568174
481,1,1,1,0,6,0.9701432668954948,"{""21"": 0.00017778036759548568, ""31"": 0.000431937696219731, ""42"": 0.00482419712320253, ""48"": 0.008636446659801634, ""54"": 0.00039546256105550556, ""74"": 0.00031258412550168947, ""94"": 0.98473419566986, ""101"": 0.00019940736960570186, ""113"": 0.00028798842715769727}","[0.9701432668954948, 0.020808671247963106, 0.004281789280356488, 0.004766272576185574]",0.09646950724710937,94,0.98473419566986,0.9981948394528641
482,2,2,1,0,6,0.9589193358235254,"{""21"": 4.141873440306881e-05, ""31"": 9.79174538331199e-05, ""42"": 0.002992081369760669, ""48"": 0.005791646195591986, ""54"": 0.00012555400469865967, ""69"": 9.026603702101494e-05, ""74"": 0.0002529713197355355, ""94"": 0.9904832654919955, ""101"": 0.00012487939296058955}","[0.031382044024948416, 0.9589193358235254, 0.005051117229759922, 0.004647502921766406]",0.06320332871240275,94,0.9904832654919955,0.9992669930573482
483,2,3,0,1,5,0.05654483937526966,"{""21"": 7.033684045033264e-06, ""42"": 0.0024112168117709394, ""48"": 0.0039792664823231376, ""54"": 6.262192826956258e-05, ""69"": 0.0001658488615818457, ""74"": 9.308059256348919e-06, ""78"": 8.35797528909973e-06, ""94"": 0.9932103031364972, ""101"": 0.00014604306096682864}","[0.016264949597741652, 0.05654483937526966, 0.8270913412428945, 0.10009886978409423]",0.04692104929405785,94,0.9932103031364972,0.9996007864305912
484,1,1,1,0,6,0.5000717322003306,"{""18"": 0.00018519542451880748, ""42"": 0.0045419522725622715, ""48"": 0.007614885036493446, ""54"": 0.00028083357805674855, ""69"": 0.0006339526082034016, ""74"": 9.545013303617659e-05, ""92"": 7.438467974703343e-05, ""94"": 0.9861771185731986, ""101"": 0.0003962276941838477}","[0.5000717322003306, 0.027878648554585984, 0.3099095322296551, 0.16214008701542823]",0.08862160740654056,94,0.9861771185731986,0.9983339558822543
485,2,4,0,1,4,0.28944250521608844,"{""14"": 4.005878259026069e-05, ""18"": 0.00010543255789517815, ""42"": 0.006388638488319061, ""48"": 0.00962025896028229, ""54"": 0.00018592504376536238, ""69"": 0.0007036789554455829, ""74"": 0.00010647375159565715, ""94"": 0.9826701425852402, ""101"": 0.0001793908748663166}","[0.017351802226848567, 0.28944250521608844, 0.07911461330541324, 0.6140910792516499]",0.10473522913803,94,0.9826701425852402,0.9986790400338416
486,4,4,1,0,5,0.9292211438954868,"{""18"": 4.968492546885936e-05, ""42"": 0.00890319542748074, ""48"": 0.012561648844842586, ""54"": 0.00024274703585963134, ""57"": 2.2211177771274705e-05, ""69"": 0.0002526229953961784, ""81"": 1.9934879806154572e-05, ""94"": 0.9778260347745067, ""101"": 0.00012191993886786256}","[0.03128979178236201, 0.009594262298516343, 0.02989480202363483, 0.9292211438954868]",0.1251030309384158,94,0.9778260347745067,0.99929087904683
487,3,3,1,0,5,0.6145106691210985,"{""17"": 2.336188551834838e-05, ""18"": 8.464351063283416e-05, ""42"": 0.005192539737481809, ""48"": 0.0028768648625372944, ""54"": 8.096446115098161e-05, ""69"": 0.00010841179613305914, ""81"": 7.64457422268267e-05, ""94"": 0.9914352319355804, ""101"": 0.00012153606873849682}","[0.012722857576282803, 0.0053684657803041574, 0.6145106691210985, 0.36739800752231455]",0.057291916754107546,94,0.9914352319355804,0.9995046365355994
488,4,4,1,0,6,0.9213152171539954,"{""5"": 4.785805883670263e-05, ""18"": 9.094402924528972e-05, ""42"": 0.00386844462400258, ""48"": 0.0071607610666607514, ""54"": 0.00018335428317216298, ""69"": 3.415324282666702e-11, ""81"": 2.3042471459694077e-11, ""94"": 0.9885958670688485, ""101"": 5.277081203823698e-05}","[0.005487586220661877, 0.03564197921475593, 0.03755521741058671, 0.9213152171539954]",0.0716153677955005,94,0.9885958670688485,0.9996250727595118
489,2,2,1,0,5,0.7674380562329766,"{""5"": 2.4715420371594884e-05, ""18"": 0.0001257691759039387, ""42"": 0.0029303276082837107, ""47"": 6.479470450175282e-05, ""48"": 0.005115313365573872, ""54"": 0.00014898779354576803, ""81"": 4.759115964221184e-07, ""94"": 0.9914740042723887, ""101"": 0.00011561174783417428}","[0.025814818160166536, 0.7674380562329766, 0.10751426084210407, 0.09923286476475292]",0.056951446304195186,94,0.9914740042723887,0.9995196452462464
490,3,2,0,1,5,0.33143938483826796,"{""18"": 2.8754812754315912e-05, ""26"": 2.0697999777500448e-05, ""42"": 0.004775975780743889, ""47"": 0.0001086904394404579, ""48"": 0.007153941578033161, ""54"": 9.36023255436528e-05, ""69"": 6.383981591861372e-05, ""94"": 0.9876673573998025, ""101"": 8.713984798604249e-05}","[0.013882154994214161, 0.4367193650206448, 0.33143938483826796, 0.21795909514687298]",0.07693642821226891,94,0.9876673573998025,0.9995972747585795
491,2,2,1,0,5,0.606773456403145,"{""18"": 0.00010786714346936753, ""42"": 0.001180834300625721, ""47"": 6.136648700737549e-05, ""48"": 0.0054055496409410675, ""54"": 0.00019103163212871315, ""58"": 4.515998984508731e-05, ""69"": 0.0001549255203096283, ""94"": 0.9927095839512935, ""101"": 0.00014368133437943546}","[0.03728155545752607, 0.606773456403145, 0.04471659411928633, 0.3112283940200427]",0.04974168630273922,94,0.9927095839512935,0.9992959678928603
492,2,2,1,0,5,0.9688516051195611,"{""42"": 0.0042354257765744, ""47"": 4.4677171251591723e-05, ""48"": 0.008187554655932124, ""54"": 0.00017421172817997738, ""58"": 3.2344360069348246e-05, ""69"": 0.00014299749978735285, ""74"": 1.0588670440335875e-05, ""94"": 0.9871525487673734, ""103"": 1.965137039152557e-05}","[0.009731308071403391, 0.9688516051195611, 0.0071125148636691175, 0.014304571945366292]",0.07914035446907189,94,0.9871525487673734,0.9995755291998799
493,3,3,1,0,6,0.5333028359402776,"{""25"": 3.87231710179201e-05, ""42"": 0.003294704988746068, ""47"": 5.803802140894236e-05, ""48"": 0.006593654523578523, ""54"": 0.00016005738272808844, ""58"": 6.153411763947907e-05, ""69"": 0.00014798743653709345, ""94"": 0.9896243187484843, ""99"": 2.098160985947417e-05}","[0.11109382781746502, 0.3071054707655194, 0.5333028359402776, 0.04849786547673793]",0.06674942699423597,94,0.9896243187484843,0.9995126782608089
494,1,3,0,1,6,0.086891519040043,"{""25"": 3.8162488203525103e-05, ""37"": 1.4858096648427568e-05, ""42"": 0.006567675786494424, ""48"": 0.0016066282207620535, ""54"": 6.735300519790797e-05, ""58"": 0.00012606547249580184, ""92"": 1.581407987049587e-05, ""94"": 0.9915496828566568, ""99"": 1.3759993670552758e-05}","[0.086891519040043, 0.06917267100831512, 0.8036806878578748, 0.040255122093767116]",0.05441856626675371,94,0.9915496828566568,0.9997239868639133
495,3,1,0,1,4,0.08679522748762375,"{""12"": 9.909759874036965e-05, ""42"": 0.0090553945109643, ""48"": 0.007900998635365654, ""54"": 0.00027760296757246594, ""58"": 0.00028804161235656634, ""70"": 0.00012937790823387322, ""92"": 8.265801308877172e-05, ""94"": 0.9820830937398505, ""99"": 8.37350138276492e-05}","[0.6755999306705254, 0.202730370639838, 0.08679522748762375, 0.034874471202012855]",0.1068591334809746,94,0.9820830937398505,0.9990394868861804
496,4,4,1,0,5,0.909051172082371,"{""30"": 0.00014241861759882053, ""42"": 0.018539574481581642, ""48"": 0.003623452897867201, ""54"": 0.00018106114882195033, ""58"": 0.0006393950280744962, ""69"": 6.26178012898812e-11, ""70"": 8.135685062922101e-11, ""92"": 6.852385566123594e-05, ""94"": 0.9768055738264201}","[0.05303258925472759, 0.006935741210218951, 0.03098049745268258, 0.909051172082371]",0.12540260880673257,94,0.9768055738264201,0.998968601205869
497,1,1,1,0,1,0.8576561140367259,"{""30"": 0.00013125520516284392, ""42"": 0.006329664042779394, ""48"": 0.003994515296977012, ""54"": 0.00017381816337867317, ""57"": 8.357289932988098e-05, ""58"": 0.0001927951732112795, ""81"": 9.642779443023534e-05, ""92"": 6.35881550108979e-05, ""94"": 0.9889343632697197}","[0.8576561140367259, 0.05095629599347524, 0.08553968237167749, 0.0058479075981215075]",0.07172721757753861,94,0.9889343632697197,0.9992585426094761
498,3,2,0,1,6,0.40118541529423224,"{""30"": 1.2776510749889542e-05, ""42"": 0.0063605097353344854, ""48"": 0.003905184547559798, ""54"": 0.00012139511757558669, ""57"": 4.414252771010334e-05, ""58"": 5.133169045312297e-05, ""74"": 1.2051579600266782e-11, ""76"": 1.1814266702849122e-11, ""94"": 0.9895046598467513}","[0.05512705802719545, 0.5200758233144491, 0.40118541529423224, 0.023611703364123257]",0.0664534862648325,94,0.9895046598467513,0.9997703541296457
499,1,1,1,0,5,0.7700623432845324,"{""30"": 4.4419403083585826e-05, ""42"": 0.006052557822484604, ""48"": 0.00548296832772051, ""54"": 0.0002214432891268336, ""57"": 7.058462237584503e-05, ""58"": 0.0001429794013807437, ""77"": 7.139373382778933e-05, ""92"": 8.478631897797007e-05, ""94"": 0.9878288670810219}","[0.7700623432845324, 0.09195809020405292, 0.08693805045477368, 0.05104151605664109]",0.07727943734987429,94,0.9878288670810219,0.999364393231227
500,4,4,1,0,5,0.94290944298246,"{""1"": 2.336834467430095e-05, ""42"": 0.008368743265367691, ""48"": 0.004369356404972321, ""54"": 0.0001209792393089547, ""57"": 5.0407302399058736e-05, ""58"": 7.970278502832574e-05, ""74"": 8.168032110041479e-05, ""92"": 0.0001047435873200061, ""94"": 0.9868010187498288}","[0.009086606143215934, 0.03339265645099534, 0.014611294423328744, 0.94290944298246]",0.08120071152309759,94,0.9868010187498288,0.9995391184201688
501,1,3,0,1,5,0.05959566506756529,"{""38"": 4.759271797401739e-06, ""42"": 0.006679024336264462, ""48"": 0.0012531394934540434, ""54"": 3.760847228393767e-05, ""58"": 4.4766923403500424e-05, ""74"": 3.546606663224191e-05, ""81"": 5.738368838496586e-05, ""92"": 7.887152809840935e-06, ""94"": 0.9918799645949696}","[0.05959566506756529, 0.02214522429514148, 0.8790135858179101, 0.03924552481938304]",0.05182065159923903,94,0.9918799645949696,0.9998121284246881
502,3,3,1,0,5,0.5358540516571099,"{""42"": 0.0085007543737055, ""48"": 0.006480114436703889, ""54"": 0.00021342700115860975, ""70"": 7.715201218154002e-05, ""74"": 0.00017007749152279214, ""81"": 0.00027862622307953, ""92"": 4.763212908705072e-05, ""94"": 0.9841481810180929, ""95"": 8.403531446835505e-05}","[0.02339485835900126, 0.11236732605883092, 0.5358540516571099, 0.3283837639250581]",0.09646118231869019,94,0.9841481810180929,0.9991290498285023
503,3,3,1,0,5,0.8269525704355796,"{""6"": 3.11419452333881e-05, ""42"": 0.004761956073921066, ""48"": 0.004844248603568371, ""54"": 0.00017052862942205213, ""70"": 9.217261510398441e-05, ""81"": 0.00016020955036853227, ""92"": 7.046873556328105e-05, ""94"": 0.9897565078539099, ""95"": 0.00011276599290942365}","[0.009245766575871313, 0.0036753323882765874, 0.8269525704355796, 0.1601263306002726]",0.06723122210846695,94,0.9897565078539099,0.9993627125313993
504,4,4,1,0,5,0.9019203034990294,"{""6"": 5.2524250607912244e-05, ""26"": 4.208815622597401e-05, ""36"": 4.344265348408926e-05, ""42"": 0.004909980095590807, ""48"": 0.004322504685416697, ""70"": 0.00010346393235228055, ""81"": 0.00010638733836622685, ""92"": 8.280271401752909e-05, ""94"": 0.9903368061739386}","[0.06471545409311454, 0.010952110263825735, 0.02241213214403023, 0.9019203034990294]",0.06333051724130616,94,0.9903368061739386,0.9995692909549462
505,2,2,1,0,6,0.7289239297304089,"{""19"": 7.254015305476811e-05, ""26"": 8.590705168295336e-05, ""41"": 4.121914238271217e-05, ""42"": 0.005656493089666602, ""48"": 0.0042957230500947465, ""70"": 0.0001185167466844313, ""81"": 0.00013786528067663453, ""92"": 6.06755391256893e-05, ""94"": 0.9895310599466314}","[0.022485978743303634, 0.7289239297304089, 0.22603439505081777, 0.022555696475469754]",0.06789627946259699,94,0.9895310599466314,0.9994832760863928
506,2,2,1,0,4,0.7579768929912385,"{""19"": 6.319504761736398e-05, ""26"": 2.5783388195596423e-05, ""42"": 0.0090472920795052, ""48"": 0.003924151547691744, ""70"": 4.9784559932331e-05, ""74"": 5.234343929485654e-06, ""92"": 5.709892802234071e-05, ""94"": 0.9868163276317039, ""111"": 1.1132473401918621e-05}","[0.05772590078085698, 0.7579768929912385, 0.00875789007182565, 0.17553931615607882]",0.07953393870833775,94,0.9868163276317039,0.9997877712589008
507,3,3,1,0,6,0.47167524991509235,"{""19"": 9.406726286847367e-05, ""21"": 6.147550033827868e-05, ""26"": 5.662896606416023e-05, ""42"": 0.005489810608698391, ""48"": 0.004438795791075006, ""69"": 6.040489398548714e-05, ""70"": 7.110783066133683e-05, ""92"": 8.96780197965519e-05, ""94"": 0.989638031126512}","[0.27690564964635433, 0.19384891279488542, 0.47167524991509235, 0.057570187643667906]",0.06705215672761562,94,0.989638031126512,0.9995666375262854
508,2,4,0,1,4,0.197793401764507,"{""5"": 7.570552619868835e-05, ""25"": 2.2746864468482782e-05, ""26"": 6.544645820186248e-05, ""42"": 0.011326585725070849, ""48"": 0.002625509252166741, ""69"": 9.555183577011297e-05, ""70"": 6.727721934247367e-05, ""92"": 5.122088562493456e-05, ""94"": 0.9856699562331558}","[0.08118228077990525, 0.197793401764507, 0.18054438980495752, 0.5404799276506302]",0.08420765706206326,94,0.9856699562331558,0.9996220512103934
509,3,3,1,0,6,0.5623886489858896,"{""5"": 0.00014896765496588436, ""25"": 8.45371033041243e-05, ""26"": 0.00012539586936046297, ""42"": 0.0112074963879203, ""48"": 0.005734056393328271, ""69"": 0.00014073524888603135, ""92"": 0.0001131416961645839, ""94"": 0.9823871818322246, ""114"": 5.8487813845729236e-05}","[0.03891524357655288, 0.22210519253586422, 0.5623886489858896, 0.17659091490169324]",0.10346530414797428,94,0.9823871818322246,0.9993287346134732
510,4,4,1,0,4,0.9501413654136504,"{""5"": 0.00013046952118590043, ""26"": 9.769174754658549e-05, ""42"": 0.014690632599309432, ""48"": 0.003239410607075976, ""52"": 1.4071518221457015e-05, ""69"": 9.069477831289797e-05, ""92"": 6.0323686686668e-05, ""94"": 0.9816628130003877, ""114"": 1.389254127324232e-05}","[0.009798678366231653, 0.022271207901553104, 0.017788748318564907, 0.9501413654136504]",0.10255186101944946,94,0.9816628130003877,0.9995928562067732
511,4,4,1,0,5,0.6277951552281973,"{""5"": 0.00011293768423658274, ""25"": 3.036926708353834e-05, ""26"": 9.022561390718366e-05, ""42"": 0.008413573248881064, ""48"": 0.0035373792121280623, ""69"": 9.709720175225253e-05, ""92"": 6.147483226573951e-05, ""94"": 0.987618261509586, ""111"": 3.8681430159519825e-05}","[0.32849176775021544, 0.014799565637155591, 0.02891351138443174, 0.6277951552281973]",0.0765392562639987,94,0.987618261509586,0.9995692139705951
512,2,2,1,0,5,0.8836331478708234,"{""5"": 7.060657355690394e-05, ""25"": 1.693009792189427e-05, ""26"": 6.447606531459794e-05, ""27"": 1.1732170105814175e-05, ""42"": 0.008241304771487152, ""48"": 0.001905637154059781, ""70"": 4.241780582776143e-05, ""92"": 2.3583232248642817e-05, ""94"": 0.9896233121294775}","[0.034719103175925366, 0.8836331478708234, 0.06701336249286242, 0.014634386460388933]",0.06409881468023876,94,0.9896233121294775,0.9997702540550244
513,2,2,1,0,6,0.7621639184143922,"{""5"": 1.9636562156222224e-05, ""25"": 3.034813300962552e-05, ""26"": 2.3585315164376207e-05, ""42"": 0.009292690496965414, ""48"": 0.0018276926717533484, ""69"": 3.939813314066065e-05, ""70"": 3.2214937580813104e-05, ""94"": 0.98872370161328, ""95"": 1.0732136949466961e-05}","[0.028785343682311178, 0.7621639184143922, 0.15344461430306267, 0.05560612360023394]",0.06784703753741128,94,0.98872370161328,0.9998440847819988
514,3,2,0,1,6,0.12983186071795302,"{""5"": 2.2117120485524615e-05, ""26"": 1.6566032807502602e-05, ""36"": 4.34399109098497e-06, ""42"": 0.01112994785703599, ""48"": 0.002284741206916891, ""69"": 5.1828810434360855e-05, ""70"": 4.419336984938917e-05, ""74"": 1.5374099062720388e-06, ""94"": 0.986444724201473}","[0.12946033620211359, 0.7113625042860025, 0.12983186071795302, 0.029345298793931048]",0.07886963828384992,94,0.986444724201473,0.9998594132654259
515,1,3,0,1,5,0.25405550378341507,"{""5"": 0.0001314281735053205, ""27"": 5.822177722841562e-05, ""36"": 5.225424529629617e-05, ""42"": 0.013236041882516432, ""48"": 0.006162522045245007, ""69"": 9.012665891579321e-05, ""70"": 0.0001659317029748917, ""92"": 7.84035167131952e-05, ""94"": 0.9800250699976046}","[0.25405550378341507, 0.09758316790591824, 0.6078774940935147, 0.040483834217152015]",0.11366264579901347,94,0.9800250699976046,0.9994236339253662
516,3,3,1,0,4,0.6892961309405427,"{""5"": 0.0001555108833240189, ""36"": 8.301883149053795e-05, ""42"": 0.01613203328248769, ""48"": 0.006945931825169075, ""69"": 0.00016039477527932415, ""70"": 0.0001644624166523133, ""71"": 0.00010292548005480296, ""92"": 8.022332657451378e-05, ""94"": 0.9761754991789676}","[0.2120839172311428, 0.009675541095190959, 0.6892961309405427, 0.08894441073312369]",0.13131272045596448,94,0.9761754991789676,0.9992534642866244
517,1,1,1,0,6,0.5595706226560544,"{""5"": 8.965828581674088e-05, ""36"": 7.860283155696828e-05, ""42"": 0.011894972844625606, ""48"": 0.004782835898194313, ""70"": 0.00013261908287670658, ""71"": 9.948301394434187e-05, ""86"": 4.888059830612418e-05, ""92"": 8.389733115381367e-05, ""94"": 0.9827890501135252}","[0.5595706226560544, 0.03198001094308298, 0.37964079710959436, 0.028808569291268345]",0.10028149370191806,94,0.9827890501135252,0.9994668588563451
518,3,3,1,0,6,0.5749528898296,"{""6"": 3.848508907785441e-05, ""26"": 5.1074619548408994e-05, ""42"": 0.019387058652142013, ""48"": 0.004867462597658386, ""70"": 0.00010149657655055432, ""71"": 0.00014570196904673628, ""86"": 4.036477057074608e-05, ""92"": 6.954352222437015e-05, ""94"": 0.975298812203181}","[0.07257030814794442, 0.29805273610898303, 0.5749528898296, 0.05442406591347255]",0.13095031404852442,94,0.975298812203181,0.9995533334529814
519,2,1,0,1,6,0.362600990467695,"{""4"": 1.7565180033526693e-05, ""26"": 6.160201431550872e-05, ""42"": 0.02359927302604437, ""48"": 0.0017513125169101042, ""70"": 8.299868705224415e-05, ""71"": 0.00019857429809217464, ""81"": 3.916295717864132e-06, ""92"": 2.0283024434462244e-05, ""94"": 0.9742644749573999}","[0.40485798632095243, 0.362600990467695, 0.2118131157725261, 0.020727907438826534]",0.12846346982671877,94,0.9742644749573999,0.9996150605003543
520,1,1,1,0,5,0.7279360820197956,"{""26"": 5.4030631762366694e-05, ""42"": 0.0046929317671064825, ""48"": 0.0022627231901685752, ""55"": 5.7413084088758005e-05, ""70"": 1.048702505400902e-05, ""71"": 6.062065203160397e-05, ""74"": 1.6742098486382576e-05, ""92"": 1.8993646318291454e-05, ""94"": 0.9928260579049836}","[0.7279360820197956, 0.22686486640710615, 0.00703374963853638, 0.03816530193456179]",0.04828398055449826,94,0.9928260579049836,0.9997817128622587
521,4,1,0,1,5,0.29288619109550007,"{""26"": 1.3559853729563073e-05, ""42"": 0.01065696804035872, ""48"": 0.0024074609442675567, ""58"": 1.6909454191769413e-05, ""71"": 1.645616876579134e-05, ""74"": 3.8278226366126685e-05, ""81"": 5.848760315367372e-06, ""92"": 3.910471288376516e-05, ""94"": 0.9868054138391211}","[0.5845532400671485, 0.10326018900248006, 0.019300379834871425, 0.29288619109550007]",0.07739694663839547,94,0.9868054138391211,0.9998698428237475
522,3,3,1,0,5,0.6789209207267111,"{""42"": 0.02768075581392179, ""48"": 0.004786965441580029, ""58"": 7.276027162737504e-05, ""71"": 3.8755728968087856e-05, ""74"": 4.796192985466105e-05, ""81"": 2.3389818949847928e-05, ""92"": 5.438530124015988e-05, ""94"": 0.9672084905316481, ""104"": 8.653516220995941e-05}","[0.029910133692837664, 0.022570407522424174, 0.6789209207267111, 0.2685985380580272]",0.16026748650121356,94,0.9672084905316481,0.99967621178715
523,1,1,1,0,4,0.935131100971622,"{""42"": 0.013056458339455498, ""48"": 0.004630643740418896, ""58"": 1.3204019733020569e-05, ""62"": 3.506727852799239e-05, ""71"": 1.2160107128420456e-11, ""81"": 8.649505302815958e-12, ""92"": 6.693224849729748e-05, ""94"": 0.9820956606997416, ""104"": 0.00010203365281607547}","[0.935131100971622, 0.05123561863478527, 0.010051928453905682, 0.003581351939686965]",0.10136728832512257,94,0.9820956606997416,0.999782762779616
524,1,1,1,0,6,0.885168237159574,"{""42"": 0.014704136000625052, ""48"": 0.00358445627011172, ""58"": 1.4415441651278119e-05, ""62"": 4.214060427833474e-05, ""74"": 3.1303352615567674e-05, ""80"": 1.9988240209309816e-05, ""92"": 3.9380417992407037e-05, ""94"": 0.9814722385143957, ""104"": 9.194115812078271e-05}","[0.885168237159574, 0.05761316666791509, 0.011422966467003196, 0.04579562970550763]",0.10296574872671461,94,0.9814722385143957,0.9997608307851324
525,4,4,1,0,5,0.7333303107499585,"{""42"": 0.01434064659752029, ""48"": 0.0025389606241858474, ""58"": 9.375471908008702e-06, ""62"": 1.1444334010627232e-05, ""69"": 9.975933764198889e-06, ""74"": 5.4556139000668666e-05, ""88"": 6.190014250658184e-06, ""94"": 0.9829930623252834, ""104"": 3.5788560076266415e-05}","[0.009631255401840764, 0.03402107396685714, 0.2230173598813437, 0.7333303107499585]",0.09423525916304275,94,0.9829930623252834,0.9998726695469895
526,3,3,1,0,6,0.41682834602396934,"{""22"": 1.0925534250909423e-05, ""42"": 0.01695772039100357, ""48"": 0.0017373158749826683, ""62"": 1.324839688888356e-05, ""69"": 3.4385456695778244e-05, ""74"": 6.135349231374505e-05, ""81"": 1.940983977575024e-05, ""94"": 0.9811361498136925, ""104"": 2.9491200396367336e-05}","[0.021544660268769583, 0.3308577354083821, 0.41682834602396934, 0.23076925829887912]",0.10060364354691115,94,0.9811361498136925,0.9998311860796787
527,1,1,1,0,6,0.9010374031965863,"{""18"": 1.0631454202997005e-05, ""22"": 1.088966605922786e-05, ""42"": 0.024005401891392077, ""48"": 0.0020789784246508527, ""62"": 1.3063799367600162e-05, ""69"": 2.552024977482685e-05, ""74"": 7.086654881708542e-06, ""81"": 1.0806588299413687e-05, ""94"": 0.9738376212713713}","[0.9010374031965863, 0.06939194962588646, 0.004138944513593073, 0.02543170266393411]",0.1290548295962588,94,0.9738376212713713,0.9999220015874143
528,4,4,1,0,5,0.6574015803396689,"{""22"": 5.187007755830532e-06, ""25"": 4.75785018956908e-06, ""42"": 0.01642665806884169, ""48"": 0.0015855032390593288, ""62"": 6.567765894291177e-06, ""69"": 1.3305518713863055e-05, ""81"": 2.7618757376396845e-06, ""94"": 0.9819531578342334, ""105"": 2.100839574233376e-06}","[0.19472754415644447, 0.03750177946886929, 0.11036909603501738, 0.6574015803396689]",0.0960111963702184,94,0.9819531578342334,0.9999653191421345
529,2,2,1,0,5,0.6804269019495416,"{""9"": 5.882894693065048e-06, ""25"": 7.989560118736944e-06, ""42"": 0.02032390875227627, ""48"": 0.0015301388708537172, ""62"": 1.1267257859016387e-05, ""69"": 1.1260109705963187e-05, ""92"": 7.935845749992612e-06, ""94"": 0.9780979088813143, ""105"": 3.7078274289570226e-06}","[0.019236907284426417, 0.6804269019495416, 0.23084137450691802, 0.06949481625911409]",0.11132138628114496,94,0.9780979088813143,0.9999519565044444
530,1,1,1,0,4,0.9527367054355607,"{""25"": 9.67148866854749e-06, ""26"": 3.2251500474175176e-06, ""42"": 0.021356968675671356, ""48"": 0.002456591655953979, ""62"": 2.09403090023381e-05, ""69"": 1.3118839507229291e-05, ""91"": 4.921833219000844e-06, ""92"": 1.7215894739114467e-05, ""94"": 0.976117346153191}","[0.9527367054355607, 0.031118910494308743, 0.007188843881521622, 0.008955540188609088]",0.12127827333923291,94,0.976117346153191,0.9999309064848164
531,2,2,1,0,5,0.9529906617364962,"{""25"": 5.580194799233691e-06, ""42"": 0.015122994990406317, ""48"": 0.0014751733615839635, ""62"": 9.97589486869364e-06, ""69"": 6.627151014800156e-06, ""87"": 5.517779668141676e-07, ""91"": 1.5634087844598712e-06, ""92"": 1.3602589252878104e-05, ""94"": 0.9833639306313229}","[0.014151523640956084, 0.9529906617364962, 0.007132579625383655, 0.025725234997164118]",0.08994483450169577,94,0.9833639306313229,0.9999620989833132
532,4,4,1,0,6,0.7776635795577359,"{""25"": 6.335131471717288e-06, ""40"": 4.4570909964994336e-07, ""42"": 0.01365985103944802, ""48"": 0.0016912493137155127, ""62"": 6.567042922191069e-06, ""69"": 7.638847864882624e-06, ""91"": 6.158628378629089e-06, ""92"": 2.0831118102116836e-05, ""94"": 0.9846009231689975}","[0.004997856253926717, 0.049378534090704, 0.1679600300976334, 0.7776635795577359]",0.0852688435713709,94,0.9846009231689975,0.9999520235221611
533,3,2,0,1,4,0.19754496924612863,"{""1"": 2.080739499381419e-06, ""25"": 6.8985706026242076e-06, ""42"": 0.014839969285847167, ""48"": 0.0003207942959225499, ""62"": 4.329634818851362e-06, ""69"": 1.2452189830065123e-05, ""70"": 3.901007639894499e-06, ""92"": 3.6944260619967402e-06, ""94"": 0.9848058798497775}","[0.027652656709067695, 0.631759967191699, 0.19754496924612863, 0.14304240685310476]",0.08053956980902,94,0.9848058798497775,0.9999666434315473
534,2,4,0,1,5,0.15793671535908682,"{""12"": 1.0398974761881263e-05, ""25"": 2.803019659944746e-05, ""42"": 0.0025715256351449105, ""48"": 0.0016903314983480763, ""62"": 2.0026957324791425e-05, ""69"": 1.2729918632795649e-11, ""70"": 7.982110687681444e-12, ""91"": 7.045442205958541e-06, ""94"": 0.9956726412749027}","[0.17651313901672816, 0.15793671535908682, 0.04221654384224847, 0.6233336017819365]",0.0311551237780779,94,0.9956726412749027,0.9999344984083958
535,3,3,1,0,5,0.7965147952734102,"{""12"": 4.5796349055333445e-05, ""13"": 2.0091052350549925e-05, ""25"": 6.783016372859122e-05, ""42"": 0.02202023633573967, ""48"": 0.006375039690708202, ""62"": 5.7588620130063726e-05, ""81"": 2.5415333004327316e-05, ""91"": 3.91975089873283e-05, ""94"": 0.9713488049462962}","[0.1054494696159137, 0.008047318371854992, 0.7965147952734102, 0.08998841673882113]",0.1470443426174424,94,0.9713488049462962,0.999744080972744
536,1,3,0,1,4,0.2714981535866465,"{""12"": 6.484169626722998e-06, ""13"": 3.7559323408834083e-06, ""42"": 0.01827898600794606, ""48"": 0.0020358893543273005, ""49"": 1.963262365168428e-05, ""62"": 8.417591019935926e-06, ""81"": 3.0876424137033953e-12, ""91"": 2.7730796264147937e-05, ""94"": 0.9796191035217356}","[0.2714981535866465, 0.02408271108655037, 0.6439558405873814, 0.06046329473942166]",0.10666689045856714,94,0.9796191035217356,0.999933978884009
537,2,4,0,1,5,0.08725738086714371,"{""12"": 1.3645074692781415e-05, ""17"": 1.2262870100946693e-05, ""42"": 0.041845912222696645, ""48"": 0.004211709087078529, ""49"": 3.057741151198145e-05, ""62"": 2.8060208967517446e-05, ""74"": 9.397306609869206e-06, ""91"": 1.5113526648392657e-05, ""94"": 0.9538333222916935}","[0.06898470892582209, 0.08725738086714371, 0.19219434320014456, 0.6515635670068894]",0.2021107412373212,94,0.9538333222916935,0.9998909436014687
538,2,2,1,0,6,0.8806619041860775,"{""16"": 1.6718453093353704e-05, ""42"": 0.03527740592179756, ""48"": 0.006623676818608903, ""49"": 5.323225832239467e-05, ""62"": 5.120423126668551e-05, ""74"": 3.453592573612002e-05, ""91"": 3.89746931502759e-05, ""94"": 0.957889751144172, ""100"": 1.45005538528145e-05}","[0.092454685509463, 0.8806619041860775, 0.020703399550824418, 0.006180010753634947]",0.19455397909438157,94,0.957889751144172,0.9997908338845783
539,2,2,1,0,5,0.6139359104784711,"{""16"": 1.382191380198065e-06, ""42"": 0.02539599248490779, ""48"": 0.002726549766443302, ""49"": 3.0640366461544146e-05, ""62"": 1.6962921597526396e-05, ""69"": 1.8120597075473935e-05, ""91"": 2.8210752139462202e-05, ""94"": 0.9717780730824354, ""97"": 4.067837559443292e-06}","[0.13580306036916687, 0.6139359104784711, 0.2318709502673586, 0.018390078885003526]",0.13827033859759535,94,0.9717780730824354,0.9999006153337864
540,1,1,1,0,4,0.505086932449285,"{""25"": 4.630375894967059e-06, ""42"": 0.03349246031082912, ""43"": 1.7560999254112517e-06, ""48"": 0.0038137691580612965, ""49"": 1.5744394289600634e-05, ""62"": 2.074157351684293e-05, ""69"": 2.072000253691149e-05, ""91"": 1.3858460697227464e-05, ""94"": 0.9626163196242485}","[0.505086932449285, 0.10644843128268315, 0.319971575739734, 0.06849306052829794]",0.1725268136543852,94,0.9626163196242485,0.9999225490931389
541,1,1,1,0,6,0.7267374147689565,"{""42"": 0.022318712852123928, ""48"": 0.0031662234073106263, ""49"": 2.1171924871124437e-05, ""52"": 5.799687473224335e-06, ""62"": 2.2563586041882893e-05, ""69"": 2.2637024307670924e-05, ""74"": 9.137477432500558e-06, ""91"": 1.819254434213703e-05, ""94"": 0.9744155614960971}","[0.7267374147689565, 0.14120604735742578, 0.04057264275677188, 0.091483895116846]",0.1294256577095727,94,0.9744155614960971,0.9999004977555317
542,4,4,1,0,6,0.9162773766095449,"{""25"": 2.468646972843983e-06, ""42"": 0.01963689832700788, ""48"": 0.0016207480785308185, ""49"": 5.652055367369955e-06, ""52"": 3.307852022762252e-06, ""62"": 8.104075700834402e-06, ""69"": 6.136176727231411e-06, ""94"": 0.9787150941769673, ""105"": 1.5906107030209309e-06}","[0.02103506010683787, 0.0030614315234660707, 0.059626131760151066, 0.9162773766095449]",0.10898143086668882,94,0.9787150941769673,0.9999727405825061
543,2,2,1,0,6,0.9011914537222827,"{""23"": 2.4938101368573505e-07, ""42"": 0.01986579823930483, ""48"": 0.0003279798219443748, ""49"": 3.4181548724828456e-06, ""52"": 1.509645157855402e-06, ""62"": 3.6211373786395673e-06, ""69"": 6.364420532050903e-06, ""81"": 7.262803631349964e-06, ""94"": 0.9797837963961646}","[0.03245942906546407, 0.9011914537222827, 0.055784502928936656, 0.010564614283316518]",0.1007654173107538,94,0.9797837963961646,0.9999775744574138
544,2,4,0,1,4,0.1980343807687789,"{""42"": 0.01656549765803416, ""48"": 0.0005920989279880115, ""49"": 4.440229758496383e-06, ""62"": 6.219855403816471e-06, ""69"": 1.0126628431483976e-05, ""74"": 4.909077966376043e-07, ""81"": 9.504209708832006e-06, ""94"": 0.9828046698468623, ""101"": 6.951736016123333e-06}","[0.02714959350543446, 0.1980343807687789, 0.0672784158176605, 0.7075376099081261]",0.08981808013512173,94,0.9828046698468623,0.9999622664328846
545,1,1,1,0,6,0.8953730145937884,"{""19"": 4.363959672551488e-06, ""42"": 0.017840550483291178, ""48"": 0.0010580221222806167, ""56"": 2.008277592742655e-06, ""62"": 6.192040011840637e-06, ""69"": 1.554592722013095e-05, ""81"": 1.176047906255288e-05, ""94"": 0.9810565147604995, ""101"": 5.041950369079895e-06}","[0.8953730145937884, 0.03329240870259839, 0.04311066546472156, 0.02822391123889157]",0.09836444526352896,94,0.9810565147604995,0.9999550873660712
546,1,1,1,0,4,0.8233518252400898,"{""19"": 4.270787089374779e-06, ""42"": 0.019127264290767654, ""48"": 0.0015740102208968857, ""62"": 5.5054251103347395e-06, ""69"": 1.7671650541469923e-05, ""81"": 1.0412805214958666e-05, ""85"": 4.325804754254709e-06, ""94"": 0.9792525506980221, ""101"": 3.988317603091666e-06}","[0.8233518252400898, 0.15586631682532984, 0.0037917549580857466, 0.016990102976494736]",0.10690462450033954,94,0.9792525506980221,0.9999538252096866
547,4,4,1,0,6,0.8240788619731781,"{""19"": 1.4988834671384522e-06, ""42"": 0.02037650004041984, ""47"": 7.388473404755158e-07, ""48"": 0.001318643519134358, ""62"": 2.2825361737773005e-06, ""69"": 4.509414957282475e-06, ""74"": 4.239106139021531e-06, ""81"": 3.732944057355285e-07, ""94"": 0.9782912143579625}","[0.12286603469537072, 0.017820201241884246, 0.03523490208956681, 0.8240788619731781]",0.10972252513886108,94,0.9782912143579625,0.9999863579175167
548,4,4,1,0,6,0.722411974945334,"{""19"": 3.82248117036205e-06, ""42"": 0.020934378422212498, ""47"": 3.651157574000792e-06, ""48"": 0.0011122911441362297, ""62"": 3.532427051719584e-06, ""69"": 1.8708375742883576e-06, ""92"": 1.396376376291354e-06, ""94"": 0.9779383387344607, ""115"": 7.184194437698316e-07}","[0.013917604353319441, 0.12613383146322155, 0.13753658923812506, 0.722411974945334]",0.11051285877486829,94,0.9779383387344607,0.9999850083008094
549,3,3,1,0,5,0.970940080921596,"{""19"": 6.450255778480561e-06, ""42"": 0.01963124926295381, ""47"": 5.755710116325124e-06, ""48"": 0.0013751980047477326, ""62"": 6.59275117351719e-06, ""81"": 3.5644891464434892e-06, ""87"": 1.6137962935854308e-06, ""92"": 3.5593953437890806e-06, ""94"": 0.9789660163344464}","[0.007263175503288559, 0.002983449623953347, 0.970940080921596, 0.018813293951162078]",0.10737190334068704,94,0.9789660163344464,0.9999724636021479
550,3,2,0,1,4,0.40398401042315585,"{""19"": 1.4139723849936864e-07, ""42"": 0.018388710824788927, ""48"": 0.001396733853266404, ""60"": 1.0491321908760702e-06, ""62"": 1.8395912478789886e-06, ""70"": 4.401610583431586e-06, ""81"": 2.851208983969646e-07, ""92"": 4.571596213467576e-06, ""94"": 0.9802022668735723}","[0.021930497742822384, 0.412364432776408, 0.40398401042315585, 0.1617210590576138]",0.10241943605918427,94,0.9802022668735723,0.9999877115516276
551,1,1,1,0,4,0.7588549162565599,"{""19"": 2.193802653965371e-06, ""23"": 3.1302452823080433e-06, ""26"": 3.050928187491577e-06, ""42"": 0.023834179852198763, ""48"": 0.0019095054894773713, ""60"": 6.536826457585179e-06, ""70"": 1.157213194959318e-05, ""92"": 8.821933976496166e-06, ""94"": 0.9742210087898163}","[0.7588549162565599, 0.14142147301797064, 0.08778606017560346, 0.011937550549866125]",0.12687793974331016,94,0.9742210087898163,0.9999646941314924
552,3,1,0,1,6,0.14876854223046695,"{""19"": 3.4077299609563987e-06, ""23"": 1.6735180788219786e-06, ""36"": 1.4099756111371314e-06, ""42"": 0.02545937502023881, ""48"": 0.0019595694675136215, ""69"": 4.235585260017957e-06, ""70"": 1.0118951578680509e-05, ""92"": 4.624741917657404e-06, ""94"": 0.9725555850098403}","[0.7809404044472165, 0.05830145186947814, 0.14876854223046695, 0.011989601452838478]",0.1330450424876106,94,0.9725555850098403,0.9999745294975927
553,3,3,1,0,5,0.72249964746887,"{""19"": 8.407901212127488e-06, ""42"": 0.1266792731028578, ""48"": 0.0004955904658086996, ""69"": 5.019252405637284e-12, ""70"": 7.253147540258319e-12, ""74"": 2.559132672045274e-12, ""75"": 2.2298955232992866e-12, ""92"": 6.0457358820926975e-06, ""94"": 0.8728106827771778}","[0.034392626799473275, 0.059181174272362067, 0.72249964746887, 0.18392655145929473]",0.38440807154688117,94,0.8728106827771778,0.9999855463458442
554,2,2,1,0,5,0.8562396319917186,"{""19"": 3.550704473802394e-06, ""42"": 0.032259661953636, ""48"": 0.0010355064772417854, ""69"": 4.107134648680568e-08, ""70"": 4.1454926832849e-08, ""81"": 6.2997708404373785e-06, ""92"": 6.749356168414418e-06, ""94"": 0.9666819288986116, ""102"": 6.220312754836388e-06}","[0.029850665892420025, 0.8562396319917186, 0.019632784121876787, 0.09427691799398458]",0.1509276436767711,94,0.9666819288986116,0.9999770973294895
555,4,2,0,1,6,0.22591471241840277,"{""19"": 8.220608532096708e-07, ""32"": 6.443486699515051e-07, ""42"": 0.028012591955896216, ""48"": 0.0014385018798042583, ""69"": 4.5532588657656055e-07, ""81"": 5.456773793689457e-07, ""92"": 6.357698658180831e-06, ""94"": 0.9705370274133674, ""102"": 3.053639484932569e-06}","[0.06268275583018866, 0.5078073760917617, 0.20359515565964686, 0.22591471241840277]",0.13873631458921726,94,0.9705370274133674,0.9999881212490679
556,1,1,1,0,5,0.7223133743385631,"{""12"": 3.982871161284021e-06, ""19"": 3.6168988946374385e-06, ""42"": 0.06557865341683597, ""48"": 0.006584240457431093, ""70"": 1.0829598598805363e-05, ""81"": 2.982665869737647e-06, ""92"": 2.2393300260248286e-05, ""94"": 0.9277696671310505, ""102"": 2.36336598976321e-05}","[0.7223133743385631, 0.16064685937946335, 0.09759011943199011, 0.019449646849983453]",0.2820471880826175,94,0.9277696671310505,0.9999325610053176
557,4,4,1,0,5,0.8853082632742675,"{""12"": 1.218177509806162e-06, ""42"": 0.047280584258367446, ""48"": 0.003045360493612552, ""70"": 1.2412701070066127e-12, ""92"": 6.829801786854568e-06, ""94"": 0.9496660072655544}","[0.008520490464612325, 0.07856249668129862, 0.027608749579821627, 0.8853082632742675]",0.21107254679297627,94,0.9496660072655544,0.9999919520175344
558,3,1,0,1,6,0.054305884192535625,"{""12"": 2.8833495954802092e-06, ""19"": 2.6803495836325472e-06, ""42"": 0.03124154731315986, ""48"": 0.0021223900203023094, ""70"": 2.2930903494585613e-08, ""75"": 2.208725943417008e-06, ""81"": 1.628609374947487e-08, ""92"": 7.129251253980914e-06, ""94"": 0.9666211217731641}","[0.47642215262111437, 0.42135696418399776, 0.054305884192535625, 0.04791499900235219]",0.15434778508352137,94,0.9666211217731641,0.9999850591066263
559,4,2,0,1,5,0.17538896763669182,"{""7"": 2.7114204573670236e-06, ""12"": 5.951852715988863e-06, ""19"": 7.418891426424881e-06, ""42"": 0.04311894111796951, ""48"": 0.003167586669393707, ""69"": 3.972986359038642e-06, ""75"": 4.221203983185215e-06, ""92"": 1.2284438875848848e-05, ""94"": 0.9536769114188188}","[0.17345568821635673, 0.49053889466674344, 0.160616449480208, 0.17538896763669182]",0.19945355932305123,94,0.9536769114188188,0.999963439206182
560,2,2,1,0,4,0.9485755540829411,"{""6"": 1.089738302499563e-06, ""7"": 4.246020250231978e-06, ""12"": 5.240288539820063e-06, ""19"": 1.09436105214164e-05, ""25"": 3.919582805222249e-07, ""42"": 0.09732785966878693, ""48"": 0.012181551707132742, ""69"": 3.0476063550492123e-12, ""94"": 0.8904686770051382}","[0.027656048644170785, 0.9485755540829411, 0.0038264318470109704, 0.019941965425877145]",0.38399893776389027,94,0.8904686770051382,0.999978088381058
561,4,1,0,1,5,0.23941526705138902,"{""6"": 2.9413895419724107e-06, ""7"": 4.1995734751506465e-06, ""12"": 4.61954296612378e-06, ""19"": 3.05034186583498e-06, ""42"": 0.043633413513674515, ""48"": 0.0038276172926967325, ""69"": 2.7146697376380163e-08, ""90"": 5.145732401497528e-06, ""94"": 0.9525189854666807}","[0.5805219271880364, 0.09129710292482977, 0.08876570283574481, 0.23941526705138902]",0.20454313693792758,94,0.9525189854666807,0.999980016273052
562,4,4,1,0,5,0.782371818069926,"{""6"": 1.6158673162312109e-06, ""12"": 4.965890446304334e-06, ""19"": 5.31005620025004e-06, ""42"": 0.13146144426569123, ""46"": 2.2486709629953354e-06, ""48"": 0.010207582976621304, ""81"": 2.9792076408191626e-06, ""90"": 2.1488246947606513e-05, ""94"": 0.8582923648181732}","[0.010205943408041054, 0.008680256281025065, 0.19874198224100786, 0.782371818069926]",0.44513955504673963,94,0.8582923648181732,0.9999613920604857
563,3,1,0,1,5,0.13492607493078032,"{""12"": 2.1292068380230168e-06, ""19"": 3.959148448486393e-06, ""42"": 0.07013667731452324, ""46"": 1.59282257650629e-06, ""47"": 4.489756954249095e-06, ""48"": 5.53338347873225e-05, ""90"": 7.786874967801798e-07, ""92"": 6.5363258876857e-07, ""94"": 0.9297943855957866}","[0.7450772963494905, 0.03005378161896156, 0.13492607493078032, 0.08994284710076764]",0.2547725234906142,94,0.9297943855957866,0.9999863967450972
564,3,3,1,0,4,0.4828992238801499,"{""11"": 2.8061576101658356e-06, ""12"": 4.400231799056003e-06, ""19"": 8.163391232302653e-06, ""42"": 0.17030210496501863, ""47"": 3.405268147462717e-06, ""48"": 0.00036069080543543616, ""69"": 1.9562382857248643e-12, ""92"": 2.76308898066519e-06, ""94"": 0.8293156660898201}","[0.01024826576811869, 0.09236738830655744, 0.4828992238801499, 0.41448512204517396]",0.4597990935598655,94,0.8293156660898201,0.9999784618602742
565,3,1,0,1,5,0.2439283943006447,"{""11"": 4.344318351566122e-06, ""12"": 4.132765462287288e-06, ""19"": 4.571457043086742e-06, ""36"": 3.859234762194922e-06, ""42"": 0.05762992758334701, ""48"": 0.0009874943939264624, ""81"": 4.975642478085427e-06, ""92"": 3.799996602346124e-06, ""94"": 0.9413568946080269}","[0.7048207069602593, 0.0331270712186131, 0.2439283943006447, 0.018123827520482833]",0.22849941798322163,94,0.9413568946080269,0.9999743165853002
566,4,4,1,0,6,0.4055169649389469,"{""10"": 1.1218931890955046e-06, ""19"": 5.821779921181537e-06, ""36"": 1.8829402645633635e-12, ""42"": 0.15372088469553083, ""48"": 0.0005668619468885996, ""74"": 1.2492367994642465e-12, ""81"": 2.130028542309369e-12, ""92"": 3.391937069362416e-06, ""94"": 0.8457019177421387}","[0.12418204094721999, 0.31588716969561836, 0.15441382441821466, 0.4055169649389469]",0.43395585328199526,94,0.8457019177421387,0.999989664384558
567,1,1,1,0,6,0.5995866266810594,"{""10"": 1.677811906490892e-06, ""19"": 4.608538707943654e-06, ""42"": 0.17566205127293938, ""44"": 4.616608220566737e-06, ""48"": 0.0024277445290345743, ""74"": 4.213670821716419e-08, ""81"": 1.6372240283263964e-08, ""92"": 5.899693346515799e-06, ""94"": 0.821893343036896}","[0.5995866266810594, 0.03317611303592671, 0.05017980972299271, 0.3170574505600211]",0.48154488947909835,94,0.821893343036896,0.99998313883887
568,1,1,1,0,5,0.7765422573495403,"{""10"": 2.091912294184594e-06, ""19"": 2.1590520511731556e-06, ""21"": 3.0323904445667045e-06, ""42"": 0.15228239414239128, ""44"": 8.622575245891228e-06, ""48"": 0.002663074468301684, ""81"": 1.89611459893834e-07, ""92"": 7.116572415360024e-06, ""94"": 0.8450313192753959}","[0.7765422573495403, 0.10031134829108214, 0.10808599999640565, 0.015060394362971876]",0.44495534346413423,94,0.8450313192753959,0.9999767878860889
569,4,4,1,0,6,0.9726903921088385,"{""10"": 3.2057094825181876e-06, ""19"": 3.670002690297742e-06, ""42"": 0.05544825507472282, ""44"": 6.256946964520476e-06, ""48"": 0.0021207125819321625, ""74"": 4.03959854060964e-06, ""92"": 6.234813296601351e-06, ""94"": 0.9424039452863301, ""109"": 3.679986040349134e-06}","[0.00800369608754086, 0.01011788196070296, 0.009188029842917743, 0.9726903921088385]",0.22966538543382295,94,0.9424039452863301,0.9999729129429851
570,2,2,1,0,6,0.6047144140127536,"{""10"": 1.0474293171884386e-06, ""16"": 1.2818171503322056e-06, ""42"": 0.05934916582717692, ""44"": 4.81134266142146e-06, ""48"": 0.000583581929520098, ""74"": 1.7658405782474646e-06, ""90"": 6.38338683105343e-07, ""92"": 1.001839301016906e-06, ""94"": 0.9400567056356118}","[0.19293733694986595, 0.6047144140127536, 0.016661462478302615, 0.1856867865590779]",0.2302131546659065,94,0.9400567056356118,0.9999894533923088
571,3,3,1,0,6,0.5508369057693612,"{""16"": 3.2399063746518005e-06, ""18"": 1.958063085528209e-06, ""42"": 0.017403726945104954, ""44"": 7.434789228349314e-07, ""48"": 0.0006817058410439327, ""90"": 2.324759367577015e-06, ""94"": 0.9819063010050041}","[0.13252260984815772, 0.20974460608838566, 0.5508369057693612, 0.1068958782940955]",0.09351033778171847,94,0.9819063010050041,0.9999917337911529
572,2,2,1,0,5,0.4037345403054547,"{""16"": 2.154077947336883e-06, ""18"": 6.646149197639531e-07, ""42"": 0.07115236326338871, ""44"": 2.100210501421427e-06, ""48"": 0.00026526356105180556, ""90"": 1.048401011051798e-06, ""92"": 3.4913507589846155e-07, ""94"": 0.9285756193275918, ""97"": 4.3740851210192734e-07}","[0.02402807428862995, 0.4037345403054547, 0.2805257026721412, 0.29171168273377407]",0.2591369409533403,94,0.9285756193275918,0.9999932461520323
573,1,1,1,0,6,0.9385432955170041,"{""14"": 1.5612734916074557e-06, ""16"": 3.7465290163233835e-06, ""18"": 1.958383803148926e-06, ""42"": 0.07964877802687113, ""44"": 3.035266927117569e-06, ""48"": 0.0007866264652621932, ""69"": 2.8323215513393975e-06, ""90"": 2.810544427998225e-06, ""94"": 0.9195486511886494}","[0.9385432955170041, 0.043637065356010744, 0.0073404864692976635, 0.01047915265768746]",0.28447304442005056,94,0.9195486511886494,0.9999840556807826
574,4,4,1,0,5,0.9662037315146734,"{""16"": 3.4272640425150426e-06, ""42"": 0.06534605042773411, ""44"": 2.9383551907971406e-06, ""48"": 0.0005595873535510429, ""69"": 9.268448984183906e-07, ""74"": 2.2649187892167494e-06, ""85"": 3.6448870022252545e-07, ""90"": 7.385468537478871e-07, ""94"": 0.9340837018002398}","[0.007978722452110338, 0.004959526463797642, 0.020858019569418643, 0.9662037315146734]",0.24629134555458215,94,0.9340837018002398,0.9999893395815249
575,1,1,1,0,6,0.6567814420610696,"{""16"": 1.3343967262429454e-06, ""42"": 0.05971348508457131, ""44"": 1.2228298578900012e-06, ""48"": 0.0002620852739055252, ""69"": 1.0858374817783447e-06, ""90"": 5.737188336328547e-07, ""92"": 3.477661408472563e-07, ""94"": 0.9400193093604124, ""95"": 5.557320702757685e-07}","[0.6567814420610696, 0.040471920275544, 0.13981929725656558, 0.16292734040682086]",0.22866156030271514,94,0.9400193093604124,0.9999948797188892
576,4,4,1,0,5,0.9673331073814578,"{""16"": 1.6151335598811225e-06, ""42"": 0.08396828730268097, ""48"": 0.0006210255485902623, ""69"": 2.975828154472187e-06, ""90"": 6.146257120788953e-07, ""92"": 1.4127589576373295e-06, ""94"": 0.9154024593104904, ""95"": 5.731449147129699e-07, ""108"": 1.0363469396443016e-06}","[0.003990263131372003, 0.003646733321998792, 0.02502989616517141, 0.9673331073814578]",0.29362523615613645,94,0.9154024593104904,0.9999917721617616
577,4,4,1,0,5,0.917695016200831,"{""2"": 2.198433017377367e-07, ""16"": 1.1215440814360954e-06, ""42"": 0.06519071992006746, ""48"": 0.0001521803542441026, ""69"": 2.194632505775301e-06, ""81"": 1.2429259769878755e-06, ""92"": 3.23468951788231e-07, ""94"": 0.934651748561535, ""108"": 2.4874933566557527e-07}","[0.008554618496968853, 0.013270340259431279, 0.0604800250427688, 0.917695016200831]",0.24257477308366943,94,0.934651748561535,0.9999946488358465
578,3,3,1,0,6,0.3821899668018971,"{""16"": 2.9910432892092895e-07, ""19"": 2.643405620128771e-08, ""42"": 0.061763271857844054, ""48"": 6.339931518052825e-05, ""92"": 1.2566547994913197e-07, ""94"": 0.938172877622508}","[0.3678872636806303, 0.2279055871320498, 0.3821899668018971, 0.02201718238542281]",0.23247146363596116,94,0.938172877622508,0.9999995487955325
579,4,4,1,0,5,0.8681329458662237,"{""16"": 9.941351333831126e-07, ""19"": 9.848180299180432e-08, ""25"": 2.8492482690801924e-07, ""42"": 0.14821918390933417, ""48"": 0.00014297701302032256, ""69"": 1.2354006037106033e-08, ""92"": 3.263864645035037e-07, ""94"": 0.8516359949213247, ""104"": 1.2787408698828145e-07}","[0.034589668878171824, 0.006351576662471175, 0.09092580859313334, 0.8681329458662237]",0.4210216840828771,94,0.8516359949213247,0.9999981558436792
580,3,3,1,0,6,0.8175912393374837,"{""16"": 5.355797928178256e-07, ""19"": 4.6024312471126553e-07, ""25"": 3.0415520133215465e-07, ""42"": 0.09604082918676614, ""48"": 0.00014833004098694795, ""73"": 1.5492954225197605e-07, ""81"": 1.1190962761961612e-06, ""92"": 3.164374006416988e-07, ""94"": 0.9038079503309091}","[0.06279014879858474, 0.08572468322738372, 0.8175912393374837, 0.033893928636547964]",0.3177808005516176,94,0.9038079503309091,0.9999971095586622
581,3,3,1,0,4,0.7698876686313126,"{""16"": 4.428437319531389e-07, ""42"": 0.08842707124857051, ""48"": 0.00011720176010423372, ""73"": 1.194476965255157e-07, ""74"": 9.702435174957041e-08, ""79"": 3.876734228507935e-08, ""81"": 3.8504560827604994e-08, ""92"": 2.9665452759813285e-07, ""94"": 0.9114546937491145}","[0.15057606800554113, 0.01951842205169869, 0.7698876686313126, 0.060017841311447453]",0.3000673290604188,94,0.9114546937491145,0.9999989667577892
582,4,1,0,1,5,0.4396902687605167,"{""15"": 5.322360734196222e-07, ""16"": 5.452792927529757e-07, ""42"": 0.07509235336565306, ""48"": 0.00011744930655969859, ""92"": 3.64993636467883e-07, ""94"": 0.9247887548185466}","[0.5067063775239911, 0.024211911448884772, 0.02939144226660752, 0.4396902687605167]",0.2678098461803314,94,0.9247887548185466,0.9999985574907593
583,2,2,1,0,5,0.66163431509964,"{""15"": 9.449325175618707e-07, ""16"": 1.785070452366934e-06, ""42"": 0.1271405962183624, ""48"": 0.00043420852901877253, ""57"": 9.53214051966456e-07, ""74"": 3.80572957388992e-09, ""92"": 1.0750446700789752e-06, ""94"": 0.8724195036408179, ""98"": 9.295443793806381e-07}","[0.07540934821324347, 0.66163431509964, 0.013586882362297466, 0.2493694543248191]",0.3847340399609572,94,0.8724195036408179,0.999994308388199
584,3,3,1,0,4,0.38596554827438895,"{""15"": 2.246199511698456e-07, ""16"": 5.738111690861582e-07, ""42"": 0.00973130437092787, ""48"": 0.00021290174387950746, ""57"": 3.4836302041548583e-07, ""68"": 3.571474412530286e-07, ""81"": 1.9039684047321913e-07, ""92"": 6.742983004010458e-07, ""94"": 0.9900534252484697}","[0.3570225057083853, 0.07655338341418577, 0.38596554827438895, 0.18045856260303988]",0.056811019258179454,94,0.9900534252484697,0.9999976313632771
585,3,3,1,0,5,0.9396191944501638,"{""15"": 8.86152695228798e-07, ""16"": 9.083393739757029e-07, ""19"": 5.4533369228729e-07, ""42"": 0.08115360576300062, ""48"": 0.0002248532730763836, ""61"": 2.128277042416804e-07, ""94"": 0.9186189883100374}","[0.019336875080249907, 0.006801903273445155, 0.9396191944501638, 0.0342420271961412]",0.2837109091247024,94,0.9186189883100374,0.9999974473461144
586,2,2,1,0,4,0.46107669200651674,"{""15"": 1.6749212542827408e-07, ""16"": 2.7900296746745235e-07, ""19"": 2.3874109915791076e-08, ""42"": 0.07107165929679397, ""48"": 0.00011327899698445084, ""61"": 1.5991799813678662e-07, ""74"": 1.4001941444683235e-07, ""94"": 0.9288137660856071, ""98"": 5.253139991912431e-07}","[0.16156903925674065, 0.46107669200651674, 0.02654421450428895, 0.3508100542324536]",0.2575571028591443,94,0.9288137660856071,0.9999987043793854
587,3,1,0,1,5,0.34706674844891483,"{""15"": 8.075491905983205e-07, ""16"": 1.0100603258791368e-06, ""42"": 0.09949460442328895, ""48"": 0.00033770579140046404, ""61"": 4.418952307275141e-07, ""69"": 7.267677478532169e-07, ""94"": 0.9001636447069152, ""98"": 4.504770885064554e-07, ""113"": 6.083288118162188e-07}","[0.511438025674618, 0.015763673855751576, 0.34706674844891483, 0.1257315520207155]",0.32703365291616876,94,0.9001636447069152,0.9999959549216046
588,3,3,1,0,5,0.6607692630777853,"{""16"": 1.9583758442168013e-06, ""42"": 0.0889184613942489, ""48"": 0.0005520744001513176, ""61"": 9.511995161790649e-07, ""92"": 1.1380791897908276e-06, ""94"": 0.9105216602277614, ""95"": 1.541973897789809e-06, ""98"": 1.4278379803366222e-06, ""113"": 7.865114100826583e-07}","[0.20147330404485314, 0.046841925429282026, 0.6607692630777853, 0.09091550744807952]",0.30478291899823223,94,0.9105216602277614,0.9999921960221616
589,2,3,0,1,6,0.04693100100588587,"{""16"": 7.723475125211495e-07, ""42"": 0.12093294183019736, ""43"": 1.0381284114135203e-06, ""48"": 0.0001899669615156191, ""94"": 0.8788738345517896, ""95"": 9.915227423489808e-07, ""98"": 2.1999800384294185e-07, ""113"": 2.3465967196982597e-07}","[0.022442876883042442, 0.04693100100588587, 0.9189626370452628, 0.011663485065808898]",0.37062159491717267,94,0.8788738345517896,0.9999967433435025
590,3,3,1,0,5,0.7516050945819149,"{""16"": 8.21236369648626e-06, ""42"": 0.006274216658027703, ""43"": 9.384033496709413e-06, ""48"": 0.002066782745337345, ""92"": 2.1898598356994507e-06, ""94"": 0.991624522508226, ""95"": 8.53357923707831e-06, ""98"": 1.1161144622246703e-06, ""113"": 5.042137680907528e-06}","[0.019131982793129616, 0.20636456584611648, 0.7516050945819149, 0.02289835677883887]",0.053344877361551205,94,0.991624522508226,0.999965521911591
591,1,1,1,0,4,0.8408219108621191,"{""16"": 1.2096895514808294e-06, ""42"": 0.04580187765731547, ""43"": 4.5134470054455496e-07, ""48"": 0.00029929594814099366, ""79"": 6.912648122250682e-08, ""92"": 8.747879861314488e-07, ""94"": 0.9538953922641729, ""95"": 4.036261327632318e-07, ""113"": 4.255555184766826e-07}","[0.8408219108621191, 0.04300657644963327, 0.10934819528762715, 0.006823317400620507]",0.18872907695434252,94,0.9538953922641729,0.9999965658696294
592,3,2,0,1,6,0.13520942839567102,"{""16"": 5.978235263457053e-07, ""42"": 0.06699955329620808, ""43"": 6.928149672011732e-07, ""48"": 0.00014438311583526287, ""74"": 5.883084174294916e-07, ""80"": 4.5205528511880445e-07, ""92"": 4.071744299266045e-07, ""94"": 0.9328525555236816, ""95"": 7.698876492280853e-07}","[0.17237878925735717, 0.6648169456534646, 0.13520942839567102, 0.027594836693507274]",0.24727231928054152,94,0.9328525555236816,0.999996491935725
593,3,3,1,0,4,0.698956274101613,"{""16"": 2.1490310806770438e-06, ""42"": 0.1373473029412883, ""43"": 2.161110892889275e-06, ""48"": 0.0005149385011642799, ""74"": 2.106747397277078e-06, ""80"": 1.6594366357894467e-06, ""94"": 0.8621272521190064, ""95"": 2.0718351893029734e-06, ""105"": 3.582773449987074e-07}","[0.016984675287646838, 0.11145550820050844, 0.698956274101613, 0.17260354241023182]",0.40460347454669565,94,0.8621272521190064,0.9999894935614589
594,3,3,1,0,6,0.5755209788925472,"{""42"": 0.046868495818661926, ""43"": 1.553828379387964e-06, ""48"": 0.0003780989963405796, ""74"": 1.4599255682552163e-06, ""80"": 6.705844152545964e-07, ""94"": 0.9527468743202349, ""95"": 1.6929697872659545e-06, ""105"": 8.016913609206253e-07, ""114"": 3.5186525155319184e-07}","[0.21361955205400485, 0.19026754106592156, 0.5755209788925472, 0.020591927987526522]",0.19262394236835811,94,0.9527468743202349,0.9999934691352373
595,2,2,1,0,4,0.6289665789091299,"{""16"": 4.1027821730551963e-07, ""42"": 0.11440057976327742, ""43"": 7.409546655664092e-07, ""48"": 0.00018026531133769695, ""74"": 2.819512864845737e-07, ""80"": 1.2263210614322983e-07, ""94"": 0.885416840842567, ""95"": 3.668573198955688e-07, ""107"": 3.914092226160349e-07}","[0.26280247154851893, 0.6289665789091299, 0.06752225129050113, 0.040708698251850035]",0.3573664082703959,94,0.885416840842567,0.9999976859171822
596,4,4,1,0,5,0.566581394856768,"{""8"": 3.2506232655755493e-07, ""16"": 1.4022562889566347e-07, ""42"": 0.07645293956093491, ""43"": 4.479772507642032e-07, ""48"": 0.00013780887592889648, ""69"": 7.209111667974822e-07, ""94"": 0.9234070078984274, ""95"": 4.487562582438704e-07, ""107"": 1.6073207761740348e-07}","[0.2557140875076903, 0.0817977842882526, 0.0959067333472891, 0.566581394856768]",0.2714064281568765,94,0.9234070078984274,0.9999977563352912
597,1,1,1,0,4,0.42872457768084676,"{""42"": 0.13090431408563658, ""43"": 4.6643486782164234e-07, ""48"": 0.00016929579399733245, ""69"": 1.7290460049643765e-07, ""81"": 3.4435279623902414e-07, ""94"": 0.8689245905107301, ""95"": 3.396395156798489e-07, ""97"": 1.9180319063486333e-07, ""107"": 2.8447466515195304e-07}","[0.42872457768084676, 0.06457557760253603, 0.16682568117063262, 0.33987416354598465]",0.38974630680173455,94,0.8689245905107301,0.999998200390364
598,1,4,0,1,5,0.099092690907731,"{""42"": 0.2052126349234991, ""43"": 5.934569884446544e-07, ""48"": 0.00023489892782368652, ""71"": 9.46947011397347e-07, ""74"": 3.6987722730136117e-07, ""94"": 0.7945490271433214, ""95"": 3.6109967220414383e-07, ""97"": 6.918455549564917e-07, ""107"": 4.7577890146724796e-07}","[0.099092690907731, 0.08144621542326708, 0.014941172598193943, 0.804519921070808]",0.5097399807045622,94,0.7945490271433214,0.9999965609946442
599,4,4,1,0,5,0.7764253571613428,"{""42"": 0.008449935960163784, ""43"": 2.371849123567416e-06, ""48"": 0.0007704454337162794, ""56"": 1.2656027302509142e-06, ""71"": 2.1320466417250087e-06, ""81"": 1.4096985748217034e-06, ""94"": 0.990768125270795, ""97"": 2.4554244868087936e-06, ""107"": 1.8587137675634287e-06}","[0.08766537705153832, 0.09270087008177741, 0.04320839570534157, 0.7764253571613428]",0.055199667089479355,94,0.990768125270795,0.9999885066646751
600,4,4,1,0,6,0.9345463869320919,"{""42"": 0.059420517505707295, ""43"": 8.334246699306839e-07, ""48"": 0.00036918358749741175, ""63"": 3.792829364686196e-07, ""81"": 9.697780660325547e-07, ""92"": 6.151511713877046e-07, ""94"": 0.9402062371005813, ""97"": 5.738746072256134e-07, ""107"": 6.902947629480141e-07}","[0.004072064125425947, 0.026393962986337106, 0.034987585956145054, 0.9345463869320919]",0.22869602233030328,94,0.9402062371005813,0.999995938193786
601,4,4,1,0,5,0.9528052191142911,"{""42"": 0.07721199910376018, ""43"": 6.149923553470845e-07, ""48"": 0.00012378912432208552, ""70"": 3.7865732743508617e-07, ""81"": 1.041052356172166e-06, ""84"": 1.3026686306261775e-07, ""92"": 1.5286658530756022e-07, ""94"": 0.9226614921366408, ""107"": 4.017997895609392e-07}","[0.008455267763684889, 0.003915172371575561, 0.03482434075044853, 0.9528052191142911]",0.2731759040946659,94,0.9226614921366408,0.9999972803647231
602,2,2,1,0,6,0.7843810332939617,"{""19"": 3.4905654083590534e-07, ""42"": 0.07745972371191423, ""43"": 2.837031425125398e-07, ""47"": 3.811837653616779e-07, ""48"": 6.480733246863164e-05, ""70"": 3.5529595686704014e-07, ""81"": 1.0722714434445444e-06, ""84"": 9.209942568923137e-08, ""94"": 0.9224729353453425}","[0.11856582894430831, 0.7843810332939617, 0.006326624383656888, 0.09072651337807332]",0.2732443916857223,94,0.9224729353453425,0.9999974663897253
603,1,1,1,0,5,0.9093880666417757,"{""19"": 1.5568452093972753e-08, ""37"": 4.686800163177285e-08, ""42"": 0.09090639318615644, ""47"": 4.453274226656061e-08, ""48"": 9.221233969830053e-05, ""69"": 3.523474273199916e-07, ""70"": 4.798553316375056e-07, ""81"": 1.5791296492361115e-08, ""94"": 0.9090004395108938}","[0.9093880666417757, 0.04256284277195214, 0.04059312909440132, 0.00745596149187088]",0.30558527735215546,94,0.9090004395108938,0.9999990450367485
604,2,2,1,0,4,0.6826928143580275,"{""10"": 6.046683831703328e-08, ""37"": 9.926370067519461e-08, ""42"": 0.08504500691557705, ""47"": 2.013796331822917e-07, ""48"": 0.00012037993185345061, ""69"": 5.010215996322393e-07, ""70"": 6.10092092299032e-07, ""74"": 2.6936764712933624e-07, ""94"": 0.9148328715610583}","[0.2124716338303373, 0.6826928143580275, 0.03522192332941028, 0.06961362848222487]",0.2921447927652931,94,0.9148328715610583,0.9999982584084888
605,4,4,1,0,5,0.8185083018164547,"{""25"": 1.3544218931970332e-07, ""37"": 7.644916791251572e-08, ""42"": 0.10193763757803435, ""47"": 1.0647310421045837e-07, ""48"": 0.00013371529873466734, ""69"": 6.317480416580239e-07, ""70"": 5.94827895089491e-07, ""94"": 0.8979270485137119, ""111"": 5.366912063583115e-08}","[0.10124353353941468, 0.0074304434719837855, 0.07281772117214678, 0.8185083018164547]",0.3306566751827178,94,0.8979270485137119,0.9999984013904808
606,4,2,0,1,5,0.1882262814091099,"{""25"": 3.6183646572155325e-08, ""37"": 6.951631846438438e-08, ""42"": 0.08540415167268307, ""48"": 4.036715035168185e-05, ""50"": 1.4549046608413927e-08, ""69"": 1.7973820230682917e-07, ""70"": 2.701935126038547e-07, ""74"": 1.2692882869287277e-08, ""94"": 0.9145548983033558}","[0.035616425559516295, 0.7148455603751284, 0.06131173265624545, 0.1882262814091099]",0.2922285734717054,94,0.9145548983033558,0.9999994171263906
607,4,4,1,0,5,0.7981109772874309,"{""42"": 0.3416231262828817, ""48"": 0.0003261215933730275, ""92"": 6.001790165936985e-07, ""94"": 0.658049375060871, ""104"": 7.768831685090569e-07}","[0.013448352645795782, 0.11380463836694377, 0.07463603169982963, 0.7981109772874309]",0.6449344624083415,94,0.658049375060871,0.9999986229371257
608,3,3,1,0,5,0.8357189429199893,"{""37"": 6.067567057827106e-10, ""42"": 0.1674740764894764, ""47"": 5.228482027508184e-07, ""48"": 0.00014159420747309476, ""69"": 2.2464129319318955e-09, ""70"": 3.2826274289893844e-09, ""92"": 2.4310277293636713e-07, ""94"": 0.8323831282045618, ""104"": 4.2901171587995423e-07}","[0.007634519444196232, 0.02258789485190993, 0.8357189429199893, 0.13405864278390459]",0.4532475127224015,94,0.8323831282045618,0.9999987989015113
609,1,1,1,0,6,0.6940546596938971,"{""11"": 2.3028440317924633e-08, ""42"": 0.11442498330828876, ""47"": 4.280589927215064e-08, ""48"": 0.00014690985170306232, ""69"": 2.3331723170536767e-09, ""70"": 5.325670641647234e-08, ""92"": 3.424226734622713e-07, ""94"": 0.8854272875228553, ""104"": 3.5547026116187884e-07}","[0.6940546596938971, 0.07179331250573763, 0.22232051763181684, 0.011831510168548389]",0.35710677272661695,94,0.8854272875228553,0.9999991806828471
610,2,2,1,0,6,0.7968363768809459,"{""11"": 1.5626573568499504e-08, ""28"": 5.687236756635308e-08, ""42"": 0.03286693690222929, ""48"": 9.535512405613492e-05, ""70"": 1.2773272180075384e-07, ""74"": 1.6954931587509066e-07, ""92"": 9.063008882523496e-08, ""94"": 0.9670368095409761, ""104"": 4.3802167074955605e-07}","[0.022179909910986874, 0.7968363768809459, 0.16676034371538206, 0.014223369492685232]",0.1455604642974612,94,0.9670368095409761,0.9999991015672616
611,1,1,1,0,6,0.6490438229411178,"{""32"": 5.882033387069486e-08, ""42"": 0.06371413419954759, ""48"": 0.00011552028381204965, ""69"": 9.628770507475596e-08, ""70"": 1.2358030936317704e-08, ""74"": 1.3814594549716484e-08, ""92"": 1.0170806846620574e-07, ""94"": 0.9361695430591013, ""104"": 5.194688059686734e-07}","[0.6490438229411178, 0.038148948020408746, 0.04376949971236593, 0.2690377293261076]",0.23823522750692397,94,0.9361695430591013,0.9999991975424609
612,4,4,1,0,5,0.7508696777697554,"{""16"": 8.153369040537143e-08, ""33"": 1.0963321962673412e-07, ""42"": 0.10021494219729846, ""48"": 0.00017611778874065828, ""69"": 2.6808006493777773e-07, ""74"": 6.599924540962606e-08, ""92"": 2.093835325066193e-07, ""94"": 0.8996077866576072, ""104"": 4.1872660076990265e-07}","[0.2034941245502972, 0.021012649736301455, 0.024623547943645917, 0.7508696777697554]",0.32725355742645557,94,0.8996077866576072,0.9999988466436462
613,3,3,1,0,6,0.8075978413339857,"{""6"": 7.388918168789039e-08, ""16"": 1.5650387297518535e-07, ""33"": 1.9789328789276308e-07, ""42"": 0.09995080545554053, ""48"": 0.00016262812918859255, ""81"": 1.6523184338985916e-07, ""92"": 1.8316817143335214e-07, ""94"": 0.8998852651221536, ""104"": 5.246067598616078e-07}","[0.0558076269555327, 0.020299304173418468, 0.8075978413339857, 0.11629522753706316]",0.3265600234557898,94,0.8998852651221536,0.9999986987068826
614,3,3,1,0,6,0.9598007213353456,"{""6"": 8.527663139945935e-08, ""16"": 1.5406049852755298e-07, ""42"": 0.09487341968565552, ""48"": 6.233757633299836e-05, ""92"": 1.0453233755382326e-07, ""94"": 0.9050637471339531, ""104"": 1.5173454195373478e-07}","[0.007483507696834779, 0.010383636208058053, 0.9598007213353456, 0.02233213475976161]",0.3143384840838495,94,0.9050637471339531,0.9999995043959417
615,4,1,0,1,5,0.3021742530483723,"{""6"": 7.183260432318243e-08, ""16"": 2.083782468216188e-08, ""42"": 0.08723536063285947, ""48"": 6.350375884128449e-05, ""55"": 1.1809975640124539e-07, ""81"": 2.283761859898913e-11, ""92"": 9.554590624616674e-08, ""94"": 0.9127007265627263, ""104"": 1.027066434729479e-07}","[0.4774748229352455, 0.013907858211344363, 0.2064430658050379, 0.3021742530483723]",0.2967727924487834,94,0.9127007265627263,0.999999590954427
616,4,4,1,0,6,0.8784830122949158,"{""6"": 6.95473568940733e-08, ""39"": 4.977827629097075e-08, ""42"": 0.13791967090749027, ""48"": 0.00013028661319915667, ""55"": 3.1340465489533546e-07, ""74"": 1.4905422298621183e-08, ""92"": 1.8838704372293055e-07, ""94"": 0.8619491547219723, ""104"": 2.517345843563457e-07}","[0.05540042341555744, 0.005425463382315853, 0.06069110090721082, 0.8784830122949158]",0.4024599363460703,94,0.8619491547219723,0.9999991122426617
617,3,3,1,0,5,0.940114612433626,"{""6"": 2.3083046089325938e-08, ""40"": 2.326766006975998e-08, ""42"": 0.10768773924027149, ""48"": 4.282352247777519e-05, ""74"": 9.186556147773451e-09, ""81"": 1.195996683103414e-07, ""92"": 5.9140705019952975e-08, ""94"": 0.8922691060921164, ""104"": 9.68674988187425e-08}","[0.03504958917325203, 0.005575504953336213, 0.940114612433626, 0.019260293439785782]",0.34212793623632515,94,0.8922691060921164,0.9999996688548657
618,4,1,0,1,5,0.24564221077513124,"{""6"": 6.43467151315795e-08, ""42"": 0.09505419962852438, ""48"": 7.983313265060612e-05, ""69"": 9.116329889436551e-08, ""74"": 5.0925815468495325e-08, ""81"": 1.3547695314164308e-07, ""92"": 1.3553505490896256e-07, ""94"": 0.9048653607922885, ""104"": 1.2899869906723263e-07}","[0.4035304307928295, 0.2744026852383022, 0.0764246731937369, 0.24564221077513124]",0.3149134059455027,94,0.9048653607922885,0.9999993935534635
619,2,3,0,1,5,0.2936326990281612,"{""19"": 9.47557354008362e-08, ""42"": 0.3471511584248655, ""48"": 0.00032567615395204415, ""92"": 3.246715767920116e-07, ""94"": 0.6525220123269214, ""104"": 7.336667784651524e-07}","[0.1887659857644218, 0.2936326990281612, 0.5010251116929533, 0.016576203514463754]",0.6484844169299641,94,0.6525220123269214,0.999998846905739
620,1,1,1,0,6,0.7991457834252539,"{""19"": 1.8963897273622878e-07, ""42"": 0.32292459676426494, ""48"": 0.00030182816005194725, ""61"": 9.315104241252977e-08, ""69"": 1.1092174538339801e-09, ""81"": 6.225673931100059e-10, ""92"": 2.613880728630797e-07, ""94"": 0.676772141567296, ""104"": 8.875985141854666e-07}","[0.7991457834252539, 0.17725037401672974, 0.00714532025552303, 0.01645852230249313]",0.6317065679707271,94,0.676772141567296,0.9999985664916129
621,1,4,0,1,4,0.2556542323779311,"{""19"": 2.2054506191670665e-08, ""42"": 0.17977957032841035, ""48"": 0.0001235890015172302, ""61"": 2.1655413206500287e-08, ""92"": 1.0901762406719421e-07, ""94"": 0.8200964537110935, ""104"": 2.3423140735466034e-07}","[0.2556542323779311, 0.20037100778991918, 0.018766350340955352, 0.5252084094911944]",0.4722766873700541,94,0.8200964537110935,0.9999996130410211
622,4,4,1,0,5,0.8667768464053662,"{""19"": 1.0590969628149764e-07, ""33"": 4.344274010117103e-08, ""42"": 0.29450742686808795, ""48"": 0.00022502299859673142, ""61"": 9.597391600544848e-08, ""92"": 2.5263807651440324e-07, ""94"": 0.7052667935754615, ""104"": 2.5859338310803384e-07}","[0.01179785852086749, 0.060606051617507005, 0.060819243456259366, 0.8667768464053662]",0.6081871377828844,94,0.7052667935754615,0.9999992434421462
623,2,2,1,0,6,0.8079143708186586,"{""19"": 8.313612403630468e-08, ""42"": 0.18655840145336736, ""48"": 6.908941197715815e-05, ""61"": 8.499988796653587e-08, ""80"": 7.990148626059188e-08, ""81"": 1.125405638663025e-07, ""92"": 7.09686615650324e-08, ""94"": 0.8133719447495426, ""104"": 1.3283838930211272e-07}","[0.10346979750393152, 0.8079143708186586, 0.04116320053308496, 0.04745263114432492]",0.48192022062605117,94,0.8133719447495426,0.999999435614887
624,1,1,1,0,6,0.9059131432163564,"{""1"": 1.5058117728830802e-08, ""19"": 1.7243749658502016e-08, ""42"": 0.14615772363112153, ""48"": 4.550636675028069e-05, ""61"": 4.446236638368124e-08, ""81"": 5.1834195678351026e-08, ""92"": 5.0303719092983086e-08, ""94"": 0.8537965012538347, ""104"": 8.984614508137065e-08}","[0.9059131432163564, 0.027350699025639757, 0.05917032778551756, 0.007565829972486315]",0.4164839670480838,94,0.8537965012538347,0.9999997312517065
625,4,4,1,0,6,0.8109464554447429,"{""19"": 3.695414592515095e-08, ""42"": 0.13335626241323517, ""45"": 4.220537353105924e-08, ""48"": 4.370642355978559e-05, ""61"": 1.907594426727151e-08, ""74"": 5.543776600928015e-08, ""81"": 2.9426165732619672e-08, ""94"": 0.8665997355525419, ""104"": 1.1251126753369538e-07}","[0.015181069622202698, 0.11900678238928158, 0.05486569254377294, 0.8109464554447429]",0.3931987373516961,94,0.8665997355525419,0.9999997043893368
626,2,2,1,0,6,0.8201440485702092,"{""19"": 4.8058019046995613e-08, ""42"": 0.14632257796007975, ""45"": 7.361900423519459e-08, ""48"": 4.7616702046193226e-05, ""69"": 4.031567990191763e-08, ""81"": 4.836283968859173e-08, ""93"": 2.8234548512371652e-08, ""94"": 0.8536294473684518, ""104"": 1.1937933076840246e-07}","[0.16094038653143652, 0.8201440485702092, 0.01449785198016939, 0.0044177129181849325]",0.416797027560141,94,0.8536294473684518,0.9999996420305778
627,3,2,0,1,4,0.10947209470916015,"{""25"": 3.315265189895757e-08, ""42"": 0.1448872471749642, ""45"": 7.859304555301286e-09, ""48"": 5.477810707034274e-05, ""69"": 7.867667378521157e-08, ""93"": 4.651795093762798e-08, ""94"": 0.855057678779406, ""104"": 1.2639807952188038e-07, ""112"": 3.333898828087681e-09}","[0.042822603117037, 0.8300544466183041, 0.10947209470916015, 0.017650855555498803]",0.41432582369861476,94,0.855057678779406,0.9999997040614406
628,2,2,1,0,4,0.3962050782726052,"{""25"": 4.7545737497357517e-07, ""42"": 0.532530867359202, ""48"": 0.0006834300913793311, ""69"": 4.140002241437302e-07, ""90"": 4.585487777542798e-07, ""91"": 1.901580177953944e-07, ""93"": 7.626870696973718e-07, ""94"": 0.46678230473896615, ""104"": 1.0969589881481415e-06}","[0.23206825419015897, 0.3962050782726052, 0.015112079597830065, 0.35661458793940576]",0.6962227560181431,42,0.532530867359202,0.9999966021895473
629,1,1,1,0,5,0.8747254497409424,"{""42"": 0.40310064034289306, ""48"": 0.000278981171818813, ""57"": 1.543499378165819e-08, ""69"": 2.0556083763821144e-07, ""90"": 3.5267961736979737e-07, ""93"": 2.2612318468336514e-07, ""94"": 0.5966192987943548, ""104"": 2.7989229981776523e-07}","[0.8747254497409424, 0.0157383273441306, 0.07853025296411863, 0.031005969950808347]",0.6766839886118858,94,0.5966192987943548,0.9999989203090667
630,1,1,1,0,5,0.39845592629703264,"{""42"": 0.2235578766379082, ""48"": 0.0001261947057293549, ""69"": 1.5373928035280202e-07, ""74"": 1.4028365231796147e-07, ""90"": 6.050734593570648e-08, ""92"": 8.492388143377402e-08, ""93"": 1.50098400342465e-07, ""94"": 0.7763151135291719, ""104"": 2.255746301274498e-07}","[0.39845592629703264, 0.06406939245053847, 0.33154830707141436, 0.20592637418101462]",0.5326149265445089,94,0.7763151135291719,0.9999991848728095
631,1,1,1,0,6,0.8263671782151935,"{""17"": 4.06851660508972e-08, ""42"": 0.43662683705806504, ""48"": 0.00018893075233582924, ""69"": 3.009156313442305e-07, ""74"": 6.941405762231408e-08, ""81"": 1.6528704159689806e-07, ""92"": 1.1188604565334164e-07, ""94"": 0.563183275103852, ""104"": 2.6889780482587063e-07}","[0.8263671782151935, 0.037071067651765925, 0.012975245187174321, 0.12358650894586633]",0.6868088273287629,94,0.563183275103852,0.9999990429142529
632,2,3,0,1,4,0.21793905362652102,"{""17"": 2.2282562128315583e-08, ""42"": 0.33853873563692544, ""48"": 0.0001887107302685063, ""49"": 7.820192150499671e-08, ""69"": 2.1400256281083665e-07, ""74"": 7.403990757496933e-08, ""81"": 2.5840025670430978e-08, ""94"": 0.6612719728558734, ""104"": 1.6640995306201005e-07}","[0.10223411020328492, 0.21793905362652102, 0.6100583946936369, 0.06976844147655703]",0.6417999716720664,94,0.6612719728558734,0.9999994192230672
633,1,3,0,1,5,0.2002918375067176,"{""42"": 0.2507575004470488, ""48"": 0.00017287987844560212, ""49"": 1.0554913081926757e-07, ""69"": 1.3710198488320724e-07, ""81"": 7.01573445902275e-08, ""92"": 8.536154979467051e-08, ""94"": 0.7490688831020288, ""103"": 8.694172926884584e-08, ""104"": 2.5146073746141143e-07}","[0.2002918375067176, 0.030692458346525158, 0.7524684441433881, 0.016547260003369233]",0.5647985746370975,94,0.7490688831020288,0.9999992634275232
634,1,1,1,0,5,0.9025755019559848,"{""9"": 2.5414053075316824e-07, ""42"": 0.24938578994201893, ""48"": 0.0004208167598846778, ""49"": 2.782201152265492e-07, ""69"": 4.394203410366051e-07, ""92"": 1.6457541880997344e-07, ""94"": 0.7501911295988567, ""103"": 2.546047576511663e-07, ""104"": 8.727380761933329e-07}","[0.9025755019559848, 0.026878534415438984, 0.06128967272515383, 0.009256290903422396]",0.5652651982761958,94,0.7501911295988567,0.9999977363007604
635,4,2,0,1,4,0.06618570059840645,"{""1"": 5.1349693687765486e-08, ""9"": 6.31748514025156e-08, ""42"": 0.24737900091018208, ""48"": 0.00019777138041030085, ""74"": 1.2904912107436578e-07, ""92"": 5.4161106740744604e-08, ""94"": 0.7524225273308754, ""103"": 2.7345693995653835e-08, ""104"": 3.7529806522601036e-07}","[0.011908971908756335, 0.8951169795601028, 0.026788347932734446, 0.06618570059840645]",0.5612769266680179,94,0.7524225273308754,0.9999992996214678
636,1,1,1,0,6,0.9583489594934591,"{""1"": 4.2545041810330067e-07, ""9"": 4.901729946451991e-07, ""31"": 3.6120544196488606e-07, ""42"": 0.06848306572443418, ""48"": 0.00034943632620577025, ""69"": 2.3707757037075752e-07, ""74"": 7.673947304677736e-07, ""94"": 0.9311640819307992, ""104"": 1.1347174055134767e-06}","[0.9583489594934591, 0.009118052839595069, 0.0171488101690589, 0.015384177497886843]",0.25285497595757694,94,0.9311640819307992,0.9999965839814392
637,2,2,1,0,6,0.8581860073736212,"{""1"": 6.392958956798387e-08, ""9"": 2.8446319158759334e-08, ""42"": 0.1640974083539735, ""48"": 0.00021190905088356595, ""50"": 6.79895247563234e-08, ""74"": 2.2636700338196126e-07, ""81"": 3.0485094967085383e-08, ""94"": 0.8356898815117931, ""104"": 3.838658180454996e-07}","[0.05718123189050187, 0.8581860073736212, 0.07212272755430918, 0.012510033181567737]",0.4483817919580174,94,0.8356898815117931,0.9999991989166501
638,3,3,1,0,5,0.8038082560572183,"{""1"": 3.4857952733282595e-08, ""9"": 1.2134649361046493e-08, ""42"": 0.18743928137483007, ""48"": 0.0001275574646972093, ""74"": 7.028985922138738e-09, ""81"": 4.473640575692247e-08, ""94"": 0.8124327732892365, ""104"": 2.807911170685023e-07, ""115"": 8.322125444628775e-09}","[0.009942440984571647, 0.15755176876572174, 0.8038082560572183, 0.02869753419248842]",0.48373979754482466,94,0.8124327732892365,0.9999996121287636
639,2,4,0,1,5,0.2505585976972726,"{""1"": 1.0403437428619347e-08, ""42"": 0.2023034428304671, ""48"": 8.830107988603464e-05, ""81"": 5.597917127892141e-09, ""92"": 5.1306014723827135e-08, ""94"": 0.7976080764714386, ""104"": 5.910219315564661e-08, ""108"": 2.3729163028106723e-08, ""115"": 2.947948277118628e-08}","[0.23090726806523623, 0.2505585976972726, 0.027442080461543537, 0.4910920537759477]",0.5044749562554741,94,0.7976080764714386,0.9999998203817917
640,1,1,1,0,5,0.7974745912802227,"{""16"": 7.493841884560776e-08, ""42"": 0.3138764037596327, ""48"": 0.00022497401780802452, ""81"": 3.878843420553373e-08, ""92"": 1.357047975175496e-07, ""94"": 0.6858979567767005, ""104"": 2.6224219310525354e-07, ""108"": 8.337386592472214e-08, ""115"": 7.039814923946053e-08}","[0.7974745912802227, 0.09252532594040934, 0.008649656871422494, 0.10135042590794559]",0.6242080140138784,94,0.6858979567767005,0.9999993345541413
641,2,2,1,0,5,0.7263074227186325,"{""16"": 7.720969730795566e-08, ""22"": 6.878902668150944e-08, ""42"": 0.32393478653183067, ""48"": 0.0002064401564340555, ""81"": 1.2971579125991168e-08, ""92"": 1.33139110051938e-07, ""94"": 0.6758582605762931, ""104"": 1.6819304579128739e-07, ""108"": 5.243298329829266e-08}","[0.06469119780329353, 0.7263074227186325, 0.19607779500784311, 0.012923584470230965]",0.6316857885383536,94,0.6758582605762931,0.9999994872645578
642,2,2,1,0,6,0.5049793540480362,"{""22"": 8.747440277234465e-08, ""42"": 0.1930176371561252, ""48"": 0.0002180843684917564, ""70"": 7.71986167501164e-08, ""81"": 4.118862615810483e-08, ""92"": 1.2901719811707946e-07, ""94"": 0.8067635863585612, ""104"": 2.95211141470417e-07, ""112"": 6.20268366245989e-08}","[0.05336950811246321, 0.5049793540480362, 0.04256876958681074, 0.3990823682526898]",0.4925904222993942,94,0.8067635863585612,0.9999993078831781
643,2,2,1,0,5,0.6749494864673394,"{""19"": 1.3532756930302364e-08, ""22"": 1.173968129180418e-08, ""42"": 0.37971875683350675, ""48"": 0.0002761443706145002, ""70"": 1.3422324801491995e-07, ""73"": 1.0337504137615428e-08, ""81"": 1.0354640281535658e-08, ""94"": 0.6200047028219753, ""104"": 2.1578607271764366e-07}","[0.28407170985765334, 0.6749494864673394, 0.01875657514125935, 0.02222222853374781]",0.6663398495411014,94,0.6200047028219753,0.9999996040260966
644,2,2,1,0,6,0.8023790254208588,"{""19"": 6.953730022287259e-09, ""22"": 6.109852088562712e-09, ""42"": 0.36083381233391704, ""48"": 0.00022388471489499285, ""70"": 5.7654324965495023e-08, ""74"": 9.71742014115062e-09, ""94"": 0.6389419951498749, ""102"": 4.537958466771091e-08, ""104"": 1.8198640114997615e-07}","[0.09808029958390138, 0.8023790254208588, 0.09033100911847552, 0.009209665876764205]",0.6559068290823401,94,0.6389419951498749,0.9999996921986869
645,3,3,1,0,5,0.49146622854676164,"{""22"": 6.67283524934939e-09, ""42"": 0.32487025286830296, ""48"": 0.00019009175609586342, ""51"": 1.5654565120411895e-08, ""69"": 5.89228432227909e-08, ""70"": 8.92285309236919e-09, ""74"": 4.936442230489572e-09, ""94"": 0.6749393433297238, ""104"": 2.169363385207187e-07}","[0.08675351142477383, 0.4037587659305772, 0.49146622854676164, 0.01802149409788743]",0.6322354193214558,94,0.6749393433297238,0.9999996879541226
646,1,4,0,1,5,0.11414009696801214,"{""42"": 0.4930601037464631, ""48"": 2.0450751651412233e-05, ""51"": 2.2858550706873375e-08, ""69"": 4.427075695561817e-08, ""70"": 1.9395437312221168e-08, ""74"": 1.0583569629012706e-08, ""94"": 0.5069193053417655, ""104"": 2.717656280473864e-08, ""113"": 1.5875242520931727e-08}","[0.11414009696801214, 0.05850362803559642, 0.027117125347585116, 0.8002391496488064]",0.6932807208727583,94,0.5069193053417655,0.9999998598398799
647,4,4,1,0,5,0.82454991211619,"{""42"": 0.31739024554965417, ""48"": 0.00022242865155019015, ""51"": 2.2686827073783692e-07, ""59"": 3.936907840534405e-08, ""69"": 3.415062765424824e-07, ""74"": 7.211623834044775e-08, ""94"": 0.6823864948465017, ""104"": 1.5109242999328908e-07}","[0.040731248053226025, 0.11683681852174362, 0.017882021308840278, 0.82454991211619]",0.6269082132532575,94,0.6823864948465017,0.9999991690477061
648,1,1,1,0,6,0.6498818187521863,"{""42"": 0.38175198391731296, ""47"": 6.328789280936854e-08, ""48"": 6.388194595914513e-05, ""51"": 4.742455259700658e-08, ""69"": 6.724860363229602e-08, ""74"": 2.517972769102232e-08, ""81"": 6.754883587940713e-08, ""94"": 0.6181837616272757, ""104"": 1.0181983957037856e-07}","[0.6498818187521863, 0.26670068886480414, 0.03959459334456882, 0.04382289903844069]",0.6655718069400897,94,0.6181837616272757,0.9999996274905479
649,4,4,1,0,5,0.8334925938393579,"{""42"": 0.3483281308124759, ""47"": 3.0816259476480566e-08, ""48"": 6.547558303985238e-05, ""69"": 1.4491657956901113e-08, ""74"": 2.548985541706153e-08, ""81"": 1.003248883122726e-08, ""85"": 5.289881565822239e-09, ""94"": 0.6516062270766686, ""104"": 8.040767238780047e-08}","[0.037232394136673695, 0.09733588670181735, 0.03193912532215102, 0.8334925938393579]",0.6470766888917032,94,0.6516062270766686,0.9999998334721842
650,4,4,1,0,6,0.44388705412367796,"{""42"": 0.31191581982036937, ""47"": 2.741466114179892e-08, ""48"": 2.209524837577847e-05, ""69"": 2.4438541951726386e-08, ""74"": 1.1375860010329868e-08, ""81"": 2.9224408313722073e-08, ""84"": 5.78888733351766e-09, ""94"": 0.6880619475479943, ""104"": 3.91409016682807e-08}","[0.22638597044804334, 0.26246361506428023, 0.0672633603639985, 0.44388705412367796]",0.6208781621231871,94,0.6880619475479943,0.9999998626167395
651,2,2,1,0,5,0.9376707907111572,"{""42"": 0.35383579220734274, ""43"": 4.3353624537712196e-08, ""47"": 5.479959923855868e-08, ""48"": 7.951694684228642e-05, ""69"": 5.937747698963621e-08, ""74"": 2.7162530717732993e-08, ""81"": 5.674363802080983e-08, ""94"": 0.6460843317111628, ""104"": 1.176977826617401e-07}","[0.025264458132625223, 0.9376707907111572, 0.0320165620755155, 0.005048189080702094]",0.65059039156746,94,0.6460843317111628,0.9999996408653478
652,2,2,1,0,5,0.6420601373534042,"{""19"": 6.546430428808097e-09, ""42"": 0.32973270022806866, ""47"": 5.1330150239820066e-08, ""48"": 6.256796175945219e-05, ""69"": 5.847361401384244e-08, ""78"": 5.997889992392139e-09, ""81"": 2.2370299760068664e-08, ""94"": 0.6702045087689884, ""104"": 7.83227987740641e-08}","[0.31170170590347634, 0.6420601373534042, 0.03897888770763654, 0.007259269035482925]",0.6346362024890789,94,0.6702045087689884,0.9999997769588165
653,4,4,1,0,5,0.5486782017115679,"{""25"": 2.8971716537099034e-08, ""42"": 0.3618248286484256, ""47"": 3.87729608548137e-08, ""48"": 6.803344376788265e-05, ""69"": 7.401497114107881e-08, ""78"": 6.675838838017412e-09, ""94"": 0.6381068989255201, ""104"": 8.32125974901463e-08, ""107"": 7.334201730297138e-09}","[0.09387627932227019, 0.32693407922087864, 0.03051143974528338, 0.5486782017115679]",0.6551553342827025,94,0.6381068989255201,0.9999997610177136
654,4,4,1,0,6,0.9307896891099934,"{""25"": 4.6115625968493796e-08, ""42"": 0.5482983262094535, ""48"": 0.00010717838924871357, ""69"": 2.2363803675966647e-08, ""74"": 3.992482607844107e-08, ""94"": 0.4515942041811994, ""99"": 1.0339966284629185e-08, ""104"": 1.4875687901482342e-07, ""107"": 2.371899731277098e-08}","[0.027616766666545955, 0.003857439624799137, 0.03773610459866153, 0.9307896891099934]",0.6894810059996813,42,0.5482983262094535,0.9999997087799016
655,4,4,1,0,6,0.8693758058335208,"{""42"": 0.390895817225409, ""48"": 0.00010466331255266932, ""55"": 3.576631115361945e-08, ""69"": 4.2484003371512134e-08, ""74"": 4.3156903415683205e-08, ""94"": 0.6089991864951365, ""104"": 1.4836846940037673e-07, ""107"": 3.5127489054047824e-08, ""111"": 2.806372550154358e-08}","[0.004432952150890479, 0.029039826568082676, 0.09715141544750608, 0.8693758058335208]",0.6701647487609776,94,0.6089991864951365,0.9999996670330982
656,4,4,1,0,6,0.820065537967602,"{""42"": 0.39874644620091765, ""48"": 3.067242712887296e-05, ""55"": 3.533189534929186e-08, ""81"": 3.499055990299684e-08, ""93"": 2.2815916354839393e-08, ""94"": 0.601222691922378, ""104"": 4.684589489538261e-08, ""107"": 2.6690158120614137e-08, ""111"": 2.2775150924268805e-08}","[0.13262648853153744, 0.03042421554729766, 0.0168837579535629, 0.820065537967602]",0.672837297864902,94,0.601222691922378,0.9999998105504244
657,2,2,1,0,6,0.5951866145319428,"{""19"": 3.16354916989475e-08, ""42"": 0.39746883042503434, ""48"": 6.390941885776404e-05, ""55"": 4.5651597371720414e-08, ""62"": 2.6845150972699365e-08, ""81"": 4.549486403168676e-08, ""94"": 0.6024669670651087, ""104"": 1.0316102600670118e-07, ""107"": 4.0302869060682e-08}","[0.04389371918949545, 0.5951866145319428, 0.3447762044398305, 0.016143461838731256]",0.6726258229377893,94,0.6024669670651087,0.9999997069090009
658,1,1,1,0,5,0.621843491669434,"{""3"": 4.926655992510807e-08, ""19"": 5.5112642833203894e-08, ""42"": 0.1582444088499839, ""48"": 0.00012542034441685127, ""81"": 6.716438060536437e-08, ""91"": 4.289244315640775e-08, ""94"": 0.8416297042056952, ""104"": 1.921740795367474e-07, ""107"": 5.99897979618453e-08}","[0.621843491669434, 0.08119631566242755, 0.020748636713291004, 0.2762115559548474]",0.43798571296226124,94,0.8416297042056952,0.999999533400096
659,3,3,1,0,4,0.893231639510165,"{""3"": 8.497779537886965e-09, ""19"": 6.603429322483653e-09, ""23"": 3.079589084832177e-08, ""42"": 0.3844342529407526, ""48"": 0.00010193915236891141, ""81"": 9.793341541085247e-09, ""94"": 0.6154636617184268, ""104"": 8.428314991772512e-08, ""107"": 6.2148604946847855e-09}","[0.01901886487165559, 0.01340648125981051, 0.893231639510165, 0.07434301435836893]",0.6671852065808782,94,0.6154636617184268,0.9999998538115483
660,2,4,0,1,6,0.3800816194071992,"{""3"": 1.150681453123944e-08, ""19"": 1.5499133603704328e-08, ""23"": 2.4273721157902194e-08, ""42"": 0.35191314184272743, ""48"": 8.616154725988048e-05, ""94"": 0.6480005811545783, ""104"": 6.41757589872273e-08}","[0.056105611974577016, 0.3800816194071992, 0.13010611855027301, 0.4337066500679507]",0.6494801498087408,94,0.6480005811545783,0.9999998845445656
661,3,3,1,0,4,0.9472945768033122,"{""3"": 1.3315619068541232e-08, ""19"": 1.4090660131865875e-08, ""23"": 4.014930904850003e-08, ""42"": 0.6865884322295923, ""48"": 9.904678360823247e-05, ""77"": 2.172849778544293e-09, ""92"": 2.332685787498551e-08, ""94"": 0.31331235337467134, ""104"": 7.455683211635576e-08}","[0.01811037843130063, 0.007882621543506631, 0.9472945768033122, 0.026712423221880516]",0.622703320510827,42,0.6865884322295923,0.9999998323878719
662,3,3,1,0,6,0.9413716406120631,"{""19"": 1.4395575695285144e-09, ""23"": 1.4096180391215984e-09, ""31"": 2.658517205806612e-09, ""42"": 0.47768415093720057, ""48"": 8.425720620505004e-05, ""55"": 1.979311884905901e-08, ""92"": 2.836365943654006e-08, ""94"": 0.5222314959867456, ""104"": 4.2205377812703745e-08}","[0.011607654924877706, 0.030932212668661425, 0.9413716406120631, 0.016088491794397804]",0.6929725574634474,94,0.5222314959867456,0.9999999041301512
663,1,1,1,0,6,0.9328432533101855,"{""1"": 1.252044899481175e-09, ""19"": 8.698038272274401e-10, ""42"": 0.40515336300947086, ""48"": 6.610439895604789e-05, ""55"": 2.0292388052660603e-08, ""70"": 1.6454465374365315e-08, ""92"": 2.843984279985196e-08, ""94"": 0.5947804407989248, ""104"": 2.448410332849785e-08}","[0.9328432533101855, 0.03011621408387803, 0.007933257547104508, 0.029107275058831997]",0.6757155616411704,94,0.5947804407989248,0.9999999082073516
664,4,4,1,0,6,0.9554493857599541,"{""0"": 6.885477828848858e-09, ""42"": 0.38762430604542436, ""48"": 7.372319460164566e-05, ""55"": 3.781091286536569e-09, ""70"": 9.358578822746573e-09, ""91"": 1.9580843531599297e-09, ""92"": 2.890940153982378e-08, ""94"": 0.612301893182125, ""104"": 2.6685215141735363e-08}","[0.012597527808157908, 0.013479532113085772, 0.018473554318802245, 0.9554493857599541]",0.6684140156004399,94,0.612301893182125,0.9999999224221511
665,2,2,1,0,5,0.6342622921148746,"{""35"": 1.6717252930267838e-09, ""42"": 0.36936045318839883, ""48"": 6.433845596023401e-06, ""55"": 9.574037255079089e-09, ""70"": 5.943145880690709e-09, ""81"": 1.2108381637472482e-08, ""92"": 1.4306874297522154e-09, ""94"": 0.6306330729969855, ""104"": 9.241042202669323e-09}","[0.09431421804090355, 0.6342622921148746, 0.1783666246897977, 0.09305686515442413]",0.6586955685198431,94,0.6306330729969855,0.9999999600309804
666,3,3,1,0,5,0.5586907628386115,"{""42"": 0.5315405392593117, ""48"": 3.725893128215675e-05, ""55"": 1.7927357339755801e-09, ""70"": 1.4281138907659992e-08, ""74"": 1.0006208653680456e-09, ""81"": 1.1556210007080047e-09, ""94"": 0.46842214644394886, ""104"": 2.783914850647462e-08, ""113"": 9.296192258757255e-09}","[0.06450625558528149, 0.10447514167996971, 0.5586907628386115, 0.27232783989613735]",0.6915462120852133,42,0.5315405392593117,0.9999999446345427
667,3,3,1,0,5,0.501585618386148,"{""42"": 0.41722424424129506, ""48"": 7.68753012411116e-05, ""55"": 3.6625919414039044e-09, ""92"": 1.4297102165265083e-08, ""94"": 0.5826988160271127, ""104"": 4.53587029606594e-08, ""113"": 1.1119495822180768e-09}","[0.11923664133806262, 0.014452380753712633, 0.501585618386148, 0.36472535952207685]",0.6801450107857911,94,0.5826988160271127,0.9999999355696488
668,1,4,0,1,4,0.16399975277981393,"{""42"": 0.36029611592172656, ""48"": 7.401462484031862e-05, ""55"": 8.027085415975293e-09, ""63"": 5.159280362417498e-09, ""74"": 9.345286440474522e-09, ""92"": 1.4297128468184238e-08, ""94"": 0.6396297793794284, ""104"": 5.1432197641131904e-08, ""113"": 1.8130262776308495e-09}","[0.16399975277981393, 0.025531106955792807, 0.021240881367921256, 0.7892282588964721]",0.6543349233858762,94,0.6396297793794284,0.9999999099259953
669,1,1,1,0,5,0.4594990364439405,"{""16"": 2.209487367836994e-08, ""24"": 1.7799650850839727e-08, ""42"": 0.6603912777550662, ""48"": 0.0002558418050642554, ""55"": 3.8061972531161614e-08, ""74"": 2.330871513808324e-08, ""92"": 8.513721553350002e-08, ""94"": 0.3393525974469715, ""104"": 9.659047039097441e-08}","[0.4594990364439405, 0.11640378702848338, 0.020050384815709497, 0.40404679171186664]",0.6428757960280002,42,0.6603912777550662,0.999999717007102
670,4,4,1,0,4,0.8092246464742209,"{""16"": 1.1497230797387705e-08, ""24"": 8.199847222327582e-09, ""42"": 0.7579686002830957, ""44"": 1.8221480004862342e-08, ""48"": 0.0001535315672226847, ""92"": 4.655422101977534e-08, ""94"": 0.24187773076627941, ""104"": 4.2537278794167075e-08, ""105"": 1.0373344455367103e-08}","[0.09810643625441243, 0.0720164172147788, 0.02065250005658794, 0.8092246464742209]",0.5546964423274148,42,0.7579686002830957,0.9999998626165977
671,3,3,1,0,6,0.5361728423729547,"{""24"": 5.509258698074274e-09, ""26"": 3.30915479022504e-09, ""42"": 0.6764334563828823, ""44"": 1.3037266832020931e-08, ""48"": 6.593160838166303e-05, ""55"": 1.2211349470481156e-08, ""92"": 4.635507012783974e-09, ""94"": 0.3235005388392425, ""104"": 3.4466956636679004e-08}","[0.011474808692847775, 0.17500579542057404, 0.5361728423729547, 0.2773465535136234]",0.6301561939681112,42,0.6764334563828823,0.9999999268305065
672,4,4,1,0,6,0.5639153644243627,"{""42"": 0.6880761146672478, ""44"": 1.4488080121192178e-08, ""48"": 2.825798001784128e-05, ""55"": 1.3811761993245007e-08, ""92"": 5.179262316067276e-09, ""94"": 0.3118955572785194, ""103"": 1.0416971613327556e-08, ""104"": 2.4511066508168412e-08, ""114"": 1.6670725100121384e-09}","[0.0187457720523425, 0.3965806033458758, 0.020758260177418986, 0.5639153644243627]",0.6209239275658094,42,0.6880761146672478,0.999999929925785
673,1,1,1,0,5,0.6603844849692211,"{""42"": 0.5177639154076431, ""44"": 2.4813133819522685e-08, ""48"": 3.977948099507431e-05, ""55"": 2.093817202271093e-08, ""94"": 0.48219616624370865, ""103"": 1.9917013025160306e-08, ""104"": 5.8440762864112365e-08, ""107"": 8.064066590532068e-09, ""114"": 6.694504870723214e-09}","[0.6603844849692211, 0.02832699934905904, 0.11984257950281281, 0.1914459361789071]",0.6929321973101512,42,0.5177639154076431,0.9999998611323468
674,4,4,1,0,5,0.904500416997891,"{""42"": 0.6990332325315503, ""48"": 5.983904551739801e-05, ""55"": 2.0123291637141294e-08, ""57"": 9.11533634657853e-09, ""73"": 9.756912998461679e-09, ""94"": 0.3009068271631499, ""103"": 2.1055936511173137e-08, ""104"": 3.5771505412719214e-08, ""107"": 5.436799551831624e-09}","[0.046249317184455796, 0.02312182810564766, 0.026128437712005667, 0.904500416997891]",0.6122528391440422,42,0.6990332325315503,0.9999998987402176
675,1,1,1,0,6,0.7384273125659176,"{""0"": 2.4941002655433296e-09, ""42"": 0.6285330689852483, ""47"": 8.714565890200649e-09, ""48"": 6.32005509572811e-05, ""55"": 1.840725956541525e-08, ""57"": 1.1551626701730996e-08, ""73"": 1.4604726542174387e-09, ""94"": 0.3714036509999448, ""104"": 3.683582453067698e-08}","[0.7384273125659176, 0.16876822677660236, 0.0060209170614413925, 0.08678354359603865]",0.6603449103904226,42,0.6285330689852483,0.9999999205361505
676,1,1,1,0,4,0.8424324734116537,"{""0"": 3.286364536105924e-09, ""30"": 9.24299495933079e-10, ""42"": 0.596258755774807, ""44"": 5.693092895815089e-09, ""48"": 5.8636762132086606e-05, ""55"": 3.250450842803105e-09, ""57"": 1.7947669983890566e-10, ""94"": 0.4036825756654196, ""104"": 1.8463956825045853e-08}","[0.8424324734116537, 0.03308897938754477, 0.11006186294685885, 0.014416684253942586]",0.6750768869567076,42,0.596258755774807,0.9999999682023587
677,3,3,1,0,6,0.5418353282244283,"{""0"": 4.4782967763154855e-09, ""30"": 3.2529756747837675e-09, ""42"": 0.6077070771568361, ""44"": 8.265172196504125e-09, ""48"": 7.208613389151947e-05, ""55"": 6.963329279604614e-09, ""94"": 0.3922207797486264, ""104"": 2.788619049853307e-08, ""113"": 6.114681510662537e-09}","[0.07871489336714843, 0.026752657313672493, 0.5418353282244283, 0.35269712109475093]",0.6704558932706279,42,0.6077070771568361,0.9999999430393541
678,2,3,0,1,4,0.2764666693435465,"{""0"": 7.837661664047493e-09, ""5"": 4.723292316347974e-09, ""42"": 0.6433983978599891, ""48"": 1.1375720057300857e-05, ""55"": 1.0171026236399192e-08, ""57"": 5.765143523085177e-10, ""94"": 0.356590186390363, ""104"": 1.606544227309794e-08, ""113"": 6.556537555992565e-10}","[0.1591501897523135, 0.2764666693435465, 0.5385845911981627, 0.025798549705977333]",0.6515676649343203,42,0.6433983978599891,0.9999999599704094
679,2,2,1,0,3,0.8817746589575629,"{""0"": 5.02387511371169e-09, ""5"": 2.1132757503108332e-09, ""42"": 0.9149683294012348, ""48"": 5.0428026253842774e-05, ""55"": 2.7435134424111936e-09, ""68"": 1.1076270971302758e-08, ""94"": 0.08498117175004945, ""103"": 1.7242564760378037e-09, ""104"": 4.814127006947165e-08}","[0.022013497073943657, 0.8817746589575629, 0.0788675134126079, 0.017344330555885634]",0.29131589634468114,42,0.9149683294012348,0.9999999291775382
680,4,4,1,0,6,0.9141689159942714,"{""0"": 9.101812872586304e-10, ""5"": 1.1207719003515963e-09, ""35"": 1.380357257590219e-09, ""42"": 0.77085130397607, ""48"": 6.111617654542185e-05, ""55"": 2.4455823639293105e-09, ""68"": 7.275868061313195e-09, ""94"": 0.22908752418382144, ""104"": 4.2530802315060464e-08}","[0.05300618522728873, 0.009680680026352778, 0.02314421875208716, 0.9141689159942714]",0.5388106584914047,42,0.77085130397607,0.999999944336437
681,3,3,1,0,4,0.5430428592787919,"{""5"": 9.699801006039908e-10, ""35"": 5.939955692648141e-10, ""42"": 0.6535343351243226, ""48"": 8.812303959854248e-06, ""52"": 3.086249115906403e-10, ""55"": 4.740147554749727e-09, ""68"": 7.943666457739246e-10, ""94"": 0.34645683501886226, ""104"": 1.0145740441549802e-08}","[0.015697235985960522, 0.4073268996755473, 0.5430428592787919, 0.03393300505970018]",0.645333623805782,42,0.6535343351243226,0.9999999824471447
682,4,4,1,0,6,0.9585711073215981,"{""5"": 1.6103774513513306e-09, ""42"": 0.5160821385644192, ""44"": 6.286247383598311e-09, ""48"": 1.6702876574038802e-05, ""55"": 7.3780979259178174e-09, ""57"": 6.035935069697674e-10, ""68"": 8.797710694169941e-10, ""94"": 0.48390113330577655, ""104"": 8.495142848330487e-09}","[0.009973703134020039, 0.00425695393182771, 0.027198235612554172, 0.9585711073215981]",0.6928186158342645,42,0.5160821385644192,0.9999999747467698
683,2,2,1,0,6,0.6488503434463708,"{""5"": 8.960778632253389e-10, ""42"": 0.5582960759886483, ""44"": 1.7531981163847616e-09, ""48"": 5.940806192292236e-06, ""55"": 7.732043492686134e-09, ""94"": 0.44169796378082354, ""103"": 2.762034058668495e-09, ""104"": 5.523078145713489e-09, ""112"": 7.579041260892158e-10}","[0.32360428163366556, 0.6488503434463708, 0.0069810668032162185, 0.020564308116747403]",0.6864077856062324,42,0.5582960759886483,0.9999999805756641
684,4,4,1,0,6,0.9722497783463675,"{""42"": 0.6102882334658013, ""44"": 3.483097085200819e-10, ""48"": 1.584423218036144e-05, ""50"": 2.7472738786323e-10, ""55"": 9.068151247132315e-09, ""94"": 0.38969589946371097, ""97"": 1.2353812615604772e-09, ""103"": 3.5445730564659662e-09, ""104"": 8.36716467739299e-09}","[0.004443795828658467, 0.00544017601610362, 0.017866249808870437, 0.9722497783463675]",0.6687954494416907,42,0.6102882334658013,0.9999999771616926
685,1,1,1,0,4,0.9448444450100252,"{""42"": 0.5883999122829174, ""48"": 1.0973291538014726e-05, ""55"": 9.30009865858589e-09, ""57"": 2.832726343200866e-09, ""94"": 0.4115890889429251, ""97"": 9.244811588670774e-10, ""103"": 4.2975447139768736e-09, ""104"": 7.3324424528201725e-09, ""108"": 7.95326131616754e-10}","[0.9448444450100252, 0.018099643509018618, 0.02205146942015826, 0.015004442060797952]",0.6775626675844664,42,0.5883999122829174,0.9999999745173805
686,2,2,1,0,6,0.6215148753346798,"{""42"": 0.5790585397736667, ""48"": 1.516890154850789e-05, ""50"": 1.5956866835121133e-09, ""55"": 1.2873760180726655e-09, ""57"": 5.776954816039898e-10, ""83"": 7.393360133710808e-10, ""94"": 0.42092627833094504, ""103"": 4.796527553167097e-10, ""104"": 8.314092650179569e-09}","[0.09560095330623813, 0.6215148753346798, 0.24871239813068635, 0.03417177322839587]",0.6807646745322701,42,0.5790585397736667,0.9999999870061603
687,1,1,1,0,6,0.5170719002476514,"{""1"": 4.289722232139077e-10, ""42"": 0.7943191428489472, ""44"": 1.7708438659950345e-10, ""48"": 2.1431680100876205e-05, ""50"": 1.8230193710219833e-10, ""83"": 8.535891356633788e-10, ""94"": 0.20565941095939413, ""103"": 2.6678542360401345e-10, ""104"": 1.2602824901290353e-08}","[0.5170719002476514, 0.38003492842613057, 0.04668115175509528, 0.05621201957112276]",0.5083958226274397,42,0.7943191428489472,0.9999999854884422
688,2,2,1,0,6,0.8608680864657625,"{""1"": 1.4721138149110102e-09, ""42"": 0.7889109428158905, ""44"": 1.188113563091199e-09, ""48"": 2.5324305493188292e-05, ""94"": 0.2110637122437934, ""103"": 2.179168938372563e-09, ""104"": 1.3103058068431809e-08, ""110"": 2.692368148463601e-09}","[0.061788093612007385, 0.8608680864657625, 0.017870557807304347, 0.059473262114925915]",0.5156503548821288,42,0.7889109428158905,0.999999979365177
689,2,2,1,0,5,0.8007764195400697,"{""1"": 2.589565583230782e-10, ""12"": 4.993826638810407e-10, ""42"": 0.7518078404832859, ""48"": 2.5823253689537185e-05, ""94"": 0.2481663225978474, ""103"": 4.915882200420039e-10, ""104"": 1.0315959068207463e-08, ""106"": 1.813865767981416e-09, ""110"": 2.854249390991779e-10}","[0.06646189318180612, 0.8007764195400697, 0.014826840854478471, 0.11793484642364568]",0.5606031921957914,42,0.7518078404832859,0.9999999863348228
690,4,4,1,0,6,0.644898174566467,"{""4"": 4.5661975333632355e-10, ""12"": 4.759929686092418e-10, ""42"": 0.6996352265486595, ""48"": 2.2752762438226525e-05, ""55"": 7.778552165259728e-10, ""94"": 0.3003420106124787, ""103"": 4.543304162753363e-10, ""104"": 6.529845112002777e-09, ""106"": 1.3817799292214173e-09}","[0.06375129109054528, 0.02178381159608903, 0.2695667227468987, 0.644898174566467]",0.6114118840433015,42,0.6996352265486595,0.9999999899235764
691,1,1,1,0,5,0.4319788107089732,"{""12"": 4.886508012027849e-10, ""42"": 0.7442283697688723, ""48"": 3.161753093162086e-05, ""51"": 6.160575291415822e-10, ""55"": 1.3427273190876858e-09, ""94"": 0.25573999491147326, ""103"": 7.049351233323092e-10, ""104"": 1.2816480870874145e-08, ""106"": 1.8198712658779122e-09}","[0.4319788107089732, 0.10588006590721159, 0.0409636692102291, 0.4211774541735861]",0.568903996348875,42,0.7442283697688723,0.9999999822112772
692,3,3,1,0,4,0.35449825385825057,"{""12"": 1.7923877495779443e-09, ""42"": 0.9513998783527098, ""48"": 5.361762215311708e-05, ""55"": 2.855296032793893e-09, ""94"": 0.048546464566599744, ""98"": 9.012547411906771e-10, ""103"": 2.326279885452393e-09, ""104"": 2.7769681162946776e-08, ""106"": 3.81363784100541e-09}","[0.12841757207672203, 0.34361339210359837, 0.35449825385825057, 0.17347078196142898]",0.1947919058781063,42,0.9513998783527098,0.9999999605414627
693,3,3,1,0,5,0.7812473216609205,"{""12"": 2.7156790262454168e-09, ""42"": 0.8833153570310831, ""48"": 5.815812075658332e-05, ""55"": 2.7377746059372485e-09, ""94"": 0.11662643959565891, ""103"": 3.2974140740616006e-09, ""104"": 2.982464878250496e-08, ""106"": 5.208743718041992e-09, ""112"": 1.4682412986445743e-09}","[0.006331032695660802, 0.07563986232082923, 0.7812473216609205, 0.1367817833225896]",0.3607680582278093,42,0.8833153570310831,0.9999999547474986
694,3,3,1,0,4,0.6755224018476832,"{""42"": 0.8128567063402792, ""48"": 3.63127077799301e-05, ""55"": 1.8051846473550333e-09, ""92"": 1.4375035388844707e-09, ""94"": 0.18710696161264687, ""97"": 2.9816226134255365e-10, ""103"": 1.8301954630519422e-09, ""104"": 1.2421955967023582e-08, ""106"": 1.5462922039001532e-09}","[0.07176951308354386, 0.12170280828465001, 0.6755224018476832, 0.13100527678412294]",0.482401139710767,42,0.8128567063402792,0.999999980660706
695,1,1,1,0,6,0.5384895818502762,"{""28"": 1.429016656162392e-10, ""42"": 0.9091775798766986, ""48"": 1.1064268488520125e-06, ""55"": 1.6041689217938659e-09, ""71"": 1.4311141663814544e-09, ""94"": 0.09082130550915041, ""103"": 1.3333045149558322e-09, ""104"": 1.3807113100337305e-09, ""106"": 2.2951016046303935e-09}","[0.5384895818502762, 0.3255801293685768, 0.09644131353214397, 0.0394889752490031]",0.3044502657378382,42,0.9091775798766986,0.9999999918126978
696,4,4,1,0,6,0.9699939608637231,"{""28"": 1.2216862681404457e-10, ""42"": 0.9265781906980702, ""48"": 7.202904588541677e-06, ""55"": 3.0327751867899075e-09, ""57"": 7.642484843543897e-10, ""94"": 0.07341459502865015, ""104"": 5.0760941964135985e-09, ""106"": 2.373404437575531e-09}","[0.008590439393219412, 0.004342143976708644, 0.01707345576634891, 0.9699939608637231]",0.26247538384387037,42,0.9265781906980702,0.9999999886313089
697,1,1,1,0,5,0.5445606941617949,"{""12"": 7.886538058346789e-11, ""42"": 0.8357242943918773, ""47"": 6.253388157512563e-10, ""48"": 3.315875389925387e-06, ""55"": 2.5574757927452154e-09, ""57"": 1.1444879321506038e-09, ""94"": 0.1642723810353348, ""104"": 2.265395945090123e-09, ""106"": 2.0258339706206745e-09}","[0.5445606941617949, 0.37008248473933925, 0.07522101353772559, 0.010135807561140306]",0.44673177632120115,42,0.8357242943918773,0.9999999913026021
698,2,2,1,0,6,0.9534352786335626,"{""42"": 0.8392600718381993, ""48"": 8.445462185903361e-06, ""50"": 6.072961500138946e-10, ""55"": 7.119002180140965e-10, ""57"": 4.714456737458204e-10, ""94"": 0.1607314741001561, ""104"": 5.507492676208802e-09, ""106"": 1.3013239156701422e-09}","[0.02026182042682438, 0.9534352786335626, 0.01672833403325461, 0.00957456690635849]",0.4409866431270744,42,0.8392600718381993,0.9999999914005413
699,2,2,1,0,6,0.7904370187978186,"{""6"": 2.4052338693153605e-10, ""42"": 0.8280761324640332, ""48"": 1.3884703239391786e-05, ""50"": 4.974676964955977e-11, ""55"": 4.3807056343843004e-10, ""57"": 2.185779882365012e-10, ""94"": 0.17190997240293632, ""104"": 7.406538719016451e-09, ""106"": 2.0763337950432835e-09}","[0.09134701888552178, 0.7904370187978186, 0.040518132205246006, 0.07769783011141361]",0.45906860009476474,42,0.8280761324640332,0.999999989570209
700,1,1,1,0,4,0.45951776697591623,"{""42"": 0.8998468882185277, ""48"": 1.4024340356737961e-05, ""55"": 1.39844246760698e-10, ""57"": 8.123182628766601e-11, ""92"": 4.4413061565185435e-10, ""94"": 0.10013907827488003, ""102"": 1.9051467876110123e-10, ""104"": 5.7962478288780645e-09, ""106"": 2.514266489705535e-09}","[0.45951776697591623, 0.2647371044655333, 0.22240165003679363, 0.053343478521756756]",0.325557901459453,42,0.8998468882185277,0.9999999908337643
701,3,3,1,0,3,0.9622369579403457,"{""22"": 6.378770115385424e-11, ""42"": 0.9678362851278799, ""48"": 1.0458179866206585e-05, ""55"": 7.405472424887866e-10, ""92"": 2.511186952108155e-10, ""94"": 0.0321532463912962, ""103"": 5.663208768461029e-10, ""104"": 6.148102807216078e-09, ""106"": 2.531080364327462e-09}","[0.013952270507200874, 0.0047205650776031595, 0.9622369579403457, 0.019090206474850324]",0.14227944714819296,42,0.9678362851278799,0.9999999896990424
702,3,3,1,0,3,0.5342013548590134,"{""42"": 0.889104121346009, ""48"": 1.184603970370767e-05, ""55"": 9.051856184886819e-10, ""63"": 2.180322681247531e-11, ""92"": 5.377374075237736e-10, ""94"": 0.11088402517394143, ""103"": 5.556374170184303e-10, ""104"": 3.282464258827576e-09, ""106"": 2.137517933865181e-09}","[0.3663898070428886, 0.04388826626973433, 0.5342013548590134, 0.05552057182836369]",0.3485046082317095,42,0.889104121346009,0.9999999925596542
703,3,3,1,0,6,0.8756417372930051,"{""16"": 2.4620639080570697e-10, ""42"": 0.8524813876021033, ""48"": 6.75676280104249e-06, ""50"": 6.465715054510492e-11, ""92"": 5.54988967953726e-10, ""94"": 0.14751185144959122, ""103"": 3.177231815813693e-10, ""104"": 1.686635478158569e-09, ""106"": 1.3152933810814225e-09}","[0.014337678789027983, 0.040187542757575176, 0.8756417372930051, 0.06983304116039157]",0.41845496086658784,42,0.8524813876021033,0.9999999958144956
704,3,3,1,0,3,0.8456160283454298,"{""41"": 6.460661783039123e-11, ""42"": 0.8338624680282214, ""48"": 1.1597499765026303e-05, ""55"": 2.782066517466137e-10, ""92"": 7.482574950658289e-10, ""94"": 0.16612592955432792, ""103"": 4.5809321570826096e-10, ""104"": 2.559908553736737e-09, ""106"": 8.08613105984524e-10}","[0.0734289111443115, 0.009232724571245085, 0.8456160283454298, 0.07172233593901359]",0.44983127014199625,42,0.8338624680282214,0.9999999950823143
705,4,4,1,0,6,0.7073011587748628,"{""38"": 2.114200693179119e-10, ""42"": 0.8615890964711772, ""48"": 1.502668829481723e-05, ""55"": 5.453752064558336e-10, ""71"": 3.6732497555616234e-10, ""94"": 0.13839586932314552, ""103"": 6.718182950443229e-10, ""104"": 4.069159969350041e-09, ""106"": 1.652284023084313e-09}","[0.19105866035336516, 0.012444843929264994, 0.08919533694250716, 0.7073011587748628]",0.40222062893457017,42,0.8615890964711772,0.9999999924826175
706,4,4,1,0,6,0.6762489833899806,"{""42"": 0.847768926013252, ""48"": 1.4045791128444528e-06, ""55"": 4.12880392950347e-10, ""57"": 1.942958848237051e-10, ""70"": 1.414411846677422e-10, ""94"": 0.15222966699572654, ""103"": 1.8554210188751142e-10, ""104"": 9.666839121964382e-10, ""106"": 5.110648757863711e-10}","[0.020521459602006447, 0.26232523580277756, 0.040904321205235385, 0.6762489833899806]",0.4265774077799853,42,0.847768926013252,0.9999999975880913
707,3,3,1,0,5,0.7921015973758249,"{""42"": 0.8198259183479389, ""47"": 2.860171504323534e-10, ""48"": 5.124614849750146e-06, ""55"": 6.134340289335323e-10, ""57"": 4.253366549827633e-10, ""94"": 0.18016895155893287, ""99"": 2.622491091819431e-10, ""104"": 3.372837882508208e-09, ""106"": 5.184036097981543e-10}","[0.14128002530835465, 0.009767017096223891, 0.7921015973758249, 0.0568513602195967]",0.4717162267645988,42,0.8198259183479389,0.9999999945217216
708,2,2,1,0,6,0.9767849149911014,"{""42"": 0.894120261335508, ""44"": 4.343392280478579e-11, ""48"": 1.9901890644119047e-06, ""55"": 5.636941946618304e-10, ""92"": 9.405566516591039e-11, ""94"": 0.10587774597965185, ""99"": 2.490369472777015e-11, ""104"": 8.987070240960569e-10, ""106"": 8.70980966753631e-10}","[0.013444734606939889, 0.9767849149911014, 0.004659346189701706, 0.0051110042122571074]",0.337836963098136,42,0.894120261335508,0.9999999975042243
709,1,1,1,0,4,0.4057086533323603,"{""42"": 0.8558683133435699, ""44"": 6.931025460855087e-12, ""48"": 5.690728851261128e-06, ""55"": 2.1670951908928053e-10, ""57"": 3.9914514698095416e-11, ""66"": 1.9020762370101237e-10, ""94"": 0.14412599216923885, ""104"": 2.193944362454768e-09, ""106"": 1.110632865794901e-09}","[0.4057086533323603, 0.18466665122187378, 0.2937932316022181, 0.11583146384354781]",0.41245684326991155,42,0.8558683133435699,0.99999999624166
710,2,2,1,0,5,0.687609506880465,"{""42"": 0.9909781490132568, ""48"": 3.534928811012081e-06, ""55"": 4.863120832921365e-10, ""57"": 1.4604650070495294e-10, ""94"": 0.009018312317245305, ""104"": 1.852854608857184e-09, ""106"": 1.2554737631577612e-09}","[0.2905180316149381, 0.687609506880465, 0.016125137716672934, 0.0057473237879241195]",0.05148818729800827,42,0.9909781490132568,0.999999996259313
711,4,4,1,0,6,0.8353037833855828,"{""42"": 0.9588337878027026, ""48"": 4.960919145079773e-06, ""50"": 9.867410809038611e-12, ""55"": 1.5820397140994997e-10, ""57"": 7.280415651513787e-11, ""94"": 0.04116124775500255, ""104"": 2.2566245627060987e-09, ""106"": 9.714185168945816e-10, ""113"": 5.4231035539415256e-11}","[0.020172265116899974, 0.07179074630968792, 0.0727332051878293, 0.8353037833855828]",0.17168267748988558,42,0.9588337878027026,0.9999999964768501
712,3,3,1,0,6,0.5551720090776433,"{""34"": 6.572827951559968e-12, ""42"": 0.9102615050099072, ""48"": 5.619728788361353e-07, ""55"": 2.0304947088154212e-10, ""57"": 8.167442556604024e-11, ""94"": 0.08973793195211659, ""104"": 2.762801367433587e-10, ""106"": 4.3989820043784427e-10, ""113"": 5.7622365121611246e-11}","[0.05150167274727761, 0.010945385170097329, 0.5551720090776433, 0.3823809330049817]",0.30193969507339596,42,0.9102615050099072,0.9999999989349025
713,1,1,1,0,6,0.8261673070948478,"{""34"": 2.2967581153439333e-11, ""42"": 0.9282867473339561, ""48"": 9.746527150891056e-07, ""55"": 2.575818949030454e-10, ""94"": 0.07171227648748978, ""97"": 1.6246870314970465e-11, ""103"": 6.184431282355986e-11, ""104"": 5.159320436736851e-10, ""106"": 6.512662085040447e-10}","[0.8261673070948478, 0.018936571738697748, 0.1405586945072866, 0.014337426659167925]",0.2580601504340501,42,0.9282867473339561,0.999999998474161
714,2,2,1,0,6,0.9164126216983697,"{""25"": 1.4767443555470188e-11, ""42"": 0.8997144778638511, ""48"": 2.1769620240994886e-06, ""50"": 5.774302674194029e-11, ""94"": 0.10028334324815505, ""97"": 2.2838490083436997e-11, ""103"": 4.262250188135619e-11, ""104"": 1.2677486949954281e-09, ""106"": 5.202494431024629e-10}","[0.05142754634158509, 0.9164126216983697, 0.003606353480097387, 0.02855347847994786]",0.32573546784199353,42,0.8997144778638511,0.9999999980740302
715,1,1,1,0,4,0.8024052223113841,"{""36"": 9.597366851047677e-12, ""42"": 0.8889807916459465, ""48"": 3.2801840089260323e-06, ""50"": 5.042831431623013e-12, ""55"": 6.408198748836859e-11, ""94"": 0.11101592642406602, ""97"": 2.6434917560439403e-11, ""104"": 1.0505972453602685e-09, ""106"": 5.9022427849201e-10}","[0.8024052223113841, 0.0941740043632683, 0.039223739071744215, 0.06419703425360342]",0.34867847236487715,42,0.8889807916459465,0.9999999982540214
716,1,1,1,0,5,0.8327152373432006,"{""42"": 0.9409607625656811, ""48"": 3.3686775919444394e-06, ""50"": 3.5684766997120544e-11, ""55"": 1.3659199439954356e-10, ""92"": 5.988420728271685e-11, ""94"": 0.059035866556829825, ""97"": 4.042405625038123e-11, ""104"": 1.0501214746307068e-09, ""106"": 8.771906202203071e-10}","[0.8327152373432006, 0.12831140099898586, 0.027210819922304272, 0.011762541735509275]",0.22435205367364003,42,0.9409607625656811,0.9999999978001028
717,2,2,1,0,6,0.7340828129972377,"{""40"": 1.1816166668984989e-11, ""42"": 0.9093294652271565, ""48"": 3.330717279622051e-06, ""50"": 6.464830766231428e-11, ""55"": 9.240133350863617e-12, ""92"": 6.231872995269312e-11, ""94"": 0.09066720221835925, ""104"": 1.2604799844286848e-09, ""106"": 4.287014459741833e-10}","[0.1957450072861004, 0.7340828129972377, 0.01719720904528245, 0.052974970671379476]",0.3041238362668168,42,0.9093294652271565,0.9999999981627954
718,3,3,1,0,6,0.7787928676957349,"{""42"": 0.8998469648400327, ""48"": 2.9034825961685348e-06, ""50"": 5.021959470752653e-12, ""67"": 4.3098605278891525e-11, ""91"": 6.009189538399062e-11, ""92"": 7.818466823732087e-11, ""94"": 0.10015013051735935, ""104"": 7.386655505203117e-10, ""106"": 2.3494910225042884e-10}","[0.01217979681400407, 0.030670282859906507, 0.7787928676957349, 0.17835705263035462]",0.32545236018503965,42,0.8998469648400327,0.9999999988399881
719,1,1,1,0,4,0.569563693327693,"{""42"": 0.8981294675370157, ""48"": 3.6823937402994586e-06, ""55"": 4.399675537690368e-11, ""67"": 1.6624615872812075e-11, ""84"": 7.026121778365833e-12, ""92"": 1.0511493786004353e-10, ""94"": 0.10186684879414463, ""104"": 8.18918417151637e-10, ""106"": 2.83418356229917e-10}","[0.569563693327693, 0.31359007073654316, 0.08487495049023512, 0.03197128544552879]",0.3292149929761565,42,0.8981294675370157,0.9999999987249006
720,2,2,1,0,6,0.7813351204007579,"{""23"": 2.6067681431194283e-11, ""42"": 0.9004989959019547, ""48"": 2.6496884434173644e-06, ""50"": 2.4426871636920932e-11, ""55"": 5.6044552467423634e-12, ""92"": 4.272754113156424e-11, ""94"": 0.09949835333297251, ""104"": 8.211211455629857e-10, ""106"": 1.5668168711122309e-10}","[0.0936635331130187, 0.7813351204007579, 0.0138694371795138, 0.11113190930670955]",0.32401576376621205,42,0.9004989959019547,0.9999999989233707
721,4,2,0,1,5,0.40030727263023286,"{""42"": 0.96118846638098, ""48"": 3.4574669020750115e-06, ""50"": 3.4828440481545722e-12, ""67"": 3.8388655773186096e-11, ""84"": 6.6163287511569074e-12, ""92"": 9.010398265174485e-11, ""94"": 0.03880807499998303, ""104"": 5.982567598174737e-10, ""106"": 4.152861608494648e-10}","[0.02765455583196602, 0.5120461066134415, 0.0599920649243597, 0.40030727263023286]",0.16418429287391326,42,0.96118846638098,0.9999999988478652
722,3,3,1,0,6,0.7633037717727889,"{""11"": 4.7863784859398176e-11, ""42"": 0.991364567700594, ""48"": 7.985920641027459e-06, ""55"": 7.42798505904586e-11, ""84"": 1.0133807023962386e-10, ""92"": 8.500898585555344e-11, ""94"": 0.008627441326274866, ""104"": 3.0924559012137865e-09, ""106"": 1.6515433435343457e-09}","[0.0384010919315234, 0.17273664966895388, 0.7633037717727889, 0.025558486626733923]",0.049696443858769146,42,0.991364567700594,0.9999999949475099
723,1,1,1,0,5,0.8589734413278446,"{""42"": 0.9582409365264897, ""48"": 3.855442807719419e-06, ""55"": 5.007572241564752e-11, ""62"": 7.931081077390604e-12, ""84"": 1.4030210580873899e-11, ""94"": 0.04175520706549078, ""103"": 4.92663921292686e-11, ""104"": 5.016462804365924e-10, ""106"": 3.422622783369882e-10}","[0.8589734413278446, 0.04526099872350401, 0.06404590085002469, 0.031719659098626674]",0.1735345016348574,42,0.9582409365264897,0.9999999990347881
724,2,2,1,0,6,0.8481705592254389,"{""37"": 6.21648519548729e-12, ""42"": 0.9708892690159473, ""48"": 4.023369654339466e-06, ""50"": 2.2975688510925198e-11, ""55"": 5.990881541716922e-11, ""84"": 1.3483664558489292e-11, ""94"": 0.029106706314861463, ""104"": 6.469159198753543e-10, ""106"": 5.500363690245225e-10}","[0.020001965116790636, 0.8481705592254389, 0.03846541031220522, 0.09336206534556528]",0.13167706396194614,42,0.9708892690159473,0.9999999987004631
725,4,4,1,0,5,0.801129500079201,"{""42"": 0.9707192098438391, ""44"": 1.630905730782428e-12, ""48"": 4.025138115103197e-06, ""55"": 7.989923636834467e-12, ""94"": 0.02927676377895429, ""103"": 2.0586150572566377e-12, ""104"": 5.810725531933764e-10, ""106"": 6.454245472370921e-10}","[0.0930699505874443, 0.01708674466929721, 0.0887138046640575, 0.801129500079201]",0.13227300655408408,42,0.9707192098438391,0.9999999987609085
726,2,2,1,0,4,0.5595017046862405,"{""42"": 0.9472648300268702, ""48"": 6.008668472371587e-08, ""55"": 2.088617131568585e-11, ""56"": 3.2593853104815267e-12, ""92"": 2.023464216184892e-12, ""94"": 0.05273510956091601, ""103"": 6.569887995379393e-12, ""104"": 1.0198436452491672e-10, ""106"": 1.908056746445569e-10}","[0.27956382962694626, 0.5595017046862405, 0.04093672909493128, 0.11999773659188188]",0.2064922488468251,42,0.9472648300268702,0.999999999674471
727,1,1,1,0,5,0.9583897917078722,"{""42"": 0.9424339824712631, ""47"": 4.372597707677515e-12, ""48"": 4.599330915021818e-07, ""55"": 4.6732503357242195e-11, ""92"": 8.154003010297028e-12, ""94"": 0.05756555727281266, ""103"": 1.712036249240482e-11, ""104"": 1.61817295846803e-10, ""106"": 8.463612481437153e-11}","[0.9583897917078722, 0.02981779661529203, 0.003854928698596334, 0.007937482978239268]",0.2202230001171452,42,0.9424339824712631,0.9999999996771672
728,2,2,1,0,6,0.480381603111215,"{""42"": 0.9360842694593203, ""47"": 5.182476532731812e-12, ""48"": 1.6343951536060132e-06, ""55"": 2.876734704993882e-11, ""57"": 2.2563302279113475e-12, ""94"": 0.06391409561260171, ""97"": 5.117670733781282e-12, ""104"": 2.827274730681015e-10, ""106"": 2.0887323408638104e-10}","[0.02855666597055751, 0.480381603111215, 0.0265374501948698, 0.46452428072335766]",0.2376274714714912,42,0.9360842694593203,0.9999999994670757
729,1,1,1,0,5,0.5780598419102594,"{""20"": 1.83818807757453e-12, ""42"": 0.9638783805387255, ""47"": 7.840017327032905e-12, ""48"": 3.2938109061636286e-06, ""55"": 1.179163405253837e-11, ""57"": 2.7309092934370146e-12, ""94"": 0.03611832492538454, ""104"": 3.221732039560818e-10, ""106"": 3.786097045258173e-10}","[0.5780598419102594, 0.3656893271176777, 0.04417946232399968, 0.012071368648063218]",0.15545015795964728,42,0.9638783805387255,0.9999999992750163
730,3,3,1,0,6,0.9311722101377757,"{""42"": 0.95547185553381, ""44"": 1.301812021499009e-11, ""47"": 9.090536494058548e-12, ""48"": 2.3253998099741085e-06, ""57"": 3.1542736651622305e-12, ""94"": 0.04452581853591675, ""104"": 3.3150779038028285e-10, ""106"": 1.7369263721933086e-10}","[0.02886722024190852, 0.023135634719758835, 0.9311722101377757, 0.01682493490055689]",0.18210226037777635,42,0.95547185553381,0.9999999994695367
731,1,1,1,0,4,0.6000148320301734,"{""15"": 1.5291042635933377e-12, ""42"": 0.9429608068851348, ""44"": 1.45685520310251e-11, ""47"": 2.5228738102609577e-12, ""48"": 2.2566336234871628e-06, ""55"": 1.2089376963253076e-11, ""94"": 0.05703693610094733, ""104"": 1.615772059489355e-10, ""106"": 1.8800739579895913e-10}","[0.6000148320301734, 0.31045089971008016, 0.07155093531112491, 0.017983332948621533]",0.2187669557784029,42,0.9429608068851348,0.9999999996197056
732,2,2,1,0,6,0.7442599162983226,"{""42"": 0.9690038861105797, ""44"": 1.8654849459156163e-11, ""48"": 2.071933972309056e-06, ""50"": 7.553018578175817e-12, ""55"": 2.1212167541888237e-11, ""94"": 0.03099404147775711, ""104"": 2.0861535802272376e-10, ""106"": 2.21655356467017e-10}","[0.18137781937944505, 0.7442599162983226, 0.04912499874981393, 0.02523726557241852]",0.13820988861526304,42,0.9690038861105797,0.9999999995223091
733,2,2,1,0,5,0.8454371814945609,"{""42"": 0.9547414565599042, ""44"": 2.119091569958314e-12, ""48"": 1.9246685854577906e-06, ""55"": 2.7227675476714593e-11, ""92"": 4.101695291583823e-12, ""94"": 0.04525661846519711, ""104"": 1.7856560635436577e-10, ""106"": 9.358794276068113e-11}","[0.09517563904191573, 0.8454371814945609, 0.007842787403600126, 0.05154439205992318]",0.18433152686925494,42,0.9547414565599042,0.9999999996936868
734,4,4,1,0,6,0.714529042832826,"{""42"": 0.9474746835490852, ""48"": 2.2605600062305793e-06, ""55"": 2.650598198690718e-11, ""94"": 0.05252305562689233, ""104"": 1.4349044095268587e-10, ""106"": 9.22022986114543e-11}","[0.005708943690083046, 0.008795330248554306, 0.2709666832285367, 0.714529042832826]",0.2059097916882274,42,0.9474746835490852,0.9999999997359836
735,3,3,1,0,4,0.8863897509346438,"{""21"": 2.655433217194302e-12, ""42"": 0.9548466440294251, ""48"": 8.631114022050699e-07, ""55"": 2.2209510589329937e-11, ""57"": 6.002302193617947e-12, ""75"": 3.265929915951147e-12, ""94"": 0.04515249258539946, ""104"": 1.2943161255036319e-10, ""106"": 1.1020841748687065e-10}","[0.07379807217308536, 0.02088582377810797, 0.8863897509346438, 0.01892635311416292]",0.1839996200280908,42,0.9548466440294251,0.9999999997262268
736,4,4,1,0,5,0.33186015705057337,"{""42"": 0.9467423186747146, ""48"": 1.1276588628728633e-06, ""55"": 2.4566362316905833e-11, ""94"": 0.053256553449384854, ""103"": 3.836585483026885e-12, ""104"": 7.696209106711605e-11, ""106"": 1.0977137914607575e-10, ""107"": 1.5647471689838548e-12}","[0.1661614203290779, 0.1924132899802562, 0.30956513264009256, 0.33186015705057337]",0.2080110719720461,42,0.9467423186747146,0.9999999997829623
737,1,1,1,0,5,0.5879429167053531,"{""22"": 4.964678478270669e-12, ""42"": 0.9618369905731422, ""48"": 1.7704778057940225e-06, ""55"": 2.259132999475602e-11, ""92"": 5.825619852091828e-12, ""94"": 0.03816123849270985, ""103"": 8.340042848084719e-12, ""104"": 2.1330038929461574e-10, ""106"": 2.0132009166255357e-10}","[0.5879429167053531, 0.13574510397394698, 0.24243458494604225, 0.033877394374657616]",0.16208093988126906,42,0.9618369905731422,0.9999999995436578
738,3,3,1,0,5,0.9015332659007336,"{""19"": 1.8001126365269692e-12, ""42"": 0.9963863574496113, ""48"": 1.2524912693074654e-06, ""50"": 3.568644833444426e-12, ""55"": 2.7174745382055846e-11, ""92"": 2.5952297219728904e-12, ""94"": 0.0036123897056534043, ""104"": 1.2811052454253032e-10, ""106"": 1.9021676862739957e-10}","[0.03616692785794098, 0.04682665461561159, 0.9015332659007336, 0.015473151625713869]",0.023937996161890678,42,0.9963863574496113,0.999999999646534
739,2,2,1,0,6,0.539613064607528,"{""42"": 0.9800582845743387, ""48"": 1.1638856174336637e-06, ""50"": 3.748216436931793e-12, ""55"": 2.731773734340129e-11, ""92"": 4.902735967417753e-12, ""94"": 0.019940551289601628, ""104"": 6.006974585587794e-11, ""106"": 1.5368438357404593e-10}","[0.13956331400586552, 0.539613064607528, 0.30794284562779917, 0.012880775758807377]",0.09782470886000295,42,0.9800582845743387,0.9999999997495578
740,1,1,1,0,5,0.8300152280554258,"{""42"": 0.9777426296402162, ""48"": 1.6115771424702287e-06, ""55"": 1.677063868924108e-11, ""92"": 2.4540977031021536e-12, ""94"": 0.022255758588383218, ""104"": 9.428521281331273e-11, ""106"": 7.926660857883542e-11}","[0.8300152280554258, 0.015306242239754596, 0.133608501925738, 0.021070027779081416]",0.10671591666121977,42,0.9777426296402162,0.999999999805742
741,3,3,1,0,6,0.9163513154558955,"{""42"": 0.9766001431222451, ""48"": 1.8580975673619154e-06, ""55"": 1.1031218965093457e-11, ""92"": 2.94636458410159e-12, ""94"": 0.023397998511599998, ""103"": 2.871532624265675e-12, ""104"": 1.189256396682354e-10, ""106"": 1.3242087065202382e-10}","[0.008819430025335778, 0.02724642534831565, 0.9163513154558955, 0.047582829170452895]",0.11101038137136414,42,0.9766001431222451,0.9999999997314124
742,2,2,1,0,6,0.8396075796548301,"{""42"": 0.9667910833509862, ""44"": 2.3626747996802264e-12, ""48"": 1.976600710632291e-06, ""50"": 1.9082414660897886e-12, ""55"": 1.9696139673700683e-11, ""94"": 0.033206939841420216, ""103"": 5.6207233726645434e-12, ""104"": 8.31172638547055e-11, ""106"": 9.417791548200229e-11}","[0.12533178440671885, 0.8396075796548301, 0.007027442970454992, 0.028033192967995987]",0.1457467693654904,42,0.9667910833509862,0.999999999793117
743,1,1,1,0,5,0.4220276659712594,"{""42"": 0.9649508820355281, ""48"": 1.9260007611912825e-06, ""55"": 2.407887042839505e-11, ""92"": 2.473757076006785e-12, ""94"": 0.035047191788244426, ""104"": 7.237065843432653e-11, ""106"": 7.605403682832578e-11}","[0.4220276659712594, 0.2821599412943774, 0.02042451970424344, 0.2753878730301199]",0.15189817874597303,42,0.9649508820355281,0.9999999998245338
744,2,2,1,0,4,0.8337043088285397,"{""42"": 0.9982237640356197, ""48"": 1.3699948776639635e-06, ""55"": 3.5139650448037324e-11, ""92"": 3.976117047120734e-12, ""94"": 0.0017748657738923658, ""104"": 3.9922720380367886e-11, ""106"": 1.1615014203432505e-10}","[0.11415676058844104, 0.8337043088285397, 0.043658192849960656, 0.00848073773305855]",0.013035211900824475,42,0.9982237640356197,0.9999999998043898
745,3,3,1,0,5,0.4778886087482094,"{""42"": 0.9935142465905759, ""48"": 1.7826964191837978e-06, ""55"": 3.0138452205107753e-11, ""92"": 4.023867564165084e-12, ""94"": 0.0064839703969217545, ""104"": 1.1238276140388364e-10, ""106"": 1.6766051278795752e-10, ""115"": 1.8617438879968964e-12}","[0.28228928289171007, 0.04395627616952778, 0.4778886087482094, 0.19586583219055279]",0.03915726141908071,42,0.9935142465905759,0.9999999996839167
746,3,3,1,0,6,0.681902811683751,"{""42"": 0.9982278527913223, ""48"": 1.309515630358825e-08, ""55"": 1.607227893132202e-11, ""94"": 0.00177213392904155, ""104"": 2.134919492657907e-11, ""106"": 1.4604324288347947e-10}","[0.1594437634000746, 0.014516413018408636, 0.681902811683751, 0.1441370118977658]",0.01299829803965985,42,0.9982278527913223,0.9999999998155201
747,3,3,1,0,4,0.5412221903901733,"{""42"": 0.9983718169078695, ""48"": 4.509254609305248e-09, ""55"": 1.8330129904403923e-11, ""94"": 0.0016281784139782537, ""104"": 1.1564856449433676e-11, ""106"": 1.3852868381185718e-10}","[0.12247849538572105, 0.04395996394693681, 0.5412221903901733, 0.29233935027716895]",0.012080330608293433,42,0.9983718169078695,0.9999999998311023
748,4,4,1,0,4,0.773760093703663,"{""42"": 0.998945256941597, ""48"": 1.7746336367704118e-09, ""55"": 1.2225560677245164e-11, ""94"": 0.0010547411381781596, ""104"": 9.686656890982168e-12, ""106"": 1.2344019640253465e-10}","[0.011798303130399182, 0.1725844760386691, 0.04185712712726863, 0.773760093703663]",0.008283906601503651,42,0.998945256941597,0.9999999998544088
749,4,4,1,0,5,0.741755974901656,"{""42"": 0.9974611443405415, ""48"": 6.915441471988822e-08, ""55"": 1.897558315728601e-11, ""57"": 1.2623842540910604e-12, ""94"": 0.0025387862915212606, ""104"": 4.295446733466468e-11, ""106"": 1.4926683710300138e-10}","[0.21455432487146925, 0.026366104696476624, 0.01732359553039807, 0.741755974901656]",0.01770873754890305,42,0.9974611443405415,0.9999999997864775
750,2,2,1,0,5,0.5462401196803949,"{""42"": 0.9932177537608338, ""48"": 1.4854355447295951e-07, ""55"": 2.1697248058609648e-11, ""57"": 2.7370515202214014e-12, ""94"": 0.006782097485825663, ""98"": 1.5326316868176688e-12, ""103"": 1.4945095870762725e-12, ""104"": 6.667555999614317e-11, ""106"": 1.1564940758813481e-10}","[0.17980209168229483, 0.5462401196803949, 0.25912590135553076, 0.014831887281779508]",0.040627727598881,42,0.9932177537608338,0.9999999997902139
751,1,1,1,0,4,0.7855706781527686,"{""42"": 0.9979501383768422, ""48"": 1.7669729484417145e-07, ""94"": 0.002049684776654584, ""104"": 4.259885396716331e-11, ""106"": 1.0471202225428334e-10}","[0.7855706781527686, 0.028495208381578468, 0.17397787320761307, 0.01195624025803985]",0.014738200871929306,42,0.9979501383768422,0.9999999998507916
752,4,1,0,1,4,0.29453654361937937,"{""42"": 0.994952824420755, ""48"": 2.4734588172135395e-07, ""94"": 0.005046928116545469, ""104"": 4.763323376287351e-11, ""106"": 6.698751974901922e-11}","[0.610618377641871, 0.031538451902919866, 0.06330662683582988, 0.29453654361937937]",0.03173126184492323,42,0.994952824420755,0.9999999998831823
753,3,3,1,0,5,0.5950518730661774,"{""3"": 2.0045328916086165e-11, ""32"": 1.2354101071631691e-11, ""42"": 0.97473435042101, ""48"": 2.8882553450972708e-06, ""55"": 8.663937518589934e-11, ""94"": 0.02526275884035841, ""103"": 2.211291934463662e-11, ""104"": 8.846408707073702e-10, ""106"": 1.4574938660447176e-09}","[0.022531800911976332, 0.2899867417748576, 0.5950518730661774, 0.09242958424698872]",0.11790777841074264,42,0.97473435042101,0.9999999975167135
754,4,4,1,0,4,0.8180462874332036,"{""42"": 0.9967218222517047, ""48"": 8.702540825686176e-08, ""55"": 1.8476887362777144e-11, ""94"": 0.003278090382560959, ""104"": 2.732364649175444e-11, ""106"": 2.9254657774612603e-10}","[0.07290991978418379, 0.0460379010594981, 0.0630058917231145, 0.8180462874332036]",0.022026518126717826,42,0.9967218222517047,0.9999999996596739
755,2,2,1,0,5,0.46254753165499435,"{""42"": 0.9930512933754878, ""48"": 2.339653852729637e-07, ""55"": 1.7440864820669232e-11, ""67"": 1.5664669322987165e-12, ""92"": 1.4463879351520144e-12, ""94"": 0.006948472415896063, ""104"": 6.042203146690371e-11, ""106"": 1.615516662098547e-10}","[0.0848862420487159, 0.46254753165499435, 0.364020736170159, 0.0885454901261307]",0.04145666753894093,42,0.9930512933754878,0.9999999997567691
756,3,3,1,0,6,0.9718077183259477,"{""40"": 1.1974569929170008e-12, ""42"": 0.9940305539134384, ""48"": 2.465540018662156e-07, ""55"": 2.0744826814708343e-11, ""67"": 3.4640749557350526e-12, ""94"": 0.005969199177674873, ""103"": 1.8247895958133818e-12, ""104"": 8.065557851488122e-11, ""106"": 2.469982340791509e-10}","[0.0031780099231048407, 0.007411229246301541, 0.9718077183259477, 0.01760304250464606]",0.036524472504351424,42,0.9940305539134384,0.9999999996451152
757,1,1,1,0,6,0.8492802442075832,"{""42"": 0.9954745214373315, ""48"": 1.000902209871937e-07, ""55"": 1.796331412522684e-11, ""61"": 1.2957999276257523e-12, ""94"": 0.004525378236317063, ""103"": 2.3617949181384308e-12, ""104"": 1.9838353860374684e-11, ""106"": 1.9435559068597834e-10}","[0.8492802442075832, 0.02851797301616834, 0.10616758410249613, 0.016034198673752262]",0.02894507828363031,42,0.9954745214373315,0.9999999997638696
758,2,2,1,0,5,0.9658575616653893,"{""42"": 0.9972830932148, ""48"": 1.1447656297565256e-07, ""55"": 1.3583021652933403e-11, ""61"": 1.993630897038654e-12, ""94"": 0.0027167920841724867, ""104"": 2.7073217896514034e-11, ""106"": 1.8068878200204232e-10}","[0.02535331587953467, 0.9658575616653893, 0.0064562733153876875, 0.002332849139688375]",0.01876667956455625,42,0.9972830932148,0.9999999997755356
759,3,3,1,0,5,0.7356547245375109,"{""42"": 0.9963885955606547, ""48"": 1.6534372730866938e-07, ""55"": 1.0660333253230482e-11, ""94"": 0.0036112388803742454, ""104"": 3.5021824538849024e-11, ""106"": 1.6849036506553538e-10}","[0.017004798582259614, 0.22186863175383284, 0.7356547245375109, 0.025471845126396636]",0.02391600219851609,42,0.9963885955606547,0.9999999997847563
760,2,2,1,0,5,0.6793416078592642,"{""42"": 0.9972729694907038, ""48"": 5.82960682670409e-08, ""55"": 1.3209297619326807e-11, ""94"": 0.002726972041718773, ""104"": 7.1826656526291456e-12, ""106"": 1.504939117964327e-10}","[0.11538784648627166, 0.6793416078592642, 0.13833808287806507, 0.06693246277639903]",0.01882586317947519,42,0.9972729694907038,0.9999999998284909
761,4,4,1,0,5,0.8531953988802472,"{""42"": 0.9962370988709287, ""48"": 6.310918722047537e-08, ""55"": 1.4900162912105263e-11, ""94"": 0.0037628379678985354, ""104"": 1.1872373635181367e-11, ""106"": 2.405948315859035e-11}","[0.10750730659271703, 0.014800645735219277, 0.024496648791816532, 0.8531953988802472]",0.024763210920111196,42,0.9962370988709287,0.9999999999480145
762,3,3,1,0,4,0.6262919059278317,"{""42"": 0.9953921075282336, ""48"": 2.9218672040055122e-08, ""55"": 1.4862340992540855e-11, ""94"": 0.004607863188776037, ""104"": 7.288293553849967e-12, ""106"": 4.110217438783746e-11}","[0.03457910826612557, 0.26358270336788947, 0.6262919059278317, 0.07554628243815328]",0.029388030957214827,42,0.9953921075282336,0.9999999999356817
763,4,1,0,1,4,0.4335751035606913,"{""42"": 0.9951654228233516, ""48"": 5.589346460720269e-08, ""55"": 1.0449143885505198e-11, ""94"": 0.004834521248835472, ""104"": 8.948560854123974e-12, ""106"": 1.421367728414843e-11}","[0.49386195488377477, 0.02163119752204799, 0.05093174403348598, 0.4335751035606913]",0.030601343610453923,42,0.9951654228233516,0.9999999999656517
764,2,4,0,1,4,0.2049689865650015,"{""42"": 0.9899768336449127, ""48"": 5.135624460857144e-08, ""55"": 2.4461931883942123e-11, ""94"": 0.010023114931897144, ""104"": 1.467901685716099e-11, ""106"": 2.6733072392677106e-11}","[0.18178131171311995, 0.2049689865650015, 0.042002649924853516, 0.571247051797025]",0.056108637811121145,42,0.9899768336449127,0.9999999999330544
765,4,4,1,0,5,0.8386405954900924,"{""42"": 0.9940628200643301, ""48"": 5.504922432086137e-07, ""50"": 1.851897007204718e-12, ""55"": 2.2094041114092188e-12, ""94"": 0.005936628823592385, ""95"": 2.992102220614316e-12, ""103"": 1.599109891861377e-12, ""104"": 1.0400513438743403e-10, ""106"": 5.07176716347612e-10}","[0.019445154834689046, 0.026054874852834916, 0.11585937482238359, 0.8386405954900924]",0.036362270837712866,42,0.9940628200643301,0.9999999993801657
766,2,2,1,0,4,0.9647336167484621,"{""42"": 0.9974335849671765, ""48"": 1.5384892844366177e-07, ""55"": 6.923459812102829e-12, ""94"": 0.0025662609881406976, ""104"": 2.5798712004530323e-11, ""106"": 1.6159871296114029e-10}","[0.02847090050862709, 0.9647336167484621, 0.0030087513368434165, 0.0037867314060673323]",0.01787406722682026,42,0.9974335849671765,0.9999999998042457
767,2,2,1,0,4,0.8070489680714579,"{""42"": 0.9963773119786632, ""48"": 1.172463216585599e-07, ""55"": 1.7212434815562606e-12, ""94"": 0.0036225706358397653, ""104"": 1.567306900219372e-11, ""106"": 1.2106238277432363e-10}","[0.136039543512151, 0.8070489680714579, 0.04939957658740117, 0.007511911828990032]",0.023978909358094127,42,0.9963773119786632,0.9999999998608247
768,4,4,1,0,5,0.8783419988254373,"{""42"": 0.9976686170522956, ""48"": 8.822652280047957e-08, ""94"": 0.0023312946064720547, ""104"": 1.4974298242305006e-11, ""106"": 9.904241242967473e-11}","[0.011547606236062451, 0.004951344883683971, 0.10515905005481635, 0.8783419988254373]",0.01646084845853141,42,0.9976686170522956,0.9999999998852904
769,3,3,1,0,4,0.7385428431393103,"{""42"": 0.9968884695730623, ""48"": 6.964449379142676e-08, ""55"": 2.904433430929125e-12, ""94"": 0.0031114606765587065, ""104"": 1.1986516608229172e-11, ""106"": 9.025542941477222e-11}","[0.014782572863049986, 0.0068117595694396, 0.7385428431393103, 0.2398628244282001]",0.021069248705608865,42,0.9968884695730623,0.9999999998941148
770,1,1,1,0,4,0.5392561584060541,"{""42"": 0.9965651713099395, ""48"": 9.14890663628546e-08, ""55"": 4.5522747836146655e-12, ""94"": 0.0034347371162970044, ""104"": 1.2348712639400515e-11, ""106"": 6.767572604814066e-11}","[0.5392561584060541, 0.38405007420892506, 0.07021241033953417, 0.0064813570454866146]",0.02291847026924492,42,0.9965651713099395,0.9999999999153029
771,1,1,1,0,4,0.6064849290296132,"{""42"": 0.997067541215042, ""48"": 9.153259484405541e-08, ""55"": 4.813544158328048e-12, ""94"": 0.002932367165227981, ""104"": 1.6304711235483887e-11, ""106"": 6.55164711353538e-11}","[0.6064849290296132, 0.11456902458234237, 0.010300410702103389, 0.2686456356859411]",0.02003104526599491,42,0.997067541215042,0.9999999999128648
772,2,2,1,0,6,0.673022756084288,"{""42"": 0.997089649164037, ""48"": 8.268969839930466e-08, ""55"": 1.556358484828349e-12, ""94"": 0.002910268101902952, ""104"": 6.755708238042905e-12, ""106"": 3.5863365621025326e-11}","[0.15698293585220208, 0.673022756084288, 0.014546987476325374, 0.15544732058718463]",0.019902001142210583,42,0.997089649164037,0.9999999999556384
773,3,3,1,0,4,0.9218500317611908,"{""42"": 0.9992700037894668, ""48"": 6.935819214492239e-08, ""94"": 0.0007299267913158636, ""104"": 4.677480901445948e-12, ""106"": 5.58599138219663e-11}","[0.015406189395236962, 0.005417556763264263, 0.9218500317611908, 0.057326222080307895]",0.0060028191078475525,42,0.9992700037894668,0.9999999999389749
774,1,1,1,0,4,0.7195595522970959,"{""42"": 0.998259761012756, ""48"": 3.584940058316471e-08, ""55"": 1.6819387728222624e-12, ""94"": 0.0017402030640581213, ""104"": 3.5887714419354805e-12, ""106"": 6.815910903990164e-11}","[0.7195595522970959, 0.031530533634982136, 0.03029405259203386, 0.21861586147588813]",0.01279616149356798,42,0.998259761012756,0.9999999999262147
775,3,3,1,0,5,0.8952442981849873,"{""42"": 0.9989563269453907, ""48"": 4.958210403870451e-08, ""55"": 1.7008465877008882e-12, ""94"": 0.0010436233863646092, ""104"": 3.6614774806508294e-12, ""106"": 8.049572562539238e-11}","[0.06218165727204365, 0.011495225899711903, 0.8952442981849873, 0.031078818643257098]",0.008208497825073732,42,0.9989563269453907,0.9999999999138595
776,4,4,1,0,4,0.9686251202403533,"{""42"": 0.9988952288041635, ""48"": 1.1090879514417159e-08, ""55"": 2.681800695929662e-12, ""94"": 0.0011047600131928552, ""104"": 2.0266342922856565e-12, ""106"": 8.689715133348838e-11}","[0.0031669313072023005, 0.009029717036574902, 0.019178231415869523, 0.9686251202403533]",0.00862571264874494,42,0.9988952288041635,0.9999999999082358
777,2,4,0,1,6,0.289773660822865,"{""42"": 0.9977285614113729, ""48"": 4.401564810662211e-08, ""55"": 3.819909381638866e-12, ""94"": 0.0022713944767122213, ""104"": 6.79705452442676e-12, ""106"": 8.528760407453373e-11}","[0.04443063062835939, 0.289773660822865, 0.01978381501490095, 0.6460118935338747]",0.016096403649533436,42,0.9977285614113729,0.9999999999037332
778,3,3,1,0,6,0.7079290647225327,"{""42"": 0.9954278612109981, ""48"": 2.86353427595848e-07, ""55"": 4.157451917190651e-12, ""68"": 1.2392353379267275e-12, ""94"": 0.004571851938083229, ""104"": 2.5528860232876642e-11, ""106"": 4.658255632737087e-10}","[0.006286803807573278, 0.0777532030969557, 0.7079290647225327, 0.20803092837293835]",0.029198388259911428,42,0.9954278612109981,0.999999999502509
779,4,4,1,0,6,0.9713224728281132,"{""42"": 0.9985684588277004, ""48"": 3.016287329153101e-08, ""55"": 2.6995388023571377e-12, ""94"": 0.0014315108653668348, ""104"": 4.656799346753592e-12, ""106"": 1.365269171388815e-10}","[0.0033092436332001905, 0.010278036689489048, 0.015090246849197565, 0.9713224728281132]",0.010806041868547316,42,0.9985684588277004,0.9999999998559406
780,4,4,1,0,4,0.5040552886011661,"{""42"": 0.9985372837476378, ""48"": 3.2259161948334904e-08, ""55"": 3.298105351562825e-12, ""94"": 0.0014626838723341157, ""104"": 3.3657094315373464e-12, ""106"": 1.1390913108340693e-10}","[0.03438607981216356, 0.4068609394830721, 0.05469769210359819, 0.5040552886011661]",0.011009848238821373,42,0.9985372837476378,0.9999999998791339
781,2,2,1,0,6,0.9325231395068232,"{""42"": 0.9985825898694248, ""48"": 6.814231366546066e-08, ""55"": 3.501688604065722e-12, ""94"": 0.0014173418053852747, ""104"": 1.0154717113534739e-11, ""106"": 1.6873103471282867e-10}","[0.0203057343154524, 0.9325231395068232, 0.03954451811697847, 0.007626608060746056]",0.010713839152205954,42,0.9985825898694248,0.9999999998171237
782,4,4,1,0,6,0.6827139353090926,"{""42"": 0.9987833565352994, ""48"": 6.044327956166682e-08, ""55"": 1.204867259746002e-12, ""94"": 0.001216582892571108, ""104"": 5.907753962119189e-12, ""106"": 1.2148965007033639e-10}","[0.17995496316977147, 0.04940256946085394, 0.08792853206028181, 0.6827139353090926]",0.009382261345327504,42,0.9987833565352994,0.9999999998711501
783,1,1,1,0,6,0.9305640234043183,"{""42"": 0.99852029577395, ""48"": 5.020721954775301e-09, ""55"": 1.1241962739549743e-12, ""94"": 0.001479699190761169, ""104"": 1.5697879930678508e-12, ""106"": 1.176599421002724e-11}","[0.9305640234043183, 0.03892718160222627, 0.0034684226266544264, 0.027040372366801003]",0.01112030155576035,42,0.99852029577395,0.9999999999854331
784,4,4,1,0,6,0.7710223665496432,"{""42"": 0.9985899382306334, ""48"": 2.140147238034477e-08, ""94"": 0.0014100403223712055, ""104"": 1.9238558121338286e-12, ""106"": 4.257396030818397e-11}","[0.15425398854928282, 0.009208809430838256, 0.06551483547023572, 0.7710223665496432]",0.010665144027485371,42,0.9985899382306334,0.999999999954477
785,1,1,1,0,6,0.911885886567171,"{""42"": 0.9992546106511782, ""48"": 2.4567538543700708e-08, ""55"": 1.469114925097131e-12, ""94"": 0.0007453647133619593, ""104"": 2.5777181309716367e-12, ""106"": 6.378149704642046e-11}","[0.911885886567171, 0.031685091085589444, 0.004682345632855975, 0.051746676714383696]",0.006113389586686319,42,0.9992546106511782,0.9999999999320787
786,4,4,1,0,6,0.858061425224687,"{""42"": 0.9990162487710511, ""48"": 3.6200845761160424e-08, ""94"": 0.0009837149562860019, ""104"": 2.2056814248562547e-12, ""106"": 6.866233811318737e-11}","[0.007319540238863463, 0.10229951630657486, 0.032319518229874736, 0.858061425224687]",0.007795303050507362,42,0.9990162487710511,0.9999999999281829
787,3,3,1,0,6,0.8068562822477715,"{""42"": 0.9991843373141218, ""48"": 2.5556247170609667e-08, ""55"": 1.327970676336716e-12, ""94"": 0.0008156370497905471, ""104"": 2.6977967831990654e-12, ""106"": 7.565843576480678e-11}","[0.04737896478593205, 0.08673718736317325, 0.8068562822477715, 0.059027565603123056]",0.006616215000155551,42,0.9991843373141218,0.9999999999201595
788,1,1,1,0,6,0.8450948091752007,"{""42"": 0.9996183886102205, ""48"": 1.546813420168896e-09, ""55"": 1.1295575062878939e-12, ""94"": 0.00038160975983751727, ""106"": 8.159429675139989e-11}","[0.8450948091752007, 0.04191835945908979, 0.008825476766031737, 0.10416135459967783]",0.0033852650615642066,42,0.9996183886102205,0.9999999999168714
789,1,1,1,0,5,0.45072761102083964,"{""42"": 0.9995264064467588, ""48"": 1.0616926841560686e-08, ""55"": 1.0422265516414734e-12, ""94"": 0.00047358285348467866, ""106"": 8.091913372521106e-11}","[0.45072761102083964, 0.11868021844220826, 0.41628545487350477, 0.01430671566344739]",0.004099041989971383,42,0.9995264064467588,0.9999999999171704
790,1,1,1,0,6,0.8434117572042217,"{""42"": 0.999584330075258, ""48"": 2.3747660116532936e-08, ""55"": 1.5970490617696934e-12, ""94"": 0.00041564606340589846, ""104"": 2.5333537800606293e-12, ""106"": 1.0942789892289281e-10}","[0.8434117572042217, 0.07306143914053785, 0.02522437648267692, 0.0583024271725636]",0.0036520888305046424,42,0.999584330075258,0.9999999998863242
791,3,3,1,0,5,0.9615204502505199,"{""42"": 0.9992869109347419, ""48"": 2.1816884150479002e-08, ""94"": 0.0007130672205501143, ""104"": 1.4697345318323649e-12, ""106"": 2.628266353352433e-11}","[0.02124991333760174, 0.0066692069528093085, 0.9615204502505199, 0.01056042945906905]",0.005880058935282847,42,0.9992869109347419,0.9999999999721761
792,1,1,1,0,5,0.9763426833243943,"{""42"": 0.9991620637588924, ""48"": 1.2496587280587997e-08, ""94"": 0.0008379236898034914, ""106"": 5.352046785628952e-11}","[0.9763426833243943, 0.007704769622037816, 0.005366207780885441, 0.010586339272682292]",0.006774154151751811,42,0.9991620637588924,0.9999999999452832
793,2,2,1,0,5,0.9184942878024633,"{""42"": 0.9990765367526829, ""48"": 2.3509472171297366e-08, ""94"": 0.0009234396681946225, ""106"": 6.807377216634632e-11}","[0.034265378022774524, 0.9184942878024633, 0.03708694448432747, 0.010153389690434694]",0.007375898363569853,42,0.9990765367526829,0.9999999999303497
794,2,2,1,0,5,0.7685077850651792,"{""42"": 0.9994539321538981, ""48"": 2.6385457098270755e-08, ""94"": 0.0005460413859254166, ""104"": 1.2924108016295601e-12, ""106"": 7.332154858864909e-11}","[0.031294117317501896, 0.7685077850651792, 0.030282869431402865, 0.16991522818591598]",0.004648689256101529,42,0.9994539321538981,0.9999999999252807
795,2,2,1,0,6,0.7572812530047588,"{""42"": 0.999186671342918, ""48"": 2.4629008336124254e-08, ""94"": 0.0008133039946381304, ""106"": 3.2333155108022723e-11}","[0.08312545199922923, 0.7572812530047588, 0.14485566613113285, 0.014737628864879102]",0.006599604606611729,42,0.999186671342918,0.9999999999665645
796,3,3,1,0,6,0.8569393506568621,"{""42"": 0.9992111385278083, ""48"": 2.52687223376927e-08, ""94"": 0.0007888361758993568, ""104"": 1.133577575132667e-12, ""106"": 2.6062262913334406e-11}","[0.04417007673876025, 0.01759406701177642, 0.8569393506568621, 0.08129650559260133]",0.006425189488589038,42,0.9992111385278083,0.9999999999724299
797,2,4,0,1,6,0.2864291991901406,"{""42"": 0.9994252544526391, ""48"": 2.875169720071084e-08, ""94"": 0.000574716743938393, ""104"": 1.5542674841580738e-12, ""106"": 4.9393561580646414e-11}","[0.2810873305974065, 0.2864291991901406, 0.019375367576589107, 0.4131081026358638]",0.004863406417122547,42,0.9994252544526391,0.9999999999482747
798,1,4,0,1,5,0.3717543829552988,"{""42"": 0.9981033552114623, ""48"": 4.9569912166195466e-08, ""55"": 3.1188598319945793e-12, ""94"": 0.0018965952059619483, ""104"": 1.7735533065102401e-12, ""106"": 7.645598372788436e-12}","[0.3717543829552988, 0.16994839618682966, 0.028138178049110174, 0.43015904280876144]",0.01378295939399519,42,0.9981033552114623,0.9999999999873365
799,4,4,1,0,6,0.9129908504047002,"{""42"": 0.9996742215912253, ""48"": 3.7169596758273064e-08, ""55"": 2.7288983139788823e-12, ""94"": 0.0003257411807569148, ""104"": 1.0367245466161585e-12, ""106"": 5.454663272910567e-11}","[0.040044064297226206, 0.011753835146880224, 0.03521125015119331, 0.9129908504047002]",0.0029418712724461364,42,0.9996742215912253,0.999999999941579
800,1,1,1,0,6,0.931260091000194,"{""42"": 0.9993979778199991, ""48"": 1.3559616498326416e-09, ""55"": 1.2761485888545335e-12, ""94"": 0.0006020207927985839, ""106"": 2.960215871629377e-11}","[0.931260091000194, 0.024871999713481644, 0.036615751108909154, 0.007252158177415183]",0.005065985142921284,42,0.9993979778199991,0.9999999999687593
801,4,4,1,0,4,0.7317033015192401,"{""42"": 0.9995393940791412, ""48"": 8.593443925584025e-09, ""94"": 0.0004605972817396289, ""106"": 4.40554222740283e-11}","[0.010881239786945185, 0.026855424411092736, 0.2305600342827221, 0.7317033015192401]",0.003999423205933478,42,0.9995393940791412,0.9999999999543248
802,2,4,0,1,6,0.3978096373967421,"{""42"": 0.9992626189118907, ""48"": 1.6940374740341777e-08, ""55"": 1.06971156137205e-12, ""94"": 0.000737364112937958, ""104"": 1.1607930198428034e-12, ""106"": 3.2513588617175206e-11}","[0.10978236237532915, 0.3978096373967421, 0.023777664062612322, 0.4686303361653165]",0.0060555992480408345,42,0.9992626189118907,0.9999999999652035
803,2,2,1,0,6,0.5561501033044214,"{""42"": 0.9987077993959066, ""48"": 2.50325568525872e-08, ""55"": 1.659742636059434e-12, ""94"": 0.001292175565478304, ""106"": 3.5177722979446977e-12}","[0.4264238514875001, 0.5561501033044214, 0.007424571122172406, 0.010001474085906164]",0.009886616394872759,42,0.9987077993959066,0.9999999999939417
804,3,3,1,0,6,0.8731912894865841,"{""42"": 0.999177932581977, ""48"": 2.062003017466153e-08, ""55"": 1.2570668810582987e-12, ""94"": 0.0008220467803324716, ""106"": 1.5626267662609865e-11}","[0.04720366174268116, 0.00956927402672825, 0.8731912894865841, 0.07003577474400642]",0.006661679394812381,42,0.999177932581977,0.9999999999823396
805,2,2,1,0,6,0.8380792094664941,"{""42"": 0.9996081474183497, ""48"": 8.975102301508702e-10, ""55"": 1.0909941673672567e-12, ""94"": 0.0003918516543996929, ""106"": 2.844753573041331e-11}","[0.1385642576527216, 0.8380792094664941, 0.007400134372946232, 0.015956398507838178]",0.0034657253758134253,42,0.9996081474183497,0.9999999999702596
806,4,4,1,0,5,0.8814087489093922,"{""42"": 0.9994135504561987, ""48"": 5.379466356518278e-09, ""55"": 1.135662779110717e-12, ""94"": 0.0005864441414946048, ""106"": 2.1405831675446586e-11}","[0.005496810771672829, 0.07458933377268845, 0.038505106546246566, 0.8814087489093922]",0.004950365409376669,42,0.9994135504561987,0.9999999999771596
807,4,4,1,0,6,0.8962802913765049,"{""42"": 0.9993578176027474, ""48"": 3.3571660865259494e-09, ""55"": 1.1155443280951465e-12, ""94"": 0.000642179014076312, ""106"": 2.462134561728759e-11}","[0.010517997758759322, 0.006851053622161276, 0.08635065724257455, 0.8962802913765049]",0.005362471266470202,42,0.9993578176027474,0.9999999999739898
808,2,2,1,0,5,0.6034581360033078,"{""42"": 0.9992776989489671, ""48"": 9.474971888874114e-10, ""55"": 1.0896884888973865e-12, ""94"": 0.0007223000775526551, ""106"": 2.4727880162263558e-11}","[0.052467264826604, 0.6034581360033078, 0.32238703132043, 0.021687567849658248]",0.005946507393264292,42,0.9992776989489671,0.999999999974017
809,1,1,1,0,5,0.7926046563444311,"{""42"": 0.9991128058782607, ""48"": 3.192713688177325e-09, ""55"": 1.0472578561117331e-12, ""94"": 0.0008871909250455643, ""106"": 2.6448770241268158e-12}","[0.7926046563444311, 0.1536994237002188, 0.011913379788051272, 0.041782540167298654]",0.007121553190843649,42,0.9991128058782607,0.9999999999960199
810,3,3,1,0,4,0.880797310603602,"{""42"": 0.9996536874236555, ""48"": 4.750589142057473e-09, ""55"": 1.1249280481151198e-12, ""94"": 0.0003463078121735028, ""106"": 1.2237917460883118e-11}","[0.047973779720114386, 0.006474538030858488, 0.880797310603602, 0.06475437164542498]",0.0031057878582696472,42,0.9996536874236555,0.9999999999864181
811,1,1,1,0,4,0.7487437570268555,"{""42"": 0.9994495917113979, ""48"": 6.255813839626087e-09, ""55"": 1.1058690966713292e-12, ""94"": 0.0005504020201530357, ""106"": 1.1327795627976628e-11}","[0.7487437570268555, 0.1568261707271351, 0.019749588114583865, 0.0746804841314257]",0.004681066264997218,42,0.9994495917113979,0.9999999999873648
812,4,4,1,0,5,0.9114725383971324,"{""42"": 0.9993895707908347, ""48"": 5.522208725642632e-09, ""94"": 0.0006104236821290088, ""106"": 4.665872372701589e-12}","[0.02587065997225503, 0.02785465851427356, 0.034802143116338974, 0.9114725383971324]",0.005128311752077008,42,0.9993895707908347,0.9999999999951724
813,4,4,1,0,6,0.7689562170846802,"{""42"": 0.9996666251812223, ""48"": 7.233238195337196e-09, ""94"": 0.00033336757175066986, ""106"": 1.3398454172186325e-11}","[0.009381374541958568, 0.08929719999813464, 0.13236520837522664, 0.7689562170846802]",0.0030024842484691347,42,0.9996666251812223,0.9999999999862111
814,2,2,1,0,5,0.3740084700611369,"{""42"": 0.9997549337736427, ""48"": 6.8472352754518765e-09, ""94"": 0.00024505936272705103, ""106"": 1.5805706752800704e-11}","[0.35943382917409306, 0.3740084700611369, 0.08247252910387488, 0.1840851716608952]",0.002282591341264986,42,0.9997549337736427,0.9999999999836049
815,4,4,1,0,5,0.5424411826682228,"{""42"": 0.9998005395881111, ""48"": 6.207640983341003e-09, ""94"": 0.0001994541856100177, ""106"": 1.8345007523966925e-11}","[0.026068034029999767, 0.005986725457003237, 0.4255040578447742, 0.5424411826682228]",0.0018988931898957903,42,0.9998005395881111,0.9999999999813621
816,3,3,1,0,6,0.9581580981102201,"{""42"": 0.9997370003510655, ""48"": 9.438740221064825e-09, ""94"": 0.00026299019290454087, ""106"": 1.6783072708917807e-11}","[0.013103568907923534, 0.0031412282098540645, 0.9581580981102201, 0.02559710477200231]",0.002431071635680529,42,0.9997370003510655,0.9999999999827103
817,1,1,1,0,6,0.8172615915205486,"{""42"": 0.9996313691378966, ""48"": 3.813522156862112e-09, ""94"": 0.0003686270292385544, ""106"": 1.8870972032028318e-11}","[0.8172615915205486, 0.0864465501739981, 0.08627844043791269, 0.010013417867540715]",0.003282901302336371,42,0.9996313691378966,0.9999999999806574
818,2,3,0,1,6,0.3533827664828888,"{""42"": 0.9995907326615527, ""48"": 5.193389169378755e-09, ""94"": 0.00040926213877405206, ""106"": 6.086673043491136e-12}","[0.15714376961128296, 0.3533827664828888, 0.46287679266580795, 0.026596671240020322]",0.0036020000583296785,42,0.9995907326615527,0.9999999999937159
819,3,3,1,0,6,0.9383629746032791,"{""42"": 0.9999103445275053, ""48"": 7.874424422669672e-09, ""94"": 8.96475691512075e-05, ""106"": 2.837865398120477e-11}","[0.0063885372136472255, 0.012235041630819652, 0.9383629746032791, 0.043013446552254066]",0.0009252807712289284,42,0.9999103445275053,0.9999999999710809
820,1,1,1,0,6,0.6523078723001777,"{""42"": 0.9998421828473204, ""48"": 6.663706009905969e-10, ""94"": 0.00015781646459459575, ""106"": 2.1573405015097242e-11}","[0.6523078723001777, 0.1009503888921605, 0.21786064938426467, 0.02888108942339726]",0.0015393569246872996,42,0.9998421828473204,0.9999999999782856
821,3,3,1,0,6,0.6753464982676528,"{""42"": 0.9999380642659773, ""48"": 1.7274943535486606e-09, ""94"": 6.19339860418226e-05, ""106"": 2.0203042064619602e-11}","[0.09629952329303344, 0.15795158320970923, 0.6753464982676528, 0.07040239522960462]",0.0006620749102856413,42,0.9999380642659773,0.9999999999795135
822,1,1,1,0,5,0.9391838117669579,"{""42"": 0.9998698676470518, ""48"": 3.5619941197966337e-09, ""94"": 0.0001301287702795966, ""106"": 2.0369313923635963e-11}","[0.9391838117669579, 0.037022202136617506, 0.018855357779926286, 0.004938628316498418]",0.0012944539804205515,42,0.9998698676470518,0.9999999999793255
823,2,2,1,0,6,0.9575596338054416,"{""42"": 0.9998445848061733, ""48"": 4.338650528990337e-09, ""94"": 0.00015541083621593206, ""106"": 1.86597395974794e-11}","[0.03521432290451016, 0.9575596338054416, 0.004079751598256704, 0.0031462916917913706]",0.0015183528834223324,42,0.9998445848061733,0.9999999999810398
824,3,3,1,0,6,0.9790507220392632,"{""42"": 0.9998024829938978, ""48"": 4.8625782946146256e-09, ""94"": 0.0001975121250565133, ""106"": 1.814681524861269e-11}","[0.0022457583362119875, 0.003579540274810728, 0.9790507220392632, 0.01512397934971397]",0.001882312297926709,42,0.9998024829938978,0.9999999999815327
825,2,2,1,0,6,0.9603415214941067,"{""42"": 0.9997714277856735, ""48"": 3.069912998096901e-09, ""94"": 0.00022856912539789134, ""106"": 1.875352626145347e-11}","[0.024814819431726615, 0.9603415214941067, 0.006383614174115346, 0.00846004490005136]",0.0021448552840737023,42,0.9997714277856735,0.9999999999809844
826,4,4,1,0,6,0.3830502276468644,"{""42"": 0.9998161269171033, ""48"": 4.3241547300018094e-09, ""94"": 0.00018386873932895218, ""106"": 1.925699758333469e-11}","[0.022899953844232303, 0.24478440283784855, 0.3492654156710548, 0.3830502276468644]",0.0017654479959752863,42,0.9998161269171033,0.999999999980587
827,3,3,1,0,6,0.8769398964520808,"{""42"": 0.9998993201257278, ""48"": 7.46366504173804e-09, ""94"": 0.00010067239093135038, ""106"": 1.9368387668376022e-11}","[0.006957402555140208, 0.048728184243180706, 0.8769398964520808, 0.0673745167495982]",0.0010273673019964482,42,0.9998993201257278,0.9999999999803242
828,1,1,1,0,6,0.623796734423458,"{""42"": 0.9999159955469608, ""48"": 2.7053400654132467e-10, ""94"": 8.400416313982221e-05, ""106"": 1.924828998528471e-11}","[0.623796734423458, 0.06008455326293624, 0.019509037421908033, 0.2966096748916977]",0.000872356545378211,42,0.9999159955469608,0.9999999999806346
829,1,1,1,0,6,0.843513908756958,"{""42"": 0.999922460248038, ""48"": 1.4366253566261938e-09, ""94"": 7.75382972870049e-05, ""106"": 1.7965556314782112e-11}","[0.843513908756958, 0.08811730511573472, 0.006066790649203371, 0.06230199547810404]",0.0008114461580236906,42,0.999922460248038,0.9999999999819503
830,2,2,1,0,6,0.7313749728919691,"{""42"": 0.9998884641845139, ""48"": 2.491792064344957e-09, ""94"": 0.00011153331251499674, ""106"": 1.1125947600069392e-11}","[0.20593319872501345, 0.7313749728919691, 0.05633674120978812, 0.006355087173229279]",0.001126664801690597,42,0.9998884641845139,0.999999999988821
831,1,1,1,0,6,0.8697198978855404,"{""42"": 0.9999046536639136, ""48"": 2.668657418228604e-09, ""94"": 9.534365444014296e-05, ""106"": 1.2886602965701297e-11}","[0.8697198978855404, 0.07540393363358351, 0.04608964656848618, 0.008786521912390046]",0.0009780885251180352,42,0.9999046536639136,0.9999999999870112
832,3,3,1,0,6,0.5647267491672474,"{""42"": 0.9999341498271482, ""48"": 3.0460568089018373e-09, ""94"": 6.584711044566364e-05, ""106"": 1.6191641085021153e-11}","[0.01426737041463332, 0.2978762230146899, 0.5647267491672474, 0.1231296574034293]",0.0006998956465227101,42,0.9999341498271482,0.9999999999836507
833,4,2,0,1,6,0.191434287149232,"{""42"": 0.9999187987058942, ""48"": 2.575796982868064e-09, ""94"": 8.119871648083507e-05, ""106"": 1.7239938047001741e-12}","[0.014764302525018761, 0.6316262041353448, 0.16217520619040435, 0.191434287149232]",0.0008460281226807092,42,0.9999187987058942,0.999999999998172
834,3,3,1,0,6,0.9232862392935011,"{""42"": 0.9982584467655075, ""48"": 7.507423306343104e-09, ""55"": 1.2368274227837586e-12, ""94"": 0.0017415457209889417, ""106"": 4.312313905522234e-12}","[0.010758795749253775, 0.005795042695376797, 0.9232862392935011, 0.06015992226186844]",0.012804185447116588,42,0.9982584467655075,0.9999999999939198
835,1,1,1,0,6,0.9209755951941277,"{""42"": 0.9997981400776778, ""48"": 2.5706672165124533e-10, ""94"": 0.00020185965565873605, ""106"": 9.324140509177547e-12}","[0.9209755951941277, 0.020368071448201467, 0.05117930286179362, 0.007477030495877269]",0.0019192548785416487,42,0.9997981400776778,0.9999999999904032
836,2,2,1,0,6,0.6212825243716659,"{""42"": 0.9998838779733321, ""48"": 1.2393236665545368e-09, ""94"": 0.00011612077534163748, ""106"": 1.183304288725481e-11}","[0.07584820159428107, 0.6212825243716659, 0.26850115145038206, 0.03436812258367114]",0.0011682973848854276,42,0.9998838779733321,0.9999999999879974
837,3,3,1,0,6,0.9446945383358728,"{""42"": 0.9998560845869312, ""48"": 1.2342736851452737e-09, ""94"": 0.0001439141778313779}","[0.004918429669967672, 0.018197508896927686, 0.9446945383358728, 0.032189523097231845]",0.001417037447242053,42,0.9998560845869312,0.9999999999990362
838,4,4,1,0,5,0.4558188294814931,"{""42"": 0.9998887491735023, ""48"": 2.1378703450211492e-10, ""94"": 0.00011125060798967615, ""106"": 4.5903759955279395e-12}","[0.3603835760868642, 0.08377377514600307, 0.10002381928563957, 0.4558188294814931]",0.001124044482187096,42,0.9998887491735023,0.999999999995279
839,1,1,1,0,6,0.7246151409262901,"{""42"": 0.9999349761624002, ""48"": 1.3124307397472632e-09, ""94"": 6.502251312764529e-05, ""106"": 1.1788050189026053e-11}","[0.7246151409262901, 0.024998896486504885, 0.014235362002729984, 0.23615060058447498]",0.0006919164172079017,42,0.9999349761624002,0.9999999999879586
840,4,4,1,0,6,0.9552815203340987,"{""42"": 0.9999119307682904, ""48"": 1.4563352700212128e-09, ""94"": 8.806776940750259e-05, ""106"": 5.918412832896125e-12}","[0.022334912035625234, 0.004701474240268759, 0.017682093390007193, 0.9552815203340987]",0.0009104194770141202,42,0.9999119307682904,0.9999999999940332
841,2,2,1,0,6,0.8575522443954131,"{""42"": 0.9999006120425356, ""48"": 1.1322678808554714e-09, ""94"": 9.938681679291499e-05, ""106"": 8.312841081121496e-12}","[0.05279160634799553, 0.8575522443954131, 0.07318687749251866, 0.016469271764072608]",0.0010154042673630936,42,0.9999006120425356,0.9999999999915963
842,1,1,1,0,6,0.9137116297928689,"{""42"": 0.9999543252858888, ""48"": 1.3168345531461512e-09, ""94"": 4.567338801274351e-05, ""106"": 9.225578192199469e-12}","[0.9137116297928689, 0.03915073091264949, 0.014524271045417628, 0.03261336824906402]",0.000502160433254456,42,0.9999543252858888,0.9999999999907361
843,1,1,1,0,6,0.954668821064005,"{""42"": 0.9999569586346023, ""48"": 1.5421687368031567e-09, ""94"": 4.303981356326874e-05, ""106"": 9.613532853738487e-12}","[0.954668821064005, 0.029411976615436868, 0.01240336218528452, 0.0035158401352737303]",0.00047576779028852227,42,0.9999569586346023,0.9999999999903343
844,3,3,1,0,6,0.5803874906785123,"{""42"": 0.9999359558792924, ""48"": 1.7663374824560693e-09, ""94"": 6.40423445742069e-05, ""106"": 9.709706921251847e-12}","[0.07067823235832436, 0.008627529364404325, 0.5803874906785123, 0.340306747598759]",0.0006824686236867696,42,0.9999359558792924,0.9999999999902042
845,2,2,1,0,2,0.6168932325632582,"{""42"": 0.9999361334734674, ""48"": 1.8029864611985722e-09, ""94"": 6.386471826046715e-05, ""106"": 5.205627418500277e-12}","[0.0876701039661026, 0.6168932325632582, 0.11934708579645678, 0.17608957767418235]",0.0006807538574166559,42,0.9999361334734674,0.9999999999947143
846,3,3,1,0,6,0.8191042262700253,"{""42"": 0.999905506645406, ""48"": 1.836347477432502e-09, ""94"": 9.449151205367729e-05, ""106"": 6.089516246293038e-12}","[0.0468568628304985, 0.052046658048169776, 0.8191042262700253, 0.0819922528513065]",0.0009701788832985953,42,0.999905506645406,0.9999999999938072
847,2,2,1,0,6,0.5820073323991751,"{""42"": 0.9999002437947723, ""48"": 1.8596228870988856e-09, ""94"": 9.975434359976372e-05, ""106"": 1.9271769974598917e-12}","[0.04927124458795556, 0.5820073323991751, 0.353575814996844, 0.01514560801602517]",0.0010188054801630218,42,0.9999002437947723,0.9999999999979949
848,3,3,1,0,6,0.8805584885762981,"{""42"": 0.9999130576519644, ""48"": 1.9296187688255453e-09, ""94"": 8.694041652999241e-05, ""106"": 1.8055339739659063e-12}","[0.05683089275949887, 0.04524490658995669, 0.8805584885762981, 0.017365712074246278]",0.000899895232907768,42,0.9999130576519644,0.9999999999981132
849,4,4,1,0,6,0.6090215644438608,"{""42"": 0.999897327464228, ""48"": 1.4883207121689223e-09, ""94"": 0.00010267104483598985, ""106"": 2.5701727976395615e-12}","[0.23440503233862356, 0.03405556201292281, 0.12251784120459284, 0.6090215644438608]",0.0010456264512896303,42,0.999897327464228,0.9999999999973846
850,3,3,1,0,5,0.4515517449614883,"{""42"": 0.9999186411819403, ""48"": 2.4154891070786427e-10, ""94"": 8.135857465920788e-05, ""106"": 1.810838988917739e-12}","[0.0483003549169759, 0.41000985230240833, 0.4515517449614883, 0.09013804781912733]",0.0008474856678097361,42,0.9999186411819403,0.9999999999981484
851,4,4,1,0,5,0.5006043054073736,"{""42"": 0.9998326434136156, ""48"": 1.2268620829821846e-09, ""94"": 0.0001673553580200155, ""106"": 1.3951557253285483e-12}","[0.35708274351487607, 0.02899055196683738, 0.11332239911091309, 0.5006043054073736]",0.0016225880895872323,42,0.9998326434136156,0.9999999999984976
852,4,4,1,0,6,0.8879907169645447,"{""42"": 0.9999886443460814, ""48"": 1.5530798776099252e-09, ""94"": 1.1354097663636594e-05, ""106"": 3.1042257684113788e-12}","[0.006272694861576943, 0.05288316229784233, 0.05285342587603606, 0.8879907169645447]",0.00014066415728837049,42,0.9999886443460814,0.9999999999968249
853,2,2,1,0,6,0.811735293388628,"{""42"": 0.9999563055116795, ""48"": 8.667083233866854e-11, ""94"": 4.369439949774926e-05, ""106"": 2.0987135961887303e-12}","[0.042870059435913335, 0.811735293388628, 0.031059402695029353, 0.11433524448042907]",0.0004823126805738532,42,0.9999563055116795,0.9999999999978479
854,4,4,1,0,6,0.6779903365387538,"{""42"": 0.9999309028883044, ""48"": 3.904775722953641e-10, ""94"": 6.909671995633416e-05, ""106"": 1.2088428174573988e-12}","[0.14201238277137812, 0.010248327505562859, 0.16974895318430522, 0.6779903365387538]",0.0007310500233569725,42,0.9999309028883044,0.9999999999987383
855,4,4,1,0,6,0.49483858209675335,"{""42"": 0.9999345470238982, ""48"": 4.594071739959819e-11, ""94"": 6.545292933596357e-05}","[0.024165811652166965, 0.08281409673710302, 0.39818150951397674, 0.49483858209675335]",0.0006960372082865389,42,0.9999345470238982,0.9999999999991749
856,1,1,1,0,6,0.5246331198698875,"{""42"": 0.9999328494456131, ""48"": 1.6204426166796135e-11, ""94"": 6.715053741821073e-05}","[0.5246331198698875, 0.42304687452415307, 0.04351007369654324, 0.00880993190941617]",0.0007123696070352383,42,0.9999328494456131,0.9999999999992357
857,4,4,1,0,6,0.8177569164804888,"{""42"": 0.9999662028318765, ""48"": 1.4324731224636605e-10, ""94"": 3.379702344706631e-05, ""106"": 1.356004705285121e-12}","[0.09921077023125491, 0.04259942981135964, 0.040432883476896664, 0.8177569164804888]",0.00038174489758851447,42,0.9999662028318765,0.9999999999985709
858,1,4,0,1,6,0.41867353157186465,"{""42"": 0.9999395738854784, ""48"": 4.395042637273758e-11, ""94"": 6.0426069733992256e-05}","[0.41867353157186465, 0.09874363588576249, 0.02446958421081223, 0.45811324833156064]",0.000647409635833233,42,0.9999395738854784,0.9999999999991628
859,4,4,1,0,6,0.7605515924431715,"{""42"": 0.9999939504616695, ""48"": 2.0936960111702061e-10, ""94"": 6.049326860684872e-06, ""106"": 2.0035927813658834e-12}","[0.01685074719384578, 0.08869860256439015, 0.13389905779859249, 0.7605515924431715]",7.874031448805647e-05,42,0.9999939504616695,0.9999999999978998
860,1,3,0,1,5,0.44741974357720704,"{""42"": 0.9999735965329366, ""48"": 4.9089403666717926e-11, ""94"": 2.6403417122700985e-05}","[0.44741974357720704, 0.05382577221857984, 0.45948804916401575, 0.03926643504019732]",0.00030474958295562354,42,0.9999735965329366,0.9999999999991487
861,3,2,0,1,5,0.11984214119894307,"{""42"": 0.9999084838031793, ""48"": 3.9501574284478207e-10, ""94"": 9.15157997950972e-05, ""106"": 1.9114894518999733e-12}","[0.017389113205398335, 0.7942545791493323, 0.11984214119894307, 0.0685141664463262]",0.0009425259405181953,42,0.9999084838031793,0.9999999999979902
862,3,1,0,1,5,0.15985049984845334,"{""42"": 0.9982022040057131, ""48"": 1.2520162170294144e-08, ""55"": 3.6292449260005206e-12, ""94"": 0.001797783392814264, ""106"": 7.692804988367235e-11}","[0.6939150119974307, 0.030040490542289994, 0.15985049984845334, 0.11619399761182611]",0.013160558573200863,42,0.9982022040057131,0.9999999999186895
863,1,1,1,0,6,0.7120265920722885,"{""42"": 0.9984267518961317, ""48"": 9.297549321062103e-09, ""94"": 0.0015732387765763007, ""106"": 2.8934036042343367e-11}","[0.7120265920722885, 0.06889757389057162, 0.010394616582477187, 0.20868121745466262]",0.01172683926263115,42,0.9984267518961317,0.9999999999702573
864,3,3,1,0,6,0.8269631144001585,"{""42"": 0.9998085873339991, ""48"": 8.07451650650371e-10, ""94"": 0.0001914118559981214, ""106"": 2.5187041192641367e-12}","[0.13117710382319905, 0.02020837144654774, 0.8269631144001585, 0.02165141033009482]",0.0018301041321130197,42,0.9998085873339991,0.9999999999974489
865,1,1,1,0,5,0.8291022196871513,"{""42"": 0.9999309218347995, ""48"": 1.4427221652940916e-10, ""94"": 6.90780195662556e-05, ""106"": 1.3150414655418683e-12}","[0.8291022196871513, 0.14027416443521157, 0.010600505211024278, 0.020023110666612987]",0.0007308654388079412,42,0.9999309218347995,0.999999999998638
866,4,4,1,0,6,0.9229511009867006,"{""42"": 0.9999193140238744, ""48"": 1.8908844828674443e-10, ""94"": 8.068578624327122e-05}","[0.027554558422510506, 0.03587953333700229, 0.013614807253786564, 0.9229511009867006]",0.0008411463266307804,42,0.9999193140238744,0.9999999999992061
867,2,2,1,0,6,0.6592941646992654,"{""42"": 0.9999171609983877, ""48"": 1.229148589569309e-10, ""94"": 8.283887762437753e-05, ""106"": 1.0591806943105218e-12}","[0.261770221674126, 0.6592941646992654, 0.07169564526525196, 0.007239968361356675]",0.0008614089628419424,42,0.9999171609983877,0.999999999998927
868,1,1,1,0,6,0.7864892278379928,"{""42"": 0.9999556430483297, ""48"": 1.8360663446906947e-10, ""94"": 4.435676699229892e-05, ""106"": 1.0625722045344991e-12}","[0.7864892278379928, 0.05155007010722457, 0.1445021194202582, 0.01745858263452453]",0.0004889588689637632,42,0.9999556430483297,0.9999999999989287
869,3,2,0,1,5,0.30407450411646864,"{""42"": 0.9999818339697797, ""48"": 2.0749755916201565e-10, ""94"": 1.8165821329146936e-05, ""106"": 1.3743105575714212e-12}","[0.013803654607978322, 0.5075037075736195, 0.30407450411646864, 0.17461813370193374]",0.00021646806637591308,42,0.9999818339697797,0.9999999999986064
870,2,2,1,0,6,0.7645450774573872,"{""42"": 0.999951134601111, ""48"": 3.844486819737231e-10, ""94"": 4.886501184403012e-05, ""106"": 2.5283792436619262e-12}","[0.14550936614785062, 0.7645450774573872, 0.014929447575156917, 0.07501610881960528]",0.000533928653237605,42,0.999951134601111,0.9999999999974036
871,2,2,1,0,6,0.9808992742404781,"{""42"": 0.9999762368322908, ""48"": 2.6162019997761854e-10, ""94"": 2.3762904377652042e-05, ""106"": 1.7049236741178776e-12}","[0.0066730950059585535, 0.9808992742404781, 0.006115986112064819, 0.006311644641498576]",0.0002767814918531972,42,0.9999762368322908,0.9999999999982886
872,3,3,1,0,5,0.5748973065887801,"{""42"": 0.9999547045351187, ""48"": 3.3505158973979167e-10, ""94"": 4.529512797604039e-05, ""106"": 1.8437300575615826e-12}","[0.05461519966125036, 0.2436428808174739, 0.5748973065887801, 0.12684461293249563]",0.0004983577593949969,42,0.9999547045351187,0.9999999999981463
873,2,2,1,0,6,0.8163596051705362,"{""42"": 0.999982702731947, ""48"": 5.0438265664984527e-11, ""94"": 1.7297215946141256e-05, ""106"": 1.658802867764454e-12}","[0.05713777353071992, 0.8163596051705362, 0.010063798966253389, 0.11643882233249046]",0.0002069617270715488,42,0.999982702731947,0.9999999999983314
874,4,4,1,0,6,0.875059908321758,"{""42"": 0.9999677376177241, ""48"": 1.3089926319182006e-10, ""94"": 3.226225054222631e-05}","[0.030496616250102273, 0.0038277824532063414, 0.09061569297493349, 0.875059908321758]",0.0003659085646855926,42,0.9999677376177241,0.9999999999991656
875,1,1,1,0,6,0.8098387483339258,"{""42"": 0.9999662588236896, ""48"": 1.100674052468345e-10, ""94"": 3.374106523696053e-05}","[0.8098387483339258, 0.0911545709931053, 0.08724104081534885, 0.011765639857619985]",0.0003811679875650825,42,0.9999662588236896,0.999999999998994
876,1,1,1,0,4,0.4906228859471286,"{""42"": 0.9999583778623412, ""48"": 1.5756372767237025e-10, ""94"": 4.162197957926933e-05}","[0.4906228859471286, 0.3159595201244133, 0.10551842807135225, 0.0878991658571059]",0.00046146084637122394,42,0.9999583778623412,0.9999999999994842
877,2,2,1,0,6,0.8470961049508283,"{""42"": 0.9999918678399436, ""48"": 1.0612592079549602e-10, ""94"": 8.132053052463558e-06}","[0.1072583274375932, 0.8470961049508283, 0.041424443446527064, 0.004221124165051425]",0.00010343978764259505,42,0.9999918678399436,0.999999999999122
878,3,3,1,0,6,0.8866624864217003,"{""42"": 0.9999795064628457, ""48"": 1.6637430208972762e-10, ""94"": 2.0493370018384356e-05}","[0.06148599595701631, 0.0049863813876062524, 0.8866624864217003, 0.046865136233677156]",0.00024173140864052107,42,0.9999795064628457,0.9999999999992384
879,3,3,1,0,6,0.8952457216073844,"{""42"": 0.9999683685731146, ""48"": 1.5260527764043659e-10, ""94"": 3.163127358611009e-05}","[0.055727308762605454, 0.018372286141739417, 0.8952457216073844, 0.030654683488270797]",0.00035937754297461235,42,0.9999683685731146,0.9999999999993059
880,3,3,1,0,6,0.8764763441067656,"{""42"": 0.999967128092738, ""48"": 6.547998814091735e-11, ""94"": 3.287184086192518e-05}","[0.010394706398039747, 0.02474290840620038, 0.8764763441067656, 0.08838604108899419]",0.0003722054623078592,42,0.999967128092738,0.9999999999990798
881,4,4,1,0,4,0.5699479682407684,"{""42"": 0.9999756988208158, ""48"": 1.270198124697617e-11, ""94"": 2.4301165370054886e-05, ""106"": 1.1002494028278722e-12}","[0.3432980398062143, 0.03620830307557276, 0.05054568887744454, 0.5699479682407684]",0.0002825007812132712,42,0.9999756988208158,0.9999999999988878
882,3,3,1,0,5,0.5348319100945246,"{""42"": 0.9999948708350077, ""48"": 6.858121284550942e-11, ""94"": 5.129094841204026e-06, ""106"": 1.5515278350156817e-12}","[0.013777405802064543, 0.3614732384466242, 0.5348319100945246, 0.08991744565678668]",6.760615663317175e-05,42,0.9999948708350077,0.9999999999984301
883,1,1,1,0,6,0.9701991731857429,"{""42"": 0.9999885445837503, ""48"": 5.006448599976407e-11, ""94"": 1.145536538233916e-05}","[0.9701991731857429, 0.017356036777397804, 0.009371677058669906, 0.0030731129781893366]",0.00014178485207897413,42,0.9999885445837503,0.9999999999991972
884,1,1,1,0,6,0.4789098219005615,"{""42"": 0.9999813281185391, ""48"": 8.763411258562235e-11, ""94"": 1.8671792789693375e-05, ""106"": 1.0251540317843888e-12}","[0.4789098219005615, 0.04223394362411032, 0.017711966209896072, 0.46114426826543203]",0.0002219815171746629,42,0.9999813281185391,0.9999999999989629
885,3,3,1,0,6,0.9071727417772135,"{""42"": 0.9999869223243854, ""48"": 1.2603734029318124e-10, ""94"": 1.3077548198414914e-05, ""106"": 1.3707351314355967e-12}","[0.025309608425821372, 0.0076371924424659164, 0.9071727417772135, 0.0598804573544993]",0.0001601324780849662,42,0.9999869223243854,0.9999999999986211
886,1,1,1,0,6,0.8838820849721862,"{""42"": 0.9999806045698676, ""48"": 1.1710933934108654e-10, ""94"": 1.939531231845982e-05}","[0.8838820849721862, 0.08031244864884313, 0.003392462698382338, 0.032413003680588325]",0.0002298463718580834,42,0.9999806045698676,0.9999999999992953
887,3,3,1,0,6,0.5790484816994723,"{""42"": 0.9999820669612247, ""48"": 1.1164549964964611e-10, ""94"": 1.7932926314881734e-05}","[0.016966017758306327, 0.3304058760217605, 0.5790484816994723, 0.07357962452046085]",0.00021392211677184655,42,0.9999820669612247,0.9999999999991851
888,1,1,1,0,6,0.8774324853180802,"{""42"": 0.9999944365357971, ""48"": 1.39063417744799e-11, ""94"": 5.5634492709135955e-06, ""106"": 1.018912138384824e-12}","[0.8774324853180802, 0.07790109110993244, 0.04099878016207418, 0.0036676434099133307]",7.287762347776243e-05,42,0.9999944365357971,0.9999999999989744
889,2,2,1,0,6,0.9383230143475245,"{""42"": 0.9999904488790894, ""48"": 4.6405731515037684e-11, ""94"": 9.551073535839112e-06}","[0.02984756599396675, 0.9383230143475245, 0.02823300377205562, 0.0035964158864530897]",0.00011995169947751576,42,0.9999904488790894,0.999999999999031
890,2,2,1,0,6,0.45363716914840896,"{""42"": 0.9999866342974952, ""48"": 7.494433811065694e-11, ""94"": 1.3365626515498821e-05, ""106"": 1.0405045883254217e-12}","[0.14863257114630476, 0.45363716914840896, 0.014950824280966574, 0.3827794354243196]",0.00016336746779026582,42,0.9999866342974952,0.9999999999989552
891,4,4,1,0,6,0.6324144115147371,"{""42"": 0.9999945267495861, ""48"": 8.323911535787893e-11, ""94"": 5.473166007690626e-06, ""106"": 1.1648579729189887e-12}","[0.012347126677390357, 0.01080077203841655, 0.3444376897694559, 0.6324144115147371]",7.178618131814681e-05,42,0.9999945267495861,0.9999999999988329
892,2,2,1,0,6,0.49752347852616596,"{""42"": 0.9999943181715357, ""48"": 1.0752958053778276e-10, ""94"": 5.681719991467485e-06}","[0.45584026190679805, 0.49752347852616596, 0.037173894178709546, 0.009462365388326411]",7.430957835431618e-05,42,0.9999943181715357,0.9999999999990568
893,3,3,1,0,6,0.6796014176235905,"{""42"": 0.9999900855885295, ""48"": 9.459501472275921e-11, ""94"": 9.914316036531902e-06}","[0.2507606555560461, 0.02713261601432823, 0.6796014176235905, 0.04250531080603518]",0.00012414466647052644,42,0.9999900855885295,0.9999999999991611
894,1,1,1,0,6,0.5739642096604124,"{""42"": 0.9999968255562955, ""48"": 3.7797205583380814e-12, ""94"": 3.174438867241031e-06, ""106"": 1.0529731092186122e-12}","[0.5739642096604124, 0.03493195680881416, 0.37621890185849666, 0.014884931672276726]",4.336416858572661e-05,42,0.9999968255562955,0.9999999999989425
895,2,2,1,0,6,0.9181677015034718,"{""42"": 0.9999943943091831, ""48"": 2.7033696643495148e-11, ""94"": 5.605663138877658e-06}","[0.025735592800334377, 0.9181677015034718, 0.05068089822949735, 0.005415807466696461]",7.338853410616828e-05,42,0.9999943943091831,0.9999999999993557
896,2,2,1,0,5,0.7847925145661152,"{""42"": 0.9999922133712352, ""48"": 5.1237811444900106e-11, ""94"": 7.786576688647829e-06}","[0.03460876368400867, 0.7847925145661152, 0.1458012806256931, 0.03479744112418303]",9.938218805766568e-05,42,0.9999922133712352,0.9999999999991617
897,4,4,1,0,6,0.9630457861721078,"{""42"": 0.9999966037232666, ""48"": 4.6594355989616995e-11, ""94"": 3.3962291533982647e-06}","[0.01521328974162244, 0.0035995205625799697, 0.018141403523689734, 0.9630457861721078]",4.616559337037396e-05,42,0.9999966037232666,0.9999999999990143
898,2,2,1,0,5,0.4880028887819452,"{""42"": 0.9999942690883605, ""48"": 4.42222463161229e-11, ""94"": 5.730866379536443e-06, ""106"": 1.0354041838417972e-12}","[0.20028614474539191, 0.4880028887819452, 0.08784103367672998, 0.22386993279593284]",7.49014942923801e-05,42,0.9999942690883605,0.9999999999989624
899,3,3,1,0,6,0.9342498151888339,"{""42"": 0.9999984296471773, ""48"": 2.264294487221766e-11, ""94"": 1.570329207489681e-06}","[0.006258022398979563, 0.021148343571038737, 0.9342498151888339, 0.03834381884114784]",2.2557166778120768e-05,42,0.9999984296471773,0.9999999999990278
900,3,3,1,0,4,0.7235791704483832,"{""42"": 0.9999954596203217, ""48"": 4.10126464671869e-11, ""94"": 4.540337872676734e-06}","[0.14519266030838868, 0.06628579275272051, 0.7235791704483832, 0.0649423764905078]",6.039892050390563e-05,42,0.9999954596203217,0.999999999999207
901,1,1,1,0,6,0.9396101218599904,"{""42"": 0.9999938183903017, ""48"": 4.396808925687005e-11, ""94"": 6.181565555044201e-06}","[0.9396101218599904, 0.05288647175860037, 0.004123780978227479, 0.0033796254031817088]",8.032396442186291e-05,42,0.9999938183903017,0.9999999999998248
902,4,4,1,0,6,0.9087474001944982,"{""42"": 0.9999942286259456, ""48"": 5.254477186962679e-11, ""94"": 5.771320992426756e-06}","[0.014146277605813617, 0.015825159602453908, 0.061281162597234255, 0.9087474001944982]",7.538980753704925e-05,42,0.9999942286259456,0.9999999999994827
903,3,2,0,1,4,0.2403710048915871,"{""42"": 0.9999928542734233, ""94"": 7.145725217722647e-06}","[0.025755696002846336, 0.5913402024686825, 0.2403710048915871, 0.14253309663688402]",9.181541036878367e-05,42,0.9999928542734233,0.999999999999555
904,1,1,1,0,5,0.9026664852397764,"{""42"": 0.9998471862518915, ""48"": 2.772985513642029e-10, ""94"": 0.00015281347059275778}","[0.9026664852397764, 0.047693755360508475, 0.037745526342508925, 0.011894233057206147]",0.0014954720347908305,42,0.9998471862518915,0.9999999999997827
905,4,1,0,1,5,0.19897980474717078,"{""42"": 0.9999807011279578, ""48"": 7.78570259844174e-11, ""94"": 1.929879373175461e-05}","[0.6696935263636938, 0.03575562756280022, 0.09557104132633516, 0.19897980474717078]",0.00022879794805766057,42,0.9999807011279578,0.9999999999995466
906,1,1,1,0,6,0.6535267818596415,"{""42"": 0.9998829904096569, ""48"": 3.972407323090092e-09, ""94"": 0.00011700555272849308, ""106"": 6.477123061609628e-11}","[0.6535267818596415, 0.06496902136981682, 0.014533466544688435, 0.26697073022585316]",0.0011763662211952749,42,0.9998829904096569,0.9999999999347927
907,3,3,1,0,5,0.5954259324562139,"{""42"": 0.9999790658226737, ""48"": 1.9824220527053172e-10, ""94"": 2.0933978576818266e-05}","[0.008976239298437529, 0.1532473051809633, 0.5954259324562139, 0.2423505230643853]",0.0002464839537140732,42,0.9999790658226737,0.9999999999994927
908,1,1,1,0,4,0.4386913289254868,"{""42"": 0.999993198234608, ""48"": 3.67427256064863e-11, ""94"": 6.801728203648458e-06}","[0.4386913289254868, 0.1994871223351617, 0.027873688503817533, 0.33394786023553397]",8.773187055802933e-05,42,0.999993198234608,0.9999999999995544
909,4,4,1,0,6,0.604675184442343,"{""42"": 0.9999984703923377, ""48"": 3.6296200383760865e-11, ""94"": 1.529570611646942e-06}","[0.013011076387379106, 0.04304224226358195, 0.3392714969066959, 0.604675184442343]",2.2012251344171955e-05,42,0.9999984703923377,0.9999999999992455
910,2,2,1,0,6,0.6745391078709181,"{""42"": 0.999997713718708, ""48"": 5.904174194738766e-11, ""94"": 2.286221586838822e-06}","[0.06400255738391163, 0.6745391078709181, 0.24809933741201426, 0.013358997333156186]",3.1982528606136456e-05,42,0.999997713718708,0.9999999999993366
911,4,4,1,0,6,0.7750743027263425,"{""42"": 0.9999982529197277, ""48"": 5.1013000764658896e-11, ""94"": 1.7470285048273918e-06}","[0.07971305504149492, 0.010404664630185422, 0.13480797760197713, 0.7750743027263425]",2.490970375683057e-05,42,0.9999982529197277,0.9999999999992455
912,4,4,1,0,6,0.8976014476678972,"{""42"": 0.9999968175044904, ""48"": 1.1926347010850082e-11, ""94"": 3.1824830803702255e-06}","[0.012866957684987657, 0.06737499036044069, 0.022156604286674417, 0.8976014476678972]",4.346619438240883e-05,42,0.9999968175044904,0.9999999999994972
913,2,2,1,0,6,0.6041836287373908,"{""42"": 0.999994688962068, ""48"": 4.7305771566803104e-12, ""94"": 5.311032717337078e-06}","[0.12372911742963334, 0.6041836287373908, 0.031424583041505326, 0.24066267079147055]",6.981749982993962e-05,42,0.999994688962068,0.9999999999995159
914,4,4,1,0,4,0.8399985568263706,"{""42"": 0.9999989835198636, ""48"": 1.0748899105626141e-11, ""94"": 1.0164687167056241e-06}","[0.08383175252107276, 0.03872610357041743, 0.037443587082139164, 0.8399985568263706]",1.5043200608247853e-05,42,0.9999989835198636,0.9999999999993292
915,2,2,1,0,6,0.7518752828565938,"{""42"": 0.9999971182773991, ""48"": 5.217792056715062e-12, ""94"": 2.881716813418043e-06}","[0.09162795251508114, 0.7518752828565938, 0.11794498225988433, 0.03855178236844077]",3.96442897294736e-05,42,0.9999971182773991,0.9999999999994303
916,3,3,1,0,6,0.9690583014867603,"{""42"": 0.9999988301368109, ""48"": 1.0069138096611704e-11, ""94"": 1.1698524245449791e-06}","[0.0028987920088635335, 0.0025319188557220863, 0.9690583014867603, 0.025510987648654067]",1.714872180983361e-05,42,0.9999988301368109,0.9999999999993047
917,4,4,1,0,6,0.9316547218249309,"{""42"": 0.9999973947622145, ""48"": 1.3066492709539092e-11, ""94"": 2.605223980878269e-06}","[0.009970909088537927, 0.04106764993203003, 0.017306719154501105, 0.9316547218249309]",3.61035313293503e-05,42,0.9999973947622145,0.9999999999992619
918,3,3,1,0,6,0.9522521949643906,"{""42"": 0.9999970843878695, ""48"": 1.0181714332910691e-11, ""94"": 2.9156011960033515e-06}","[0.01522123128015712, 0.00678812878084133, 0.9522521949643906, 0.025738444974611033]",4.00764907307007e-05,42,0.9999970843878695,0.9999999999992473
919,2,2,1,0,6,0.9597872936588561,"{""42"": 0.9999960350058132, ""48"": 1.7289288319993772e-11, ""94"": 3.964976193679067e-06}","[0.01657503792079764, 0.9597872936588561, 0.00457699964765727, 0.019060668772689103]",5.3281850819674094e-05,42,0.9999960350058132,0.9999999999992962
920,3,3,1,0,5,0.6407935564962121,"{""42"": 0.9999963269288087, ""48"": 2.3245049905535117e-11, ""94"": 3.6730472056153e-06}","[0.10939912414415873, 0.03734692467234875, 0.6407935564962121, 0.21246039468728062]",4.963996292156147e-05,42,0.9999963269288087,0.9999999999992594
921,1,1,1,0,5,0.6139192879027504,"{""42"": 0.99999924067883, ""94"": 7.59320093997129e-07}","[0.6139192879027504, 0.09115837222156262, 0.08806717786261092, 0.20685516201307613]",1.1458811007193916e-05,42,0.99999924067883,0.9999999999996472
922,2,2,1,0,6,0.7663081491294805,"{""42"": 0.999998210327267, ""48"": 2.745160168042567e-12, ""94"": 1.7896698605772804e-06}","[0.03528592433171937, 0.7663081491294805, 0.1570991855618926, 0.041306740976907466]",2.5473307206414778e-05,42,0.999998210327267,0.9999999999998727
923,4,4,1,0,6,0.693225777188562,"{""42"": 0.9999990894363351, ""48"": 6.228442641207353e-12, ""94"": 9.105570458395289e-07}","[0.15186584317816096, 0.012281741019835141, 0.14262663861344194, 0.693225777188562]",1.3575863630129604e-05,42,0.9999990894363351,0.9999999999996094
924,2,2,1,0,6,0.8814143565165289,"{""42"": 0.9999994154045884, ""48"": 1.0480097157534993e-11, ""94"": 5.845844104186226e-07}","[0.05065257011006062, 0.8814143565165289, 0.005229620088466228, 0.06270345328494428]",8.975043565258117e-06,42,0.9999994154045884,0.9999999999994789
925,3,3,1,0,4,0.6198463553672944,"{""42"": 0.9999988003762208, ""48"": 1.2812360613311922e-11, ""94"": 1.1996105362489597e-06}","[0.12686507776010233, 0.14627067889309284, 0.6198463553672944, 0.10701788797951053]",1.755486323426676e-05,42,0.9999988003762208,0.9999999999995693
926,4,4,1,0,6,0.6560605051708532,"{""42"": 0.9999996155738832, ""94"": 3.8442541573163593e-07}","[0.025673930212132847, 0.2589953548678331, 0.05927020974918094, 0.6560605051708532]",6.0629922354800145e-06,42,0.9999996155738832,0.9999999999998436
927,4,4,1,0,6,0.9626929107566825,"{""42"": 0.9999996479002476, ""48"": 2.0134174399258698e-12, ""94"": 3.5209714258905243e-07}","[0.004354241650434781, 0.0067343625114789285, 0.02621848508140389, 0.9626929107566825]",5.584108453366321e-06,42,0.9999996479002476,0.9999999999994036
928,1,4,0,1,5,0.21725658931614897,"{""42"": 0.9999994272144571, ""48"": 5.247860013779026e-12, ""94"": 5.727796891035423e-07}","[0.21725658931614897, 0.19260551480693733, 0.018405164428335875, 0.5717327314485777]",8.805366414846462e-06,42,0.9999994272144571,0.9999999999993942
929,4,4,1,0,5,0.7083812788139003,"{""42"": 0.9999754100671236, ""48"": 1.9667269528309457e-10, ""94"": 2.4589735635200895e-05}","[0.02513952840044217, 0.06398638619526126, 0.20249280659039623, 0.7083812788139003]",0.00028556936830577244,42,0.9999754100671236,0.9999999999994316
930,2,2,1,0,6,0.9695916153251389,"{""42"": 0.9999970609701939, ""94"": 2.939029247446994e-06}","[0.01364556412108693, 0.9695916153251389, 0.004092906862142107, 0.012669913691632036]",4.037472443003593e-05,42,0.9999970609701939,0.9999999999998828
931,4,4,1,0,4,0.5313237750436433,"{""42"": 0.9999983562126931, ""48"": 3.30952926947528e-12, ""94"": 1.6437836684894528e-06}","[0.16038091835798093, 0.03605345140016405, 0.27224185519821187, 0.5313237750436433]",2.3536631890093326e-05,42,0.9999983562126931,0.9999999999996712
932,1,1,1,0,6,0.9197260828540254,"{""42"": 0.9999996169164662, ""48"": 6.296818466317901e-12, ""94"": 3.830768510554596e-07}","[0.9197260828540254, 0.0341834151169862, 0.04233913491248872, 0.0037513671164997376]",6.043228939523674e-06,42,0.9999996169164662,0.9999999999996141
933,1,1,1,0,6,0.8344784088069881,"{""42"": 0.9999992784673383, ""48"": 7.276928299147334e-12, ""94"": 7.215249340932336e-07}","[0.8344784088069881, 0.046321944607914736, 0.019615550770279388, 0.0995840958148177]",1.0925464509588821e-05,42,0.9999992784673383,0.9999999999995494
934,1,1,1,0,6,0.9694314050971691,"{""42"": 0.9999989281947818, ""48"": 6.718950672086303e-12, ""94"": 1.0717983243368893e-06}","[0.9694314050971691, 0.02064873181953341, 0.0043971846398473576, 0.005522678443450093]",1.5805107439240246e-05,42,0.9999989281947818,0.999999999999825
935,4,2,0,1,4,0.25134632206314533,"{""42"": 0.9999989703813669, ""48"": 7.665653186254558e-12, ""94"": 1.0296106270666399e-06}","[0.03840677570416474, 0.5802766994950042, 0.1299702027376859, 0.25134632206314533]",1.5224375812110066e-05,42,0.9999989703813669,0.9999999999996596
936,3,3,1,0,6,0.9361948927217913,"{""42"": 0.9999948087306084, ""48"": 2.3359066033497373e-10, ""94"": 5.1910222525824e-06, ""106"": 1.3543560878051728e-11}","[0.03604906354429931, 0.006854938402937748, 0.9361948927217913, 0.020901105330971566]",6.83641445766578e-05,42,0.9999948087306084,0.9999999999864517
937,4,4,1,0,4,0.5302853915336252,"{""42"": 0.9999984128970025, ""48"": 6.475078698684872e-12, ""94"": 1.5870949293466539e-06, ""106"": 1.592462349521334e-12}","[0.022706568656039205, 0.11271527910157332, 0.33429276070876224, 0.5302853915336252]",2.27807510983753e-05,42,0.9999984128970025,0.9999999999984069
938,4,4,1,0,6,0.9572757796624898,"{""42"": 0.9999995258258979, ""48"": 9.780773234593454e-12, ""94"": 4.7416360420017003e-07}","[0.015359286719006307, 0.012900848872045376, 0.01446408474645854, 0.9572757796624898]",7.3790765104954625e-06,42,0.9999995258258979,0.9999999999992828
939,1,1,1,0,6,0.8753779502354706,"{""42"": 0.9999994044902436, ""48"": 8.207527847370717e-12, ""94"": 5.955008911904404e-07}","[0.8753779502354706, 0.05680504386078406, 0.004760496240620406, 0.06305650966312507]",9.13156569494452e-06,42,0.9999994044902436,0.9999999999993423
940,2,2,1,0,6,0.8365980156715779,"{""42"": 0.9999993075462567, ""48"": 8.819045879381192e-12, ""94"": 6.924443253151761e-07}","[0.13405663132142578, 0.8365980156715779, 0.005647493963961163, 0.023697859043035268]",1.0513659019878986e-05,42,0.9999993075462567,0.999999999999401
941,2,3,0,1,6,0.2283982387327058,"{""42"": 0.999999420935175, ""48"": 8.511103235584381e-12, ""94"": 5.790557136503209e-07}","[0.0911722507826051, 0.2283982387327058, 0.6632445770761641, 0.01718493340852496]",8.895619716291755e-06,42,0.999999420935175,0.9999999999993997
942,1,1,1,0,5,0.7305614113376383,"{""42"": 0.9999573293605096, ""48"": 5.671310146228543e-10, ""94"": 4.2670072159189475e-05}","[0.7305614113376383, 0.021002445162766673, 0.034557246903543566, 0.2138788965960515]",0.0004720286203978218,42,0.9999573293605096,0.9999999999997998
943,1,1,1,0,5,0.5166316467691663,"{""42"": 0.999998280195714, ""48"": 3.520652327206578e-11, ""94"": 1.7197686720330786e-06}","[0.5166316467691663, 0.025627026286931903, 0.01929592996381931, 0.43844539698008256]",2.4547703085278664e-05,42,0.999998280195714,0.9999999999995925
944,1,1,1,0,6,0.982755108537639,"{""42"": 0.9999989457493438, ""48"": 2.5329154923025643e-11, ""94"": 1.0542247462669467e-06}","[0.982755108537639, 0.010228567902948004, 0.004296685174705506, 0.002719638384707418]",1.5563868546038198e-05,42,0.9999989457493438,0.9999999999994192
945,1,1,1,0,5,0.532276896687561,"{""42"": 0.99999891464935, ""48"": 1.740617674780168e-11, ""94"": 1.085332676817743e-06}","[0.532276896687561, 0.4258812152456523, 0.004947493921147829, 0.03689439414563906]",1.5991348178938284e-05,42,0.99999891464935,0.999999999999433
946,1,1,1,0,4,0.3588398090308294,"{""42"": 0.9999990814646128, ""48"": 1.3354498981308625e-11, ""94"": 9.185216117193348e-07}","[0.3588398090308294, 0.2465830916938794, 0.2442008103764467, 0.15037628889884447]",1.3686791377725642e-05,42,0.9999990814646128,0.9999999999995791
947,3,3,1,0,6,0.9781782369250538,"{""42"": 0.9999989526405936, ""48"": 1.7857236609050624e-12, ""94"": 1.0473576131099294e-06}","[0.007236681384478008, 0.002782771315175491, 0.9781782369250538, 0.011802310375292575]",1.546872588309441e-05,42,0.9999989526405936,0.9999999999999923
948,3,3,1,0,6,0.9037105584329564,"{""42"": 0.9999988783762749, ""48"": 3.8899280975799065e-12, ""94"": 1.1216197239461024e-06}","[0.003606921832678282, 0.0161049282441633, 0.9037105584329564, 0.07657759149020191]",1.6488745162642015e-05,42,0.9999988783762749,0.9999999999998888
949,3,3,1,0,6,0.8120129909768691,"{""42"": 0.9999989225238416, ""48"": 7.334385311063171e-12, ""94"": 1.0774686062023959e-06}","[0.01388437934899508, 0.08131331082717023, 0.8120129909768691, 0.09278931884696562]",1.5883054196071473e-05,42,0.9999989225238416,0.9999999999997822
950,3,3,1,0,4,0.47908545396017205,"{""42"": 0.9999988880890838, ""48"": 9.538346359601454e-12, ""94"": 1.1119013008983487e-06}","[0.02773829699195327, 0.07834978575605425, 0.47908545396017205, 0.4148264632918205]",1.6355697857610388e-05,42,0.9999988880890838,0.9999999999999231
951,4,4,1,0,6,0.6939493440591555,"{""42"": 0.9999996664280206, ""94"": 3.335717717646394e-07}","[0.11397409502726798, 0.016406778004994706, 0.1756697829085818, 0.6939493440591555]",5.308269923403769e-06,42,0.9999996664280206,0.999999999999972
952,4,4,1,0,6,0.8952863035787613,"{""42"": 0.9999994679588475, ""94"": 5.320409791262137e-07}","[0.003813126415888744, 0.014205387195800712, 0.08669518280954938, 0.8952863035787613]",8.218200345892796e-06,42,0.9999994679588475,0.9999999999999143
953,4,4,1,0,6,0.9119362873118648,"{""42"": 0.9999993410960787, ""94"": 6.589030730620838e-07}","[0.005773116033880106, 0.034054885181838405, 0.04823571147241663, 0.9119362873118648]",1.0036890473505258e-05,42,0.9999993410960787,0.9999999999998408
954,2,2,1,0,6,0.6813266927557695,"{""42"": 0.9999994254368901, ""48"": 2.02637514155096e-12, ""94"": 5.745608660032316e-07}","[0.14822730468479245, 0.6813266927557695, 0.14679035090598827, 0.023655651653449843]",8.830868025076728e-06,42,0.9999994254368901,0.9999999999997825
955,1,1,1,0,6,0.7956193665382282,"{""42"": 0.9999998138298669, ""48"": 2.272845895710158e-12, ""94"": 1.8616763765537526e-07}","[0.7956193665382282, 0.022672017819821765, 0.13951963156751185, 0.04218898407443821]",3.0712063549807137e-06,42,0.9999998138298669,0.9999999999997774
956,4,4,1,0,6,0.7083919511177476,"{""42"": 0.9999994938514318, ""48"": 2.5501914145269658e-12, ""94"": 5.061459335498957e-07}","[0.023524595388368527, 0.12328947944333081, 0.1447939740505532, 0.7083919511177476]",7.843533621662992e-06,42,0.9999994938514318,0.9999999999999155
957,2,2,1,0,6,0.7888562422192534,"{""42"": 0.9999998380009436, ""48"": 3.370621131195401e-12, ""94"": 1.6199553724571495e-07}","[0.0821849596615731, 0.7888562422192534, 0.01639787862400225, 0.11256091949517127]",2.6950056141755733e-06,42,0.9999998380009436,0.9999999999998515
958,3,3,1,0,4,0.7157123643731265,"{""42"": 0.9999996256708203, ""48"": 3.1199880510479607e-12, ""94"": 3.7432601342309553e-07}","[0.20674689616606878, 0.05309309831294233, 0.7157123643731265, 0.024447641147862492]",5.913741464984713e-06,42,0.9999996256708203,0.9999999999999537
959,4,4,1,0,6,0.9283188316044018,"{""42"": 0.9999994452095928, ""48"": 2.167319470854041e-12, ""94"": 5.547881667791834e-07}","[0.009449062525366042, 0.04769383679067627, 0.014538269079555924, 0.9283188316044018]",8.546396387541679e-06,42,0.9999994452095928,0.9999999999999268
960,1,1,1,0,6,0.9048149558832645,"{""42"": 0.9999995584325223, ""48"": 2.239574750106127e-12, ""94"": 4.415651168995259e-07}","[0.9048149558832645, 0.04226163639404292, 0.014896511273716915, 0.03802689644897563]",6.9030270733760395e-06,42,0.9999995584325223,0.9999999999998788
961,1,4,0,1,3,0.10586836593527602,"{""42"": 0.999999696427589, ""48"": 2.9892851124738344e-12, ""94"": 3.035692718519051e-07}","[0.10586836593527602, 0.06867461855174757, 0.012626641184015198, 0.8128303743289612]",4.859519319118087e-06,42,0.999999696427589,0.9999999999998501
962,3,3,1,0,6,0.6978605467714137,"{""42"": 0.9995543386099482, ""48"": 7.184750154491798e-09, ""94"": 0.0004456541120613461, ""106"": 9.315038764801135e-11}","[0.043556775745405805, 0.015496413707710781, 0.6978605467714137, 0.24308626377546966]",0.0038843515642323564,42,0.9995543386099482,0.9999999999067597
963,2,2,1,0,6,0.6130510853858232,"{""42"": 0.9999976667083255, ""94"": 2.3332902598840077e-06, ""106"": 1.2557861447762363e-12}","[0.26163529430219296, 0.6130510853858232, 0.10073470244846305, 0.02457891786352082]",3.259197549853446e-05,42,0.9999976667083255,0.9999999999998411
964,1,1,1,0,4,0.6159511984343777,"{""42"": 0.9999995830861297, ""48"": 1.0864384099535342e-12, ""94"": 4.1691245947955085e-07}","[0.6159511984343777, 0.1850731974863723, 0.19086623974065656, 0.00810936433859348]",6.541559487369658e-06,42,0.9999995830861297,0.9999999999996756
965,2,2,1,0,6,0.5723647197711471,"{""42"": 0.9999996953998818, ""48"": 2.226855659593044e-12, ""94"": 3.045977444974745e-07}","[0.2509798258909456, 0.5723647197711471, 0.161248330245125, 0.015407124092782287]",4.874932117262676e-06,42,0.9999996953998818,0.9999999999998531
966,4,4,1,0,4,0.7921001235737979,"{""42"": 0.9999996490290972, ""48"": 2.227341867189127e-12, ""94"": 3.5096863329904375e-07}","[0.14877699750612042, 0.03393744188698548, 0.02518543703309633, 0.7921001235737979]",5.567327428092929e-06,42,0.9999996490290972,0.9999999999999578
967,3,3,1,0,5,0.5817074857534017,"{""42"": 0.9999997529559668, ""48"": 2.1561733347347716e-12, ""94"": 2.470417577395779e-07}","[0.0824768301701498, 0.023225568835109473, 0.5817074857534017, 0.312590115241339]",4.005526751113584e-06,42,0.9999997529559668,0.9999999999998807
968,1,1,1,0,4,0.7352056639187156,"{""42"": 0.9999998549157842, ""94"": 1.450840752138816e-07}","[0.7352056639187156, 0.22976226241490108, 0.026613616958803408, 0.008418456707580005]",2.4295753498621477e-06,42,0.9999998549157842,0.9999999999999912
969,3,3,1,0,4,0.80032653416164,"{""42"": 0.999999863372097, ""94"": 1.3662745419059552e-07}","[0.15836839147723294, 0.021911808272222527, 0.80032653416164, 0.019393266088904532]",2.2961755599161653e-06,42,0.999999863372097,0.9999999999998581
970,4,4,1,0,6,0.9679618494469641,"{""42"": 0.9999997874038283, ""94"": 2.1259548961005015e-07}","[0.007955755094286358, 0.00533090955257946, 0.018751485906170116, 0.9679618494469641]",3.478905959721114e-06,42,0.9999997874038283,0.9999999999999095
971,2,2,1,0,6,0.7308958351454106,"{""42"": 0.9999996885502795, ""94"": 3.114495093662075e-07}","[0.10076725623764428, 0.7308958351454106, 0.020683229929147433, 0.14765367868779786]",4.977601432233991e-06,42,0.9999996885502795,0.9999999999999118
972,2,3,0,1,6,0.3946532768299866,"{""42"": 0.9999997748341493, ""94"": 2.251652864857416e-07}","[0.04408008690093223, 0.3946532768299866, 0.5414591806170419, 0.019807455652039296]",3.6716589357129245e-06,42,0.9999997748341493,0.9999999999999054
973,3,3,1,0,6,0.8944337905964103,"{""42"": 0.9999992900510564, ""48"": 2.695667946376863e-12, ""94"": 7.099460960376901e-07}","[0.0507420620044364, 0.0110634672972091, 0.8944337905964103, 0.04376068010194428]",1.0761496332722154e-05,42,0.9999992900510564,0.999999999999848
974,2,2,1,0,6,0.5391972071276094,"{""42"": 0.9999995027180172, ""48"": 1.6748861230558197e-12, ""94"": 4.972802327937421e-07}","[0.037365960388598914, 0.5391972071276094, 0.04104656766209302, 0.38239026482169874]",7.714910596566218e-06,42,0.9999995027180172,0.9999999999999248
975,3,3,1,0,6,0.8186620125972477,"{""42"": 0.9999994419607127, ""48"": 1.0307889761774834e-12, ""94"": 5.580382231050149e-07}","[0.10699056723858194, 0.011831461151536339, 0.8186620125972477, 0.06251595901263386]",8.593170808953845e-06,42,0.9999994419607127,0.9999999999999666
976,2,2,1,0,6,0.911341235745159,"{""42"": 0.9999997204436952, ""94"": 2.7955601801259507e-07}","[0.05845919360898978, 0.911341235745159, 0.005582085997517195, 0.024617484648333986]",4.498082650823705e-06,42,0.9999997204436952,0.9999999999999424
977,2,2,1,0,6,0.7851418591516017,"{""42"": 0.9999996159608346, ""94"": 3.8403844517786126e-07}","[0.019379459522581625, 0.7851418591516017, 0.014903414686523944, 0.18057526663929288]",6.0572762459650896e-06,42,0.9999996159608346,0.9999999999999478
978,3,3,1,0,6,0.9510893679708027,"{""42"": 0.9999996190959249, ""94"": 3.809031160747622e-07}","[0.00715264603419138, 0.016630171389375132, 0.9510893679708027, 0.025127814605630783]",6.01095335384465e-06,42,0.9999996190959249,0.999999999999946
979,1,1,1,0,6,0.8096323196210158,"{""42"": 0.9999995533193654, ""48"": 1.023713377697027e-12, ""94"": 4.466795524993137e-07}","[0.8096323196210158, 0.09133190571849788, 0.006558194195669664, 0.09247758046481655]",6.977801876240092e-06,42,0.9999995533193654,0.9999999999999416
980,2,2,1,0,6,0.8615157153446192,"{""42"": 0.9999995827504198, ""48"": 1.0216547172944985e-12, ""94"": 4.172485180672438e-07}","[0.04256302022427116, 0.8615157153446192, 0.012740129165874192, 0.08318113526523545]",6.546486027106722e-06,42,0.9999995827504198,0.9999999999999595
981,1,1,1,0,4,0.359514770562688,"{""42"": 0.9999998326328505, ""48"": 1.0204878934929985e-12, ""94"": 1.6736606190406116e-07}","[0.359514770562688, 0.3365363276773205, 0.2589742706028584, 0.04497463115713315]",2.778823806667082e-06,42,0.9999998326328505,0.9999999999999329
982,2,4,0,1,6,0.30168308121149506,"{""42"": 0.9999996633387706, ""94"": 3.3666049912677294e-07}","[0.07931771353546159, 0.30168308121149506, 0.032317110811157665, 0.5866820944418857]",5.354334003622394e-06,42,0.9999996633387706,0.9999999999999778
983,4,4,1,0,6,0.8203609314048066,"{""42"": 0.9999980775983269, ""48"": 5.354532122636159e-12, ""94"": 1.9223962102012025e-06}","[0.1405484004827769, 0.00881658216681208, 0.030274085945604486, 0.8203609314048066]",2.722500199250565e-05,42,0.9999980775983269,0.9999999999998916
984,4,4,1,0,5,0.8670782951765424,"{""42"": 0.9999994153023558, ""94"": 5.846970466482775e-07}","[0.013272322418222396, 0.04547259866002864, 0.07417678374520656, 0.8670782951765424]",8.976387051155915e-06,42,0.9999994153023558,0.9999999999999437
985,2,2,1,0,6,0.9648429793544686,"{""42"": 0.9999995183386261, ""94"": 4.816612337059258e-07}","[0.02033662714338969, 0.9648429793544686, 0.002767500226891364, 0.012052893275250382]",7.487921740163248e-06,42,0.9999995183386261,0.9999999999999615
986,3,3,1,0,6,0.9074521018572121,"{""42"": 0.9999995332004782, ""94"": 4.66799010909561e-07}","[0.01191854088013348, 0.026628813977683897, 0.9074521018572121, 0.0540005432849705]",7.271514569786824e-06,42,0.9999995332004782,0.999999999999944
987,1,1,1,0,6,0.7926582285803374,"{""42"": 0.9999997442856597, ""94"": 2.557142504191635e-07}","[0.7926582285803374, 0.031521994470973966, 0.15115630252502468, 0.02466347442366397]",4.137256140912424e-06,42,0.9999997442856597,0.9999999999999784
988,2,2,1,0,6,0.6960209710294374,"{""42"": 0.9999998898404577, ""94"": 1.101593101496481e-07}","[0.1486818708056891, 0.6960209710294374, 0.0978357604692371, 0.05746139769563655]",1.8750659999266605e-06,42,0.9999998898404577,0.9999999999999271
989,3,3,1,0,4,0.8961236484463583,"{""42"": 0.9999997536601132, ""94"": 2.4633966706474347e-07}","[0.0292008351027834, 0.030112464184776214, 0.8961236484463583, 0.04456305226608218]",3.994787282421399e-06,42,0.9999997536601132,0.9999999999999865
990,3,3,1,0,4,0.3809163145394229,"{""42"": 0.9999996564311434, ""94"": 3.4356848899967376e-07}","[0.022415168133241226, 0.3772627240758701, 0.3809163145394229, 0.2194057932514659]",5.45721134129473e-06,42,0.9999996564311434,0.9999999999999788
991,4,1,0,1,5,0.16937920160484585,"{""42"": 0.9999999663697694, ""94"": 3.3630140041013126e-08}","[0.7288322778569782, 0.023601177159053615, 0.0781873433791223, 0.16937920160484585]",6.123351874307028e-07,42,0.9999999663697694,0.9999999999999631
992,2,2,1,0,6,0.6556265839102979,"{""42"": 0.9999980180935375, ""48"": 6.747992200373107e-12, ""94"": 1.981897137918915e-06, ""106"": 2.574569954175011e-12}","[0.23946886895324193, 0.6556265839102979, 0.09618906242368132, 0.008715484712778823]",2.800734194377118e-05,42,0.9999980180935375,0.9999999999974235
993,3,3,1,0,6,0.7541973247574915,"{""42"": 0.9999997797894754, ""94"": 2.2020959774215024e-07}","[0.03943988315420626, 0.11905349915696617, 0.7541973247574915, 0.08730929293133621]",3.5957604023373212e-06,42,0.9999997797894754,0.9999999999998321
994,4,4,1,0,6,0.45931820651647315,"{""42"": 0.999999758281765, ""94"": 2.4171768975432895e-07}","[0.22419016003392028, 0.017791389391640572, 0.298700244057966, 0.45931820651647315]",3.924422440346228e-06,42,0.999999758281765,0.9999999999999766
995,2,2,1,0,6,0.9041064337306634,"{""42"": 0.999999919735928, ""94"": 8.02633953962371e-08}","[0.04470640532389538, 0.9041064337306634, 0.04718902303004453, 0.003998137915396727]",1.3916226923393094e-06,42,0.999999919735928,0.9999999999999613
996,1,1,1,0,6,0.9316281310613869,"{""42"": 0.9999998732491159, ""94"": 1.2675030754239892e-07}","[0.9316281310613869, 0.01468693871319743, 0.02699329785934962, 0.026691632366065962]",2.1396948437394946e-06,42,0.9999998732491159,0.9999999999999581
997,1,1,1,0,6,0.37916053953118645,"{""42"": 0.9999997995889527, ""94"": 2.0041050152163597e-07}","[0.37916053953118645, 0.30833164164129057, 0.2909467218492705, 0.021561096978252522]",3.291337310073065e-06,42,0.9999997995889527,0.9999999999999613
998,3,3,1,0,4,0.5945501156788662,"{""42"": 0.9999999317662636, ""94"": 6.823323759050036e-08}","[0.35807201792959825, 0.021020311752708257, 0.5945501156788662, 0.026357554638827448]",1.1941192616968187e-06,42,0.9999999317662636,0.9999999999999426
999,2,2,1,0,6,0.8642096771656596,"{""42"": 0.9999998541643622, ""94"": 1.4583538383151972e-07}","[0.04785013582428433, 0.8642096771656596, 0.06914845160775833, 0.018791735402297664]",2.4414068416182262e-06,42,0.9999998541643622,0.9999999999999766
1000,4,4,1,0,6,0.6961626667900511,"{""42"": 0.9999999221628845, ""94"": 7.783677192484072e-08}","[0.12826788730543504, 0.015820577701857755, 0.1597488682026562, 0.6961626667900511]",1.3519301235241197e-06,42,0.9999999221628845,0.9999999999999595
1001,1,1,1,0,6,0.6398565097771498,"{""42"": 0.9999998939518749, ""94"": 1.0604808182582658e-07}","[0.6398565097771498, 0.08023600587779617, 0.24891687191608, 0.030990612428974083]",1.8091152086189122e-06,42,0.9999998939518749,0.9999999999999853
1002,4,4,1,0,6,0.9503719941137155,"{""42"": 0.9999999681855992, ""94"": 3.181428389348995e-08}","[0.0033310401032599275, 0.019192135820983534, 0.02710482996204103, 0.9503719941137155]",5.810390743646176e-07,42,0.9999999681855992,0.999999999999972
1003,3,3,1,0,6,0.822519523722685,"{""42"": 0.9999999323342982, ""94"": 6.766553375339534e-08}","[0.01027087137674934, 0.04867216444802658, 0.822519523722685, 0.11853744045253913]",1.1847399731743701e-06,42,0.9999999323342982,0.9999999999999646
1004,4,2,0,1,6,0.4336034426195351,"{""42"": 0.9999999041115729, ""94"": 9.588818128729637e-08}","[0.03269495188200609, 0.48677871123471117, 0.0469228942637477, 0.4336034426195351]",1.6454566009450292e-06,42,0.9999999041115729,0.9999999999999826
1005,3,3,1,0,5,0.5901434108451745,"{""42"": 0.999999705850816, ""94"": 2.9414872018991525e-07}","[0.18775246977296348, 0.03153308728172627, 0.5901434108451745, 0.1905710321001357]",4.717918065145419e-06,42,0.999999705850816,0.9999999999999749
1006,4,4,1,0,4,0.5746416866897601,"{""42"": 0.999999953542409, ""94"": 4.6457551269680346e-08}","[0.005679398776916912, 0.008814244534871623, 0.4108646699984513, 0.5746416866897601]",8.308819091812515e-07,42,0.999999953542409,0.9999999999999829
1007,1,1,1,0,6,0.628915181070694,"{""42"": 0.9999999316471533, ""94"": 6.835274979885015e-08}","[0.628915181070694, 0.21854459254094774, 0.011458010047595751, 0.1410822163407626]",1.1960793889382765e-06,42,0.9999999316471533,0.9999999999999778
1008,4,4,1,0,5,0.5697182323756024,"{""42"": 0.9999999246082588, ""94"": 7.539164166040374e-08}","[0.38129497939408635, 0.020317119496848085, 0.028669668733463292, 0.5697182323756024]",1.3118606005860474e-06,42,0.9999999246082588,0.9999999999999917
1009,2,2,1,0,6,0.5509905689791014,"{""42"": 0.9999998990780379, ""94"": 1.0092182762019918e-07}","[0.42160161937874563, 0.5509905689791014, 0.017805448444382088, 0.009602363197770965]",1.7266676062360737e-06,42,0.9999998990780379,0.999999999999982
1010,3,3,1,0,6,0.9716127658130879,"{""42"": 0.9999999008172357, ""94"": 9.918262803543743e-08}","[0.006871197003043673, 0.0033932869586810045, 0.9716127658130879, 0.018122750225187584]",1.698635948885335e-06,42,0.9999999008172357,0.9999999999999875
1011,4,4,1,0,5,0.4752484756820303,"{""42"": 0.9999999048186972, ""94"": 9.51812415034808e-08}","[0.04875758828106094, 0.01568505084988917, 0.4603088851870196, 0.4752484756820303]",1.6340243013079885e-06,42,0.9999999048186972,0.9999999999999816
1012,4,4,1,0,6,0.7428347768302516,"{""42"": 0.999999947673612, ""94"": 5.232618840611389e-08}","[0.10629329874079015, 0.012805470743533873, 0.13806645368542456, 0.7428347768302516]",9.296210803804551e-07,42,0.999999947673612,0.9999999999999769
1013,4,4,1,0,6,0.8112255473546384,"{""42"": 0.9999999725765917, ""94"": 2.7423258168007466e-08}","[0.004758066215676263, 0.0356618543550596, 0.14835453207462576, 0.8112255473546384]",5.049182224126738e-07,42,0.9999999725765917,0.9999999999999803
1014,4,4,1,0,4,0.6660660896305369,"{""42"": 0.9999999585551648, ""94"": 4.144477441385662e-08}","[0.014120236651498547, 0.01165777743143185, 0.30815589628653267, 0.6660660896305369]",7.45962460986474e-07,42,0.9999999585551648,0.9999999999999861
1015,3,3,1,0,4,0.40814600825011577,"{""42"": 0.9999999512390326, ""94"": 4.8760937813561665e-08}","[0.17602731678002162, 0.02681882873833809, 0.40814600825011577, 0.3890078462315247]",8.697174540876678e-07,42,0.9999999512390326,0.9999999999999893
1016,3,3,1,0,6,0.5307699996018732,"{""42"": 0.9999999307984896, ""94"": 6.920141835641828e-08}","[0.35188333160413426, 0.016138604494010216, 0.5307699996018732, 0.1012080642999823]",1.2100757891237672e-06,42,0.9999999307984896,0.9999999999999949
1017,3,3,1,0,6,0.9755927293217659,"{""42"": 0.9999999669454669, ""94"": 3.305448759150507e-08}","[0.006739997422608654, 0.002490117365660854, 0.9755927293217659, 0.015177155889964608]",6.024230888103162e-07,42,0.9999999669454669,0.9999999999999898
1018,3,3,1,0,6,0.9587657975951306,"{""42"": 0.9999999530210257, ""94"": 4.6978929337056374e-08}","[0.0036375804939411294, 0.014292528825012587, 0.9587657975951306, 0.023304093085915703]",8.396824716524735e-07,42,0.9999999530210257,0.9999999999999836
1019,1,1,1,0,6,0.9413580624834876,"{""42"": 0.9999999515765216, ""94"": 4.8423437985494346e-08}","[0.9413580624834876, 0.0414520538059091, 0.013286574247079836, 0.0039033094635235015]",8.640343630550405e-07,42,0.9999999515765216,0.9999999999999812
1020,1,1,1,0,6,0.8599003702495763,"{""42"": 0.9999999559040031, ""94"": 4.409594959043244e-08}","[0.8599003702495763, 0.09833403774533196, 0.005329129938481391, 0.03643646206661022]",7.909460734511745e-07,42,0.9999999559040031,0.9999999999999802
1021,4,4,1,0,5,0.5213539714784184,"{""42"": 0.9999999474789484, ""94"": 5.252101028685402e-08}","[0.023713004496168186, 0.3739918636408413, 0.08094116038457211, 0.5213539714784184]",9.328822868459741e-07,42,0.9999999474789484,0.9999999999999879
1022,2,2,1,0,6,0.7960415221328638,"{""42"": 0.9999999306288786, ""94"": 6.937110838841401e-08}","[0.13092490134919482, 0.7960415221328638, 0.018527967486306477, 0.05450560903163483]",1.2128706918538797e-06,42,0.9999999306288786,0.9999999999999987
1023,4,4,1,0,5,0.675389026532073,"{""42"": 0.9999999782270486, ""94"": 2.177292829513016e-08}","[0.01391081614964966, 0.23916836350396595, 0.07153179381431138, 0.675389026532073]",4.0590472588040916e-07,42,0.9999999782270486,0.9999999999999936
1024,2,2,1,0,6,0.6955551484212235,"{""42"": 0.9999999663170367, ""94"": 3.3682950666821124e-08}","[0.24668324282296256, 0.6955551484212235, 0.03145404608643414, 0.026307562669379832]",6.132414550574732e-07,42,0.9999999663170367,0.9999999999999966
1025,1,1,1,0,6,0.9374582160537884,"{""42"": 0.9999999603786083, ""94"": 3.9621376310258595e-08}","[0.9374582160537884, 0.03378318380078779, 0.004122163498711406, 0.02463643664671229]",7.14924541935507e-07,42,0.9999999603786083,0.9999999999999972
1026,4,4,1,0,4,0.3728577263300121,"{""42"": 0.9999999536244469, ""94"": 4.6375527498907186e-08}","[0.12093050635873165, 0.22284710862818471, 0.2833646586830715, 0.3728577263300121]",8.294964255989821e-07,42,0.9999999536244469,0.9999999999999946
1027,4,4,1,0,6,0.9742925656530363,"{""42"": 0.9999999501166981, ""94"": 4.988329578262534e-08}","[0.0026552527697960597, 0.005438212465281224, 0.017613969111886427, 0.9742925656530363]",8.886002672222587e-07,42,0.9999999501166981,0.9999999999999987
1028,1,1,1,0,4,0.6875141160146205,"{""42"": 0.9999999473149542, ""94"": 5.268503193874264e-08}","[0.6875141160146205, 0.03831247673574104, 0.03314987788800643, 0.24102352936163207]",9.356304888262816e-07,42,0.9999999473149542,0.9999999999999957
1029,1,1,1,0,4,0.5312679713405777,"{""42"": 0.9999999901850934, ""94"": 9.814889634822087e-09}","[0.5312679713405777, 0.0801273159079997, 0.32891867122866936, 0.05968604152275325]",1.9079578751385987e-07,42,0.9999999901850934,0.999999999999994
1030,3,3,1,0,6,0.6684980616673297,"{""42"": 0.9999999737762455, ""94"": 2.622374070842483e-08}","[0.024130303646760616, 0.23296208676816002, 0.6684980616673297, 0.07440954791774963]",4.840015669365372e-07,42,0.9999999737762455,0.9999999999999976
1031,1,1,1,0,6,0.9472120291118036,"{""42"": 0.9999999929550114, ""94"": 7.044982048776228e-09}","[0.9472120291118036, 0.033170844844044575, 0.010017873137519754, 0.009599252906632112]",1.3928620814555666e-07,42,0.9999999929550114,0.9999999999999973
1032,4,1,0,1,4,0.2527546471410496,"{""42"": 0.9999999856353743, ""94"": 1.4364611709870928e-08}","[0.5698603492961465, 0.042972214777946854, 0.13441278878485705, 0.2527546471410496]",2.7376839459888574e-07,42,0.9999999856353743,0.9999999999999943
1033,4,4,1,0,6,0.711950797960881,"{""42"": 0.9999999711068328, ""94"": 2.8892859543771525e-08}","[0.08204235865448592, 0.0737617105160494, 0.13224513286858378, 0.711950797960881]",5.304727671360449e-07,42,0.9999999711068328,0.9999999999999108
1034,1,1,1,0,4,0.42032158623376475,"{""42"": 0.9999999722485585, ""94"": 2.7751431666735254e-08}","[0.42032158623376475, 0.13989115365191504, 0.3729086484895163, 0.06687861162480384]",5.106260722735208e-07,42,0.9999999722485585,0.9999999999999952
1035,2,2,1,0,6,0.7359714990481774,"{""42"": 0.9999999932910593, ""94"": 6.708925335886918e-09}","[0.07672209155125304, 0.7359714990481774, 0.17581454539769864, 0.01149186400287092]",1.3297025343365262e-07,42,0.9999999932910593,0.9999999999999923
1036,1,1,1,0,6,0.8612072598868066,"{""42"": 0.9999999902311619, ""94"": 9.768824024243623e-09}","[0.8612072598868066, 0.056981739759831444, 0.06708075467204809, 0.014730245681313914]",1.899461637570588e-07,42,0.9999999902311619,0.9999999999999951
1037,2,2,1,0,6,0.9644527955650976,"{""42"": 0.9999999925992005, ""94"": 7.400783299060151e-09}","[0.021171563991737762, 0.9644527955650976, 0.0030881621096256625, 0.0112874783335389]",1.4595642239472467e-07,42,0.9999999925992005,0.999999999999994
1038,1,1,1,0,6,0.9759101946010883,"{""42"": 0.9999999869976621, ""94"": 1.3002316965372975e-08}","[0.9759101946010883, 0.010559480935219854, 0.007164045509731157, 0.006366278953960731]",2.491008802174198e-07,42,0.9999999869976621,0.9999999999999933
1039,1,2,0,1,6,0.45156837912548187,"{""42"": 0.9999999800516577, ""94"": 1.99483196435512e-08}","[0.45156837912548187, 0.5158861984748326, 0.015713836585460463, 0.01683158581422515]",3.736351855593596e-07,42,0.9999999800516577,0.9999999999999938
1040,3,3,1,0,6,0.7245852371526387,"{""42"": 0.999999971823926, ""94"": 2.81760479499539e-08}","[0.1370471622330258, 0.06155427362373816, 0.7245852371526387, 0.07681332699059738]",5.180116746018862e-07,42,0.999999971823926,0.9999999999999944
1041,1,1,1,0,6,0.9127947692261988,"{""42"": 0.9999999779974111, ""94"": 2.2002572699956384e-08}","[0.9127947692261988, 0.014926599541878081, 0.019394310952613986, 0.05288432027930916]",4.099548116859469e-07,42,0.9999999779974111,0.9999999999999986
1042,3,3,1,0,6,0.7905990986008913,"{""42"": 0.999999983335904, ""94"": 1.666407856541164e-08}","[0.02282761487311933, 0.13767134958985822, 0.7905990986008913, 0.04890193693613126]",3.151184819324017e-07,42,0.999999983335904,0.999999999999997
1043,1,1,1,0,6,0.507488895230359,"{""42"": 0.9999999907434328, ""94"": 9.256560436609193e-09}","[0.507488895230359, 0.40968970100303104, 0.06236064946860196, 0.02046075429800803]",1.8048402275119087e-07,42,0.9999999907434328,0.9999999999999972
1044,2,2,1,0,6,0.4414477698882332,"{""42"": 0.9999999864742324, ""94"": 1.3525760245338508e-08}","[0.17074125702219467, 0.4414477698882332, 0.2700063865107948, 0.11780458657877732]",2.5859479445498053e-07,42,0.9999999864742324,0.9999999999999984
1045,2,2,1,0,6,0.884809533855393,"{""42"": 0.9999999847055476, ""94"": 1.5294447712143772e-08}","[0.060566596080827054, 0.884809533855393, 0.008202371078689919, 0.04642149898509012]",2.9053006054072413e-07,42,0.9999999847055476,0.9999999999999993
1046,3,3,1,0,4,0.5673207816482921,"{""42"": 0.9999999894839838, ""94"": 1.05160084596506e-08}","[0.0702890637990311, 0.2886891253196815, 0.5673207816482921, 0.07370102923299536]",2.0369920880494575e-07,42,0.9999999894839838,0.9999999999999983
1047,1,1,1,0,6,0.9621424788944445,"{""42"": 0.9999999853921335, ""94"": 1.4607860211659467e-08}","[0.9621424788944445, 0.018130053376908466, 0.015078227568709869, 0.0046492401599372585]",2.7815879457158563e-07,42,0.9999999853921335,0.9999999999999992
1048,4,3,0,1,4,0.4091550188750956,"{""42"": 0.9999999829755774, ""94"": 1.702441289006039e-08}","[0.061003133629353376, 0.10389886896116948, 0.4259429785343815, 0.4091550188750956]",3.21567947556446e-07,42,0.9999999829755774,0.9999999999999984
1049,2,4,0,1,6,0.3196916709373456,"{""42"": 0.9999999831363299, ""94"": 1.686366337338629e-08}","[0.15810119932313596, 0.3196916709373456, 0.042060804622132915, 0.48014632511738553]",3.186915090356048e-07,42,0.9999999831363299,0.9999999999999984
1050,4,4,1,0,6,0.4919971224710123,"{""42"": 0.9999999950164997, ""94"": 4.983485584212881e-09}","[0.02125954907942625, 0.008509523220594506, 0.478233805228967, 0.4919971224710123]",1.002539465410671e-07,42,0.9999999950164997,0.9999999999999949
1051,1,1,1,0,4,0.6105742488366769,"{""42"": 0.9999999929421468, ""94"": 7.0578342542354e-09}","[0.6105742488366769, 0.16671537886089224, 0.0923724313919342, 0.13033794091049675]",1.3952785343570753e-07,42,0.9999999929421468,0.9999999999999964
1052,2,2,1,0,6,0.7573056607299761,"{""42"": 0.9999999977854601, ""94"": 2.214532139184797e-09}","[0.08200523040176264, 0.7573056607299761, 0.008988527974840732, 0.15170058089342056]",4.634649234987972e-08,42,0.9999999977854601,0.9999999999999972
1053,4,4,1,0,6,0.6947570126362841,"{""42"": 0.9999999970993267, ""94"": 2.9006662306411117e-09}","[0.21189019857169655, 0.010539631677657693, 0.08281315711436163, 0.6947570126362841]",5.99231461519539e-08,42,0.9999999970993267,0.9999999999999976
1054,1,1,1,0,6,0.7921273876549625,"{""42"": 0.9999999971319902, ""94"": 2.8680037563115642e-09}","[0.7921273876549625, 0.04654866275444983, 0.021723498170820622, 0.139600451419767]",5.9280840860725184e-08,42,0.9999999971319902,0.9999999999999977
1055,2,3,0,1,6,0.3454531688343018,"{""42"": 0.9999999978207255, ""94"": 2.1792678382868696e-09}","[0.05609076161436068, 0.3454531688343018, 0.5798588216240719, 0.018597247927265498]",4.5643423164837846e-08,42,0.9999999978207255,0.9999999999999974
1056,3,3,1,0,6,0.9471129949407232,"{""42"": 0.9999999916388765, ""94"": 8.36110525145572e-09}","[0.024916827509499334, 0.019087904629247143, 0.9471129949407232, 0.008882272920530319]",1.63875554934739e-07,42,0.9999999916388765,0.9999999999999963
1057,1,1,1,0,6,0.47047892049413254,"{""42"": 0.9999999957021313, ""94"": 4.297861853632563e-09}","[0.47047892049413254, 0.39203286165923557, 0.11759053245005972, 0.01989768539657219]",8.709704076824345e-08,42,0.9999999957021313,0.9999999999999971
1058,4,4,1,0,6,0.9389256027837786,"{""42"": 0.9999999970153153, ""94"": 2.9846767979347954e-09}","[0.008337821582032525, 0.026458205564435084, 0.026278370069753764, 0.9389256027837786]",6.157347799642358e-08,42,0.9999999970153153,0.9999999999999971
1059,3,3,1,0,6,0.8735988759273251,"{""42"": 0.9999999963576105, ""94"": 3.6423871303552386e-09}","[0.00840273435978527, 0.05636730318310383, 0.8735988759273251, 0.06163108652978575]",7.441633825589487e-08,42,0.9999999963576105,0.9999999999999994
1060,4,4,1,0,6,0.966012389054649,"{""42"": 0.9999999977859741, ""94"": 2.2140228700498297e-09}","[0.013124240818634437, 0.005691603996075969, 0.015171766130640573, 0.966012389054649]",4.6336173861546405e-08,42,0.9999999977859741,0.9999999999999994
1061,3,3,1,0,6,0.683219325740606,"{""42"": 0.9999999978067551, ""94"": 2.193240858695269e-09}","[0.015016987349446028, 0.20828249816091451, 0.683219325740606, 0.09348118874903351]",4.592196989272065e-08,42,0.9999999978067551,0.9999999999999987
1062,3,3,1,0,6,0.9213724124932761,"{""42"": 0.9999999973432203, ""94"": 2.656776729533306e-09}","[0.03133976924493598, 0.011345952697303424, 0.9213724124932761, 0.03594186556448458]",5.511799281797029e-08,42,0.9999999973432203,0.9999999999999991
1063,2,2,1,0,6,0.8853458887511602,"{""42"": 0.9999999963885953, ""94"": 3.6114010341728193e-09}","[0.06743826420171715, 0.8853458887511602, 0.03989123877800976, 0.007324608269112766]",7.381417032995861e-08,42,0.9999999963885953,0.9999999999999992
1064,3,3,1,0,6,0.9585087986327323,"{""42"": 0.9999999978986538, ""94"": 2.1013415737787268e-09}","[0.005932063087924083, 0.005073704074605524, 0.9585087986327323, 0.03048543420473796]",4.408776044481326e-08,42,0.9999999978986538,0.9999999999999984
1065,1,1,1,0,6,0.45579895210324756,"{""42"": 0.9999999965532673, ""94"": 3.4467277237101134e-09}","[0.45579895210324756, 0.2650537412169359, 0.019429164281258064, 0.25971814239855834]",7.060928273594874e-08,42,0.9999999965532673,0.9999999999999981
1066,2,2,1,0,6,0.7337163002513079,"{""42"": 0.9999999963829158, ""94"": 3.6170808668174735e-09}","[0.22813113463713697, 0.7337163002513079, 0.009269271948146692, 0.02888329316340847]",7.392456094182319e-08,42,0.9999999963829158,0.9999999999999996
1067,4,4,1,0,5,0.5282053787585061,"{""42"": 0.9999999966434601, ""94"": 3.3565362892328043e-09}","[0.05164453979363698, 0.012994742406427047, 0.40715533904142986, 0.5282053787585061]",6.885058500271237e-08,42,0.9999999966434601,0.9999999999999991
1068,2,2,1,0,6,0.9121454497554905,"{""42"": 0.9999999963806907, ""94"": 3.619308584775139e-09}","[0.02960232704235693, 0.9121454497554905, 0.009360449500885696, 0.04889177370126691]",7.39677741353718e-08,42,0.9999999963806907,0.9999999999999999
1069,4,2,0,1,4,0.17345890923826116,"{""42"": 0.9999999957820569, ""94"": 4.21794138698996e-09}","[0.03167135788541737, 0.6730197718168983, 0.12184996105942306, 0.17345890923826116]",8.555644227813526e-08,42,0.9999999957820569,0.9999999999999994
1070,3,3,1,0,5,0.5379862414716101,"{""42"": 0.9999999328591861, ""94"": 6.714080974141595e-08}","[0.30833645748429667, 0.03402571584840633, 0.5379862414716101, 0.11965158519568697]",1.1760703752603342e-06,42,0.9999999328591861,0.999999999999999
1071,2,2,1,0,6,0.7726128308151531,"{""42"": 0.9999999981669154, ""94"": 1.8330827866297147e-09}","[0.04841118136607141, 0.7726128308151531, 0.13892145726075314, 0.04005453055802244]",3.870975565974153e-08,42,0.9999999981669154,0.9999999999999996
1072,3,2,0,1,6,0.39722880324012627,"{""42"": 0.9999999989620612, ""94"": 1.0379367988479265e-09}","[0.014632910469834353, 0.48222077224679316, 0.39722880324012627, 0.1059175140432462]",2.2508803314347486e-08,42,0.9999999989620612,0.9999999999999993
1073,1,1,1,0,3,0.4097306839681276,"{""42"": 0.9999999985252048, ""94"": 1.4747924730685914e-09}","[0.4097306839681276, 0.24769170194889945, 0.13693849503766942, 0.20563911904530355]",3.146442069016589e-08,42,0.9999999985252048,0.9999999999999994
1074,3,3,1,0,6,0.7932883107432056,"{""42"": 0.9999999981268033, ""94"": 1.873194672153638e-09}","[0.004574173963912652, 0.028916534417534306, 0.7932883107432056, 0.17322098087534746]",3.951627813336298e-08,42,0.9999999981268033,0.9999999999999992
1075,2,2,1,0,6,0.9027413307589544,"{""42"": 0.9999999981138612, ""94"": 1.8861370872115724e-09}","[0.054502033785414856, 0.9027413307589544, 0.00750919000693455, 0.03524744544869625]",3.9776311385859634e-08,42,0.9999999981138612,0.9999999999999993
1076,2,2,1,0,6,0.918493296007109,"{""42"": 0.9999999986660797, ""94"": 1.3339178290340414e-09}","[0.0448035590270398, 0.918493296007109, 0.030106358768004295, 0.0065967861978468425]",2.8592804441008148e-08,42,0.9999999986660797,0.9999999999999988
1077,2,2,1,0,6,0.467660434447707,"{""42"": 0.9999999987151957, ""94"": 1.284801916028457e-09}","[0.17857722207407667, 0.467660434447707, 0.33673997329332067, 0.017022370184895608]",2.7588206133603044e-08,42,0.9999999987151957,0.999999999999999
1078,3,3,1,0,6,0.7151434645471609,"{""42"": 0.9999999980690644, ""94"": 1.9309338409584465e-09}","[0.019787052989836604, 0.23333514380052123, 0.7151434645471609, 0.03173433866248128]",4.0675689928868e-08,42,0.9999999980690644,0.9999999999999996
1079,4,4,1,0,6,0.8940376035831669,"{""42"": 0.9999999990370168, ""94"": 9.629822155769686e-10}","[0.0033651719148711863, 0.030036833016809223, 0.07256039148515277, 0.8940376035831669]",2.095548164370754e-08,42,0.9999999990370168,0.9999999999999999
1080,2,2,1,0,5,0.47142797938815295,"{""42"": 0.9999999985955526, ""94"": 1.4044463811100363e-09}","[0.10761250945454445, 0.47142797938815295, 0.16172960020437582, 0.25922991095292675]",3.0032195420554485e-08,42,0.9999999985955526,0.9999999999999998
