trial,true_choice,predicted_choice,hit,nonhit,rating,origin_true_choice_probability,origin_posterior,origin_pred_probs,origin_entropy,origin_top1_hypothesis,origin_top1_probability,origin_top3_mass
2,1,3,0,1,1,0.1883922077635166,"{""12"": 0.1649894216055313, ""18"": 0.13284814967228345, ""43"": 0.14632868054251688, ""46"": 0.14623093907313645, ""47"": 0.1557426757703897, ""81"": 0.135607799309101, ""84"": 0.11825233402704122}","[0.1883922077635166, 0.15858096310525324, 0.5755087758313963, 0.0775180532998339]",1.940833714285385,12,0.1649894216055313,0.4670607779184379
3,2,3,0,1,1,0.1932241145836661,"{""20"": 0.35654137840183187, ""27"": 0.2924853858057989, ""43"": 0.19551221375992442, ""47"": 0.15546083811041198, ""66"": 1.034519875014402e-07, ""81"": 8.04700452706396e-08}","[0.20717089164042887, 0.1932241145836661, 0.49777783381771373, 0.10182715995819135]",1.335740660449932,20,0.35654137840183187,0.8445389779675553
4,3,4,0,1,2,0.1193495023835923,"{""20"": 0.08781527505992864, ""27"": 0.11886876024952363, ""43"": 0.1455187567703115, ""47"": 0.10342394401825183, ""66"": 1.739431656669047e-06, ""81"": 9.735776478839428e-07, ""93"": 0.4581792629620645, ""98"": 0.08619128793061535}","[0.038844661237677325, 0.18195445319363157, 0.1193495023835923, 0.6598513831850988]",1.5508260393920845,93,0.4581792629620645,0.7225667799818997
5,1,1,1,0,2,0.5503892138776741,"{""27"": 0.2598108505744795, ""33"": 0.0614046188850461, ""47"": 0.12249532045869459, ""73"": 0.06884706690234711, ""93"": 0.1867510556590309, ""98"": 0.24671265619127503, ""114"": 0.05397843132912682}","[0.5503892138776741, 0.08663442394529586, 0.27315186490772303, 0.08982449726930689]",1.7791543933273257,27,0.2598108505744795,0.6932745624247855
6,4,4,1,0,1,0.47101074838392204,"{""27"": 0.08182572153480673, ""45"": 0.25402181777440647, ""65"": 0.27967354360697805, ""71"": 7.20068989657417e-08, ""73"": 2.576423601080391e-08, ""93"": 0.06170021983873758, ""98"": 0.3227785994739362}","[0.08616786853759886, 0.3787525081938958, 0.06406887488458342, 0.47101074838392204]",1.4461192594448464,98,0.3227785994739362,0.8564739608553207
7,3,2,0,1,1,0.20970330260006567,"{""27"": 0.07804541835602333, ""37"": 0.14469465213880747, ""43"": 0.10748454580617649, ""45"": 0.1780508296249044, ""65"": 0.026246840431476338, ""93"": 0.0359706971448172, ""98"": 0.42950701649779466}","[0.3246437329617274, 0.4283038391377654, 0.20970330260006567, 0.03734912530044158]",1.6038920049130805,98,0.42950701649779466,0.7522524982615065
8,3,4,0,1,3,0.21745539627142835,"{""4"": 0.10262638734266637, ""19"": 0.055011335946005935, ""37"": 0.10258806087272214, ""43"": 0.14992344741840122, ""45"": 0.18520573115000855, ""75"": 0.07011066643688743, ""98"": 0.25012402985031296, ""99"": 0.0844103409829955}","[0.11319001916580834, 0.16488808142247718, 0.21745539627142835, 0.5044665031402861]",1.9652172382413244,98,0.25012402985031296,0.5852532084187227
9,2,3,0,1,1,0.1154279021089061,"{""22"": 0.08872822822510006, ""37"": 0.07165889436940023, ""45"": 0.1878924612456726, ""72"": 0.20144817369131873, ""98"": 0.38640442907844724, ""99"": 0.0638678133900611}","[0.2450250111667129, 0.1154279021089061, 0.42398545460848763, 0.21556163211589335]",1.5838134940445552,98,0.38640442907844724,0.7757450640154385
10,4,4,1,0,2,0.4540884944171523,"{""5"": 0.06370964892601493, ""22"": 0.04475176307447516, ""45"": 0.17381832264254224, ""72"": 0.10861823952280973, ""76"": 0.045341380813839385, ""98"": 0.4292927041804975, ""99"": 0.13446794083982105}","[0.07306148699949404, 0.44473970631887383, 0.028110312264479964, 0.4540884944171523]",1.6327898381095225,98,0.4292927041804975,0.7375789676628608
11,3,2,0,1,3,0.1259582058251806,"{""5"": 0.040962573412214515, ""15"": 0.0553340026463835, ""46"": 0.1167299853585438, ""47"": 0.30079684092475517, ""96"": 0.015421911330403512, ""98"": 0.36078254946399374, ""99"": 0.10997213686370574}","[0.10070282374555822, 0.5519786141919062, 0.1259582058251806, 0.22136035623735484]",1.5780298524904688,98,0.36078254946399374,0.7783093757472928
12,4,2,0,1,3,0.18857870759794088,"{""46"": 0.06656641845015665, ""47"": 0.10333326738208398, ""76"": 0.14238486572848819, ""83"": 0.07945166825010251, ""87"": 0.09700389491040297, ""98"": 0.4179865490281559, ""99"": 0.09327333625060971}","[0.10654566269082938, 0.5152556458233918, 0.18961998388783807, 0.18857870759794088]",1.705857898209187,98,0.4179865490281559,0.663704682138728
13,2,3,0,1,3,0.2794868604623783,"{""46"": 0.08378731175372892, ""68"": 0.16492736163678545, ""87"": 0.10628825976903154, ""98"": 0.29363096219110496, ""99"": 0.09850032968648448, ""110"": 0.15278944718253676, ""113"": 0.1000763277803279}","[0.23923852052082173, 0.2794868604623783, 0.43800525817673885, 0.04326936084006111]",1.848765596992137,98,0.29363096219110496,0.6113477710104271
14,1,2,0,1,1,0.3546885459192881,"{""25"": 0.2813361267562533, ""44"": 0.10666262986371204, ""96"": 0.05236566259168105, ""98"": 0.1493621302571722, ""109"": 0.1514966327418424, ""110"": 0.2587768177893389}","[0.3546885459192881, 0.37338068360578164, 0.1549827302007459, 0.11694804027418432]",1.669673975965153,25,0.2813361267562533,0.6916095772874347
15,3,3,1,0,2,0.6797272122671668,"{""26"": 0.10450588876048997, ""44"": 0.17820120406477505, ""51"": 0.08283619122946835, ""71"": 1.0449165512601655e-07, ""98"": 0.32709114960151664, ""110"": 0.19988443651170015, ""111"": 0.10748102534039469}","[0.12487095779059532, 0.10807369010683883, 0.6797272122671668, 0.08732813983539905]",1.676811175511652,98,0.32709114960151664,0.7051767901779918
16,4,4,1,0,2,0.4917139674552941,"{""26"": 0.11092912533438654, ""39"": 0.014156356247376298, ""93"": 0.08488920789307539, ""94"": 0.28557930125103825, ""98"": 0.33530801244959013, ""110"": 0.14774019709499983, ""111"": 0.02139779972953345}","[0.025244394148868733, 0.263638500710438, 0.21940313768539904, 0.4917139674552941]",1.6026392933735458,98,0.33530801244959013,0.7686275107956282
17,3,3,1,0,3,0.5436586175177199,"{""26"": 0.10226062294834956, ""32"": 0.08560850227296371, ""34"": 0.07966946879994179, ""83"": 0.08890141064340304, ""93"": 0.08380668880621653, ""94"": 0.22952013438144767, ""98"": 0.25206161889199685, ""106"": 0.07817155325568088}","[0.05789669280297713, 0.28303074611196766, 0.5436586175177199, 0.11541394356733528]",1.9525016330393044,98,0.25206161889199685,0.5838423762217941
18,4,4,1,0,1,0.546969954141788,"{""15"": 0.03316690727419482, ""34"": 0.16624154600977872, ""55"": 0.19637174316303857, ""90"": 0.035367847405710376, ""93"": 0.060391855671689684, ""98"": 0.5084601004755877}","[0.07969513458368843, 0.30255950819102373, 0.0707754030835, 0.546969954141788]",1.362523950367614,98,0.5084601004755877,0.871073389648405
19,4,4,1,0,1,0.44643741770232426,"{""15"": 0.03842814155341511, ""34"": 0.15966107609251998, ""55"": 0.17417492118629502, ""83"": 0.08921522616342771, ""88"": 0.07851710211874684, ""93"": 0.06251377163946042, ""98"": 0.3279122258372902, ""114"": 0.06957753540884482}","[0.09681272729284604, 0.3447309690053747, 0.11201888599945506, 0.44643741770232426]",1.8623421959596955,98,0.3279122258372902,0.6617482231161053
20,3,2,0,1,1,0.17162038147981964,"{""18"": 0.11154549321969728, ""30"": 0.13422207399456837, ""68"": 0.13350389799448978, ""88"": 0.10221887182242619, ""98"": 0.4129529567786832, ""99"": 0.10555670619013517}","[0.16915415766874545, 0.577433629940776, 0.17162038147981964, 0.08179183091065897]",1.6187286146163236,98,0.4129529567786832,0.6806789287677414
21,1,4,0,1,1,0.26872793292920294,"{""64"": 0.1453563846700679, ""68"": 0.20851538965152402, ""88"": 0.2906721925602943, ""98"": 0.10415428403744365, ""99"": 0.0192090570479492, ""101"": 0.01909620733791976, ""103"": 0.2129964846948012}","[0.26872793292920294, 0.2152350475587708, 0.0599670756610353, 0.4560699438509911]",1.6828592380841134,88,0.2906721925602943,0.7121840669066196
22,3,1,0,1,1,0.20655266806286238,"{""2"": 0.04308986887561137, ""15"": 0.23176462220519745, ""65"": 0.017764638726043596, ""68"": 0.3746699504602411, ""88"": 0.12201332629702212, ""98"": 0.15586061730292822, ""108"": 0.054836976132956024}","[0.41906469258817647, 0.2575447982260455, 0.20655266806286238, 0.11683784112291572]",1.619356634372298,68,0.3746699504602411,0.7622951899683668
23,4,4,1,0,1,0.449096084889163,"{""36"": 0.1397692778469377, ""68"": 0.20719894520997717, ""72"": 0.13130888062404927, ""79"": 0.08701256953389075, ""88"": 0.20811491817658878, ""98"": 0.15225382187466502, ""108"": 0.07434158673389128}","[0.1703620012739106, 0.1248933065038582, 0.25564860733306816, 0.449096084889163]",1.8866859127053852,88,0.20811491817658878,0.567567685261231
24,1,3,0,1,1,0.28767054924122826,"{""9"": 0.1476038556125754, ""25"": 0.16442124206842623, ""72"": 0.28207982251036506, ""79"": 0.21165221305758156, ""86"": 0.13504826714630574, ""108"": 0.05919459960474602}","[0.28767054924122826, 0.24922046319095426, 0.31061513256335666, 0.1524938550044609]",1.7026008707896831,72,0.28207982251036506,0.6581532776363729
25,3,3,1,0,2,0.7469434995755024,"{""25"": 0.4534209779361945, ""63"": 0.09738434157733598, ""72"": 3.03172961093456e-07, ""79"": 2.408452967908594e-07, ""91"": 0.09725272079101062, ""92"": 0.35194124234917046, ""114"": 1.733280306333848e-07}","[0.13117129478168574, 0.022748431468103528, 0.7469434995755024, 0.09913677417470822]",1.1796249350789563,25,0.4534209779361945,0.902746561862701
26,4,3,0,1,1,0.20921904946791112,"{""23"": 0.18195771782420572, ""25"": 0.21479142130449702, ""42"": 0.15664831346571956, ""63"": 0.029173556171597174, ""69"": 0.15464842536761533, ""79"": 2.005140606396773e-06, ""91"": 0.058278656113342174, ""92"": 0.2044999046124165}","[0.38408460466831007, 0.012904400376435912, 0.39379194548734286, 0.20921904946791112]",1.8128525684190513,25,0.21479142130449702,0.6012490437411193
27,4,2,0,1,1,0.09368376907800477,"{""10"": 0.1475887519680616, ""23"": 0.08379167800465592, ""25"": 0.2044459071779637, ""27"": 0.2190700119518197, ""102"": 0.17474112812580567, ""110"": 0.17036252277169342}","[0.17761101881845634, 0.4190274226613771, 0.30967778944216173, 0.09368376907800477]",1.753655494561124,27,0.2190700119518197,0.598257047255589
28,4,4,1,0,2,0.5055270943538422,"{""10"": 0.13343081214897565, ""23"": 0.011216858454109899, ""27"": 0.06816282228653155, ""49"": 0.0680187403086279, ""73"": 0.039277168831730665, ""79"": 0.31294248927362694, ""101"": 0.3669511086963974}","[0.017373222961319667, 0.23230021430880016, 0.24479946837603794, 0.5055270943538422]",1.5436074723806648,101,0.3669511086963974,0.813324410119
29,1,1,1,0,1,0.750262714173994,"{""10"": 0.1119560705503802, ""27"": 0.07622854463941092, ""45"": 0.07185247384740061, ""79"": 0.2570876660233677, ""83"": 0.10628201321188109, ""101"": 0.2892214224855152, ""107"": 0.08737180924204416}","[0.750262714173994, 0.03975494086700513, 0.1313130914665083, 0.07866925349249251]",1.7897892011032421,101,0.2892214224855152,0.658265159059263
30,2,3,0,1,1,0.12402390811080956,"{""16"": 0.04209848012129199, ""56"": 0.09957968197277887, ""79"": 0.3110733430483519, ""83"": 0.16907660005894512, ""97"": 0.08026833959265563, ""101"": 0.1823014213715092, ""107"": 0.11560213383446721}","[0.05411450723565012, 0.12402390811080956, 0.5927517081221948, 0.22910987653134546]",1.7890178879343914,79,0.3110733430483519,0.6624513644788061
31,1,3,0,1,1,0.16592512480439395,"{""56"": 0.16252295270515238, ""62"": 0.07993239962050117, ""79"": 0.4221694621716235, ""83"": 0.03741114906948021, ""94"": 0.06487039581139532, ""96"": 0.09812576967079964, ""97"": 0.13496787095104776}","[0.16592512480439395, 0.11438890332561977, 0.37252705274815284, 0.3471589191218334]",1.6597774597325776,79,0.4221694621716235,0.7196602858278236
32,2,3,0,1,1,0.2235558273445763,"{""18"": 0.06352686358749308, ""30"": 0.03462916275407611, ""38"": 0.1451538386470737, ""56"": 0.191072319380299, ""79"": 0.25612425638469893, ""96"": 0.17726054847432876, ""115"": 0.13223301077203045}","[0.2009740602204, 0.2235558273445763, 0.35023026734019785, 0.22523984509482575]",1.8110262447523204,79,0.25612425638469893,0.6244571242393266
33,4,1,0,1,1,0.20934762342118182,"{""40"": 0.11193900540314655, ""66"": 0.12661436386079322, ""79"": 0.2585493893494075, ""86"": 0.1523173219646596, ""91"": 0.1513999799299285, ""96"": 0.19917993949206467}","[0.3091259497625738, 0.25510681649569034, 0.22641961032055416, 0.20934762342118182]",1.7503508752623749,79,0.2585493893494075,0.6100466508061319
34,1,4,0,1,1,0.17139717204696206,"{""21"": 0.027144391496166875, ""40"": 0.04661357141069208, ""79"": 0.3534215918253681, ""91"": 0.17400803108685095, ""102"": 0.03593085719965649, ""104"": 0.03366043037883072, ""115"": 0.32922112660243474}","[0.17139717204696206, 0.34131918807743084, 0.11721756721708682, 0.3700660726585204]",1.5121226736003268,79,0.3534215918253681,0.8566507495146537
35,2,1,0,1,1,0.3201281205754105,"{""18"": 0.27205549541823726, ""35"": 0.25532406492122617, ""40"": 3.146294277134458e-08, ""42"": 0.378955177017555, ""79"": 1.596808442737681e-07, ""91"": 0.09366492089039936, ""115"": 1.506087952973216e-07}","[0.3517243759098064, 0.3201281205754105, 0.2185805268308934, 0.1095669766838897]",1.29224323476929,42,0.378955177017555,0.9063347373570184
36,4,4,1,0,1,0.5573578303907523,"{""18"": 0.05367469354171586, ""35"": 0.06053453316374675, ""42"": 0.3017767220534585, ""55"": 0.16710940533616184, ""71"": 0.16183834584728526, ""79"": 4.4353818070154607e-07, ""91"": 0.12433780005395147, ""95"": 0.13072805646549976}","[0.13779772979605773, 0.07966660581749567, 0.22517783399569433, 0.5573578303907523]",1.8072228159407848,42,0.3017767220534585,0.6307244732369056
37,2,1,0,1,2,0.20146550943587155,"{""0"": 0.11065224639697668, ""23"": 0.09121352582029059, ""27"": 0.12910205495497654, ""48"": 0.11436092079308227, ""55"": 0.2793514697023695, ""71"": 0.2753197823323043}","[0.5883118500847647, 0.20146550943587155, 0.18594039143759797, 0.024282249041765895]",1.685638701608025,55,0.2793514697023695,0.6837733069896503
38,1,1,1,0,1,0.7919624998555516,"{""27"": 0.12573512829602165, ""48"": 0.12244958278590125, ""49"": 0.11608156641487255, ""54"": 0.11048445141622894, ""55"": 0.25527459645346856, ""73"": 0.16587549009783317, ""103"": 0.10409918453567396}","[0.7919624998555516, 0.1604121322657496, 0.035558959549179266, 0.012066408329519466]",1.8933031482231497,55,0.25527459645346856,0.5468852148473233
39,1,2,0,1,1,0.3152012245357849,"{""41"": 0.16638808203100494, ""44"": 0.1601999035123092, ""52"": 0.15944411247405765, ""55"": 0.30406306576134773, ""59"": 0.06170749704496739, ""103"": 0.14819733917631292}","[0.3152012245357849, 0.45505862098529437, 0.19157189726185284, 0.03816825721706788]",1.7013444563001072,55,0.30406306576134773,0.6306510513046618
40,1,2,0,1,1,0.17831596969263436,"{""0"": 0.08531184755084144, ""31"": 0.10842147947220047, ""41"": 0.18720861471224484, ""49"": 0.07473327887045961, ""52"": 0.15297381240713856, ""55"": 0.3174536509197523, ""71"": 0.0738973160673627}","[0.17831596969263436, 0.5036096482193964, 0.22790938790707393, 0.09016499418089528]",1.8023613560390295,55,0.3174536509197523,0.6576360780391357
41,2,2,1,0,1,0.4365567232055467,"{""0"": 0.45398525707993487, ""32"": 0.2076146110728076, ""39"": 7.380553090028642e-08, ""49"": 0.10286663372266061, ""55"": 0.2355333718167248, ""84"": 5.250234123985588e-08}","[0.09263305615618592, 0.4365567232055467, 0.3271650719113332, 0.14364514872693415]",1.2594052002722491,0,0.45398525707993487,0.8971332399694674
42,2,1,0,1,1,0.1203079911107452,"{""0"": 0.08574463026622699, ""32"": 0.17021744279256287, ""39"": 2.1788169895065023e-07, ""45"": 0.043176234799154105, ""49"": 0.14963728103899182, ""54"": 0.07876773504089771, ""55"": 0.36063132430810146, ""109"": 0.11182513387236616}","[0.4103676976256122, 0.1203079911107452, 0.29330055219832724, 0.17602375906531545]",1.7449120740483288,55,0.36063132430810146,0.6804860481396562
43,3,1,0,1,1,0.2488031440689238,"{""21"": 0.10240039554920823, ""32"": 0.44502116772070716, ""55"": 0.3383713822962889, ""56"": 0.030853448360407917, ""57"": 0.03609986161029406, ""74"": 5.0995285764397593e-08, ""109"": 0.04725369346780791}","[0.295851526995842, 0.22074123106493504, 0.2488031440689238, 0.23460409787029923]",1.3317818244866328,32,0.44502116772070716,0.8857929455662042
44,3,1,0,1,1,0.2604792739648186,"{""21"": 0.105125013258956, ""32"": 0.38636396957529884, ""55"": 0.36685328369378345, ""56"": 0.05311755017382466, ""57"": 0.025750641271767946, ""59"": 0.02818537562345055, ""83"": 3.47275854347208e-08, ""93"": 0.03460413167533303}","[0.47819028106546463, 0.20906501669684505, 0.2604792739648186, 0.05226542827287174]",1.4392417852002346,32,0.38636396957529884,0.8583422665280382
45,4,4,1,0,1,0.5120359353485745,"{""26"": 0.11612386703944315, ""32"": 0.30948789297499485, ""55"": 0.3415936279277987, ""57"": 0.020964104304612218, ""59"": 0.011722660731387809, ""67"": 0.13637234794268632, ""111"": 0.0637354990790771}","[0.10885757167514352, 0.10025949470623484, 0.2788469982700472, 0.5120359353485745]",1.5602369406156877,55,0.3415936279277987,0.78745386884548
46,2,1,0,1,1,0.1825292021934977,"{""1"": 0.07443986174087576, ""17"": 0.2837941353050724, ""26"": 0.07389505329268577, ""32"": 0.17935614893675045, ""42"": 0.09826368474013356, ""55"": 0.28185411188465087, ""59"": 0.00839700409983116}","[0.5483041319336591, 0.1825292021934977, 0.12090681775773841, 0.14825984811510487]",1.6765733720132385,17,0.2837941353050724,0.7450043961264737
47,1,1,1,0,2,0.6864338533141385,"{""13"": 0.2654206327864964, ""17"": 0.3418747671722356, ""26"": 0.05658364697362455, ""36"": 0.045604326240395295, ""42"": 0.18002556993147337, ""77"": 0.059374450069316374, ""103"": 0.0511166068264584}","[0.6864338533141385, 0.199853505337553, 0.0988738141291884, 0.014838827219120165]",1.6506790452763884,17,0.3418747671722356,0.7873209698902054
48,3,3,1,0,2,0.35853509907829745,"{""6"": 0.07293310776824737, ""13"": 0.016324487542494742, ""17"": 0.07538571530006315, ""28"": 0.06396532353371757, ""42"": 0.32217076657271343, ""100"": 0.2819747086390918, ""101"": 0.16724589064367196}","[0.28413350099609713, 0.33455755936657156, 0.35853509907829745, 0.022773840559033993]",1.6498416565178062,42,0.32217076657271343,0.7713913658554772
49,2,2,1,0,1,0.5417650853980615,"{""6"": 0.10520521928860554, ""7"": 0.08419788290017391, ""42"": 0.6136412105567393, ""47"": 0.012476705128424831, ""48"": 0.03707614332353207, ""70"": 0.09799847780798539, ""100"": 0.04940436099453907}","[0.2861763399497373, 0.5417650853980615, 0.05631165027716973, 0.1157469243750315]",1.298008794027735,42,0.6136412105567393,0.8168449076533302
50,2,2,1,0,1,0.6580557166993914,"{""6"": 0.12421865306016545, ""42"": 0.46096858393322127, ""48"": 0.05104271353785618, ""55"": 0.06902497216289631, ""70"": 0.11694024941913703, ""79"": 0.05251934162576171, ""100"": 0.0678540762661143, ""106"": 0.05743140999484773}","[0.09798669622263319, 0.6580557166993914, 0.064326213857219, 0.17963137322075645]",1.7048123914555933,42,0.46096858393322127,0.7021274864125238
51,3,3,1,0,1,0.5820775235168882,"{""6"": 0.13483642862957743, ""42"": 0.65130707439093, ""44"": 0.008396101801952454, ""55"": 0.04602253579782428, ""96"": 0.027419310202101296, ""98"": 0.008295030216810287, ""106"": 0.12372351896080423}","[0.011472907236030921, 0.0764443833698704, 0.5820775235168882, 0.3300051858772105]",1.1281638474773845,42,0.65130707439093,0.9098670219813118
52,1,1,1,0,2,0.7880333627995326,"{""6"": 0.18628595440331658, ""39"": 0.008004178686725557, ""42"": 0.5490707562401294, ""44"": 0.01252288819982264, ""55"": 0.058788786793683774, ""93"": 0.018511506470463457, ""96"": 0.011736005060253662, ""106"": 0.15507992414560504}","[0.7880333627995326, 0.05682948291612081, 0.07073948723272105, 0.08439766705162553]",1.3173798043733722,42,0.5490707562401294,0.890436634789051
53,3,3,1,0,2,0.5348993669928434,"{""6"": 0.14147468321110093, ""12"": 0.02235639212225247, ""42"": 0.5414725188503644, ""44"": 0.025702856923711447, ""55"": 0.040467985916034045, ""93"": 0.008884913372442698, ""106"": 0.16906538335432725, ""113"": 0.050575266249766715}","[0.3140351816081244, 0.05413661996707659, 0.5348993669928434, 0.09692883143195563]",1.4111145806005303,42,0.5414725188503644,0.8520125854157925
54,2,3,0,1,1,0.1960755329416936,"{""1"": 0.0365552516508556, ""6"": 0.15408188011683235, ""42"": 0.7023488877463718, ""52"": 0.0057700190030768855, ""74"": 5.9881244448293945e-09, ""106"": 0.09783159322933148, ""113"": 0.003412362265407385}","[0.19985328950724077, 0.1960755329416936, 0.4605533994024164, 0.14351777814864916]",0.933829831178891,42,0.7023488877463718,0.9542623610925356
55,4,4,1,0,2,0.65995321191335,"{""1"": 0.08534883744327344, ""6"": 0.19248177649813691, ""27"": 0.018513155336589007, ""42"": 0.5668508664359216, ""52"": 0.0039014254658620746, ""55"": 0.05843335294788453, ""75"": 0.03444226174395515, ""106"": 0.03417846771691266, ""113"": 0.005849856411464478}","[0.03150581986553653, 0.1850795314347674, 0.12346143678634613, 0.65995321191335]",1.371906602720885,42,0.5668508664359216,0.844681480377332
56,1,1,1,0,1,0.49011797967425147,"{""1"": 0.11905543155781305, ""6"": 0.14742368353685656, ""10"": 0.0250411186733203, ""42"": 0.47880203705728847, ""55"": 0.07116715913691617, ""75"": 0.04643202349061949, ""80"": 0.05454621442244058, ""106"": 0.057532332124745275}","[0.49011797967425147, 0.17007966286735685, 0.274229417434303, 0.06557294002408862]",1.6341069651506177,42,0.47880203705728847,0.7452811521519581
57,3,1,0,1,2,0.2525027035283205,"{""33"": 0.03561380203451605, ""42"": 0.48337034907725274, ""51"": 0.07462298054052453, ""55"": 0.10577960459266118, ""68"": 0.0935991008979217, ""80"": 0.12422542133469265, ""103"": 0.08278874152243101}","[0.3969038458785604, 0.22803746051682813, 0.2525027035283205, 0.1225559900762909]",1.5885303653838618,42,0.48337034907725274,0.7133753750046066
58,2,3,0,1,2,0.36914364941318745,"{""0"": 0.15336542196454478, ""3"": 0.18209830614484585, ""18"": 0.1091312464074245, ""42"": 0.38328548025833803, ""51"": 0.05242621521221338, ""55"": 0.06484196719262073, ""74"": 3.4573477452736256e-08, ""103"": 0.05485132824653547}","[0.13576620349249416, 0.36914364941318745, 0.4095443609248212, 0.08554578616949733]",1.6982169750246219,42,0.38328548025833803,0.7187492083677287
59,1,1,1,0,2,0.5514758980652344,"{""3"": 0.23552009382081251, ""18"": 0.14959105549521506, ""42"": 0.23547943983409061, ""48"": 0.08243994900746285, ""55"": 0.052004704710789065, ""67"": 0.11471106733936147, ""90"": 0.13025368979226848}","[0.5514758980652344, 0.08205698698720766, 0.26929361860970646, 0.09717349633785151]",1.8386598906429277,3,0.23552009382081251,0.6205905891501182
60,2,2,1,0,1,0.5086327215014433,"{""18"": 0.06942323593797997, ""31"": 0.07440065031537028, ""38"": 0.1621343119293705, ""42"": 0.5067672096786081, ""46"": 0.08298261227813922, ""99"": 0.10429197986053194}","[0.08290426674210452, 0.5086327215014433, 0.26236630882767775, 0.14609670292877447]",1.4602430318159678,42,0.5067672096786081,0.7731935014685105
61,4,4,1,0,1,0.6608218328696268,"{""18"": 0.014245715748676632, ""38"": 0.013461364621120108, ""42"": 0.6513416128303939, ""46"": 0.026630217933912362, ""48"": 0.12297220991344703, ""93"": 0.14298952816550994, ""100"": 0.028359350786939914}","[0.0789830144252622, 0.04020260435253587, 0.2199925483525751, 0.6608218328696268]",1.1312264448824507,42,0.6513416128303939,0.9173033509093509
62,2,2,1,0,1,0.7115028138177438,"{""42"": 0.7661672955041049, ""46"": 0.013895756634508698, ""47"": 0.08836603150961952, ""48"": 0.0798980510635665, ""72"": 1.1776320363875516e-08, ""93"": 0.024447045931110568, ""100"": 0.014708913904792467, ""112"": 0.012516893675976956}","[0.10575405577168939, 0.7115028138177438, 0.09521454571686894, 0.08752858469369794]",0.8874182634452529,42,0.7661672955041049,0.9344313780772909
63,4,4,1,0,1,0.6941609537131431,"{""19"": 0.03125287805153027, ""42"": 0.7482132820598477, ""46"": 0.00481279545327108, ""47"": 0.010624492168206651, ""48"": 0.11045266735860194, ""51"": 0.006466104274696743, ""92"": 0.04581424452183429, ""93"": 0.03802939554257287, ""112"": 0.004334140569438423}","[0.16808904177178904, 0.027849308536077, 0.10990069597899095, 0.6941609537131431]",0.9644223264073857,42,0.7482132820598477,0.9044801939402839
64,1,1,1,0,1,0.5447320525638518,"{""19"": 0.04913712849401282, ""21"": 0.013989229215600951, ""42"": 0.7906528241125547, ""47"": 0.02435102464066164, ""48"": 0.07066582518559311, ""57"": 0.019337189703645515, ""92"": 0.016585302624558255, ""93"": 0.0110150646765311, ""111"": 0.004266411346842053}","[0.5447320525638518, 0.07181878895748509, 0.08017553389279496, 0.3032736245858682]",0.8884527551458566,42,0.7906528241125547,0.9104557777921606
65,3,3,1,0,2,0.5312914460240491,"{""19"": 0.011441363628607594, ""21"": 0.01665973613883593, ""42"": 0.8030214007594241, ""45"": 0.0033400261967468864, ""47"": 0.007004133602108248, ""48"": 0.09874666583090533, ""50"": 0.020960490181399644, ""57"": 0.006344274766470252, ""72"": 0.03248190889550215}","[0.014689893098169596, 0.06455076514689631, 0.5312914460240491, 0.38946789573088497]",0.8023757274836879,42,0.8030214007594241,0.9342499754858316
66,3,3,1,0,1,0.8355340078575404,"{""16"": 0.01358654003094787, ""19"": 0.01942704545307476, ""21"": 0.032535963501118925, ""42"": 0.6928318067284942, ""47"": 0.0021963411615085818, ""48"": 0.18165597931403507, ""50"": 0.016896792099387197, ""55"": 0.023539384986386636, ""91"": 0.017330146725046788}","[0.046696411072834634, 0.08102214223399545, 0.8355340078575404, 0.03674743883562946]",1.0514271870188105,42,0.6928318067284942,0.9070237495436482
67,1,1,1,0,2,0.4777481320385001,"{""2"": 0.0019999727106452744, ""19"": 0.0022560644272456368, ""29"": 0.005349922166101338, ""42"": 0.733039009220889, ""48"": 0.1586872138938028, ""50"": 0.008087818068920019, ""55"": 0.04214179160962928, ""91"": 0.03269936525178688, ""103"": 0.01573884265097969}","[0.4777481320385001, 0.27061052558295656, 0.020880917401901934, 0.23076042497664134]",0.923526014772232,42,0.733039009220889,0.9338680147243211
68,2,2,1,0,1,0.6456823358954062,"{""41"": 2.0040706392705343e-09, ""42"": 0.6751590172955487, ""47"": 0.0010681542930460733, ""48"": 0.19314578455493067, ""50"": 0.018769392058402504, ""55"": 0.05448411607257826, ""59"": 0.0024203297448741803, ""91"": 0.0325136999303034, ""103"": 0.02243950404624559}","[0.21134474584264198, 0.6456823358954062, 0.024089529391640843, 0.11888338887031089]",1.0344415219047773,42,0.6751590172955487,0.9227889179230577
69,4,4,1,0,2,0.7575773248824558,"{""0"": 0.002080437657052952, ""30"": 0.002630869568460881, ""42"": 0.6269560127736302, ""48"": 0.18778983029079943, ""50"": 0.00630215343484088, ""55"": 0.08350074066375389, ""91"": 0.050233038280100305, ""103"": 0.029177156192037635, ""106"": 0.011329761139323768}","[0.13085911184915305, 0.06449817572572368, 0.0470653875426676, 0.7575773248824558]",1.178644923982834,42,0.6269560127736302,0.8982465837281836
70,4,4,1,0,1,0.7123838295345544,"{""1"": 0.00848238371322178, ""15"": 0.00865336586828427, ""40"": 0.0094048998710817, ""42"": 0.5282608488906428, ""48"": 0.19115009527435062, ""55"": 0.12156709020928402, ""91"": 0.08165430392418808, ""103"": 0.050827012248946625}","[0.06372600017170502, 0.1574490380667676, 0.06644113222697304, 0.7123838295345544]",1.3910345873369925,42,0.5282608488906428,0.8409780343742774
71,3,3,1,0,2,0.699949437635856,"{""3"": 0.019795187307879186, ""42"": 0.4950089787196898, ""47"": 0.02725533096099551, ""48"": 0.1928261824958001, ""55"": 0.14421482757330614, ""91"": 0.09619598038815429, ""110"": 0.024703512554175047}","[0.03979985636293416, 0.04138524533209422, 0.699949437635856, 0.21886546066911564]",1.4372140968063336,42,0.4950089787196898,0.8320499887887961
72,2,2,1,0,1,0.5005750565006222,"{""26"": 0.01592466572424167, ""40"": 0.016607613700044408, ""42"": 0.5926503194992407, ""48"": 0.02851053852554023, ""55"": 0.19393981477451686, ""91"": 0.12331808730863345, ""103"": 0.029048960467782714}","[0.45003082545733997, 0.5005750565006222, 0.04150021066491054, 0.00789390737712735]",1.2244561899396798,42,0.5926503194992407,0.909908221582391
73,2,2,1,0,2,0.6139982339579536,"{""0"": 0.003446156341800238, ""18"": 0.005469927898392885, ""40"": 0.003701191470267659, ""42"": 0.8510272932942975, ""48"": 0.05213703757105884, ""53"": 0.024588036006160607, ""55"": 0.03175449456243395, ""91"": 0.02787586285558809}","[0.08182850941936147, 0.6139982339579536, 0.2787107354840697, 0.025462521138615173]",0.6604919120206458,42,0.8510272932942975,0.9349188254277903
74,1,1,1,0,1,0.5164100613539636,"{""0"": 0.008012606151097387, ""18"": 0.016765608551000108, ""40"": 0.005172095444124993, ""42"": 0.766620811752955, ""45"": 0.009826827368319182, ""48"": 0.09504187822008306, ""53"": 0.0438601283806517, ""55"": 0.04594229805389118, ""103"": 0.008757746077877285}","[0.5164100613539636, 0.08931026039876061, 0.0853734324354566, 0.30890624581181925]",0.9274399938836814,42,0.766620811752955,0.9076049880269292
75,2,2,1,0,1,0.5663962234278309,"{""0"": 0.010297646069052032, ""18"": 0.006718007390315118, ""31"": 0.009397662865826549, ""42"": 0.7103231977203252, ""48"": 0.10651682248133715, ""50"": 0.02797031120301104, ""53"": 0.07439161698998352, ""55"": 0.04330878884514178, ""87"": 0.0110759464350078}","[0.35235276976516317, 0.5663962234278309, 0.07224064797502099, 0.009010358831985083]",1.0852642441049662,42,0.7103231977203252,0.8912316371916459
76,3,3,1,0,2,0.6636857069205176,"{""0"": 0.00413056987400045, ""31"": 0.003891467333865658, ""42"": 0.7491644291373261, ""48"": 0.1347477252840612, ""53"": 0.04576872306489699, ""57"": 0.00918860388923651, ""67"": 0.028574040133482484, ""87"": 0.005689364845100062, ""102"": 0.018845076438030624}","[0.2664435035473501, 0.03171394176141986, 0.6636857069205176, 0.03815684777071243]",0.9207967385983279,42,0.7491644291373261,0.9296808774862843
77,3,3,1,0,3,0.6885390110507893,"{""19"": 0.002035810116716605, ""42"": 0.7996402940710895, ""48"": 0.13211319925388185, ""55"": 0.026863625370250273, ""57"": 0.001968225280605675, ""67"": 0.01399989261998708, ""87"": 0.0023693548560955093, ""102"": 0.012376697151111499, ""104"": 0.008632901280262}","[0.11953920590608638, 0.05776959215054313, 0.6885390110507893, 0.13415219089258118]",0.7377154344316058,42,0.7996402940710895,0.9586171186952216
78,1,3,0,1,3,0.11580694211730481,"{""31"": 0.0009163795191111419, ""42"": 0.9128376925848742, ""48"": 0.020122354705709028, ""55"": 0.04017868268347399, ""67"": 0.007226704249408841, ""102"": 0.004893939348745004, ""103"": 0.011148625882352874, ""104"": 0.002675621026324795}","[0.11580694211730481, 0.08598189976284935, 0.7748644920162661, 0.023346666103579793]",0.42504625169147336,42,0.9128376925848742,0.9731387299740573
79,4,4,1,0,1,0.8658315093903224,"{""42"": 0.4701353063006659, ""48"": 0.1176372207619216, ""50"": 0.022436104958198432, ""55"": 0.14335711736738727, ""67"": 0.07865303374266722, ""78"": 0.028682480565310548, ""102"": 0.048446293267057926, ""103"": 0.05701404798043207, ""104"": 0.033638395056359106}","[0.007104842738449748, 0.034745232929148294, 0.09231841494207951, 0.8658315093903224]",1.6961765571396334,42,0.4701353063006659,0.7311296444299749
80,4,4,1,0,1,0.5630676950997414,"{""12"": 0.09340739503778624, ""42"": 0.44395909019956814, ""46"": 0.07336414794448885, ""57"": 0.09948981225314682, ""67"": 0.09300098916061299, ""70"": 0.11925766011378419, ""103"": 0.07752090529061278}","[0.07603361600546948, 0.03028243554779942, 0.3306162533469897, 0.5630676950997414]",1.6759226321448037,42,0.44395909019956814,0.6627065625664991
81,2,4,0,1,1,0.4156076813413012,"{""26"": 0.10558256460662788, ""42"": 0.415570590398405, ""52"": 0.09946235002055183, ""55"": 0.09752663130964817, ""57"": 0.11159054150073526, ""102"": 0.1008599773190911, ""103"": 0.06940734484494082}","[0.04499014503089774, 0.4156076813413012, 0.11583910028689358, 0.4235630733409073]",1.7200999342978194,42,0.415570590398405,0.6327436965057681
82,4,4,1,0,3,0.5115064829835729,"{""42"": 0.6942561221047581, ""48"": 0.1474515361836925, ""50"": 0.015658395396240386, ""52"": 0.03839842528012391, ""56"": 0.016747805540365535, ""57"": 0.032430670391291244, ""111"": 0.05505704510352846}","[0.03143402999524679, 0.08983317786051326, 0.36722630916066706, 0.5115064829835729]",1.0651757868236271,42,0.6942561221047581,0.8967647033919791
83,3,3,1,0,2,0.5305163412173112,"{""42"": 0.7522819454322764, ""47"": 0.09109551672951957, ""48"": 0.02275650426838031, ""52"": 0.005958398846528323, ""56"": 0.0057024947469559075, ""57"": 0.04281119873383202, ""80"": 0.02630043150629284, ""90"": 0.013407304202539331, ""111"": 0.03968620553367536}","[0.028918498789675954, 0.19271806499245545, 0.5305163412173112, 0.24784709500055754]",0.9949085813705004,42,0.7522819454322764,0.886188660895628
84,4,4,1,0,1,0.799821453023646,"{""7"": 0.02430275301861491, ""13"": 0.01025802910995461, ""42"": 0.833441445670199, ""47"": 0.008314074270263745, ""48"": 0.024933013423946458, ""55"": 0.06012353753517708, ""57"": 0.011211027153723394, ""80"": 0.010488763424952606, ""111"": 0.01692735639316818}","[0.014677388574233062, 0.02211371874117701, 0.1633874396609439, 0.799821453023646]",0.7572481964812446,42,0.833441445670199,0.9184979966293225
85,2,2,1,0,2,0.5114454689009557,"{""7"": 0.004875618387855366, ""13"": 0.005046703380118145, ""42"": 0.8391005145641417, ""47"": 0.01527488881178828, ""48"": 0.04601792453597599, ""49"": 0.015328851757450994, ""55"": 0.07435549579942086, ""80"": 2.763248731478195e-09}","[0.028281347062649165, 0.5114454689009557, 0.035879000755757263, 0.42439418328063805]",0.662682275873346,42,0.8391005145641417,0.9594739348995385
86,3,3,1,0,2,0.5572019245792844,"{""7"": 0.009920683332481924, ""13"": 0.006339149442295513, ""42"": 0.8099355628733113, ""47"": 0.010392410849018208, ""48"": 0.06691801622381129, ""49"": 0.017697627218125248, ""55"": 0.06663782546995783, ""100"": 0.004011723812337794, ""104"": 0.008147000778661033}","[0.04340284638109687, 0.338150454817089, 0.5572019245792844, 0.06124477422252966]",0.7902193189820349,42,0.8099355628733113,0.9434914045670804
87,3,3,1,0,2,0.48585228995446045,"{""42"": 0.7948176804008893, ""47"": 0.0028571504982493282, ""48"": 0.07111181938339453, ""49"": 0.0075045045422042315, ""50"": 0.01587210834455408, ""55"": 0.08123098077673165, ""70"": 0.020279798802137004, ""104"": 0.0063259572518399075}","[0.29267056176757084, 0.03540948609971947, 0.48585228995446045, 0.18606766217824938]",0.8047294803782234,42,0.7948176804008893,0.9471604805610154
88,3,3,1,0,4,0.6205387972748371,"{""1"": 0.006565232737553276, ""42"": 0.7943152767409284, ""47"": 0.001974054008176724, ""48"": 0.062271917010326965, ""50"": 0.002708779672575122, ""55"": 0.10672155489295566, ""70"": 7.22432821717711e-09, ""93"": 0.023217730175913925, ""113"": 0.0022254475372417274}","[0.030868616313909802, 0.2066296165365194, 0.6205387972748371, 0.1419629698747337]",0.7568457851383726,42,0.7943152767409284,0.963308748644211
89,2,2,1,0,4,0.7281227697602962,"{""1"": 0.003519966198118699, ""42"": 0.8757320781997376, ""47"": 0.0011069088456669251, ""48"": 0.007637537026917624, ""55"": 0.09890376634682005, ""60"": 0.0017529246918774686, ""92"": 0.0014605572653205432, ""93"": 0.009886261425541056}","[0.21196516405673513, 0.7281227697602962, 0.01025647065517502, 0.049655595527793736]",0.47598139004600115,42,0.8757320781997376,0.9845221059720988
90,1,1,1,0,2,0.4956782336442811,"{""0"": 0.0004067789473131077, ""1"": 0.0013997973923465987, ""42"": 0.9220725378240361, ""48"": 0.013776037355902859, ""55"": 0.04560792570059385, ""60"": 0.001977370470188241, ""92"": 0.0037071854308054, ""93"": 0.008280321385545669, ""103"": 0.0027720454932681038}","[0.4956782336442811, 0.4249828851971916, 0.04192935834771249, 0.03740952281081491]",0.37611288592509867,42,0.9220725378240361,0.9814565008805327
91,4,4,1,0,4,0.7068908749868004,"{""1"": 0.004267690341450091, ""42"": 0.9428222768480294, ""48"": 0.02209407681950289, ""55"": 0.00789936550359687, ""60"": 0.002786391418447264, ""92"": 0.006008331920525388, ""93"": 0.004931142764370065, ""94"": 0.006655173679149328, ""108"": 0.0025355507049286464}","[0.08875035520815852, 0.1425097791926281, 0.0618489906124129, 0.7068908749868004]",0.32310327064290784,42,0.9428222768480294,0.9728157191711292
92,3,3,1,0,1,0.43149084091628526,"{""42"": 0.9620226238912919, ""48"": 0.0047820510907871355, ""55"": 0.009638494741106205, ""57"": 0.0018275872126347064, ""92"": 0.0012708839529126748, ""93"": 0.0027745340433306814, ""94"": 0.015839112832600692, ""107"": 0.0003761525225642418, ""108"": 0.0014685597127717912}","[0.3538818276188792, 0.06163546562655972, 0.43149084091628526, 0.15299186583827587]",0.2220736352625405,42,0.9620226238912919,0.9875002314649988
93,1,1,1,0,3,0.8530054600356451,"{""28"": 0.00020073266429916913, ""42"": 0.967830951992113, ""48"": 0.0023522951056233338, ""50"": 0.0002409886904970794, ""55"": 0.014193615178431483, ""57"": 0.0008304260070595928, ""92"": 0.0009368686847168267, ""93"": 0.005732892755342295, ""94"": 0.007681228921917148}","[0.8530054600356451, 0.12007428335514107, 0.008763727028585197, 0.018156529580628668]",0.18940648789236425,42,0.967830951992113,0.9897057960924616
94,1,1,1,0,3,0.688464851686574,"{""42"": 0.9700804660878899, ""48"": 0.0043097209855575925, ""50"": 0.0007856927424460461, ""55"": 0.005242947425322355, ""57"": 0.00023404624085749724, ""59"": 9.199587280943944e-05, ""92"": 0.0018261499000276765, ""93"": 0.0030593529703454923, ""94"": 0.014369627774744077}","[0.688464851686574, 0.20085671640439076, 0.04942509363999665, 0.06125333826903853]",0.17909277423825537,42,0.9700804660878899,0.9896930412879563
95,3,2,0,1,2,0.15936555186856127,"{""42"": 0.9630091960814852, ""44"": 0.0017249857812130464, ""48"": 0.005912782378898267, ""50"": 0.00164679598493242, ""55"": 0.008600170894042117, ""92"": 0.002611161489142218, ""93"": 0.004421957729604485, ""94"": 0.011183548115708708, ""98"": 0.0008894015449735311}","[0.021545269455604466, 0.7400397979952515, 0.15936555186856127, 0.07904938068058272]",0.2250685146781027,42,0.9630091960814852,0.9827929150912359
96,1,1,1,0,1,0.7603793218616255,"{""14"": 0.0010425597366166973, ""42"": 0.7908378812000492, ""48"": 0.02665126664396881, ""55"": 0.08360435295107352, ""67"": 0.0030685531128136745, ""92"": 0.016852754932232424, ""93"": 0.02285723716284823, ""94"": 0.03488641947003985, ""98"": 0.020198974790357833}","[0.7603793218616255, 0.11751631761859774, 0.08298433648133052, 0.03912002403844625]",0.8656460984593278,42,0.7908378812000492,0.9093286536211626
97,2,3,0,1,2,0.38723614669176126,"{""36"": 0.004907147946871108, ""42"": 0.8058142195235602, ""48"": 0.026177202713760915, ""55"": 0.021626540991404833, ""92"": 0.013686355841404048, ""94"": 0.05068380259749216, ""98"": 0.03129172657975365, ""104"": 0.03142848948889616, ""113"": 0.014384514316856771}","[0.0955325765987045, 0.38723614669176126, 0.49971396580334715, 0.017517310906187182]",0.8663852016266966,42,0.8058142195235602,0.8879265116099486
98,2,2,1,0,2,0.8393353195864537,"{""42"": 0.6627512334752929, ""48"": 0.06674577180970193, ""55"": 0.052541948132977745, ""64"": 0.03307950689962104, ""87"": 0.02657068229705403, ""92"": 0.03240739900406619, ""94"": 0.05553418093560511, ""103"": 0.018593023599056856, ""113"": 0.051776253846624175}","[0.08285560841607235, 0.8393353195864537, 0.04672404212985489, 0.031085029867619067]",1.31631977864029,42,0.6627512334752929,0.7850311862205999
99,1,1,1,0,2,0.5563983854024828,"{""42"": 0.7085651492281622, ""48"": 0.08022383985092342, ""54"": 0.04985891371701981, ""55"": 0.025175494813778846, ""71"": 0.03891812923264781, ""87"": 0.01270863800960707, ""94"": 0.05211026478146846, ""113"": 0.03243957036639228}","[0.5563983854024828, 0.402032766528952, 0.03271483354164766, 0.008854014526917536]",1.135695919716823,42,0.7085651492281622,0.840899253860554
100,3,3,1,0,2,0.7867744346670302,"{""42"": 0.676772648974648, ""47"": 0.015677481270608012, ""48"": 0.09778725180221798, ""54"": 0.09792838593964265, ""58"": 0.050338234790681446, ""71"": 1.1887259567047514e-08, ""102"": 0.03054889629122832, ""113"": 0.030947089043714078}","[0.0426913342924231, 0.0455374710489385, 0.7867744346670302, 0.12499675999160817]",1.1488479190303358,42,0.676772648974648,0.8724882867165087
101,4,4,1,0,2,0.6131138053433872,"{""15"": 0.0016497143677784436, ""42"": 0.7577497957188457, ""48"": 0.06001732578497245, ""54"": 0.05736971270125846, ""55"": 0.03224207002938162, ""58"": 0.04602622182854251, ""91"": 0.025582061872393855, ""102"": 0.01936309769682694}","[0.11182530098264111, 0.06199710142552121, 0.21306379224845057, 0.6131138053433872]",0.9761681901477419,42,0.7577497957188457,0.8751368342050766
102,1,1,1,0,1,0.7236110642866033,"{""42"": 0.8726133119861168, ""48"": 0.019013847092870698, ""54"": 0.016385503310956652, ""56"": 0.0026669736556735775, ""57"": 0.012600965136702827, ""58"": 0.0080227255073719, ""91"": 0.04474545736615008, ""101"": 0.01790363443271546, ""102"": 0.006047581511441953}","[0.7236110642866033, 0.08920491556363618, 0.17542176575759325, 0.011762254392167366]",0.6131790747420107,42,0.8726133119861168,0.9363726164451376
103,2,2,1,0,3,0.8474608001234611,"{""42"": 0.8207189398887192, ""48"": 0.03555118846300111, ""50"": 0.008546549528837629, ""54"": 0.03270169342347551, ""58"": 0.006966442763797853, ""66"": 0.010777015638761546, ""91"": 0.03349226838429122, ""101"": 0.03640701552049929, ""102"": 0.014838886388616563}","[0.090670091107673, 0.8474608001234611, 0.03116633429408199, 0.0307027744747839]",0.8136042272188929,42,0.8207189398887192,0.8926771438722196
104,4,4,1,0,3,0.666425791831174,"{""11"": 0.005346821576626319, ""42"": 0.8301598064688235, ""48"": 0.036452910171968625, ""54"": 0.03686302876504651, ""57"": 0.0031897068891291436, ""58"": 0.0014271094549089083, ""69"": 0.022287299453858465, ""91"": 0.04485383598166007, ""101"": 0.01941948123797865}","[0.04070169057379626, 0.05109710067907056, 0.2417754169159593, 0.666425791831174]",0.7531273579376784,42,0.8301598064688235,0.9118766712155301
105,2,2,1,0,2,0.7161090082755565,"{""11"": 0.003147065106873953, ""42"": 0.8889976982994129, ""48"": 0.010643631817432442, ""54"": 0.00933687874220628, ""57"": 0.005093326242914855, ""69"": 0.04877755765985111, ""91"": 0.03234137642551554, ""92"": 0.0016624657057929485}","[0.20712140567235085, 0.7161090082755565, 0.01622846007964743, 0.060541125972445264]",0.5105606110486445,42,0.8889976982994129,0.9701166323847795
106,3,3,1,0,1,0.8846732052022365,"{""11"": 0.0016856433470887372, ""42"": 0.9327798489648804, ""48"": 0.012738805820765918, ""54"": 0.014029388818825475, ""57"": 0.0010440943663526047, ""69"": 0.02463114930439871, ""91"": 0.008805431870619993, ""92"": 0.0036629754327737745, ""97"": 0.0006226620742942422}","[0.010233199868391975, 0.00920642830459225, 0.8846732052022365, 0.09588716662477946]",0.35631988482371535,42,0.9327798489648804,0.9714403870881045
107,4,4,1,0,1,0.7707791664150464,"{""8"": 0.0015150245986198096, ""42"": 0.8708749177084585, ""48"": 0.02403097297447221, ""54"": 0.025521780392188286, ""55"": 0.006340379147077792, ""69"": 0.04286679987578399, ""91"": 0.01761096710209847, ""92"": 0.009148464086646541, ""97"": 0.002090694114654443}","[0.005924014860827337, 0.016536920855779874, 0.20675989786834648, 0.7707791664150464]",0.6075400705572234,42,0.8708749177084585,0.9392634979764308
108,1,1,1,0,1,0.8865514180559703,"{""7"": 0.0006233720720751368, ""42"": 0.8821568800656269, ""48"": 0.03149435210797885, ""54"": 0.034763555146105116, ""55"": 0.011582528561020974, ""57"": 0.009897173651358436, ""69"": 8.42949425054684e-09, ""91"": 0.016539569507665268, ""92"": 0.012942560458674977}","[0.8865514180559703, 0.06003650777445852, 0.04686693615289466, 0.006545138016676534]",0.5623214857113242,42,0.8821568800656269,0.9484147873197109
109,4,4,1,0,2,0.5683568308700742,"{""42"": 0.8581808354986142, ""48"": 0.03456264651902713, ""50"": 0.005141219214051221, ""54"": 0.039856621744095676, ""55"": 0.017540973181297968, ""57"": 0.014282726785768718, ""79"": 0.0054094432900931, ""91"": 0.012503553546100514, ""92"": 0.01252198022095133}","[0.024541905234993062, 0.3661008841578698, 0.04100037973706304, 0.5683568308700742]",0.6725636863833605,42,0.8581808354986142,0.9326001037617371
110,4,4,1,0,2,0.864369473705895,"{""42"": 0.7875786911112173, ""48"": 0.04783468414557447, ""54"": 0.05086524775192323, ""55"": 0.036022735216175356, ""57"": 0.03652427229088906, ""91"": 0.020009211179880863, ""92"": 0.008649836657946743, ""94"": 0.005606369451054077, ""98"": 0.006908952195338957}","[0.0072263742669034575, 0.02016334414634122, 0.10824080788086042, 0.864369473705895]",0.9083937409170636,42,0.7875786911112173,0.886278623008715
111,1,1,1,0,2,0.8244686621632782,"{""29"": 0.006048465605904581, ""42"": 0.792049360209333, ""48"": 0.022262662440008168, ""54"": 0.022718245084333927, ""55"": 0.05486986326289141, ""57"": 0.056218278211930615, ""91"": 0.01878106975019684, ""103"": 0.016826557152655207, ""109"": 0.010225498282746142}","[0.8244686621632782, 0.13228733102328907, 0.03533475533910592, 0.00790925147432695]",0.8975811094945251,42,0.792049360209333,0.9031375016841551
112,3,3,1,0,2,0.829251122117215,"{""42"": 0.9007719008134903, ""48"": 0.02893147651737234, ""55"": 0.01900480614966948, ""57"": 0.015656328967253642, ""91"": 0.00742536321047804, ""92"": 0.010557250504144798, ""103"": 0.007472959001344492, ""109"": 0.005989032230740064, ""111"": 0.0041908826055067575}","[0.034580999672685256, 0.10511490252634417, 0.829251122117215, 0.03105297568375568]",0.5116686891873055,42,0.9007719008134903,0.9487081834805322
113,3,3,1,0,1,0.519976276817415,"{""42"": 0.9160553115440055, ""48"": 0.02142000329470008, ""55"": 0.028676107485520852, ""57"": 0.0013426365267150168, ""82"": 0.0003836609832850654, ""91"": 0.00683315817001867, ""92"": 0.01687673334062718, ""94"": 0.005685635058272865, ""109"": 0.0027267535968547355}","[0.015838886376556987, 0.00715087941980881, 0.519976276817415, 0.45703395738621927]",0.4248420023571612,42,0.9160553115440055,0.9661514223242265
114,1,1,1,0,2,0.822268049706698,"{""42"": 0.8460167210427714, ""48"": 0.036000966772681525, ""55"": 0.04897867967639921, ""57"": 0.0035969174168408134, ""58"": 0.003011174565208372, ""91"": 0.014703409166471742, ""92"": 0.02972513499831897, ""94"": 0.01212650474833319, ""109"": 0.005840491612974845}","[0.822268049706698, 0.09117622331192426, 0.07738962105675368, 0.009166105924624215]",0.6966976442599393,42,0.8460167210427714,0.9309963674918521
115,2,2,1,0,1,0.4185539091120154,"{""42"": 0.8064955746119099, ""44"": 0.008040638521835154, ""48"": 0.053361525641302164, ""55"": 0.06836003783590985, ""58"": 0.0063517473692366305, ""92"": 0.035172616590844356, ""94"": 0.017360522460765998, ""96"": 0.004857336968195984}","[0.07137634917865571, 0.4185539091120154, 0.394243108881492, 0.11582663282783684]",0.7981386061799457,42,0.8064955746119099,0.9282171380891219
116,4,2,0,1,2,0.15786230720595398,"{""34"": 0.011041288634343283, ""42"": 0.6164654512839173, ""44"": 0.009681428512726117, ""48"": 0.10686396924291251, ""55"": 0.09600049406996962, ""69"": 0.025811182650377715, ""76"": 0.014181285411969677, ""92"": 0.0787290589437509, ""94"": 0.04122584125003298}","[0.04032745801238021, 0.7033335132056021, 0.09847672157606364, 0.15786230720595398]",1.3431139448680502,42,0.6164654512839173,0.8193299145967994
117,1,1,1,0,2,0.6169499560754559,"{""2"": 0.052776850040005846, ""31"": 0.08682312629807179, ""42"": 0.13507070624752712, ""48"": 0.1906641481601465, ""55"": 0.3016445027865297, ""92"": 0.07380121743551109, ""94"": 0.10214184127518917, ""106"": 0.05707760775701881}","[0.6169499560754559, 0.2273946331860954, 0.09792177103438526, 0.05773363970406346]",1.9041558178932312,55,0.3016445027865297,0.6273793571942033
118,4,1,0,1,2,0.3170983230169134,"{""1"": 0.08725434004386114, ""22"": 0.11648812537499231, ""52"": 0.10051665596035413, ""55"": 0.25104691902150633, ""94"": 0.34919143383005724, ""111"": 0.0955025257692289}","[0.31871821142624557, 0.2023870426534876, 0.1617964229033535, 0.3170983230169134]",1.6328525415387054,94,0.34919143383005724,0.7167264782265559
119,2,2,1,0,2,0.4509798993017429,"{""22"": 0.09885762184049589, ""52"": 0.08128053989035497, ""69"": 0.11781066232888822, ""78"": 0.1220170517292945, ""79"": 0.1491359956158141, ""94"": 0.31249051484633095, ""113"": 0.11840761374882137}","[0.2160581635881219, 0.4509798993017429, 0.2682401169845295, 0.06472182012560565]",1.8413096479171716,94,0.31249051484633095,0.5836435621914395
120,3,3,1,0,2,0.6065039531327062,"{""26"": 0.1558338919652903, ""44"": 0.013909837539615404, ""69"": 0.2174375149487276, ""78"": 0.017999931681607056, ""94"": 0.5122634814995022, ""102"": 0.08255534236525734}","[0.03425787234338466, 0.034096872945794436, 0.6065039531327062, 0.3251413015781147]",1.3018228278159034,94,0.5122634814995022,0.88553488841352
121,1,3,0,1,2,0.3510584087055808,"{""26"": 0.014481403111341332, ""49"": 0.05840526706990743, ""69"": 5.110346905338171e-08, ""78"": 6.946128586778996e-09, ""80"": 1.5867279896735814e-08, ""92"": 0.16432945516738012, ""94"": 0.6219819971604857, ""102"": 0.1408018035740078}","[0.3510584087055808, 0.09882808115249847, 0.4081144204180497, 0.14199908972387107]",1.0953520218521358,94,0.6219819971604857,0.9271132559018735
122,1,1,1,0,2,0.5617321403624527,"{""25"": 0.035217803427831366, ""26"": 0.023912826157433384, ""39"": 0.03144300995241485, ""49"": 0.0791757858323423, ""69"": 1.0641458127848354e-06, ""90"": 0.07511540232863068, ""92"": 0.1864823755816393, ""94"": 0.3691016410551984, ""102"": 0.19955009151869704}","[0.5617321403624527, 0.33542525227363373, 0.04066275325545727, 0.062179854108456376]",1.713837086621678,94,0.3691016410551984,0.7551341081555347
123,1,1,1,0,2,0.8586405793631875,"{""22"": 0.020886891616729866, ""65"": 0.009558797204055789, ""74"": 2.033374386545003e-08, ""90"": 0.029229633022216067, ""92"": 0.3323251957124292, ""94"": 0.6079994411035009, ""114"": 2.1007324298296206e-08}","[0.8586405793631875, 0.07833060992159559, 0.0285234415158695, 0.03450536919934751]",0.8971437799241208,94,0.6079994411035009,0.9695542698381462
124,4,1,0,1,2,0.2125687613529992,"{""2"": 0.01725044424960334, ""22"": 0.01366257299846356, ""65"": 0.0020393251382835272, ""66"": 0.07225429364001544, ""69"": 0.04346649351232381, ""90"": 0.0073830166625442565, ""92"": 0.35628218988661975, ""94"": 0.4876616323749295, ""114"": 3.1537216867894544e-08}","[0.6327997466367148, 0.07275814344945336, 0.08187334856083278, 0.2125687613529992]",1.2216189127391723,94,0.4876616323749295,0.9161981159015646
125,2,2,1,0,2,0.5693848388539868,"{""22"": 0.04044955336075683, ""66"": 0.09489813461038163, ""69"": 0.10335217785553596, ""76"": 0.04349632513490286, ""81"": 0.06641506773975472, ""89"": 0.038378161683060526, ""92"": 0.3036759006921511, ""94"": 0.30933467892345623}","[0.23603186333286894, 0.5693848388539868, 0.14347228865567507, 0.051111009157469134]",1.754265161560861,94,0.30933467892345623,0.7163627574711433
126,4,4,1,0,2,0.554523717595151,"{""19"": 0.07696453697131844, ""21"": 0.023156103560993478, ""66"": 0.26663159846580653, ""69"": 0.1518606878610668, ""81"": 0.01989750483787464, ""94"": 0.4360527443249956, ""110"": 0.02543682397794464}","[0.0660329648776324, 0.05484336112093857, 0.32459995640627815, 0.554523717595151]",1.4565004149718195,94,0.4360527443249956,0.8545450306518688
127,3,3,1,0,1,0.4836249373351418,"{""19"": 0.08572622106879087, ""26"": 0.07383582532899044, ""49"": 0.06375129963749007, ""66"": 0.2396299872707715, ""69"": 0.15792987714261628, ""74"": 0.06496809427585708, ""94"": 0.31415869527548385}","[0.03922493021098627, 0.1921551824430042, 0.4836249373351418, 0.28499495001086783]",1.753686834907657,94,0.31415869527548385,0.7117185596888717
128,4,3,0,1,1,0.3493238350220479,"{""23"": 0.005297313679207859, ""34"": 0.026260975965569828, ""66"": 0.2132634338512332, ""69"": 0.050318529633462054, ""81"": 0.012247126976834702, ""94"": 0.6190186242426747, ""104"": 0.07359399565101765}","[0.09414408815604972, 0.028090054574921985, 0.5284420222469804, 0.3493238350220479]",1.1461359730167175,94,0.6190186242426747,0.9058760537449255
129,1,1,1,0,2,0.6108491227666518,"{""21"": 0.058963641532093415, ""34"": 0.03665231218806453, ""48"": 0.06156969993402811, ""66"": 0.20631557743255308, ""69"": 0.06330989314319176, ""92"": 0.059050253558404285, ""94"": 0.43816122219748765, ""104"": 0.07597740001417716}","[0.6108491227666518, 0.04305903828072241, 0.09340959156269395, 0.2526822473899318]",1.684534487125757,94,0.43816122219748765,0.7204541996442179
130,1,1,1,0,4,0.5631762123935803,"{""44"": 0.08629836260449385, ""48"": 0.07480562273518622, ""52"": 0.013550772485742324, ""92"": 0.11944564054710523, ""94"": 0.6386105101658941, ""97"": 0.01916494310473467, ""104"": 0.0481241483568437}","[0.5631762123935803, 0.30696157347592545, 0.03664894165207035, 0.0932132724784239]",1.2256722638354547,94,0.6386105101658941,0.8443545133174932
131,2,2,1,0,2,0.8316725734932816,"{""48"": 0.10397524698559692, ""85"": 1.1176400673104708e-08, ""91"": 0.07416780521021726, ""92"": 0.17349029955749426, ""94"": 0.556053218742574, ""97"": 0.024707227519126167, ""104"": 0.050612592485276095, ""111"": 0.016993598323314648}","[0.03422629169989107, 0.8316725734932816, 0.04008124530991464, 0.0940198894969127]",1.3702210454182184,94,0.556053218742574,0.8335187652856652
132,1,4,0,1,2,0.29664055256171035,"{""43"": 0.03076975828283889, ""48"": 0.09124463489856091, ""59"": 0.010952786982011907, ""81"": 0.00836426068684011, ""91"": 0.08339777384846005, ""92"": 0.22166256764815942, ""94"": 0.5376389694798245, ""97"": 0.015969248173304366}","[0.29664055256171035, 0.25325697121264656, 0.03119939402796014, 0.4189030821976829]",1.3558663866289917,94,0.5376389694798245,0.8505461720265448
133,3,1,0,1,1,0.08828494906615249,"{""5"": 0.05795721352124521, ""19"": 0.02791929808648194, ""43"": 0.005554795494684638, ""48"": 0.1277102402488504, ""77"": 9.5694432526928e-09, ""81"": 5.52929931883205e-09, ""92"": 0.41401042752626127, ""94"": 0.36684801002373413}","[0.48971155092563123, 0.020273996459022108, 0.08828494906615249, 0.4017295035491943]",1.289624865778796,92,0.41401042752626127,0.9085686777988458
134,2,2,1,0,2,0.7503404542290597,"{""5"": 0.1194800998386338, ""7"": 0.040477560494829264, ""19"": 0.037302587928261174, ""48"": 0.1608828154978878, ""68"": 0.02764158588761807, ""70"": 0.03744041696565212, ""92"": 0.4881202305781174, ""94"": 0.08865470280900042}","[0.03356825503559557, 0.7503404542290597, 0.047877590160631825, 0.16821370057471294]",1.5873517822678382,92,0.4881202305781174,0.7684831459146391
135,4,4,1,0,1,0.6257192072037681,"{""7"": 0.05980859994941488, ""12"": 0.029263229754696172, ""19"": 0.005932176625269731, ""46"": 0.0027050464794357142, ""48"": 0.16482454102881866, ""67"": 0.07482786166257621, ""92"": 0.6534219178483385, ""98"": 0.009216626651450264}","[0.15331077664724363, 0.04356012876154201, 0.1774098873874464, 0.6257192072037681]",1.1306105061402723,92,0.6534219178483385,0.8930743205397333
136,2,3,0,1,1,0.24368597907168693,"{""7"": 0.08125364868725486, ""12"": 0.04423145591046118, ""33"": 0.03564202490843683, ""48"": 0.18590329854887275, ""67"": 0.10270222745113666, ""71"": 0.034904010761461546, ""87"": 0.04179568788827998, ""92"": 0.4735676458440963}","[0.2638276464916025, 0.24368597907168693, 0.37489128472519817, 0.11759508971151245]",1.611038728638999,92,0.4735676458440963,0.7621731718441057
137,4,3,0,1,2,0.32227790959568453,"{""48"": 0.2803253845137577, ""51"": 0.05389618767490227, ""67"": 0.2102628812261653, ""77"": 0.05008165663891678, ""92"": 0.27780082195694816, ""94"": 0.04249110486230144, ""100"": 0.08514196312700822}","[0.026578112553790386, 0.048960766890372355, 0.6021832109601528, 0.32227790959568453]",1.6915357533362432,48,0.2803253845137577,0.7683890876968712
138,2,1,0,1,2,0.2109933298043185,"{""48"": 0.12730346703404172, ""50"": 0.06913795942144904, ""51"": 0.22435448414496778, ""54"": 0.06254623064498266, ""55"": 0.2660200536378215, ""92"": 0.14514581951162725, ""110"": 0.10549198560511007}","[0.4739167725721962, 0.2109933298043185, 0.2991027450662744, 0.015987152557210747]",1.8254382188950633,55,0.2660200536378215,0.6355203572944166
139,2,2,1,0,1,0.44892284090439943,"{""42"": 0.1840741796991024, ""50"": 0.013545750103478946, ""68"": 0.215834757746026, ""92"": 0.1628326734645148, ""105"": 0.0526374540021228, ""114"": 0.3710751849847551}","[0.23010787008235892, 0.44892284090439943, 0.28596927164741986, 0.03500001736582179]",1.519120672308062,114,0.3710751849847551,0.7709841224298835
140,2,2,1,0,2,0.5104238948326454,"{""42"": 0.14111280501559734, ""49"": 0.023344731144033053, ""68"": 0.24613132865323473, ""89"": 0.13133618868051675, ""92"": 0.12763441307499912, ""107"": 0.13354868851124324, ""114"": 0.19689184492037576}","[0.32694189406056623, 0.5104238948326454, 0.06611964106180103, 0.09651457004498738]",1.8272899779222875,68,0.24613132865323473,0.5841359785892078
141,3,4,0,1,1,0.40329583616316667,"{""25"": 0.13058865553941382, ""42"": 0.23354428287721726, ""61"": 0.03474063880520885, ""68"": 0.4107980093761048, ""88"": 0.12274035212002268, ""89"": 0.06758806128203257}","[0.13566410844877386, 0.056789722773462364, 0.40329583616316667, 0.4042503326145971]",1.5272684070518041,68,0.4107980093761048,0.7749309477927359
142,3,3,1,0,1,0.701449781491264,"{""25"": 0.11652137878302647, ""42"": 0.42131793723069566, ""60"": 0.01327101995213425, ""68"": 0.24856507458340543, ""89"": 0.1299945217309709, ""97"": 0.025974834985470718, ""111"": 0.044355232734296764}","[0.15300080648510417, 0.02090154926490991, 0.701449781491264, 0.12464786275872188]",1.5162693471227253,42,0.42131793723069566,0.799877533545072
143,4,4,1,0,1,0.4997826967019487,"{""25"": 0.10667640211369361, ""35"": 0.029799284600202532, ""42"": 0.5458194996364896, ""55"": 0.08819495010395141, ""57"": 0.004167284607957252, ""68"": 0.21832942109306624, ""111"": 0.0070131578446393185}","[0.2254153874018482, 0.07295410306914463, 0.20184781282705855, 0.4997826967019487]",1.2779277618984377,42,0.5458194996364896,0.8708253228432494
144,3,3,1,0,2,0.5487007846773894,"{""25"": 0.06379820126242815, ""42"": 0.7421291705628926, ""44"": 0.023407931927005635, ""51"": 0.015349467096015942, ""55"": 0.13889970190566905, ""68"": 7.287509084749149e-08, ""71"": 1.510281640261195e-08, ""111"": 0.01641543926808133}","[0.029933655092214, 0.2683489195090666, 0.5487007846773894, 0.15301664072133006]",0.890549965025855,42,0.7421291705628926,0.9448270737309898
145,1,1,1,0,2,0.7444773130317575,"{""14"": 0.01645919201107875, ""25"": 0.03094750526265219, ""40"": 0.01463431023445328, ""42"": 0.6657269675967478, ""44"": 0.0637157652048952, ""47"": 0.004298177389358982, ""51"": 0.014589720724593427, ""55"": 0.1742375023251244, ""111"": 0.015390859251096086}","[0.7444773130317575, 0.21904948630281657, 0.03126409024440792, 0.005209110421018018]",1.1370648097119833,42,0.6657269675967478,0.9036802351267673
146,3,3,1,0,1,0.882601769790664,"{""14"": 0.002908956217272053, ""25"": 0.007858413131174764, ""42"": 0.7667944149713032, ""44"": 0.112217304014908, ""51"": 0.008488394183751791, ""55"": 0.05115889733853561, ""103"": 0.011985137334889345, ""106"": 0.03858848280816541}","[0.007328586492532799, 0.048084280959407096, 0.882601769790664, 0.061985362757396016]",0.87532719044796,42,0.7667944149713032,0.9301706163247468
147,4,4,1,0,2,0.8092764210996345,"{""25"": 0.006885027851533608, ""34"": 0.003046465023370112, ""42"": 0.7188718822564981, ""44"": 0.1345928347648936, ""55"": 0.06437205632609232, ""79"": 0.0013329054444640124, ""91"": 0.012134589127303743, ""103"": 0.020368772589573658, ""106"": 0.03839546661627081}","[0.03369719234161936, 0.12341050140012758, 0.033615885158618616, 0.8092764210996345]",1.002541637306953,42,0.7188718822564981,0.917836773347484
148,3,3,1,0,2,0.8311683739267892,"{""13"": 0.0047631226928852985, ""15"": 0.0030421198997395674, ""25"": 0.004923914278025922, ""34"": 0.0030472919510704717, ""42"": 0.8953629118513983, ""44"": 0.03712280917819559, ""57"": 0.019045053816690843, ""79"": 0.004481885788977813, ""103"": 0.028210890543016218}","[0.05508025749193838, 0.05800001893053692, 0.8311683739267892, 0.05575134965073546]",0.5084727326549089,42,0.8953629118513983,0.96069661157261
149,1,1,1,0,4,0.7983482206781048,"{""13"": 0.005536451144927832, ""25"": 0.005527941212066293, ""42"": 0.9196548649409201, ""44"": 0.0185353708175797, ""55"": 0.010601618783537005, ""57"": 0.002925342399426395, ""79"": 0.0011948612217479605, ""95"": 0.0037871212691172364, ""103"": 0.03223642821067744}","[0.7983482206781048, 0.1487736721465102, 0.009192422543295537, 0.043685684632089425]",0.4136014402208606,42,0.9196548649409201,0.9704266639691772
150,3,3,1,0,2,0.9563689950478945,"{""18"": 0.0019135434362828948, ""25"": 0.0026371444036362864, ""42"": 0.9417408685565694, ""44"": 0.02905943501903361, ""48"": 0.006952235157333464, ""55"": 0.004374443363347954, ""57"": 0.0004825602628520718, ""95"": 0.0021607135129816843, ""103"": 0.010679056287962911}","[0.006044748168715953, 0.021145324179624968, 0.9563689950478945, 0.01644093260376466]",0.3107170333117589,42,0.9417408685565694,0.9814793598635659
151,4,4,1,0,3,0.7285712703803865,"{""18"": 0.0004235697785740625, ""25"": 0.0028007591718817886, ""42"": 0.9344840119030831, ""44"": 0.021918689420097722, ""48"": 0.006138326166464491, ""55"": 0.010801011502966789, ""60"": 0.00046185196729832346, ""103"": 0.018750474928937437, ""106"": 0.004221305160696377}","[0.009704658186165973, 0.06413524333960285, 0.19758882809384465, 0.7285712703803865]",0.34817362543301694,42,0.9344840119030831,0.9751531762521182
152,3,3,1,0,2,0.7631015773359078,"{""42"": 0.8974325061994134, ""44"": 0.023867457473835747, ""48"": 0.01447087897056314, ""55"": 0.018316501696390434, ""57"": 0.0020599606680229273, ""60"": 0.0011504892789071396, ""103"": 0.030520312865356416, ""106"": 0.010233844136692346, ""111"": 0.0019480487108184843}","[0.007253136268284694, 0.025973845585584635, 0.7631015773359078, 0.20367144081022304]",0.5068998147705858,42,0.8974325061994134,0.9518202765386056
153,1,1,1,0,3,0.8450323233183188,"{""42"": 0.8739242585902379, ""44"": 0.014171895996986735, ""48"": 0.020549854579870564, ""55"": 0.030672937217590433, ""71"": 0.002886395167019842, ""81"": 0.00038288486446615215, ""103"": 0.0402755362086435, ""106"": 0.016505264922267678, ""111"": 0.0006309724529170709}","[0.8450323233183188, 0.03517126616059709, 0.01187807128137266, 0.10791833923971156]",0.5864490088331454,42,0.8739242585902379,0.9448727320164719
154,1,1,1,0,3,0.7206573227672105,"{""42"": 0.8382403901977373, ""44"": 0.015371679385204624, ""48"": 0.030952338348328414, ""50"": 0.002218600871008176, ""55"": 0.02883384120546979, ""103"": 0.050660952524996986, ""104"": 0.002153400514728135, ""106"": 0.031060268350628212, ""111"": 0.0005085286018983984}","[0.7206573227672105, 0.2083638041860655, 0.016990949815791873, 0.053987923230932156]",0.7114825549849827,42,0.8382403901977373,0.9199616110733626
155,4,4,1,0,2,0.4620523451508661,"{""42"": 0.7635351390442381, ""44"": 0.01833937220628402, ""48"": 0.0387249733682268, ""55"": 0.052752113137437426, ""71"": 6.153863402015897e-10, ""87"": 3.154401097197753e-10, ""103"": 0.07951603077798375, ""106"": 0.04713237053500361}","[0.022358688158035045, 0.3066670925098719, 0.20892187418122704, 0.4620523451508661]",0.9057408199435845,42,0.7635351390442381,0.8958032829596593
156,1,1,1,0,3,0.4945476678098174,"{""4"": 0.0015779284352213452, ""42"": 0.6847532097505236, ""44"": 0.03345240863472747, ""48"": 0.020236420084449668, ""55"": 0.08050921876749925, ""91"": 0.0016752963323911159, ""99"": 0.0047069354845782636, ""103"": 0.14669283597325306, ""106"": 0.02639574653735631}","[0.4945476678098174, 0.45931874015568547, 0.02255110858669561, 0.02358248344780163]",1.0783464695301448,42,0.6847532097505236,0.911955264491276
157,2,2,1,0,3,0.5363466205120305,"{""4"": 0.004327467732486453, ""7"": 0.0015969317134597262, ""42"": 0.8528636328000261, ""44"": 0.05748372940201057, ""48"": 0.033986099824556054, ""55"": 0.005868004288763503, ""73"": 1.236311733621028e-09, ""103"": 0.015113896071801634, ""106"": 0.028760236930584184}","[0.13728260655721403, 0.5363466205120305, 0.14000202048703594, 0.18636875244371956]",0.6442716271386707,42,0.8528636328000261,0.9443334620265926
158,2,2,1,0,2,0.5265556362942898,"{""7"": 0.003992103726711964, ""37"": 0.0018630883121769379, ""42"": 0.7663344877854992, ""44"": 0.0643412269649731, ""48"": 0.06208473747423452, ""55"": 0.014558374821000452, ""57"": 0.0044449617839021375, ""103"": 0.02703742283949288, ""106"": 0.055343596292008704}","[0.06793536077551522, 0.5265556362942898, 0.33854968466626706, 0.06695931826392801]",0.9302276363096603,42,0.7663344877854992,0.8927604522247068
159,4,4,1,0,2,0.7985225414893954,"{""42"": 0.691359634159039, ""44"": 0.06122864628932466, ""47"": 0.014140381707617344, ""48"": 0.11023272630586589, ""52"": 0.011568187050154053, ""55"": 0.028401969131984027, ""71"": 0.01019958740787798, ""103"": 0.030479233231123993, ""106"": 0.04238963471701323}","[0.0836298035364366, 0.07535063051140403, 0.042497024462763926, 0.7985225414893954]",1.1693854535812838,42,0.691359634159039,0.8628210067542296
160,2,2,1,0,2,0.43720511014930624,"{""42"": 0.6255400007391108, ""44"": 0.07043130850428488, ""47"": 0.025365850947783913, ""48"": 0.11710604025267474, ""55"": 0.047869085838933186, ""104"": 0.028333929967867665, ""106"": 0.06269861006307204, ""109"": 0.022655173686272855}","[0.0874518386234907, 0.43720511014930624, 0.2477066909349013, 0.22763636029230178]",1.3305891605502538,42,0.6255400007391108,0.8130773494960704
161,2,2,1,0,2,0.5697588859143441,"{""1"": 0.03105878286804078, ""5"": 0.04633858113104752, ""31"": 0.014451552941738378, ""42"": 0.7138017458661576, ""44"": 0.04044983746470344, ""55"": 0.059367806398774224, ""104"": 0.04142027865047074, ""106"": 0.053111414679067354}","[0.10764697003995118, 0.5697588859143441, 0.09149826222404464, 0.2310958818216601]",1.1372513018556996,42,0.7138017458661576,0.8262809669439992
162,4,1,0,1,2,0.13998094124677998,"{""1"": 0.013080236816808161, ""5"": 0.018891251225001165, ""12"": 0.008033582448631518, ""31"": 0.008510558327148058, ""42"": 0.8337376830242198, ""47"": 0.011696758919387073, ""48"": 0.02732041193293801, ""55"": 0.07872951730586615}","[0.7215601261177704, 0.0625547214902838, 0.07590421114516589, 0.13998094124677998]",0.7131278284170033,42,0.8337376830242198,0.939787612263024
163,2,2,1,0,3,0.4816572693845301,"{""1"": 0.10284426129673867, ""5"": 0.15012746885638945, ""12"": 0.054144506251243424, ""42"": 0.3263943386111381, ""47"": 0.04447423591000228, ""48"": 0.08784835323511969, ""55"": 0.23416682031130562, ""68"": 1.552806280057365e-08}","[0.45003492560952313, 0.4816572693845301, 0.0610605565743035, 0.007247248431643367]",1.7339899300698187,42,0.3263943386111381,0.7106886277788331
164,2,2,1,0,4,0.8637476232797955,"{""25"": 0.04688327469335292, ""42"": 0.6680620880534999, ""47"": 0.07681045276103754, ""50"": 0.00839757851143302, ""55"": 0.09278100818494198, ""82"": 0.08993568423806968, ""90"": 0.01712991355766502}","[0.09278755944918521, 0.8637476232797955, 0.028824690154324466, 0.014640127116694912]",1.157091288904942,42,0.6680620880534999,0.8507787804765115
165,2,2,1,0,1,0.5179095597486532,"{""25"": 0.051223014813293125, ""27"": 0.0009107555043162225, ""42"": 0.71895555426194, ""47"": 0.08248217829464802, ""50"": 0.001137091699572045, ""55"": 0.05150744521618078, ""82"": 0.0912063634200221, ""96"": 0.002577596790027881}","[0.22952428508014353, 0.5179095597486532, 0.09606068764414721, 0.15650546752705613]",0.9958713961531114,42,0.71895555426194,0.8926440959766101
166,3,3,1,0,3,0.7561284525143365,"{""15"": 0.0038845175431747665, ""27"": 0.0011759800383322283, ""42"": 0.8327427699389477, ""47"": 0.015877382072502676, ""48"": 0.029337649787030108, ""50"": 0.0008574016982855822, ""51"": 0.012962150087254633, ""55"": 0.09175217317677199, ""82"": 0.011409975657700213}","[0.0191816964017054, 0.12242147515395171, 0.7561284525143365, 0.10226837593000646]",0.683808516163321,42,0.8327427699389477,0.9538325929027498
167,1,1,1,0,2,0.7249712384322013,"{""15"": 0.0020504533133708382, ""42"": 0.8718471140226615, ""46"": 0.0016806845075118973, ""47"": 0.002982629927716613, ""50"": 0.0007042583743107056, ""51"": 0.007297442366371034, ""55"": 0.09133874694315747, ""82"": 0.0016972451595894333, ""103"": 0.020401425385310507}","[0.7249712384322013, 0.23278952205439057, 0.031877901069139354, 0.010361338444268758]",0.510177492541821,42,0.8718471140226615,0.9835872863511295
168,1,1,1,0,2,0.9537219345949162,"{""15"": 0.001401367266114664, ""39"": 6.41909173312007e-10, ""42"": 0.8373669569270897, ""46"": 0.0032349798540752123, ""47"": 0.0032807767651291462, ""48"": 0.010919740767848041, ""51"": 0.00615997343276637, ""55"": 0.10712021638804183, ""103"": 0.03051598795702573}","[0.9537219345949162, 0.028965793163486218, 0.01034742900493711, 0.006964843236660498]",0.6215975679845915,42,0.8373669569270897,0.9750031612721572
169,3,3,1,0,2,0.7503966509549209,"{""15"": 0.0022522829000654583, ""33"": 0.0038553149012520945, ""42"": 0.801413234238279, ""44"": 0.008063366148356465, ""47"": 0.003460553549584851, ""48"": 0.020227855696885316, ""51"": 0.006776746054906296, ""55"": 0.10832621768887175, ""103"": 0.045624428821798894}","[0.09734286823057765, 0.0721488895630352, 0.7503966509549209, 0.08011159125146615]",0.765422762529687,42,0.801413234238279,0.9553638807489496
170,3,3,1,0,3,0.914600772589088,"{""42"": 0.8391032529505854, ""44"": 0.003359531685337207, ""47"": 0.0009637664600089993, ""48"": 0.004177600713730435, ""51"": 0.002111209188317586, ""55"": 0.11342893095748602, ""103"": 0.028453775165534947, ""106"": 0.008401932878999529}","[0.004214108064528995, 0.00959696470393152, 0.914600772589088, 0.07158815464245145]",0.5972393909164581,42,0.8391032529505854,0.9809859590736063
171,4,3,0,1,4,0.32316994396715804,"{""42"": 0.7988297304257144, ""44"": 0.003339433598811107, ""48"": 0.002459817130611996, ""51"": 0.0009727357414230539, ""55"": 0.13665735123184256, ""83"": 0.0008087971036639723, ""94"": 0.0043635754877133824, ""103"": 0.03682132616561802, ""106"": 0.01574723311460139}","[0.07732551873495949, 0.2710246274809779, 0.3284799098169046, 0.32316994396715804]",0.7083873397794191,42,0.7988297304257144,0.972308407823175
172,2,2,1,0,4,0.6206451833281814,"{""42"": 0.730765289431131, ""46"": 0.0038761576642916914, ""47"": 0.004291214437554758, ""51"": 0.0037271406756484845, ""55"": 0.16182952991402413, ""94"": 0.013582675711980787, ""103"": 0.07285996774679926, ""106"": 0.009068024418569966}","[0.3402187324063665, 0.6206451833281814, 0.02868752540992199, 0.010448558855529982]",0.8815729003250546,42,0.730765289431131,0.9654547870919543
173,4,4,1,0,3,0.804525206021436,"{""20"": 0.0040483548220244326, ""42"": 0.743622659517107, ""46"": 0.001242180113666964, ""48"": 0.010777622640333655, ""51"": 0.002972627428978085, ""55"": 0.15441201082902303, ""94"": 0.018467985008414026, ""97"": 0.0016983465271867017, ""103"": 0.06275821311326596}","[0.07725493530932558, 0.0879842470478155, 0.030235611621422926, 0.804525206021436]",0.8637708763536558,42,0.743622659517107,0.960792883459396
174,2,2,1,0,1,0.6678758468918538,"{""20"": 0.009346301533868557, ""42"": 0.6728667485063327, ""46"": 0.0036277185786963186, ""47"": 0.010075844717735625, ""55"": 0.18559551371244642, ""74"": 0.005216725274224915, ""78"": 0.006127625450304598, ""94"": 0.02134316960997025, ""103"": 0.08580035261642067}","[0.20032765656935855, 0.6678758468918538, 0.030082687410730495, 0.10171380912805732]",1.0410039744784094,42,0.6728667485063327,0.9442626148351998
175,3,3,1,0,2,0.5839178020080288,"{""1"": 0.0014546237102023535, ""42"": 0.8949247501025109, ""47"": 0.006532505186545274, ""55"": 0.043874799426715516, ""63"": 0.0012027249000074753, ""78"": 0.001874283453989825, ""82"": 0.0062732314959386875, ""94"": 0.02616308052955553, ""103"": 0.017700001194534437}","[0.07394451349522727, 0.012748545126670823, 0.5839178020080288, 0.32938913937007314]",0.4972874600550563,42,0.8949247501025109,0.964962630058782
176,1,2,0,1,2,0.40942237679887794,"{""1"": 0.0037142232748405574, ""42"": 0.8761690516410886, ""47"": 0.0021469469708223954, ""48"": 0.012426854201442761, ""55"": 0.05307820936769006, ""82"": 2.2636389042474334e-09, ""94"": 0.03664277957167896, ""99"": 0.001228746089587687, ""103"": 0.014593186619210198}","[0.40942237679887794, 0.47695770622768185, 0.10091375519532704, 0.012706161778113147]",0.5512483875429514,42,0.8761690516410886,0.9658900405804576
177,2,2,1,0,2,0.5522526931220909,"{""1"": 0.008299097305151482, ""38"": 0.0018465640039209584, ""42"": 0.7943940936172702, ""48"": 0.02567334409828905, ""55"": 0.07776194471472166, ""92"": 0.007108428639625629, ""94"": 0.05729165430253671, ""99"": 0.0031903689737691854, ""103"": 0.02443450434471496}","[0.35437270572172425, 0.5522526931220909, 0.03021641293776768, 0.06315818821841712]",0.8348997009881269,42,0.7943940936172702,0.9294476926345285
178,3,3,1,0,2,0.6713357349919615,"{""13"": 0.0022908881224993597, ""42"": 0.7062899069549404, ""48"": 0.03155661914087286, ""55"": 0.12426788272757422, ""69"": 0.019025094229615444, ""93"": 0.014421560958782385, ""94"": 0.06204072008598266, ""99"": 0.004416803922425099, ""103"": 0.0356905238573076}","[0.039613178280379156, 0.23080631452769307, 0.6713357349919615, 0.05824477219996637]",1.0796033472749111,42,0.7062899069549404,0.8925985097684974
179,2,4,0,1,2,0.26902298256787394,"{""12"": 0.0011993400300572435, ""42"": 0.6939778945685798, ""48"": 0.024779580194692463, ""55"": 0.13119446761286016, ""63"": 0.0008850854844563731, ""93"": 0.004294335243082904, ""94"": 0.08135336677979768, ""103"": 0.059399610340643505, ""104"": 0.0029163197458297848}","[0.2540604730656329, 0.26902298256787394, 0.030857073435657058, 0.44605947093083625]",1.0381580399526715,42,0.6939778945685798,0.9065257289612376
180,3,3,1,0,2,0.8646029462711673,"{""14"": 0.013665487341290439, ""42"": 0.7190606351458481, ""47"": 0.0027173116591367955, ""48"": 0.05283461857610023, ""53"": 0.016256075311121342, ""55"": 0.08325459849282571, ""93"": 0.008390009151081783, ""94"": 0.0635497498390461, ""103"": 0.04027151448354956}","[0.03948801178080248, 0.016295840885780868, 0.8646029462711673, 0.07961320106224928]",1.0857641519016912,42,0.7190606351458481,0.8658649834777199
181,1,1,1,0,1,0.921990767244669,"{""8"": 0.006490513317630595, ""14"": 0.003933527282498973, ""42"": 0.7032244856005695, ""48"": 0.07258581273752476, ""55"": 0.08721579659501152, ""73"": 2.0792306649064058e-09, ""94"": 0.07912777452203934, ""103"": 0.035304094268566254, ""106"": 0.012117993596928523}","[0.921990767244669, 0.05727308976469104, 0.007461650926172462, 0.01327449206446758]",1.0774624748052508,42,0.7032244856005695,0.8695680567176204
182,3,3,1,0,2,0.6570053031157851,"{""14"": 0.0035347320297305527, ""42"": 0.7065716535355641, ""48"": 0.09999295831801285, ""50"": 0.010198760506112382, ""55"": 0.05895729943915552, ""57"": 0.002759914271112178, ""81"": 0.004785007249948234, ""94"": 0.09135302095388138, ""106"": 0.02184665369648294}","[0.1337760042887947, 0.03235132822667699, 0.6570053031157851, 0.1768673643687434]",1.0532592228694941,42,0.7065716535355641,0.8979176328074583
183,2,3,0,1,2,0.25976760935729803,"{""40"": 0.001778016621764052, ""42"": 0.8126804386615704, ""44"": 0.0009705421741658058, ""48"": 0.03582415064691031, ""55"": 0.07901620545745733, ""57"": 0.001035971964557441, ""80"": 0.001029142849489424, ""81"": 0.0012646235284911875, ""94"": 0.06640090809559407}","[0.07565015991720811, 0.25976760935729803, 0.6463066353217954, 0.01827559540369847]",0.7090908754593397,42,0.8126804386615704,0.9580975522146218
184,1,1,1,0,2,0.7243650396577689,"{""20"": 0.012842496330395624, ""40"": 0.009698995713096065, ""42"": 0.5284894388567142, ""48"": 0.14426651458638656, ""55"": 0.14192830531819306, ""57"": 0.009961506229609635, ""69"": 0.020881904100131413, ""94"": 0.13193083886547338}","[0.7243650396577689, 0.17013844780168283, 0.0559652891139849, 0.049531223426563346]",1.3882699619278323,42,0.5284894388567142,0.8146842587612937
185,4,4,1,0,2,0.6421613800670792,"{""20"": 0.015188981491372057, ""42"": 0.6368591151611835, ""44"": 0.03728612829811353, ""48"": 0.13554705725000582, ""51"": 0.004791769053660285, ""55"": 0.019303805312742478, ""94"": 0.1510231434329224}","[0.14023863668907288, 0.043142730534306915, 0.17445725270954096, 0.6421613800670792]",1.1317509043292455,42,0.6368591151611835,0.9234293158441117
186,3,3,1,0,4,0.8643214386611431,"{""1"": 0.013193792053583774, ""17"": 0.00406435895443195, ""42"": 0.7337952888859451, ""48"": 0.02515325633308872, ""51"": 0.002273058017401197, ""55"": 0.02650639931655927, ""94"": 0.1697986293225512, ""101"": 0.025215217116438808}","[0.02921305169660706, 0.020690138203542777, 0.8643214386611431, 0.08577537143870716]",0.9031810275987995,42,0.7337952888859451,0.9301003175250556
187,2,2,1,0,4,0.6569795647316469,"{""1"": 0.0010742769645971661, ""8"": 0.007593367069765184, ""20"": 0.0029322485981422095, ""42"": 0.7613527227950969, ""48"": 0.02117089413474455, ""55"": 0.04030092592116176, ""94"": 0.15079132236399362, ""101"": 0.002014246913789834, ""103"": 0.012769995238708826}","[0.09659350177686714, 0.6569795647316469, 0.218297972363528, 0.028128961127958152]",0.833596274574477,42,0.7613527227950969,0.9524449710802523
188,1,2,0,1,5,0.41681537638114086,"{""3"": 0.0070060295677965515, ""8"": 0.01701449154546781, ""15"": 0.009960938104872013, ""42"": 0.6443048958019321, ""48"": 0.040164012759621, ""55"": 0.05940121340747008, ""94"": 0.19190278465286442, ""103"": 0.016237262076918287, ""104"": 0.014008372083057765}","[0.41681537638114086, 0.4459389560089672, 0.0222557456643091, 0.11498992194558282]",1.1735199749239713,42,0.6443048958019321,0.8956088938622665
189,1,4,0,1,2,0.25322690539078824,"{""15"": 0.0022083551736338807, ""42"": 0.6075530804006947, ""48"": 0.05740060678912021, ""53"": 0.012898958281492963, ""55"": 0.12618718251210365, ""92"": 0.02405921425176786, ""94"": 0.1646821333193158, ""107"": 0.005010469271870996}","[0.25322690539078824, 0.15070828729707536, 0.03393083341503314, 0.5621339738971034]",1.2108710130919764,42,0.6075530804006947,0.8984223962321141
190,4,4,1,0,5,0.7464436818488585,"{""1"": 0.007013083120904033, ""42"": 0.45454788355935355, ""48"": 0.09862040228878996, ""53"": 0.0163410449612068, ""55"": 0.06756003710056453, ""62"": 0.00441866986118803, ""72"": 0.05570774851024274, ""94"": 0.2957911305977503}","[0.014190641147716385, 0.03420108254809627, 0.20516459445532886, 0.7464436818488585]",1.4160358127274848,42,0.45454788355935355,0.8489594164458938
191,1,1,1,0,2,0.7880204982392527,"{""16"": 0.04299313485071689, ""42"": 0.4938190587802468, ""48"": 0.03459073490008851, ""55"": 0.07478651865023667, ""69"": 0.04716978754496665, ""94"": 0.3005671236861067, ""102"": 0.006073641587637581}","[0.7880204982392527, 0.16910336627314704, 0.023816696049265302, 0.019059439438334956]",1.3303805625824128,42,0.4938190587802468,0.8691727011165902
192,3,3,1,0,2,0.8667231202006692,"{""16"": 0.06982658975442742, ""21"": 0.002698738604947298, ""42"": 0.5390660778238722, ""48"": 0.02696312250852631, ""55"": 0.009867838199079992, ""94"": 0.3347354380939824, ""105"": 0.0032991668041556957, ""106"": 0.013543028211008754}","[0.030111026747220986, 0.05474421465022976, 0.8667231202006692, 0.04842163840188015]",1.1213728492408213,42,0.5390660778238722,0.943628105672282
193,2,2,1,0,3,0.8441981852516197,"{""16"": 0.017548442404893345, ""42"": 0.5871958766556148, ""48"": 0.01820923913263313, ""67"": 0.002063642007323487, ""83"": 0.0007678773040795345, ""94"": 0.3720073849545379, ""105"": 0.001196103126261134, ""113"": 0.001011434414656767}","[0.015254486940961905, 0.8441981852516197, 0.11762038055337155, 0.02292694725404684]",0.8576559542832601,42,0.5871958766556148,0.9774125007427859
194,3,3,1,0,1,0.7376593737027031,"{""6"": 0.012822852993621492, ""16"": 0.011526527819334362, ""42"": 0.5403111162583162, ""48"": 0.030588633497377393, ""67"": 0.005776167764635133, ""69"": 0.015828182661086418, ""80"": 0.013001718325485407, ""94"": 0.3664745498839358, ""105"": 0.00367025079620772}","[0.01308683144170841, 0.15135276018396782, 0.7376593737027031, 0.09790103467162078]",1.0869080562951074,42,0.5403111162583162,0.9373742996396294
195,1,1,1,0,2,0.560152950528273,"{""6"": 0.009894291339208479, ""25"": 0.00866000427745937, ""30"": 0.001102159514169262, ""42"": 0.5432906487218551, ""48"": 0.03068958439128674, ""67"": 0.0019032791339962704, ""69"": 0.0028177816026464697, ""80"": 0.003709682126407646, ""94"": 0.3979325688929706}","[0.560152950528273, 0.08822195185007588, 0.3173700930068408, 0.03425500461481032]",0.9486021867227425,42,0.5432906487218551,0.9719128020061124
196,1,1,1,0,1,0.7689702782866706,"{""6"": 0.02276844974221253, ""8"": 0.015103169578707483, ""25"": 0.020245487840206758, ""42"": 0.3789869692301858, ""48"": 0.061674200454347405, ""55"": 0.017973768859359685, ""69"": 0.00651592520136665, ""94"": 0.45799980753963354, ""111"": 0.018732221553980112}","[0.7689702782866706, 0.1350651384908719, 0.015434635321703362, 0.08052994790075414]",1.3051141658118475,94,0.45799980753963354,0.8986609772241667
197,4,1,0,1,2,0.2594041244629149,"{""8"": 0.005761740212848011, ""25"": 0.0065052011007638005, ""32"": 0.017404616684396818, ""42"": 0.4617609115884402, ""74"": 5.446489303449128e-09, ""88"": 5.697161410948974e-09, ""94"": 0.5038926043258475, ""111"": 0.004674914944052898}","[0.5193067051479223, 0.019624388275637145, 0.20166478211352565, 0.2594041244629149]",0.8602256945011961,94,0.5038926043258475,0.9830581325986845
198,1,1,1,0,3,0.43900209887680897,"{""8"": 0.016050927092494484, ""25"": 0.01844562822052314, ""32"": 0.03582897059986801, ""42"": 0.35461446891750764, ""80"": 0.0300149476714683, ""81"": 0.03364855827389511, ""94"": 0.4591310338702104, ""100"": 0.039601330540817596, ""111"": 0.012664134813215237}","[0.43900209887680897, 0.03466601730891899, 0.14243210669282258, 0.3838997771214494]",1.386843559492204,94,0.4591310338702104,0.8533468333285357
199,4,4,1,0,5,0.597797045579771,"{""30"": 0.012539437646211068, ""42"": 0.5447036055505473, ""55"": 0.04943157720279622, ""69"": 0.07127510850902836, ""81"": 0.01885877934061805, ""94"": 0.29419864314711824, ""111"": 0.008992848603680633}","[0.01728074322183782, 0.08289174428451636, 0.3020304669138748, 0.597797045579771]",1.1999290807784597,42,0.5447036055505473,0.910177357206694
200,3,3,1,0,3,0.6581140742710914,"{""1"": 0.020926518968103866, ""42"": 0.430614496962798, ""44"": 0.033479821750473274, ""55"": 0.05344653443798998, ""69"": 0.14243901703632803, ""81"": 0.03060613046514601, ""94"": 0.24830911794601399, ""100"": 0.04017836243314672}","[0.033769006240714106, 0.13949394610785448, 0.6581140742710914, 0.16862297338034007]",1.5733677568152453,42,0.430614496962798,0.82136263194514
201,4,4,1,0,1,0.5580045148184452,"{""30"": 0.0013834672079888408, ""42"": 0.5242054664903119, ""55"": 0.08883590800088503, ""69"": 0.01881260865740916, ""94"": 0.2982686088723821, ""102"": 0.035834843457511735, ""103"": 0.03265909731351134}","[0.31669125402042636, 0.08245832927137005, 0.04284590188975856, 0.5580045148184452]",1.2293616916594796,42,0.5242054664903119,0.911309983363579
202,4,4,1,0,2,0.9584150783112423,"{""1"": 0.0195027575070355, ""3"": 0.00945312360279864, ""42"": 0.6084574961353195, ""55"": 0.13767634470892498, ""92"": 0.008161932614195339, ""94"": 0.17674196695382613, ""102"": 0.014217753535894802, ""103"": 0.025788624942005067}","[0.007065647712435594, 0.012816437096679489, 0.021702836879642643, 0.9584150783112423]",1.1964935576232816,42,0.6084574961353195,0.9228758077980707
203,1,1,1,0,2,0.45773569864624464,"{""1"": 0.02846507938885264, ""3"": 0.010901213409456021, ""39"": 1.1182025090755065e-09, ""42"": 0.5911636943913642, ""55"": 0.16623135332831276, ""57"": 0.01607922714930385, ""58"": 0.00845285576895462, ""94"": 0.17870657544555352}","[0.45773569864624464, 0.22476474328333507, 0.14505412187092673, 0.17244543619949365]",1.1740975345798543,42,0.5911636943913642,0.9361016231652305
204,3,3,1,0,1,0.6633950611977479,"{""1"": 0.042952096919501886, ""14"": 0.003415065954238061, ""42"": 0.5561346090742888, ""44"": 0.009654468319281493, ""55"": 0.2111287819518548, ""57"": 0.02946934621854663, ""94"": 0.13882411089489843, ""112"": 0.008421520667389843}","[0.1402187141205709, 0.1545169695076458, 0.6633950611977479, 0.04186925517403537]",1.2722760629635883,42,0.5561346090742888,0.906087501921042
205,4,4,1,0,2,0.814436780689698,"{""1"": 0.01013878894638897, ""40"": 0.009391154864793399, ""42"": 0.6504807402450427, ""44"": 0.009853967032485176, ""48"": 0.0033314573331683613, ""55"": 0.23022976777344287, ""75"": 0.004744453415503676, ""94"": 0.08182967038917487}","[0.08019849515467664, 0.0722133028843056, 0.033151421271319835, 0.814436780689698]",1.003000805437484,42,0.6504807402450427,0.9625401784076604
206,2,4,0,1,1,0.4178903548616378,"{""8"": 0.00191162069921415, ""35"": 0.0012326744069146457, ""40"": 2.42669501010536e-09, ""42"": 0.6872910570536286, ""44"": 0.008473175919214461, ""47"": 0.013236727670923428, ""55"": 0.24076222031200936, ""75"": 1.4044039872686077e-09, ""94"": 0.04709252010699635}","[0.07837877372911234, 0.4178903548616378, 0.04363719805900388, 0.46009367335024604]",0.8623560027593344,42,0.6872910570536286,0.9751457974726343
207,3,4,0,1,2,0.4117710690667444,"{""8"": 0.004688021127732619, ""42"": 0.6465783376184189, ""44"": 0.004187550428050812, ""45"": 0.004104961909040722, ""47"": 0.0074127728811750815, ""48"": 0.010560761847831591, ""55"": 0.24116501222719205, ""94"": 0.07651788148894445, ""103"": 0.004784700471613746}","[0.02102222544437702, 0.14627080609669374, 0.4117710690667444, 0.42093589939218484]",1.0022237788936663,42,0.6465783376184189,0.9642612313345553
208,3,1,0,1,2,0.2895718205710823,"{""1"": 0.003262155310059755, ""8"": 0.013623713016627941, ""42"": 0.5976927598943242, ""45"": 0.004580888395567847, ""47"": 0.004360329008879549, ""55"": 0.273052227351301, ""67"": 0.004540847357092549, ""94"": 0.08689177867707436, ""103"": 0.011995300989072664}","[0.5453396194562885, 0.030757884777372065, 0.2895718205710823, 0.13433067519525704]",1.0774805449145202,42,0.5976927598943242,0.9576367659226995
209,4,4,1,0,2,0.42866981967521545,"{""8"": 0.020079753138648525, ""19"": 0.02781978054731616, ""42"": 0.49119786690394723, ""45"": 0.004875715232853844, ""55"": 0.2950406980932749, ""85"": 5.809584898375693e-09, ""94"": 0.14135820653953207, ""103"": 0.012388915288823323, ""106"": 0.007239058446019155}","[0.10967564378118695, 0.09009099380617294, 0.3715635427374247, 0.42866981967521545]",1.2800513694060722,42,0.49119786690394723,0.9275967715367541
210,4,4,1,0,4,0.7545826834626688,"{""1"": 0.019612066595668, ""38"": 0.029275321969732614, ""42"": 0.4767186231283678, ""55"": 0.26618480020028584, ""89"": 0.004718777979409206, ""94"": 0.1758612440917748, ""103"": 0.019945927958837283, ""106"": 0.007683238075924507}","[0.07866182655507228, 0.13079543347902675, 0.035960056503232286, 0.7545826834626688]",1.3323806753669762,42,0.4767186231283678,0.9187646674204285
211,2,2,1,0,2,0.6459704520197742,"{""1"": 0.02752795933530126, ""26"": 0.005846456167601111, ""42"": 0.4601266265991669, ""45"": 0.018955517897731877, ""55"": 0.2433604991590058, ""57"": 0.02448873689242254, ""94"": 0.21175653115895401, ""106"": 0.007937672789816557}","[0.24280094389979565, 0.6459704520197742, 0.07221662695401865, 0.03901197712641146]",1.363166718349508,42,0.4601266265991669,0.9152436569171267
212,4,4,1,0,1,0.9272148526895974,"{""1"": 0.004227055242571885, ""16"": 0.0037949444038872567, ""37"": 0.0021495099600290445, ""42"": 0.8754745735042311, ""45"": 0.0025388552333400517, ""55"": 0.08257912746787129, ""57"": 0.005792843855908475, ""106"": 0.0234430903321608}","[0.017654329090030348, 0.015520512339249498, 0.03961030588112282, 0.9272148526895974]",0.5128418585843757,42,0.8754745735042311,0.9814967913042631
213,1,1,1,0,1,0.851638778817708,"{""1"": 0.008896972298901006, ""16"": 0.0035541735782097144, ""37"": 0.0019555140274823174, ""42"": 0.8379013405278534, ""47"": 0.010757293101849258, ""49"": 0.004800688983694741, ""55"": 0.09780186185412942, ""57"": 0.011393033532755026, ""106"": 0.022939122095125}","[0.851638778817708, 0.10364258535686753, 0.030959587421246843, 0.013759048404177644]",0.6617696745107001,42,0.8379013405278534,0.9586423244771078
214,4,4,1,0,1,0.6548192325397287,"{""1"": 0.011173283245793149, ""16"": 0.007517687818881137, ""42"": 0.8866805284948732, ""47"": 0.017562337607880674, ""48"": 0.012808728704391183, ""54"": 0.005497542250015069, ""55"": 0.0279750991842425, ""57"": 0.004338670476351474, ""106"": 0.026446122217571373}","[0.006873169208416058, 0.05167589574428081, 0.2866317025075743, 0.6548192325397287]",0.5687547518310275,42,0.8866805284948732,0.941101749896687
215,2,3,0,1,2,0.31941137832992117,"{""1"": 0.022446926926425918, ""12"": 0.0004250152807515654, ""42"": 0.8540925398218197, ""47"": 0.033945348396909866, ""48"": 0.00940322826450161, ""55"": 0.038788752128901836, ""57"": 0.009683601218063423, ""104"": 0.0027806551419265217, ""106"": 0.028433932820699614}","[0.1303542808039017, 0.31941137832992117, 0.5276459212427637, 0.022588419623413476]",0.6704936286371099,42,0.8540925398218197,0.9268266403476314
216,2,2,1,0,2,0.6680602338384772,"{""1"": 0.07594447395390377, ""42"": 0.6523179220590454, ""47"": 0.10599459841037266, ""48"": 0.03536436297562997, ""55"": 0.07662050518228543, ""103"": 0.00614962404408099, ""104"": 0.01396351665858827, ""106"": 0.025157510997205167, ""107"": 0.008487485718888285}","[0.04671300072267102, 0.6680602338384772, 0.14345120123380764, 0.1417755642050441]",1.2514370909820078,42,0.6523179220590454,0.8349330256517035
217,4,2,0,1,2,0.16531258371903731,"{""1"": 0.010933202720826306, ""33"": 0.004368965037417455, ""42"": 0.7621534241926069, ""47"": 0.046775698636588606, ""48"": 0.05215278932844161, ""55"": 0.0994060664163994, ""72"": 0.0022668450802968768, ""106"": 0.02194300858742279}","[0.029762052352861532, 0.7019199641458488, 0.10300539978225227, 0.16531258371903731]",0.9044945396719668,42,0.7621534241926069,0.9137122799374479
218,1,1,1,0,2,0.610410899641701,"{""1"": 0.05356898740155071, ""5"": 0.03639535220193187, ""33"": 0.005070469581074504, ""42"": 0.5050368297499744, ""46"": 0.04273912004284193, ""47"": 0.07131698386095299, ""48"": 0.07370129812381877, ""55"": 0.1973334797568968, ""92"": 0.014837479280957988}","[0.610410899641701, 0.06625824896756122, 0.1419280355685261, 0.18140281582221168]",1.547145840408722,42,0.5050368297499744,0.7760716076306899
219,4,4,1,0,2,0.742488270982935,"{""1"": 0.06671553083731625, ""7"": 0.028181048370637826, ""42"": 0.5104008570885982, ""48"": 0.11347440395410205, ""50"": 0.04621973681365629, ""55"": 0.19062030361760282, ""93"": 0.04438811931808648}","[0.044017678193292144, 0.06640609793176169, 0.1470879528920112, 0.742488270982935]",1.4677191061314963,42,0.5104008570885982,0.814495564660303
220,2,2,1,0,2,0.6487666729958518,"{""23"": 0.018189582528112265, ""42"": 0.4994836148411494, ""46"": 0.05457717122603158, ""47"": 0.05405389631482211, ""48"": 0.1281980806233521, ""55"": 0.20327397100896322, ""93"": 0.04222368345756937}","[0.2919814766644933, 0.6487666729958518, 0.0392784935371963, 0.0199733568024587]",1.456877191542644,42,0.4994836148411494,0.8309556664734647
221,2,2,1,0,3,0.49644140352610666,"{""0"": 0.005654186344291247, ""20"": 0.04075722386601313, ""42"": 0.6182652274074725, ""47"": 0.04809286212787775, ""55"": 0.2352686383821899, ""93"": 0.04517652599167616, ""98"": 0.006785335880479254}","[0.3789058789002023, 0.49644140352610666, 0.06489408763428536, 0.059758629939405755]",1.1171584194486883,42,0.6182652274074725,0.9016267279175402
222,1,1,1,0,2,0.47596285533688326,"{""20"": 0.033419535257510874, ""38"": 0.018913218205115233, ""42"": 0.5247904844511672, ""47"": 0.056991640740519524, ""48"": 0.04562555254169036, ""55"": 0.2320873959527819, ""93"": 0.05523400936172784, ""113"": 0.03293816348948718}","[0.47596285533688326, 0.4083104582270117, 0.09431398256672749, 0.021412703869377547]",1.4425052856315093,42,0.5247904844511672,0.8138695211444686
223,1,1,1,0,2,0.7119519543158458,"{""0"": 0.04528133051254277, ""2"": 0.022132596839950492, ""38"": 7.548858237786456e-09, ""42"": 0.8256237261760212, ""47"": 0.0651709621683299, ""55"": 0.0322377016292836, ""103"": 0.009553675125013837}","[0.7119519543158458, 0.1373826225228301, 0.092019916863657, 0.05864550629766718]",0.7158049086549654,42,0.8256237261760212,0.936076018856894
224,4,4,1,0,2,0.4737704228501298,"{""0"": 0.055167355201434606, ""2"": 0.012976390703884311, ""15"": 0.018782365118783347, ""42"": 0.7758211125432813, ""44"": 0.02527983457167747, ""47"": 0.039454705331103616, ""55"": 0.05284286528937904, ""103"": 0.019675371240456287}","[0.26017179435891147, 0.12964860151335636, 0.13640918127760232, 0.4737704228501298]",0.9409922119678017,42,0.7758211125432813,0.883831333034095
225,3,3,1,0,2,0.6951338425569454,"{""0"": 0.068243022161412, ""15"": 0.02666862614163967, ""42"": 0.7586209948587411, ""44"": 0.00905038831938339, ""47"": 0.04531649087647611, ""56"": 0.04176669207833965, ""57"": 0.02906352795164169, ""63"": 0.007401266287634428, ""103"": 0.013868991324731975}","[0.059775710516063105, 0.12466168708366215, 0.6951338425569454, 0.12042875984332933]",1.003346474707339,42,0.7586209948587411,0.8721805078966293
226,4,4,1,0,2,0.6072973808439451,"{""0"": 0.05826097855414811, ""1"": 0.012220643044202352, ""15"": 0.015030305581948232, ""42"": 0.8539595979917262, ""47"": 0.009494604806958412, ""55"": 0.03301612848079089, ""56"": 0.016388875684555652, ""63"": 0.0016288624493055407, ""74"": 3.406364570778551e-09}","[0.02458606013748714, 0.1319119585216095, 0.2362046004969583, 0.6072973808439451]",0.6520223960490263,42,0.8539595979917262,0.9452367050266652
227,1,1,1,0,2,0.8088895450247121,"{""0"": 0.08551216839014855, ""1"": 0.021890823516087253, ""15"": 0.006169177763594971, ""17"": 0.0027122043411555337, ""42"": 0.7887140998857625, ""47"": 0.0135293935557544, ""55"": 0.042427686198522205, ""56"": 0.026464800036635358, ""103"": 0.012579646312339425}","[0.8088895450247121, 0.13957977950695383, 0.040176498294406275, 0.011354177173927758]",0.8720120608504391,42,0.7887140998857625,0.9166539544744332
228,4,4,1,0,2,0.5799344743043475,"{""0"": 0.0879035324483007, ""1"": 0.02491978105656218, ""15"": 0.001909584292354364, ""42"": 0.8066974975138534, ""44"": 0.012775570692669672, ""55"": 0.023617956276336935, ""56"": 0.03260739480684607, ""95"": 0.006099045838197862, ""99"": 0.003469637074878754}","[0.2516287336999588, 0.08932611701999578, 0.07911067497569793, 0.5799344743043475]",0.797531704164379,42,0.8066974975138534,0.9272084247690002
229,2,2,1,0,1,0.4314073776506395,"{""0"": 0.09054042664798025, ""1"": 0.037338112516022044, ""6"": 0.0012291983803455054, ""42"": 0.8180096725995986, ""55"": 0.032729380737279386, ""56"": 0.01195367968602501, ""99"": 0.003775047674654907, ""103"": 0.00321416736031345, ""112"": 0.0012103143977809812}","[0.04875801792299458, 0.4314073776506395, 0.10760791922452624, 0.4122266852018398]",0.7252672612327562,42,0.8180096725995986,0.9458882117636008
230,2,2,1,0,2,0.5744246275006509,"{""0"": 0.04274004477015306, ""6"": 0.003727300344235653, ""42"": 0.924681493808455, ""47"": 0.0016300022694781067, ""55"": 0.020563569874752493, ""56"": 0.004526306969878017, ""61"": 0.0005984193269089052, ""112"": 0.001532862636138926}","[0.05517995053226156, 0.5744246275006509, 0.0763099021595373, 0.29408551980755016]",0.3571386601960651,42,0.924681493808455,0.9879851084533605
231,1,1,1,0,1,0.9389871516665591,"{""0"": 0.02032752184965258, ""6"": 0.007930449488402581, ""42"": 0.9494959031334079, ""46"": 0.0008242741199536877, ""47"": 0.002224552637285571, ""48"": 0.0048874371944803005, ""55"": 0.009383065382733875, ""56"": 0.0028357286998379914, ""112"": 0.002091067494245404}","[0.9389871516665591, 0.0247703409706726, 0.02543463452357546, 0.010807872839192925]",0.2855489039316492,42,0.9494959031334079,0.9792064903657944
232,4,4,1,0,1,0.8378861530649416,"{""0"": 0.017282204627152076, ""6"": 0.009913178117412378, ""32"": 0.0010267498920942739, ""42"": 0.9419174278824456, ""46"": 0.001124549265510738, ""47"": 0.0036510181906158437, ""48"": 0.010825742112409772, ""55"": 0.010531473089395319, ""103"": 0.0037276568229640842}","[0.027519315335571264, 0.037745061291880065, 0.09684947030760702, 0.8378861530649416]",0.3252210697946385,42,0.9419174278824456,0.9700253746220074
233,2,2,1,0,3,0.6644040484581454,"{""0"": 0.01954238222945104, ""6"": 0.002412754045362731, ""32"": 0.00042583296261140645, ""42"": 0.9328918169329413, ""44"": 0.0014483653296010301, ""47"": 0.006413327218086027, ""48"": 0.024171958041193754, ""55"": 0.012693562949552584, ""86"": 2.9120025175807676e-10}","[0.22475392816003528, 0.6644040484581454, 0.02723378790874245, 0.08360823547307701]",0.346815443280752,42,0.9328918169329413,0.9766061572035861
234,2,2,1,0,1,0.6499144968222466,"{""0"": 0.00743443010354997, ""6"": 0.002552484708190349, ""32"": 0.0003997344925266338, ""33"": 0.00022233938006571664, ""42"": 0.9282231412467815, ""47"": 0.002065638540902972, ""48"": 0.03788785559669329, ""55"": 0.020951762073402682, ""57"": 0.0002626138578868476}","[0.07163809571583339, 0.6499144968222466, 0.2559695304919977, 0.022477876969922445]",0.3457528954298749,42,0.9282231412467815,0.9870627589168774
235,3,3,1,0,1,0.47213217471751345,"{""0"": 0.012561961005039696, ""6"": 0.005244907232744928, ""32"": 0.0014092269575132846, ""33"": 0.0008666779450054063, ""38"": 0.0006588954494675701, ""42"": 0.8789960168915691, ""48"": 0.06139589184043995, ""55"": 0.0360894906088612, ""92"": 0.0027769320693587524}","[0.14682815768284774, 0.04717969605048653, 0.47213217471751345, 0.3338599715491523]",0.5236263031060749,42,0.8789960168915691,0.9764813993408703
236,2,2,1,0,2,0.8219507940125923,"{""0"": 0.008200999923593005, ""6"": 0.008619320641825226, ""15"": 0.0011630514144422767, ""32"": 0.0019281367416628683, ""42"": 0.9204316146759379, ""48"": 0.011119971782757804, ""55"": 0.04339637066125119, ""92"": 0.0016189451031267457, ""103"": 0.003521589055403041}","[0.03707921960171324, 0.8219507940125923, 0.11651093602904486, 0.024459050356649668]",0.39307049397322685,42,0.9204316146759379,0.974947957119947
237,4,4,1,0,1,0.946143220083013,"{""0"": 0.01265180713202513, ""6"": 0.01670576054213155, ""42"": 0.8684134835710072, ""48"": 0.02377546392905989, ""55"": 0.05821566698566227, ""92"": 0.00466228696933167, ""94"": 0.008081375306353144, ""97"": 0.0020694050758840433, ""103"": 0.005424750488545104}","[0.008350224011945333, 0.015087081761390926, 0.0304194741436508, 0.946143220083013]",0.6056665766958813,42,0.8684134835710072,0.9504046144857294
238,1,1,1,0,2,0.6995311363174163,"{""0"": 0.00801382141703722, ""6"": 0.005197873701570862, ""12"": 0.0006496711471854244, ""42"": 0.8577426542339502, ""48"": 0.022646342564623213, ""55"": 0.07724772482742165, ""57"": 0.01198115369189923, ""92"": 0.003167169751763938, ""94"": 0.01335358866454835}","[0.6995311363174163, 0.1133259092908985, 0.12274046044142274, 0.06440249395026264]",0.6148673883002216,42,0.8577426542339502,0.957636721625995
239,3,3,1,0,1,0.6131650331463735,"{""0"": 0.014379631436194256, ""6"": 0.008819391658504198, ""42"": 0.7788064417606404, ""44"": 0.009355045639667582, ""48"": 0.03888317508907356, ""55"": 0.10053200162915493, ""57"": 0.022431365814975502, ""92"": 0.00739648177866664, ""94"": 0.019396465193122877}","[0.0933616782964853, 0.25715708817978067, 0.6131650331463735, 0.036316200377360566]",0.896277826164216,42,0.7788064417606404,0.9182216184788689
240,3,3,1,0,1,0.8868245598705642,"{""0"": 0.012563642159015674, ""42"": 0.8036224233758047, ""48"": 0.04606298096543483, ""50"": 0.017311960070998965, ""55"": 0.09593422982177045, ""57"": 0.0016607867157676758, ""77"": 0.008396273228100286, ""83"": 0.0007784027730802288, ""92"": 0.013669300890027297}","[0.03968043982923646, 0.03200446539742495, 0.8868245598705642, 0.04149053490277437]",0.7825679144496268,42,0.8036224233758047,0.94561963416301
241,3,3,1,0,1,0.49371102267681016,"{""17"": 0.0019454054357385185, ""42"": 0.8092054012996464, ""48"": 0.06209613821970576, ""50"": 0.0050067631985058845, ""55"": 0.11155159503551292, ""57"": 0.00024673400204892697, ""77"": 0.0014021838233466111, ""103"": 0.008545778985494846}","[0.3820191259894148, 0.037718304657513274, 0.49371102267681016, 0.08655154667626173]",0.6791667354026517,42,0.8092054012996464,0.982853134554865
242,2,2,1,0,1,0.673928282445801,"{""17"": 0.0014456769604441714, ""42"": 0.7593513646563723, ""48"": 0.08585936166854961, ""50"": 0.003007954905182918, ""55"": 0.1259694625062676, ""57"": 0.00024369585548399757, ""94"": 0.012932040186918233, ""103"": 0.005772930253928396, ""105"": 0.005417513006852891}","[0.10976874356231033, 0.673928282445801, 0.0164181507580381, 0.1998848232338506]",0.8240058537591203,42,0.7593513646563723,0.9711801888311895
243,1,1,1,0,2,0.6660560122711904,"{""42"": 0.7830155211832376, ""44"": 0.0006322432624080225, ""48"": 0.11624833643056803, ""55"": 0.0657154063067231, ""79"": 0.0005635265329511022, ""92"": 0.011821285389428482, ""94"": 0.015953778039603857, ""103"": 0.002980761973572048, ""105"": 0.0030691408815079033}","[0.6660560122711904, 0.08085747568184858, 0.10446549550362447, 0.14862101654333662]",0.7830482993096025,42,0.7830155211832376,0.9649792639205288
244,2,2,1,0,2,0.7715877037458264,"{""26"": 0.0009232339901426048, ""42"": 0.8123807751623858, ""47"": 0.004490663267295143, ""48"": 0.12078840599120752, ""55"": 0.014169673449461491, ""92"": 0.016230595663313193, ""94"": 0.029148662798212547, ""105"": 0.0018679896779817333}","[0.06184716204843696, 0.7715877037458264, 0.07479267364392375, 0.09177246056181296]",0.6968266662505269,42,0.8123807751623858,0.962317843951806
245,4,4,1,0,1,0.8927433846487351,"{""42"": 0.7875340552253232, ""47"": 0.0058614038313628235, ""48"": 0.12149299198012387, ""50"": 0.0002768590017512691, ""55"": 0.019462510575836436, ""72"": 0.000528545186437346, ""92"": 0.01740147528077263, ""94"": 0.04744215891839258}","[0.012428510567474758, 0.008532209037795075, 0.08629589574599497, 0.8927433846487351]",0.7723565116085037,42,0.7875340552253232,0.9564692061238396
246,1,1,1,0,3,0.8205628230853802,"{""42"": 0.8061202041383245, ""47"": 0.0138223979064665, ""48"": 0.05756885394720942, ""50"": 0.0002133995376938712, ""55"": 0.0368639281956189, ""92"": 0.007455172656480594, ""94"": 0.07336005853675233, ""103"": 0.004595985081453772}","[0.8205628230853802, 0.06606135211658289, 0.07972370835726501, 0.0336521164407718]",0.7736410533038889,42,0.8061202041383245,0.9370491166222863
247,4,4,1,0,1,0.8871258006516038,"{""42"": 0.7890025853513251, ""47"": 0.023496261182503076, ""48"": 0.07041671258632835, ""49"": 0.0005207164097616392, ""55"": 0.00461065291228481, ""92"": 0.007402223609546939, ""94"": 0.10355815569023735, ""103"": 0.0009926922580127259}","[0.0269562797457873, 0.014978243019656598, 0.07093967658295222, 0.8871258006516038]",0.7687028486581711,42,0.7890025853513251,0.9629774536278907
248,3,3,1,0,3,0.9066442124239532,"{""1"": 0.0013816064049741149, ""42"": 0.7263102113749651, ""47"": 0.03874697959860621, ""48"": 0.09599566580456002, ""55"": 0.01074594867483077, ""80"": 0.0027629668901431982, ""92"": 0.013395669221254625, ""94"": 0.11066095203066614}","[0.03887927747242275, 0.024023764082947312, 0.9066442124239532, 0.030452746020676748]",0.958632506054379,42,0.7263102113749651,0.9329668292101913
249,1,1,1,0,3,0.9179673606696265,"{""1"": 0.0003917369757442775, ""42"": 0.7069759357985377, ""47"": 0.0010528195253103683, ""48"": 0.10605621096828356, ""55"": 0.01926479936979344, ""78"": 0.0004471949441302868, ""92"": 0.022138305250642375, ""94"": 0.14169857898932742, ""105"": 0.0019744181782304976}","[0.9179673606696265, 0.06013630485168137, 0.009328545245505502, 0.012567789233186745]",0.9464829195590063,42,0.7069759357985377,0.9547307257561487
250,3,3,1,0,1,0.5628490242329152,"{""42"": 0.669563287890596, ""47"": 0.0013725677018406753, ""48"": 0.12736546444374358, ""50"": 0.004007244927977647, ""55"": 0.002476615682696518, ""68"": 6.690106687068228e-10, ""71"": 6.406733068592837e-10, ""92"": 0.02955373860536373, ""94"": 0.16566107943809777}","[0.12585963646321105, 0.01157830935173018, 0.5628490242329152, 0.2997130299521436]",0.9789722986218048,42,0.669563287890596,0.9625898317724375
251,2,2,1,0,1,0.49608920895988123,"{""42"": 0.694777044579505, ""48"": 0.1214813950758691, ""50"": 0.0006090802633769758, ""52"": 0.0018358543719962455, ""55"": 0.004818645871326213, ""92"": 0.030218673045555457, ""94"": 0.14286074510562105, ""103"": 0.0015852766133616475, ""112"": 0.0018132850733885522}","[0.34618349717783703, 0.49608920895988123, 0.14209390831436, 0.015633385547921902]",0.9562809644161678,42,0.694777044579505,0.9591191847609951
252,1,4,0,1,2,0.27747132093639104,"{""22"": 0.0019777204041239596, ""33"": 0.0010261763807639353, ""42"": 0.7189380574100681, ""48"": 0.143451372174216, ""55"": 0.0057068592806834625, ""69"": 0.0032040739827467724, ""92"": 0.0193409545289891, ""94"": 0.10436693723978015, ""103"": 0.0019878485986284224}","[0.27747132093639104, 0.20592808180538938, 0.08547885984258063, 0.43112173741563903]",0.9075713769522396,42,0.7189380574100681,0.9667563668240643
253,1,1,1,0,1,0.48705683056965093,"{""6"": 0.0036876477780953747, ""27"": 0.006274159754559468, ""42"": 0.518697847655295, ""48"": 0.34728087323413714, ""55"": 0.01886662483286487, ""67"": 0.00971571141050943, ""69"": 0.012632820785732973, ""92"": 0.06866659820788203, ""94"": 0.014177716340923652}","[0.48705683056965093, 0.04961097502359488, 0.19099789007127715, 0.27233430433547706]",1.1796800915094543,42,0.518697847655295,0.9346453190973142
254,2,2,1,0,2,0.7175913667114311,"{""42"": 0.6444623299930284, ""48"": 0.25278800234339355, ""55"": 0.005504340967129374, ""69"": 0.007380030341003937, ""82"": 0.028221072922531974, ""94"": 0.04177979880891408, ""100"": 0.01301859566316336, ""106"": 0.006845828960835283}","[0.06586183785714134, 0.7175913667114311, 0.18994137464077018, 0.02660542079065731]",1.0196237817459737,42,0.6444623299930284,0.9390301311453362
255,2,4,0,1,4,0.4329745122042625,"{""42"": 0.6190951059655548, ""48"": 0.23505000156637584, ""58"": 0.013288978130206507, ""82"": 0.04771724038159464, ""86"": 0.013463602534068643, ""94"": 0.017863649463794616, ""100"": 0.022888992505263637, ""104"": 0.017097955701156704, ""106"": 0.013534473751984634}","[0.04079811937503991, 0.4329745122042625, 0.02911728584319491, 0.49711008257750267]",1.18394673657476,42,0.6190951059655548,0.9018623479135253
256,3,3,1,0,2,0.6786975009233078,"{""0"": 0.005205998948600138, ""15"": 0.0023420173314565662, ""42"": 0.5897940469282985, ""48"": 0.32314118363473787, ""55"": 0.021906081643918694, ""58"": 0.004695849313029177, ""82"": 0.00322590553364765, ""94"": 0.04968891666631133}","[0.023460082106769573, 0.23134712220861908, 0.6786975009233078, 0.06649529476130354]",0.9945480979308698,42,0.5897940469282985,0.9626241472293477
257,1,1,1,0,4,0.9100325891133141,"{""0"": 0.004311999811642824, ""42"": 0.6468876887558614, ""48"": 0.21078919962677076, ""55"": 0.027080959689038595, ""65"": 0.0024002372286862665, ""69"": 0.00433191088308789, ""82"": 0.000390158790543058, ""94"": 0.07930604271054349, ""96"": 0.02450180250382567}","[0.9100325891133141, 0.03073329401266966, 0.040046350631854695, 0.019187766242161612]",1.0641558937822106,42,0.6468876887558614,0.9369829310931758
258,1,1,1,0,4,0.8392269802015188,"{""0"": 0.0047459607985172484, ""23"": 0.007886670241458433, ""42"": 0.6180181304831691, ""48"": 0.22401697421986042, ""50"": 0.010263849552897905, ""55"": 0.023098193088655423, ""94"": 0.07897172413283637, ""96"": 0.02358395756534219, ""98"": 0.009414539917262788}","[0.8392269802015188, 0.11613198133583846, 0.020767784441522212, 0.023873254021120654]",1.162948641652685,42,0.6180181304831691,0.9210068288358659
259,1,1,1,0,1,0.7554810579191149,"{""0"": 0.007969671599643739, ""23"": 0.007530126612535294, ""42"": 0.693003360259025, ""44"": 0.009638199204337018, ""48"": 0.2670049663975442, ""55"": 0.005011158617713344, ""56"": 0.008174995206986656, ""93"": 0.0016675221022149289}","[0.7554810579191149, 0.12088915383136578, 0.033354948402221876, 0.0902748398472974]",0.8032802789397835,42,0.693003360259025,0.9696465258609062
260,4,4,1,0,1,0.8241189239998332,"{""0"": 0.008378925176972694, ""16"": 0.005779486634281649, ""23"": 0.0013001658930322831, ""42"": 0.7063213704237573, ""44"": 0.013440987195926318, ""48"": 0.2555842179748287, ""56"": 0.004564016361132113, ""104"": 0.00379581763775444, ""109"": 0.0008350127023143889}","[0.08406237109091667, 0.030675871947954906, 0.06114283296129525, 0.8241189239998332]",0.7823358275297684,42,0.7063213704237573,0.9753465755945124
261,2,2,1,0,2,0.9116721588357715,"{""0"": 0.0069802145610793394, ""23"": 0.0006448109705834301, ""42"": 0.7018958871410277, ""44"": 0.0031630683438074797, ""48"": 0.2757821144552683, ""57"": 0.0029904009146393246, ""96"": 0.0005054473131591614, ""104"": 0.008038056300435255}","[0.05778715283258171, 0.9116721588357715, 0.020739540900541736, 0.009801147431105082]",0.7212860191975344,42,0.7018958871410277,0.9857160578967313
262,2,2,1,0,2,0.9056850183872663,"{""0"": 0.0009568798097281628, ""23"": 0.0010264545455087573, ""42"": 0.688725346933957, ""43"": 0.0022873658563680173, ""44"": 0.00031899536132147207, ""48"": 0.29209028336080917, ""92"": 0.003084118026961355, ""104"": 0.011510556105346178}","[0.0379215399747027, 0.9056850183872663, 0.03482411323921303, 0.02156932839881778]",0.7157190559125495,42,0.688725346933957,0.9923261864001123
263,4,4,1,0,5,0.6315890510697919,"{""23"": 0.0018325990845545785, ""30"": 0.0006598789438264765, ""42"": 0.6746201852142814, ""44"": 7.566240154155731e-05, ""48"": 0.29939215358301796, ""92"": 0.005921217297240075, ""104"": 0.013955031244474413, ""106"": 0.0035432722310635182}","[0.010384283090651095, 0.08194876536205013, 0.27607790047750697, 0.6315890510697919]",0.7536805940708529,42,0.6746201852142814,0.9879673700417737
264,4,4,1,0,5,0.8110862511422703,"{""23"": 0.0009397624167133428, ""42"": 0.960798304294853, ""48"": 0.019536075840090074, ""57"": 0.0029998477906619755, ""71"": 0.0038999125999342223, ""92"": 0.0014163540559384972, ""104"": 0.004306081654270978, ""106"": 0.0061036613475378984}","[0.01157938744283405, 0.11622062583309167, 0.061113735581804045, 0.8110862511422703]",0.22478684296657214,42,0.960798304294853,0.986438041482481
265,3,3,1,0,5,0.39744997781422853,"{""42"": 0.9739332428323615, ""48"": 0.002199367533016551, ""57"": 0.005770723485665115, ""71"": 0.00879056957561465, ""92"": 0.0003977089319747741, ""94"": 0.0013906619120496316, ""104"": 0.0015170355661044638, ""106"": 0.005910222049379155, ""114"": 9.046811383428846e-05}","[0.2716100368667985, 0.03817114478303347, 0.39744997781422853, 0.2927688405359396]",0.16382317395575155,42,0.9739332428323615,0.9886340344573553
266,3,3,1,0,1,0.7812895588215941,"{""21"": 0.0010224977535249506, ""42"": 0.9729737164600907, ""48"": 0.012102597515119712, ""55"": 0.0010333120760837174, ""57"": 0.002409387869200434, ""71"": 4.075233222830971e-09, ""92"": 0.002151130230678014, ""94"": 0.0046749592352312175, ""106"": 0.00363239478483817}","[0.036350697947955785, 0.056253594913142704, 0.7812895588215941, 0.1261061483173075]",0.16745355517179733,42,0.9729737164600907,0.9897512732104415
267,3,4,0,1,1,0.4470035165292805,"{""1"": 2.5445059743534143e-05, ""42"": 0.9534968577271697, ""48"": 0.025012485205613104, ""55"": 0.0020614897582673214, ""57"": 0.00031031116989827044, ""92"": 0.00519368470979125, ""94"": 0.009746788280674377, ""103"": 0.0009827848864447843, ""106"": 0.0031701532023975243}","[0.07309972236173069, 0.019331954065665746, 0.4470035165292805, 0.4605648070433231]",0.2506879313939231,42,0.9534968577271697,0.9882561312134571
268,4,4,1,0,2,0.6833693303267279,"{""29"": 0.00023570385938572982, ""42"": 0.8586483302318377, ""48"": 0.09199523976501198, ""55"": 0.004831066027953041, ""57"": 0.0002676894260916271, ""92"": 0.018812324806915855, ""94"": 0.019692974938936885, ""103"": 0.0016240529379783883, ""106"": 0.0038926180058885362}","[0.010604923089732134, 0.015974254048281004, 0.290051492535259, 0.6833693303267279]",0.564409932531831,42,0.8586483302318377,0.9703365449357866
269,1,1,1,0,3,0.4822350908980453,"{""42"": 0.9402291757428134, ""48"": 0.004269626541420127, ""55"": 0.008605253972523642, ""57"": 0.0009335857660664177, ""69"": 0.0043789747447983965, ""92"": 0.005919834099399998, ""94"": 0.030387483804730775, ""103"": 0.0036196051479758717, ""109"": 0.0016564601802712415}","[0.4822350908980453, 0.29167766210727375, 0.01601608736835557, 0.21007115962632547]",0.3199448990045444,42,0.9402291757428134,0.9792219135200678
270,4,4,1,0,1,0.7491122663825451,"{""42"": 0.9279089633546446, ""48"": 0.008957953569834575, ""50"": 0.0010544343164441282, ""55"": 0.022186859309314237, ""57"": 0.0004197492227348542, ""66"": 4.707563263975776e-10, ""92"": 0.011140218753407923, ""94"": 0.017033589207915364, ""103"": 0.011298231794948108}","[0.031247991461696392, 0.16571945644576608, 0.053920285709992445, 0.7491122663825451]",0.376772741279823,42,0.9279089633546446,0.9671294118718741
271,4,4,1,0,3,0.8870792096977702,"{""42"": 0.9136559810530442, ""44"": 0.001964095958714746, ""47"": 0.0014278839410175343, ""48"": 0.002113243640386527, ""55"": 0.026215957572017713, ""57"": 0.0010477127717813644, ""92"": 0.002807084032207999, ""94"": 0.029333293528743122, ""103"": 0.02143474750208677}","[0.003956532207063826, 0.014191093961918179, 0.09477316413324781, 0.8870792096977702]",0.4221479510038341,42,0.9136559810530442,0.969205232153805
272,4,4,1,0,1,0.831011324182946,"{""42"": 0.8797286137446721, ""44"": 0.00306263127676893, ""46"": 0.0008295105448163462, ""48"": 0.0016225699573889792, ""55"": 0.036614062729874185, ""57"": 0.0030261091252850826, ""92"": 0.0018896702025709468, ""94"": 0.03979642915115469, ""103"": 0.0334304032674687}","[0.07616374483184016, 0.013394328499305237, 0.07943060248590864, 0.831011324182946]",0.5391732822795751,42,0.8797286137446721,0.956139105625701
273,4,4,1,0,3,0.5507077734905659,"{""42"": 0.8657720473535225, ""44"": 0.0003298756642689891, ""48"": 0.001554695990592967, ""55"": 0.04935646237756905, ""57"": 0.00695274506847908, ""87"": 1.7645494147434434e-10, ""92"": 0.0013099915184346476, ""94"": 0.04917337428174078, ""103"": 0.02555080756893703}","[0.2682448962261004, 0.04461259096388905, 0.13643473931944475, 0.5507077734905659]",0.5710508981559671,42,0.8657720473535225,0.9643018840128323
274,2,2,1,0,4,0.8610129242654476,"{""15"": 0.0003949913737050435, ""42"": 0.8607508930640256, ""48"": 0.0007992483692034253, ""55"": 0.04118229910734149, ""57"": 0.008833467678469271, ""92"": 0.000808208849314876, ""94"": 0.07890506670676703, ""103"": 0.007726050796608279, ""106"": 0.0005997740545649958}","[0.04162362587439007, 0.8610129242654476, 0.02075088610385493, 0.07661256375630754]",0.5591595394010722,42,0.8607508930640256,0.9808382588781341
275,4,4,1,0,3,0.6553579502492987,"{""32"": 0.0002872839327911067, ""42"": 0.872325302900158, ""48"": 0.0015154629887828596, ""50"": 0.00012244710255391455, ""55"": 0.02524852654145695, ""57"": 0.001210255384780932, ""92"": 0.0015629696079116067, ""94"": 0.09501850573453555, ""103"": 0.002709245807029226}","[0.20740327663455663, 0.039234426360127195, 0.09800434675601752, 0.6553579502492987]",0.4832125465510085,42,0.872325302900158,0.9925923351761504
276,3,3,1,0,2,0.5452752219386026,"{""10"": 0.001070476027236715, ""42"": 0.8874227491451105, ""48"": 0.004169668768706906, ""55"": 0.04696244635441936, ""57"": 0.004116109048762045, ""92"": 0.0035861813176257676, ""94"": 0.042496804593839164, ""103"": 0.0074691573326138684, ""106"": 0.0027064074116855174}","[0.04647221634054064, 0.2619147530006807, 0.5452752219386026, 0.14633780872017618]",0.5093871137680163,42,0.8874227491451105,0.9768820000933691
277,3,3,1,0,2,0.5032357355827063,"{""42"": 0.8679138274054262, ""55"": 0.04625574542192888, ""57"": 0.0010321776966340439, ""71"": 6.926630249471361e-10, ""76"": 4.580676037804198e-10, ""92"": 0.006102315344420278, ""94"": 0.0635112779275721, ""103"": 0.013234312191831512, ""106"": 0.001950342861456418}","[0.0753761588747064, 0.3281660730228913, 0.5032357355827063, 0.09322203251969602]",0.547813525942306,42,0.8679138274054262,0.9776808507549272
278,2,2,1,0,1,0.7790185224119937,"{""42"": 0.8398300441547277, ""55"": 0.05171543794208515, ""57"": 0.0005979585074660477, ""71"": 1.889155969490897e-08, ""92"": 0.007141505750886566, ""94"": 0.07202931302979058, ""103"": 0.023490805268908975, ""106"": 0.0030795788878224067, ""115"": 0.002115337566752925}","[0.07560561120143436, 0.7790185224119937, 0.13262451705722983, 0.012751349329342075]",0.6479488726823815,42,0.8398300441547277,0.9635747951266034
279,2,2,1,0,2,0.8442343152952442,"{""42"": 0.798199367526374, ""48"": 0.005835249519971582, ""55"": 0.06333004620439509, ""57"": 0.0019462511245505112, ""86"": 0.0015816640285270067, ""92"": 0.012871089555588217, ""94"": 0.09147153106572721, ""103"": 0.019919026998149292, ""106"": 0.004845773976716913}","[0.08319114233051883, 0.8442343152952442, 0.040860258406965236, 0.03171428396727181]",0.7856593230062326,42,0.798199367526374,0.9530009447964963
280,3,3,1,0,5,0.8529573605165913,"{""42"": 0.8743559919364914, ""48"": 0.011525744961028005, ""55"": 0.010285818858959435, ""69"": 0.0048221783888027035, ""86"": 0.0014283458270890254, ""94"": 0.08405350502927678, ""103"": 0.004280059462361078, ""106"": 0.009248355535991326}","[0.0110296638608747, 0.06582744548343826, 0.8529573605165913, 0.07018553013909581]",0.5257959840724977,42,0.8743559919364914,0.9699352419267961
281,3,3,1,0,2,0.6730988656266622,"{""42"": 0.8866839309277124, ""48"": 0.002933431018183648, ""55"": 0.0161955209093658, ""69"": 0.00523239455198221, ""71"": 0.0053864601123977994, ""94"": 0.062438530879103796, ""101"": 0.0002437560733604205, ""103"": 0.006929174607498871, ""106"": 0.013956800920395227}","[0.007104467071824721, 0.03567893849789524, 0.6730988656266622, 0.28411772880361785]",0.5154210334053309,42,0.8866839309277124,0.965317982716182
282,1,1,1,0,3,0.9240462827212041,"{""4"": 0.00021534904828356027, ""14"": 0.0003626505821632128, ""42"": 0.8722823985264204, ""48"": 0.006165120371984812, ""55"": 0.021483118703605406, ""71"": 0.004958123384468763, ""94"": 0.07278190368086035, ""103"": 0.009761397924844178, ""106"": 0.0119899377773693}","[0.9240462827212041, 0.035005935599504476, 0.009607414760802015, 0.03134036691848934]",0.5530099888031587,42,0.8722823985264204,0.9665474209108862
283,3,3,1,0,1,0.9186769749625032,"{""42"": 0.8508383082039982, ""48"": 0.011634236359979578, ""50"": 0.002371071587226644, ""55"": 0.009290438827148305, ""71"": 0.0024388003431647324, ""94"": 0.10073113437086147, ""103"": 0.005899900998886371, ""106"": 0.016055086076087296, ""115"": 0.0007410232326475709}","[0.019657372142151318, 0.011663654221612018, 0.9186769749625032, 0.050001998673733346]",0.5948947153945869,42,0.8508383082039982,0.967624528650947
284,3,1,0,1,1,0.32500723184254265,"{""8"": 0.0006679341354563477, ""42"": 0.8129864856924076, ""48"": 0.019572512393193103, ""55"": 0.01434670951609848, ""71"": 6.611669417246114e-10, ""92"": 0.0030331044164138335, ""94"": 0.12800349421739043, ""103"": 0.0067345206658451316, ""106"": 0.014655238302027983}","[0.3453667660575199, 0.02679057655568447, 0.32500723184254265, 0.302835425544253]",0.6873740858210556,42,0.8129864856924076,0.9605624923029912
285,1,1,1,0,3,0.7263780270529155,"{""42"": 0.8147954027629942, ""48"": 0.037370159195034315, ""55"": 0.035689210284067456, ""57"": 0.0028602024682716225, ""92"": 0.007479622463288371, ""94"": 0.050978497127592934, ""98"": 0.003203460710378935, ""103"": 0.017067762226308958, ""106"": 0.030555682762063156}","[0.7263780270529155, 0.21535786276009672, 0.028117081177920465, 0.030147029009067263]",0.8082229157945359,42,0.8147954027629942,0.9031440590856215
286,3,2,0,1,1,0.17982884555558634,"{""13"": 0.0003031251123990125, ""15"": 0.0006577932344106066, ""42"": 0.8528160455590762, ""44"": 0.005083268223639263, ""48"": 0.040718290520548116, ""55"": 0.003952458211663029, ""94"": 0.07036440705128359, ""98"": 0.007770086015145827, ""106"": 0.01833452607183444}","[0.01776297444089319, 0.7292366089408844, 0.17982884555558634, 0.07317157106263614]",0.6199291057163352,42,0.8528160455590762,0.9638987431309078
287,1,1,1,0,1,0.7413158248222645,"{""42"": 0.3890045342522971, ""43"": 0.0029601604398246262, ""44"": 0.09267379670067218, ""48"": 0.10890706437933516, ""55"": 0.03765156468219713, ""92"": 0.009993969764060188, ""94"": 0.16093097562894063, ""98"": 0.1060484932592602, ""106"": 0.09182944089341276}","[0.7413158248222645, 0.10759906969475429, 0.01570656334131748, 0.13537854214166375]",1.7671548645093542,42,0.3890045342522971,0.6588425742605729
288,2,2,1,0,3,0.8080210653892727,"{""42"": 0.6673090661875384, ""44"": 0.12606084746847873, ""48"": 0.13488310626399463, ""61"": 0.014539638652556936, ""75"": 0.027079199087197397, ""92"": 0.022959809933718593, ""111"": 0.007168332406515231}","[0.020501670528807185, 0.8080210653892727, 0.06764631773673341, 0.10383094634518686]",1.0825086209305603,42,0.6673090661875384,0.9282530199200119
289,2,2,1,0,1,0.8905443328466345,"{""14"": 0.009835815237101832, ""42"": 0.7532328547390319, ""44"": 0.002994719569655431, ""47"": 0.01021304943130115, ""48"": 0.16262636181180834, ""61"": 0.0032004561998381273, ""69"": 0.0205149871042542, ""75"": 0.0016576705419493439, ""92"": 0.03572408536505979}","[0.017933254960020163, 0.8905443328466345, 0.0491911646385391, 0.04233124755480627]",0.8462695925708864,42,0.7532328547390319,0.9515833019159
290,2,2,1,0,2,0.7173116805888431,"{""3"": 0.006029698466454275, ""14"": 0.01448505461172085, ""42"": 0.7012653497517705, ""44"": 0.004330391471467618, ""47"": 0.016748582385618303, ""48"": 0.17354988821041645, ""69"": 0.018754957588920308, ""92"": 0.04999923950658427, ""104"": 0.014836838007047541}","[0.10501593671209845, 0.7173116805888431, 0.1413758559909165, 0.036296526708142006]",1.0238423610003036,42,0.7012653497517705,0.9248144774687712
291,2,4,0,1,1,0.2632665248421233,"{""3"": 0.009438897196752364, ""14"": 0.020424115513503694, ""39"": 0.010683128800616384, ""42"": 0.6540960262591206, ""48"": 0.1830823820005075, ""50"": 0.017346641991315078, ""62"": 0.017640239280650304, ""69"": 0.02166414819508995, ""92"": 0.06562442076244424}","[0.13767048295320758, 0.2632665248421233, 0.13356503744504997, 0.4654979547596192]",1.1638013429271967,42,0.6540960262591206,0.9028028290220723
292,4,4,1,0,2,0.5404280375968534,"{""42"": 0.33370769863007343, ""48"": 0.3333285143861328, ""55"": 0.01599565109885502, ""62"": 0.004956645747884294, ""69"": 0.03681063178529624, ""92"": 0.23747166027765582, ""94"": 0.01693604239980771, ""112"": 0.02079315567429465}","[0.3402758956101459, 0.03692792570135526, 0.08236814109164546, 0.5404280375968534]",1.4374657926379582,42,0.33370769863007343,0.9045078732938621
293,1,1,1,0,2,0.7179614955127486,"{""1"": 0.08666325033310938, ""42"": 0.3766746896652101, ""48"": 0.2822442768182481, ""62"": 0.01172519874306249, ""69"": 0.05644058077540542, ""92"": 0.11498105818596226, ""114"": 0.0712709454790023}","[0.7179614955127486, 0.04451366925967756, 0.07559914131830132, 0.16192569390927253]",1.5880844997757733,42,0.3766746896652101,0.7739000246694205
294,3,3,1,0,3,0.4473227914014173,"{""1"": 0.07356599804009309, ""42"": 0.5236967207967586, ""48"": 0.2433672204807701, ""57"": 0.015133061766324816, ""72"": 0.04809028134228428, ""104"": 0.06027692251115454, ""107"": 0.023137939884478348, ""114"": 0.012731855178136221}","[0.025598348970163172, 0.22522986445183743, 0.4473227914014173, 0.3018489951765821]",1.3960143608124334,42,0.5236967207967586,0.8406299393176218
295,3,3,1,0,2,0.567015036387871,"{""1"": 0.09326065518114147, ""6"": 0.020287986349619598, ""42"": 0.4356708400798172, ""48"": 0.29789370312657426, ""55"": 0.029495393875817448, ""104"": 0.07429700739676243, ""108"": 0.049094413990267774}","[0.23165311500731914, 0.15936291962070898, 0.567015036387871, 0.04196892898410096]",1.468111952482482,42,0.4356708400798172,0.826825198387533
296,3,2,0,1,2,0.2976231805810957,"{""1"": 0.01579114409811573, ""42"": 0.6083281014223109, ""48"": 0.3073553060407579, ""52"": 0.0038352730640949877, ""55"": 0.026919317592459156, ""86"": 0.0032667804192605125, ""108"": 0.034504077363000846}","[0.09599527713332194, 0.4060824453632386, 0.2976231805810957, 0.20029909692234366]",0.9839846681040663,42,0.6083281014223109,0.9501874848260696
297,1,1,1,0,1,0.9133031116528664,"{""1"": 0.012932198416376807, ""6"": 0.011582964452309158, ""42"": 0.7257690394025181, ""48"": 0.1376007978128248, ""50"": 0.01404361873930676, ""55"": 0.04059929081132506, ""86"": 0.008331480939360491, ""94"": 0.019178555252537886, ""108"": 0.029962054173440996}","[0.9133031116528664, 0.05003414846102047, 0.024433736924894953, 0.012229002961218118]",1.0242185032844509,42,0.7257690394025181,0.903969128026668
298,3,3,1,0,2,0.853155905631732,"{""0"": 0.007589519112860482, ""6"": 0.01037151067805077, ""25"": 0.0054700499912760095, ""42"": 0.7553312771805057, ""48"": 0.14149697077189413, ""50"": 0.017271363445354307, ""55"": 0.014663679421956474, ""80"": 0.016006443535320797, ""108"": 0.031799185862781354}","[0.030447526272833463, 0.07346245203925111, 0.853155905631732, 0.0429341160561834]",0.9094098094851812,42,0.7553312771805057,0.9286274338151812
299,4,4,1,0,5,0.6948819773347449,"{""0"": 0.0016206918941905856, ""37"": 0.0011782093585586116, ""42"": 0.8316661324369635, ""47"": 0.0006918980406514702, ""48"": 0.13113003574758555, ""50"": 0.006250147333288978, ""55"": 0.02072058118786037, ""80"": 0.0009713475485272066, ""108"": 0.005770956452373705}","[0.010698516429072422, 0.15794526311402432, 0.13647424312215842, 0.6948819773347449]",0.591621431781111,42,0.8316661324369635,0.9835167493724094
300,3,3,1,0,4,0.7995448572298157,"{""0"": 0.003028229352514622, ""1"": 0.0010196498326911507, ""42"": 0.9099651519170957, ""48"": 0.03811358846257103, ""50"": 0.004807064211744489, ""55"": 0.027843388669545013, ""80"": 0.0016581130383218454, ""94"": 0.008988736963204924, ""108"": 0.004576077552311152}","[0.013439175297699581, 0.019499592038969674, 0.7995448572298157, 0.1675163754335151]",0.43795451874548547,42,0.9099651519170957,0.9759221290492118
301,2,2,1,0,4,0.836288928312812,"{""0"": 0.0007550950750189971, ""42"": 0.9349778473705137, ""48"": 0.009023625633021306, ""50"": 0.0019291547040779036, ""55"": 0.03568548046498987, ""94"": 0.010300122556699829, ""104"": 0.0009369243882929097, ""106"": 0.004787422015140736, ""108"": 0.0016043277922447303}","[0.09281068920494964, 0.836288928312812, 0.06316994873135755, 0.007730433750880987]",0.3313295369579916,42,0.9349778473705137,0.9809634503922035
302,2,2,1,0,4,0.8148456202017975,"{""12"": 8.469724098104513e-05, ""42"": 0.9225201493907984, ""48"": 0.0120856771996231, ""50"": 0.0008932809917514267, ""55"": 0.038491936885348584, ""92"": 0.001232164221932901, ""94"": 0.016872954599761594, ""104"": 0.0020327693297556375, ""106"": 0.005786370140047361}","[0.03388604156063689, 0.8148456202017975, 0.09608494063557049, 0.055183397601995116]",0.37975335765568013,42,0.9225201493907984,0.9778850408759086
303,1,1,1,0,4,0.43999572274380166,"{""28"": 0.00019332163299621237, ""42"": 0.9230296598849381, ""48"": 0.01571324781429208, ""55"": 0.018797095264976083, ""92"": 0.0024736105016639758, ""94"": 0.025546852325596146, ""103"": 0.0003560828871090047, ""104"": 0.003781024263275643, ""106"": 0.010109105425152703}","[0.43999572274380166, 0.18748278623637846, 0.32734013975379406, 0.045181351266025876]",0.3944386831442896,42,0.9230296598849381,0.9673736074755104
304,3,3,1,0,1,0.39866203847348897,"{""42"": 0.9076869415022669, ""48"": 0.021384074892257573, ""55"": 0.004901607479912311, ""57"": 0.0003166185199119301, ""79"": 3.3442151354605036e-10, ""94"": 0.05135395001382196, ""103"": 0.0003748278460141152, ""104"": 0.00876419923070892, ""106"": 0.00521778018068471}","[0.2559037180797274, 0.027962195558442034, 0.39866203847348897, 0.3174720478883416]",0.4231250470081926,42,0.9076869415022669,0.9804249664083464
305,4,4,1,0,2,0.946987224352069,"{""23"": 0.0018977943022832015, ""42"": 0.8879196023596808, ""48"": 0.04031433792644609, ""50"": 0.0021819111756419484, ""55"": 0.013745812151160795, ""94"": 0.02093366385021266, ""103"": 0.0015938825518450272, ""104"": 0.017365949229384583, ""106"": 0.014047046453344767}","[0.006274843826224032, 0.006395356246325556, 0.04034257557538146, 0.946987224352069]",0.5407027394779305,42,0.8879196023596808,0.9491676041363396
306,4,4,1,0,2,0.806848281622388,"{""42"": 0.870919098015935, ""46"": 0.0017752384607907987, ""48"": 0.0248658010748435, ""50"": 0.0011368305283438707, ""55"": 0.024630991985478037, ""57"": 0.004803937387413744, ""94"": 0.033525098009923524, ""104"": 0.013486067240484914, ""106"": 0.024856937296786438}","[0.015172136958945981, 0.1256317977783773, 0.05234778364028873, 0.806848281622388]",0.6117927600240375,42,0.870919098015935,0.9293099971007021
307,3,3,1,0,2,0.5984711720334113,"{""42"": 0.8579390628280578, ""47"": 0.0032488396791421855, ""48"": 0.017343486161674724, ""55"": 0.03337728664276338, ""57"": 0.008204284404165376, ""90"": 0.000930455730097332, ""94"": 0.030753085410811065, ""104"": 0.012495037838015118, ""106"": 0.035708461305272936}","[0.08110597112731177, 0.17281330880613546, 0.5984711720334113, 0.14760954803314139]",0.6605956903384831,42,0.8579390628280578,0.9270248107760941
308,4,4,1,0,1,0.7609979912579502,"{""42"": 0.8660118306444041, ""47"": 0.0010606340417676264, ""48"": 0.022317322584491952, ""55"": 0.03322456879166678, ""57"": 0.0014327719587850997, ""94"": 0.04561182700701178, ""95"": 0.0010638218452694475, ""104"": 0.011716758088916158, ""106"": 0.017560465037687014}","[0.1664116475636861, 0.048775236985276554, 0.023815124193087206, 0.7609979912579502]",0.61039480029186,42,0.8660118306444041,0.9448482264430828
309,4,4,1,0,2,0.9387377107545877,"{""22"": 0.0021977564534281786, ""42"": 0.8204132956056384, ""47"": 0.0032407685809170816, ""48"": 0.028820663912491773, ""55"": 0.05252729095556227, ""57"": 0.004333545203863538, ""94"": 0.035448109678302336, ""104"": 0.021133233310166394, ""106"": 0.03188533629963012}","[0.00895994430051763, 0.004103709751708516, 0.04819863519318627, 0.9387377107545877]",0.78474932597085,42,0.8204132956056384,0.908388696239503
310,1,2,0,1,4,0.39554088119295533,"{""1"": 0.001399146679975737, ""11"": 0.00024102267050432827, ""42"": 0.8034619784374593, ""48"": 0.01647268174704744, ""55"": 0.07298039473686883, ""57"": 0.009697038953623578, ""94"": 0.04867000067201538, ""106"": 0.047077736102505374}","[0.39554088119295533, 0.5370456908956517, 0.020508937405819917, 0.0469044905055731]",0.7816261129301534,42,0.8034619784374593,0.9251123738463434
311,3,3,1,0,2,0.7585560939122142,"{""1"": 0.0035811100207998057, ""42"": 0.817130142230093, ""48"": 0.029709626077489094, ""55"": 0.014928228168756351, ""57"": 0.0006874070138746692, ""94"": 0.07892552617427198, ""100"": 0.00613388250861783, ""106"": 0.04890407780609733}","[0.08466604078828938, 0.07868536246610072, 0.7585560939122142, 0.0780925028333958]",0.7366781106046182,42,0.817130142230093,0.9449597462104622
312,3,3,1,0,2,0.6554932994139803,"{""29"": 0.0009234720706059763, ""42"": 0.8644820497871359, ""55"": 0.018485129532344255, ""57"": 2.37456865219074e-05, ""94"": 0.03317101852653406, ""100"": 0.0005458901751594149, ""103"": 0.0032499894032981713, ""106"": 0.07911870481840005}","[0.08339902438368506, 0.13804148437185434, 0.6554932994139803, 0.12306619183048036]",0.54277845690752,42,0.8644820497871359,0.9767717731320701
313,3,3,1,0,4,0.8345135279169958,"{""29"": 0.0007391959527895691, ""37"": 0.00011745989906274831, ""42"": 0.8508356112006311, ""55"": 0.01602453864218596, ""57"": 6.9745226160739305e-06, ""94"": 0.012450949476167887, ""100"": 0.00014602769918443015, ""103"": 0.003801343898905449, ""106"": 0.11587789870845673}","[0.012244089820192441, 0.08822624553216557, 0.8345135279169958, 0.06501613673064621]",0.5369795604457468,42,0.8508356112006311,0.9827380485512739
314,1,1,1,0,1,0.7793885713943535,"{""29"": 0.0012082300326831344, ""37"": 5.9465537430551004e-05, ""42"": 0.8668748984677751, ""55"": 0.022620243022064983, ""91"": 0.0017364895160754301, ""94"": 0.015294895423137332, ""103"": 0.0073046506195033846, ""106"": 0.08449327656473057, ""109"": 0.00040785081659952847}","[0.7793885713943535, 0.052898510509151835, 0.15705622364545554, 0.010656694451039206]",0.5411241699808188,42,0.8668748984677751,0.9739884180545707
315,4,4,1,0,3,0.7723305377472496,"{""1"": 0.000641856510303077, ""29"": 0.0032592187622326563, ""42"": 0.8085198384656789, ""50"": 0.0023314782523933078, ""55"": 0.03615091730093729, ""94"": 0.024926058598477477, ""103"": 0.014670389555760454, ""106"": 0.10813279489384174, ""109"": 0.001367447660375044}","[0.06032309377979462, 0.11075024517484086, 0.056596123298115045, 0.7723305377472496]",0.7328955796963884,42,0.8085198384656789,0.952803550660458
316,1,1,1,0,1,0.7717943521600495,"{""36"": 0.0012575064424060714, ""42"": 0.8631732518148839, ""47"": 0.004305435425357579, ""50"": 0.0005233560432281895, ""55"": 0.03864772641017988, ""94"": 0.0339330464829291, ""103"": 0.017987474908479704, ""106"": 0.040172202472535466}","[0.7717943521600495, 0.18460657776965736, 0.022004591781752274, 0.021594478288540775]",0.604766329620142,42,0.8631732518148839,0.9419931806975993
317,2,2,1,0,2,0.6625641844089141,"{""2"": 0.000901246187999473, ""42"": 0.8267060144711855, ""44"": 0.0031518652790037843, ""47"": 0.002384645222954985, ""50"": 0.001147713280050419, ""55"": 0.06031659926129486, ""94"": 0.020252070526721892, ""103"": 0.030821379483228793, ""106"": 0.05431846628756023}","[0.16341119101939405, 0.6625641844089141, 0.1607886438492768, 0.01323598072241515]",0.7177897289988514,42,0.8267060144711855,0.9413410800200406
318,4,4,1,0,2,0.975175097921978,"{""42"": 0.7921212887635473, ""47"": 0.006028721452146152, ""48"": 0.003337397409239534, ""55"": 0.07384497780543826, ""61"": 0.001175110876378329, ""94"": 0.020201343073968155, ""103"": 0.028107470321502296, ""106"": 0.07518369029778008}","[0.005203191995474224, 0.009672983975321172, 0.00994872610722668, 0.975175097921978]",0.808574159280631,42,0.7921212887635473,0.9411499568667656
319,3,3,1,0,3,0.7601584235505836,"{""25"": 0.0010926004991557295, ""42"": 0.7372531627035107, ""47"": 0.011126596072689184, ""48"": 0.0030391656616965755, ""55"": 0.08980153650823068, ""66"": 0.006835032713814995, ""94"": 0.02264746529449169, ""103"": 0.03626429530247015, ""106"": 0.09194014524394041}","[0.06149314222704739, 0.12222921030928244, 0.7601584235505836, 0.056119223913086644]",0.9758572648012175,42,0.7372531627035107,0.9189948444556818
320,1,1,1,0,3,0.8996389607415662,"{""14"": 0.001352882416859902, ""42"": 0.7500358169112036, ""47"": 0.0012989671088829175, ""55"": 0.08075895302329518, ""66"": 0.0067244609584881055, ""91"": 0.002930348941250154, ""103"": 0.034717909315730905, ""106"": 0.1215928207022026, ""108"": 0.0005878406220866058}","[0.8996389607415662, 0.08012592346651538, 0.009879417229247246, 0.010355698562671118]",0.8644937726731361,42,0.7500358169112036,0.9523875906367013
321,2,2,1,0,3,0.6715352888249305,"{""5"": 0.0018702574798338905, ""42"": 0.7793230258869854, ""48"": 0.004905766496069076, ""55"": 0.03836354502703684, ""66"": 1.5281576844324544e-09, ""91"": 0.0013211458629964084, ""96"": 0.0022742097872511147, ""103"": 0.02042905629605233, ""106"": 0.15151299163561727}","[0.2559765726807314, 0.6715352888249305, 0.02537778351780617, 0.04711035497653209]",0.7452347501393469,42,0.7793230258869854,0.9691995625496396
322,4,4,1,0,4,0.9006337629625415,"{""5"": 0.0010052594391525985, ""6"": 0.0004411196657816609, ""42"": 0.8134682773895728, ""48"": 0.007829137595441914, ""55"": 0.06683752537825036, ""94"": 0.002554386219486042, ""96"": 0.0007993180009217594, ""106"": 0.10706497631139293}","[0.03451598873908957, 0.01967817826143584, 0.04517207003693313, 0.9006337629625415]",0.6572524545550918,42,0.8134682773895728,0.9873707790792161
323,4,4,1,0,4,0.8808159312102888,"{""5"": 0.0006227973109475386, ""42"": 0.8066292961819433, ""48"": 0.0016548988411740526, ""55"": 0.08188030885914577, ""57"": 0.0019493341754597787, ""80"": 0.0009324521171555335, ""94"": 0.00599783038448716, ""96"": 0.00027214086103800487, ""106"": 0.10006094126864874}","[0.006320160138918476, 0.046253790037078926, 0.06661011861371378, 0.8808159312102888]",0.675367392664179,42,0.8066292961819433,0.9885705463097378
324,3,3,1,0,2,0.8755450762230813,"{""5"": 0.000594718195066817, ""42"": 0.7886515714896472, ""47"": 0.0018157330346668893, ""48"": 0.00136927261429188, ""55"": 0.09616067448606062, ""57"": 0.004422191707164739, ""80"": 0.0016963158417657902, ""100"": 0.0009881225593772315, ""106"": 0.10430140007195875}","[0.025571776729846406, 0.010197880194247774, 0.8755450762230813, 0.08868526685282456]",0.7147402121458045,42,0.7886515714896472,0.9891136460476665
325,2,2,1,0,4,0.8165957716396093,"{""42"": 0.7688853726590718, ""48"": 0.0017660197137995988, ""55"": 0.10988636190885694, ""57"": 0.0004131015274532123, ""100"": 0.0006257799121944143, ""103"": 0.001196583883224127, ""106"": 0.11692058596802443, ""112"": 0.0003061944273754451}","[0.05150285490004125, 0.8165957716396093, 0.027175046489762947, 0.10472632697058654]",0.7252365646784664,42,0.7688853726590718,0.9956923205359531
326,2,2,1,0,3,0.46407031554645756,"{""32"": 0.000369001047106721, ""42"": 0.7915429919837716, ""48"": 0.00313369396109772, ""55"": 0.12157072363027467, ""94"": 0.002068176918751177, ""103"": 0.0013496213007351404, ""106"": 0.07983390788718585, ""112"": 0.0001318832710771841}","[0.33129601023514826, 0.46407031554645756, 0.1905727858024845, 0.014060888415909736]",0.6868898568731892,42,0.7915429919837716,0.9929476235012321
327,1,1,1,0,4,0.5639141028655695,"{""32"": 0.0012640035643422566, ""42"": 0.7423982249108421, ""44"": 0.0008946124432170033, ""48"": 0.006852971732709405, ""55"": 0.13842520203945868, ""56"": 0.0012897273786192512, ""94"": 0.0027970818043356995, ""103"": 0.0027689377365080004, ""106"": 0.10330923838996756}","[0.5639141028655695, 0.11035912110220886, 0.026091623988520867, 0.29963515204370084]",0.8195743099581579,42,0.7423982249108421,0.9841326653402683
328,4,4,1,0,1,0.9607647001845687,"{""1"": 0.001208696022449149, ""9"": 0.0002933380064714405, ""32"": 0.0009150633599388486, ""42"": 0.685555702814673, ""48"": 0.008621573578790434, ""50"": 0.00223842927582676, ""55"": 0.15106601864923064, ""56"": 0.0005362657040514467, ""106"": 0.1495649125885682}","[0.008078157486546101, 0.00589890672654134, 0.025258235602343856, 0.9607647001845687]",0.904100931273792,42,0.685555702814673,0.9861866340524719
329,1,1,1,0,2,0.6994950926682447,"{""42"": 0.6412263492367419, ""47"": 0.0035907911230021665, ""48"": 0.014949915026642805, ""50"": 0.005074482010057538, ""55"": 0.16436349858812063, ""56"": 0.0016461762159632948, ""66"": 0.003847542799924576, ""82"": 0.0023630777980193384, ""106"": 0.16293816720152762}","[0.6994950926682447, 0.07486858906667344, 0.12631385282038682, 0.09932246544469513]",1.0334592083033578,42,0.6412263492367419,0.9685280150263902
330,3,3,1,0,1,0.961286764731289,"{""42"": 0.608842405866673, ""55"": 0.1737392953779046, ""56"": 0.003990295452232536, ""66"": 0.0075939254763409385, ""70"": 0.007387717474136811, ""82"": 0.005326416592196975, ""84"": 0.005945716072573557, ""103"": 0.0070739175094305775, ""106"": 0.18010031017851072}","[0.013560369691719261, 0.012460584673992966, 0.961286764731289, 0.012692280902998739]",1.1036625759821383,42,0.608842405866673,0.9626820114230883
331,1,1,1,0,3,0.4002708283294325,"{""37"": 0.0004929353348673036, ""42"": 0.5931253432627178, ""55"": 0.18494372249668922, ""56"": 0.0005577886121015978, ""66"": 0.012153187331162182, ""88"": 0.006995928094028037, ""103"": 0.009844707594111912, ""106"": 0.19188638727432208}","[0.4002708283294325, 0.19494651760961074, 0.03704470160814117, 0.36773795245281554]",1.0804623627866516,42,0.5931253432627178,0.9699554530337291
332,1,1,1,0,2,0.782587712917639,"{""7"": 0.001302532647186736, ""37"": 0.00188851619859773, ""42"": 0.9207456155631799, ""48"": 0.007671195822114909, ""55"": 0.008018082470695164, ""66"": 0.027934307872008478, ""94"": 0.011583506718556236, ""103"": 0.0027804322125070066, ""106"": 0.018075810495153725}","[0.782587712917639, 0.14780374673979316, 0.06191108951096802, 0.007697450831599919]",0.413074128885995,42,0.9207456155631799,0.9667557339303421
333,1,1,1,0,1,0.5000426366101118,"{""30"": 0.00010718504709355574, ""42"": 0.9432126385689851, ""48"": 0.012091896790051465, ""50"": 0.002303860034268289, ""55"": 0.0031719750582719325, ""66"": 4.913972933913068e-09, ""94"": 0.016089020834123873, ""103"": 0.0019007820717799957, ""106"": 0.021122636681452655}","[0.5000426366101118, 0.07181749558276163, 0.3720281244084776, 0.056111743398649]",0.30158267877112804,42,0.9432126385689851,0.9804242960845616
334,2,2,1,0,4,0.8929649588524151,"{""42"": 0.8983262870149985, ""48"": 0.03178160508894039, ""50"": 0.008530674278074123, ""55"": 0.00833121084467359, ""57"": 0.0020534044945663982, ""78"": 0.0013739177193296337, ""94"": 0.03752184652927769, ""103"": 0.006208254043739159, ""106"": 0.005872799986400604}","[0.045548133076876586, 0.8929649588524151, 0.011504936017518279, 0.04998197205319019]",0.4931192097603234,42,0.8983262870149985,0.9676297386332166
335,2,3,0,1,3,0.4533654054053236,"{""33"": 0.000353845095474056, ""42"": 0.8836971722010218, ""48"": 0.03854614074643659, ""50"": 0.0005627213123817019, ""55"": 0.014764388909948419, ""78"": 0.0003215986224127093, ""94"": 0.0497546774583298, ""103"": 0.005280264758048799, ""106"": 0.006719190895946062}","[0.04680815941466977, 0.4533654054053236, 0.47120989299159777, 0.02861654218840896]",0.5172118178317795,42,0.8836971722010218,0.9719979904057883
336,1,1,1,0,2,0.8469472416179552,"{""42"": 0.828323669565457, ""48"": 0.06459846167097275, ""50"": 0.0012031389496604998, ""55"": 0.02878328180749793, ""92"": 0.0032149821741360805, ""94"": 0.03264946860895658, ""103"": 0.00905837239847496, ""104"": 0.007899713303182234, ""106"": 0.024268911521662082}","[0.8469472416179552, 0.09421325135867138, 0.007820334967733971, 0.05101917205563942]",0.7444743210073527,42,0.828323669565457,0.9255715998453863
337,4,4,1,0,3,0.8170569261902542,"{""40"": 8.18644301815447e-10, ""42"": 0.8253553144925074, ""44"": 0.010433108651044123, ""48"": 0.07191947013434925, ""55"": 0.02139679508239678, ""94"": 0.030359753305887305, ""103"": 0.007081070384162936, ""106"": 0.03345448713100776}","[0.08254799918777873, 0.02335621750952213, 0.07703885711244499, 0.8170569261902542]",0.7324048876877555,42,0.8253553144925074,0.9307292717578645
338,2,2,1,0,4,0.9484548851281853,"{""23"": 0.00032090053837484416, ""42"": 0.8707765096887288, ""47"": 0.005685912330654445, ""48"": 0.010918799645363417, ""55"": 0.03272395169246711, ""94"": 0.043234590262420255, ""103"": 0.0065118097164135426, ""106"": 0.029827526125577326}","[0.032786683854316004, 0.9484548851281853, 0.012238677204691914, 0.006519753812806778]",0.5870431698356576,42,0.8707765096887288,0.9467350516436162
339,2,3,0,1,4,0.3275310835188284,"{""12"": 0.0004557740666875454, ""42"": 0.8304961134537433, ""44"": 0.0001923785228907986, ""47"": 0.005916349000300376, ""48"": 0.01722992254292244, ""55"": 0.043745894842151016, ""94"": 0.05512797811825566, ""103"": 0.005463756225660641, ""106"": 0.04137183322738815}","[0.05895117207140155, 0.3275310835188284, 0.5931416011536967, 0.020376143256073287]",0.7166284964305585,42,0.8304961134537433,0.9293699864141499
340,3,2,0,1,2,0.2434783193276699,"{""11"": 0.010117633311061552, ""42"": 0.5875271854371935, ""44"": 0.000740326794407253, ""48"": 0.08962818913869529, ""55"": 0.08354687548264889, ""94"": 0.09940326528203404, ""103"": 0.014026984006742049, ""106"": 0.11500954054721735}","[0.027041201704395484, 0.6648671314982795, 0.2434783193276699, 0.06461334746965508]",1.3259262400430794,42,0.5875271854371935,0.8019399912664449
341,2,2,1,0,4,0.7726825370002346,"{""35"": 0.03215343010452243, ""42"": 0.20571666881377262, ""48"": 0.040924633573592634, ""55"": 0.17370365643890778, ""77"": 0.09475146884417965, ""94"": 0.07387782588025271, ""103"": 0.05817967348789321, ""106"": 0.320692642856879}","[0.048377861008774725, 0.7726825370002346, 0.09799463171263592, 0.08094497027835482]",1.816606512388177,106,0.320692642856879,0.7001129681095595
342,3,3,1,0,1,0.5644647276895983,"{""21"": 0.0037511146962585147, ""55"": 0.29126018793946923, ""64"": 0.028470224943598813, ""68"": 0.04391674266298868, ""82"": 0.032652348737698796, ""106"": 0.5999493810199859}","[0.027615023985571478, 0.017391183749720755, 0.5644647276895983, 0.39052906457510955]",1.037066992944411,106,0.5999493810199859,0.9351263116224438
343,2,2,1,0,4,0.4402217711730114,"{""21"": 0.002264576910557522, ""55"": 0.2877731448404835, ""64"": 0.028111342566820872, ""68"": 0.03123009102326043, ""80"": 0.005029965599986031, ""82"": 0.015618421412890885, ""83"": 0.027140894835964102, ""100"": 0.006215987093879974, ""106"": 0.5966155757161566}","[0.3782313403413777, 0.4402217711730114, 0.02805739475404325, 0.15348949373156776]",1.1100885246044263,106,0.5966155757161566,0.9156188115799005
344,1,1,1,0,2,0.7776051787275439,"{""55"": 0.1065952230616626, ""64"": 0.03383491221754063, ""68"": 0.05237246090044805, ""75"": 0.007319077024142841, ""77"": 0.015784930607740652, ""82"": 0.008296920289945846, ""83"": 0.006334186210824573, ""106"": 0.7694622896876947}","[0.7776051787275439, 0.03375066126584286, 0.15020788802910104, 0.038436271977512364]",0.8826211572727827,106,0.7694622896876947,0.9284299736498053
345,4,4,1,0,1,0.7155148750810455,"{""28"": 0.017743537974984944, ""32"": 0.015819023354967456, ""55"": 0.04921287054047294, ""64"": 0.04394407637663776, ""68"": 0.03173015362720851, ""75"": 0.010079576193436454, ""77"": 0.024278464426931996, ""98"": 0.01055987142998138, ""106"": 0.7966324260753784}","[0.006892512877755276, 0.048595157962384936, 0.22899745407881422, 0.7155148750810455]",0.8979317909936805,106,0.7966324260753784,0.8897893729924892
346,3,3,1,0,2,0.6934199472691416,"{""9"": 0.003244307472256447, ""28"": 0.0010123165329486278, ""32"": 0.0026961033828612467, ""42"": 0.017555880287583092, ""55"": 0.049260217058631164, ""64"": 0.05816026071297687, ""68"": 7.833623592969623e-09, ""80"": 2.4507620897642766e-09, ""106"": 0.868070904268357}","[0.2004900819724625, 0.07488224855643363, 0.6934199472691416, 0.031207722201962305]",0.5490515450942111,106,0.868070904268357,0.975491382039965
347,4,1,0,1,4,0.09601416826666226,"{""9"": 0.0022419997763102576, ""28"": 0.0007733055640578712, ""32"": 0.000798357744067923, ""42"": 0.03565286088856621, ""55"": 0.07410387708351078, ""60"": 0.0018741154788847198, ""64"": 0.030963596786957908, ""80"": 9.626079770250959e-09, ""106"": 0.8535918770515646}","[0.8507325440506663, 0.02587742540639881, 0.02737586227627251, 0.09601416826666226]",0.5911069326420554,106,0.8535918770515646,0.9633486150236416
348,4,4,1,0,2,0.6030750037571464,"{""9"": 0.027722709789935757, ""32"": 0.002542886858327078, ""42"": 0.24131429883733826, ""55"": 0.4665616780827899, ""60"": 0.003146024573869782, ""62"": 0.00947861915388335, ""64"": 0.05699180348956366, ""75"": 0.008253043322076983, ""106"": 0.18398893589221524}","[0.16981411869766486, 0.1793618859587652, 0.04774899158642353, 0.6030750037571464]",1.3899678769133015,55,0.4665616780827899,0.8918649128123434
349,2,2,1,0,1,0.44103949473938403,"{""5"": 0.0362662398464442, ""9"": 0.04198110518020868, ""42"": 0.1673804408824503, ""43"": 0.06687198178538321, ""49"": 0.0558999646145461, ""55"": 0.43361021591523335, ""106"": 0.19799005177573417}","[0.1748621613504892, 0.44103949473938403, 0.05591761778296361, 0.32818072612716315]",1.5776775928395392,55,0.43361021591523335,0.7989807085734179
350,1,2,0,1,1,0.25336930499915705,"{""9"": 0.08841130985913323, ""42"": 0.22145249905706513, ""43"": 0.08735269194392815, ""47"": 0.09270431393458771, ""55"": 0.40407963806601843, ""61"": 0.01973615643582757, ""99"": 0.08626339070343991}","[0.25336930499915705, 0.40676994117801524, 0.09826528324286082, 0.2415954705799671]",1.6367451638011503,55,0.40407963806601843,0.7182364510576712
351,2,2,1,0,4,0.7020860414040505,"{""20"": 0.03322256936656205, ""42"": 0.44273462052560403, ""43"": 0.0299661731068529, ""47"": 0.045108066052396235, ""55"": 0.29804602967590826, ""87"": 0.042162401955557025, ""97"": 0.10876013931711938}","[0.055557167469982516, 0.7020860414040505, 0.13555487034939412, 0.10680192077657287]",1.4543075308747984,42,0.44273462052560403,0.8495407895186317
352,1,1,1,0,1,0.48299966609388717,"{""42"": 0.42657962629088175, ""48"": 0.1156635662006867, ""55"": 0.2768413975897486, ""80"": 0.008129069543522521, ""87"": 0.009153796749828694, ""97"": 0.08990033661675315, ""103"": 0.0737322070085786}","[0.48299966609388717, 0.3792376125945022, 0.10948201666751746, 0.028280704644093102]",1.4593734398678317,42,0.42657962629088175,0.8190845900813171
353,4,4,1,0,2,0.8636613966695504,"{""4"": 0.019545298321048035, ""42"": 0.5268185217726519, ""44"": 0.0835646971992179, ""45"": 0.07719831729775394, ""48"": 0.18245454904902839, ""55"": 0.08290147631760655, ""97"": 0.02751714004269333}","[0.013269312258319167, 0.05310642421116243, 0.06996286686096806, 0.8636613966695504]",1.4354038565040765,42,0.5268185217726519,0.7928377680208981
354,3,3,1,0,5,0.6589142339593773,"{""11"": 0.00438256758919177, ""42"": 0.6068433974054702, ""47"": 0.06742475571416745, ""48"": 0.1586680793051723, ""55"": 0.10489136072519986, ""97"": 0.019000926038073313, ""104"": 0.03878891322272501}","[0.035180258621529265, 0.10528356397527765, 0.6589142339593773, 0.20062194344381584]",1.2386997468407992,42,0.6068433974054702,0.8704028374358425
355,2,2,1,0,1,0.7776832732939256,"{""0"": 0.00804795331504819, ""10"": 0.011380170401255085, ""42"": 0.7747232278598541, ""47"": 0.00500054192353093, ""48"": 0.018800643160971447, ""55"": 0.13653935393830613, ""88"": 0.038066956224419274, ""104"": 0.007441153176614729}","[0.18182127428535494, 0.7776832732939256, 0.025256772280009554, 0.01523868014070995]",0.8214537893965129,42,0.7747232278598541,0.9493295380225796
356,4,4,1,0,4,0.6767062038500641,"{""0"": 0.014353955527971796, ""10"": 0.020291028688176428, ""42"": 0.6663692118203857, ""48"": 0.03379313439041739, ""50"": 0.017937618831523523, ""53"": 0.01883848920366821, ""55"": 0.16152264116055606, ""75"": 0.012897630869126084, ""88"": 0.05399628950817479}","[0.15387583156975, 0.043920862102597324, 0.1254971024775886, 0.6767062038500641]",1.1801033735347304,42,0.6663692118203857,0.8818881424891165
357,1,1,1,0,2,0.6839587079143323,"{""1"": 0.014666269204057385, ""10"": 0.01825178523652393, ""33"": 0.004187799132150045, ""42"": 0.7662795704765444, ""48"": 0.006372715623376253, ""55"": 0.18164469224121133, ""82"": 0.0044627797964985946, ""88"": 0.0041343882896379275}","[0.6839587079143323, 0.2495859104793307, 0.029276255006879793, 0.03717912659945713]",0.7508097229483843,42,0.7662795704765444,0.9661760479542797
358,3,3,1,0,2,0.6147572657441926,"{""1"": 0.01774463320102022, ""10"": 0.008112251880605397, ""33"": 0.0019133637668685645, ""42"": 0.9209511041819097, ""48"": 0.01423791312014475, ""55"": 0.03704072862190907, ""81"": 3.510540112754984e-09, ""82"": 1.7170020923758747e-09}","[0.009984565816939957, 0.07195928238106714, 0.6147572657441926, 0.3032988860578003]",0.38102436980142534,42,0.9209511041819097,0.9757364660048391
359,1,1,1,0,1,0.6646289624255122,"{""1"": 0.005811694584927922, ""10"": 0.011778970526954678, ""33"": 0.0006362829317624692, ""42"": 0.8851744873744593, ""48"": 0.026777716270025634, ""55"": 0.053687148066204296, ""81"": 2.2177269376154832e-08, ""92"": 0.007062483202297709, ""94"": 0.009071194866098692}","[0.6646289624255122, 0.027430164246126747, 0.04249141024615897, 0.2654494630822021]",0.5264736188606155,42,0.8851744873744593,0.9656393517106893
360,4,4,1,0,2,0.5152259766949264,"{""1"": 0.012580152575118813, ""10"": 0.018181373241516346, ""42"": 0.7850148947071496, ""44"": 0.013028855843717334, ""48"": 0.05711827548175344, ""55"": 0.07222309767029783, ""89"": 0.00898005183038947, ""92"": 0.020423429413566077, ""94"": 0.01244986923649114}","[0.02573775331927098, 0.3129271940760654, 0.14610907590973723, 0.5152259766949264]",0.9041792017498493,42,0.7850148947071496,0.9143562678592008
