trial,true_choice,predicted_choice,hit,nonhit,rating,origin_true_choice_probability,origin_posterior,origin_pred_probs,origin_entropy,origin_top1_hypothesis,origin_top1_probability,origin_top3_mass
2,3,3,1,0,1,0.40437935643057826,"{""7"": 0.14745594513099672, ""8"": 0.01592006108037231, ""24"": 0.19214099481679223, ""70"": 0.20164219354892712, ""87"": 0.13996272311536834, ""103"": 0.15166834731896958, ""105"": 0.15120973498857365}","[0.10851116631350087, 0.2038397454206003, 0.40437935643057826, 0.2832697318353206]",1.8349226817881612,70,0.20164219354892712,0.545451535684689
3,2,2,1,0,3,0.42967464854283943,"{""4"": 0.23554906895057914, ""87"": 0.1284141901587043, ""100"": 0.19054493632488603, ""103"": 0.13508739401567832, ""105"": 0.13701892940219662, ""106"": 0.17338548114795554}","[0.17754427205727744, 0.42967464854283943, 0.04959132757172021, 0.3431897518281629]",1.7666117912794614,4,0.23554906895057914,0.5994794864234207
4,3,1,0,1,2,0.2537101366756058,"{""8"": 0.032101036087406276, ""64"": 0.1062027784250319, ""87"": 0.06604318444240868, ""90"": 0.26599896698264786, ""103"": 0.05974191195434113, ""106"": 0.2399292468759045, ""114"": 0.22998287523225963}","[0.4187550518197015, 0.06693463912309887, 0.2537101366756058, 0.2606001723815939]",1.7290933946486018,90,0.26599896698264786,0.735911089090812
5,2,2,1,0,1,0.42790056045251523,"{""12"": 0.04631964569470533, ""20"": 0.0507795612620962, ""44"": 0.030077359709165575, ""64"": 0.12390226492275522, ""67"": 4.0218085668705765e-08, ""90"": 0.4653572930183525, ""106"": 0.2835638351748396}","[0.12554040573698663, 0.42790056045251523, 0.1110530443496552, 0.3355059894608429]",1.3711262959719048,90,0.4653572930183525,0.8728233931159473
6,4,4,1,0,2,0.4339187081048519,"{""12"": 0.05637802767724642, ""37"": 0.07067136493770527, ""41"": 0.07477455937453442, ""44"": 0.03238788336077756, ""64"": 0.10399436389877893, ""67"": 3.984723001377774e-07, ""90"": 0.4299460535749569, ""106"": 0.23184734870370047}","[0.1263125948741917, 0.11471784303782123, 0.3250508539831353, 0.4339187081048519]",1.5915744956277031,90,0.4299460535749569,0.7657877661774363
7,3,3,1,0,1,0.5471984145571809,"{""12"": 0.010192217249446254, ""34"": 0.07889128940058107, ""41"": 0.0929890099583512, ""68"": 0.03836035633760494, ""72"": 0.04055165024900921, ""73"": 0.008064566310426988, ""90"": 0.3383221650726838, ""106"": 0.39262874542189663}","[0.12225601707432507, 0.16643668955265414, 0.5471984145571809, 0.16410887881583994]",1.4956316143628625,106,0.39262874542189663,0.8239399204529316
8,2,2,1,0,3,0.5180576974717415,"{""34"": 0.03519675538928155, ""41"": 0.03507020404342471, ""79"": 0.009353132220254922, ""80"": 0.008383990663706141, ""88"": 0.025559630336297073, ""90"": 0.3289215350674822, ""106"": 0.5575147522795534}","[0.27243393771993923, 0.5180576974717415, 0.16967050280423482, 0.0398378620040846]",1.1042789505146606,106,0.5575147522795534,0.9216330427363171
9,2,2,1,0,3,0.8755509828275632,"{""11"": 0.004374366257201514, ""34"": 0.05269216640663389, ""41"": 0.0048130479264527825, ""62"": 0.006067503336973035, ""80"": 0.0034533407713031377, ""88"": 0.0217853358291255, ""90"": 0.33377822656543243, ""106"": 0.5730360129068778}","[0.07943992568537506, 0.8755509828275632, 0.03071129893789571, 0.014297792549166074]",1.0237626014498489,106,0.5730360129068778,0.9595064058789441
10,1,1,1,0,2,0.6061776420001261,"{""11"": 0.0009264779151214933, ""34"": 0.03381818454542176, ""41"": 0.0004996503003551844, ""75"": 0.002142368779143179, ""88"": 0.016011364804911693, ""90"": 0.28288599911104856, ""102"": 0.014501256232682516, ""106"": 0.6163919783725703, ""114"": 0.03282271993874515}","[0.6061776420001261, 0.033338955439488595, 0.29733219962482815, 0.06315120293555704]",1.0331605615764206,106,0.6163919783725703,0.9330961620290406
11,4,4,1,0,1,0.896312875397822,"{""28"": 0.025475655525580797, ""34"": 0.031034340479259105, ""71"": 0.01786040686371708, ""75"": 0.0042435109221180154, ""84"": 0.005479290211219231, ""88"": 0.015559434385401222, ""90"": 0.06718142311093593, ""106"": 0.792826641216041, ""114"": 0.04033929728572753}","[0.012985563617614122, 0.043258701141730714, 0.04744285984283316, 0.896312875397822]",0.8846193606390901,106,0.792826641216041,0.9003473616127043
12,1,4,0,1,1,0.2094727759596386,"{""0"": 0.0061721038936445064, ""28"": 0.038034406342329054, ""34"": 0.044415544532209014, ""71"": 0.02802079696613321, ""80"": 0.01239010106466299, ""90"": 0.08141957719969437, ""106"": 0.7298187426054643, ""110"": 0.01429573572955256, ""114"": 0.045432991666309964}","[0.2094727759596386, 0.18193309897961066, 0.1067393285849701, 0.5018547964757807]",1.0838928309311266,106,0.7298187426054643,0.8566713114714687
13,1,3,0,1,2,0.35230855494827695,"{""6"": 0.013260720411829331, ""28"": 0.0498424495230243, ""34"": 0.038760240631078864, ""75"": 0.01166133136360502, ""80"": 0.01607877870120698, ""90"": 0.10806707255977664, ""106"": 0.6910549682095145, ""110"": 0.022647864991811255, ""114"": 0.04862657360815302}","[0.35230855494827695, 0.0690037032574726, 0.3925944459755154, 0.18609329581873504]",1.179730581773703,106,0.6910549682095145,0.8489644902923155
14,3,3,1,0,2,0.7598949542986932,"{""28"": 0.054905306680812616, ""34"": 0.03307490749574658, ""61"": 0.012933766449244502, ""75"": 0.017068041878546224, ""85"": 0.017162645453262973, ""90"": 0.06874885121002872, ""106"": 0.7705764812061102, ""114"": 0.025529999626248173}","[0.06384950682883617, 0.058958507760409534, 0.7598949542986932, 0.11729703111206101]",0.9460998897315647,106,0.7705764812061102,0.8942306390969516
15,3,3,1,0,2,0.9035781039984353,"{""28"": 0.01843200305378098, ""46"": 0.0024413093998904237, ""47"": 0.001999803083169424, ""61"": 0.020397065632814373, ""71"": 4.599982900435168e-09, ""75"": 4.36511504928199e-09, ""85"": 4.386038204654827e-09, ""90"": 0.02350826449485213, ""106"": 0.9332215409843565}","[0.015241256813212796, 0.02619426711011675, 0.9035781039984353, 0.054986372078235195]",0.3327804396860979,106,0.9332215409843565,0.977126871112023
16,3,3,1,0,3,0.853220180958034,"{""28"": 0.005755209259996789, ""46"": 0.00037936817040455016, ""47"": 0.00021579695650037327, ""61"": 0.024082779740739947, ""71"": 7.546802088603538e-08, ""75"": 2.3530072482350137e-08, ""83"": 0.0003014747958307765, ""90"": 0.009144204616657247, ""106"": 0.960121067461777}","[0.01734639755092048, 0.1041509771280737, 0.853220180958034, 0.025282444362971924]",0.20867921297825723,106,0.960121067461777,0.9933480518191741
17,1,1,1,0,2,0.9624144599630403,"{""28"": 0.004034205721251173, ""46"": 0.00010173178462576407, ""47"": 4.226452459059285e-05, ""61"": 0.03951572139622152, ""68"": 0.0006981354200186659, ""73"": 0.0003614995594885132, ""83"": 6.083758873249037e-05, ""90"": 0.00411572556850584, ""106"": 0.9510698784365653}","[0.9624144599630403, 0.01828629461190028, 0.013576825661397276, 0.005722419763662181]",0.23012822266070804,106,0.9510698784365653,0.9947013254012926
18,1,1,1,0,2,0.6693621743891399,"{""28"": 0.00789650629157884, ""46"": 0.0003272293319099699, ""48"": 0.002549046693808008, ""61"": 0.05859471159401348, ""68"": 0.0018135083337720132, ""73"": 0.0009644007341365465, ""75"": 0.001884600956886499, ""90"": 0.0072234402707020565, ""106"": 0.9187465557931924}","[0.6693621743891399, 0.1701481056057321, 0.10292467847596846, 0.05756504152915954]",0.36576068461154104,106,0.9187465557931924,0.9852377736787847
19,2,3,0,1,1,0.14288460284871204,"{""13"": 0.0020729379922644012, ""28"": 0.013547904241451119, ""48"": 0.0058293027904226845, ""55"": 0.006270582768814672, ""61"": 0.07782021850483928, ""68"": 0.004360646733386241, ""75"": 0.004354968246013635, ""90"": 0.011566604341584566, ""106"": 0.8741768343812234}","[0.02894311544912088, 0.14288460284871204, 0.7927560538577195, 0.035416227844447506]",0.5480939139714787,106,0.8741768343812234,0.9655449571275138
20,2,2,1,0,3,0.5221222391158239,"{""28"": 0.01535530282113236, ""55"": 0.011815953527536968, ""61"": 0.0994442179882255, ""68"": 0.005695449007564288, ""71"": 0.009875398706206195, ""75"": 0.007162432585574541, ""90"": 0.017070567084983685, ""106"": 0.8219515649717439, ""110"": 0.011629113307032559}","[0.3998891781018113, 0.5221222391158239, 0.0625895386519198, 0.015399044130445183]",0.7389610535655897,106,0.8219515649717439,0.9384663500449532
21,1,1,1,0,2,0.8049892944093848,"{""28"": 0.007586322804985468, ""30"": 0.0041813341934426335, ""55"": 0.0037609312246181525, ""61"": 0.026193737076803923, ""75"": 0.0023402559019785247, ""90"": 0.014589393776423551, ""106"": 0.9381268675506487, ""110"": 0.0032211574710991476}","[0.8049892944093848, 0.06990415996621716, 0.1175235242874529, 0.007583021336945018]",0.33058845134097004,106,0.9381268675506487,0.9789099984038762
22,2,2,1,0,2,0.8321844406649642,"{""28"": 0.006938722844462697, ""55"": 0.004764230222267198, ""61"": 0.029592904570663492, ""71"": 0.006964408547490863, ""75"": 0.0035934009759272375, ""90"": 0.010429489638449675, ""100"": 0.0014917783491181212, ""106"": 0.9315987944390989, ""110"": 0.004626270412521726}","[0.08297698071480597, 0.8321844406649642, 0.07748998327849506, 0.007348595341734727]",0.3671304091777334,106,0.9315987944390989,0.9716211886482121
23,1,1,1,0,2,0.9069769736764844,"{""28"": 0.0020533407297820285, ""61"": 0.003207231069441238, ""68"": 0.005092448409344343, ""71"": 0.0010572383208583731, ""74"": 0.0005185014823533362, ""90"": 0.005349485754399877, ""100"": 0.0007284578302603012, ""106"": 0.9807107982517753, ""110"": 0.0012824981517852736}","[0.9069769736764844, 0.03627571171909416, 0.008667668819414918, 0.04807964578500651]",0.1300650373585799,106,0.9807107982517753,0.9911527324155195
24,2,2,1,0,2,0.5436303384746606,"{""28"": 0.0007708535292280908, ""61"": 0.004215618959410389, ""71"": 3.1235832658691264e-10, ""74"": 1.7037270286925252e-10, ""75"": 2.556419147495749e-10, ""90"": 0.0024832538303596104, ""100"": 0.00036042449912277087, ""106"": 0.9900078019007473, ""110"": 0.002162046542758841}","[0.07582243321889129, 0.5436303384746606, 0.35126277300497266, 0.029284455301475474]",0.06954303535594174,106,0.9900078019007473,0.9967066746905173
25,2,2,1,0,2,0.7919166125713213,"{""28"": 0.0012582670061587295, ""41"": 8.399282218067861e-12, ""61"": 0.002906152249718224, ""68"": 2.6889365530831243e-10, ""90"": 0.0025146627404510056, ""100"": 0.0003763386257983875, ""106"": 0.9923891051889282, ""110"": 0.0005554739116516914}","[0.07203026828972602, 0.7919166125713213, 0.12070656982757955, 0.01534654931137316]",0.05514211939765511,106,0.9923891051889282,0.9978099201790974
26,3,3,1,0,3,0.41018785473594865,"{""0"": 4.29702265445821e-05, ""13"": 0.0002240446392334739, ""28"": 0.0006883445232551478, ""61"": 0.0007077688186166965, ""68"": 4.883946690107883e-09, ""90"": 0.0016897748676314537, ""100"": 0.00034349653307839175, ""106"": 0.9958868837430538, ""110"": 0.00041671176463978866}","[0.36471667460972296, 0.0863576404193737, 0.41018785473594865, 0.1387378302349548]",0.03333457736011755,106,0.9958868837430538,0.9982844274293019
27,1,1,1,0,2,0.6252834561992041,"{""13"": 0.001142259046909271, ""28"": 0.0023374423827973913, ""48"": 0.0017022131154572615, ""61"": 0.0018378523870231326, ""80"": 0.001152015441949306, ""90"": 0.00535713527180352, ""100"": 0.0014468584705131533, ""106"": 0.983261660190044, ""110"": 0.0017625636935027157}","[0.6252834561992041, 0.03366232054482627, 0.023754247946890687, 0.31729997530907905]",0.1173732717991685,106,0.983261660190044,0.9909562378446449
28,1,1,1,0,2,0.9493313747047529,"{""3"": 0.00017840537394388836, ""13"": 0.0025612865190784155, ""28"": 0.004576761788883576, ""48"": 0.004060051560753986, ""61"": 0.004127392872340567, ""80"": 0.0017862860749902777, ""90"": 0.008726679718287927, ""100"": 0.0023391733488430486, ""106"": 0.9716439627428783}","[0.9493313747047529, 0.028149282827152736, 0.01490219108580727, 0.0076171513822870475]",0.18129452766318344,106,0.9716439627428783,0.9849474042500498
29,3,3,1,0,2,0.472860771446968,"{""13"": 0.0008633274451166639, ""28"": 0.0016026386678365623, ""48"": 0.00578365080512058, ""50"": 0.001722828454523076, ""61"": 0.004800426737496049, ""75"": 3.4924987636623816e-10, ""80"": 4.6482147461827606e-10, ""90"": 0.004242758696289841, ""106"": 0.980984368379546}","[0.03288791757329203, 0.224927318154484, 0.472860771446968, 0.269323992825256]",0.12481018975372749,106,0.980984368379546,0.9915684459221625
30,4,4,1,0,2,0.8218789909663751,"{""13"": 0.0011409072557796614, ""28"": 0.0017436831071363998, ""48"": 0.002922478228129487, ""50"": 0.0011694223663461692, ""61"": 0.007144353956587564, ""68"": 3.878973285492338e-10, ""90"": 0.004039705770091826, ""106"": 0.9807112269063746, ""113"": 0.0011282220216568993}","[0.035674982746266085, 0.09075694817090156, 0.05168907811645733, 0.8218789909663751]",0.12808225703952233,106,0.9807112269063746,0.9918952866330539
31,4,2,0,1,2,0.060474717704684565,"{""7"": 0.0004778830517777258, ""13"": 0.0029040312313707724, ""28"": 0.003493473263177747, ""50"": 0.002864659040049928, ""61"": 0.011245047221688646, ""75"": 0.001382075462282858, ""90"": 0.007220476230410925, ""106"": 0.9677145208119765, ""113"": 0.0026978336872648884}","[0.41647859431797873, 0.4720084280138925, 0.0510382599634442, 0.060474717704684565]",0.20003958987971404,106,0.9677145208119765,0.986180044264076
32,3,3,1,0,2,0.3825818905075259,"{""13"": 0.013920406636677476, ""28"": 0.042715299470445015, ""46"": 0.009333804679702112, ""50"": 0.012366665667623258, ""61"": 0.0971608138820578, ""68"": 5.609726559028769e-09, ""90"": 0.05968881739231348, ""106"": 0.7480547216160366, ""113"": 0.01675946504541772}","[0.23503656083365113, 0.1007735001608308, 0.3825818905075259, 0.2816080484979923]",0.9725719423704946,106,0.7480547216160366,0.9049043528904078
33,3,3,1,0,2,0.6850335971690491,"{""13"": 0.023464016266976737, ""28"": 0.049856344733366295, ""38"": 0.034957016120728025, ""50"": 0.02008969343793874, ""61"": 0.08330458112599694, ""71"": 0.05017806637502626, ""90"": 0.06905483365096098, ""103"": 0.040220385336180275, ""106"": 0.6288750629528257}","[0.038926655464569956, 0.05666516742196882, 0.6850335971690491, 0.2193745799444121]",1.3959559841595168,106,0.6288750629528257,0.7812344777297836
34,3,3,1,0,2,0.4602634898420321,"{""14"": 0.02537156247509672, ""47"": 0.004591971746280216, ""61"": 0.06408431232105119, ""71"": 0.07545941006695478, ""90"": 0.03184087109916764, ""104"": 0.01248576602310513, ""106"": 0.7861661062683445}","[0.3882637616589443, 0.10743967632035656, 0.4602634898420321, 0.04403307217866695]",0.8426376885506648,106,0.7861661062683445,0.9257098286563504
35,4,4,1,0,1,0.90063541512169,"{""14"": 0.02669594822902321, ""34"": 0.0056949717029358615, ""61"": 0.0517047655626728, ""70"": 0.048299615256316236, ""71"": 0.060516800726080004, ""75"": 0.004883197547885454, ""90"": 0.02674082759282009, ""104"": 0.012625943460156145, ""106"": 0.7628379299221101}","[0.009438008684881835, 0.051639920669113624, 0.03828665552431458, 0.90063541512169]",0.9799621214627634,106,0.7628379299221101,0.8750594962108629
36,1,1,1,0,1,0.7653033738816831,"{""14"": 0.02122569824486393, ""61"": 0.025666027137191932, ""66"": 0.019988987501849634, ""71"": 0.04059975437847518, ""80"": 0.02216401677030272, ""90"": 0.01590390712593211, ""104"": 0.016148633017902935, ""106"": 0.8321871448226562, ""114"": 0.006115831000825359}","[0.7653033738816831, 0.06349468989833688, 0.12028813532890277, 0.05091380089107737]",0.7850275090948906,106,0.8321871448226562,0.8984529263383233
37,4,4,1,0,2,0.7853836529104994,"{""14"": 0.03079717336434718, ""61"": 0.034887636505985684, ""71"": 0.053847866968193235, ""75"": 0.009742298977629474, ""80"": 0.031702490318311696, ""83"": 0.008680774907287976, ""90"": 0.01998632606306623, ""106"": 0.8103554328951783}","[0.0200403836970634, 0.10526701230484105, 0.08930895108759623, 0.7853836529104994]",0.8259202855410347,106,0.8103554328951783,0.8990909363693572
38,1,1,1,0,2,0.4716858033118566,"{""14"": 0.011912280347512837, ""15"": 0.004251689806539686, ""58"": 0.017701589431488262, ""61"": 0.022794556764764023, ""71"": 0.013500120854221314, ""80"": 0.03861051689441338, ""84"": 0.00981425617212437, ""90"": 0.010893060606017035, ""106"": 0.8705219291229193}","[0.4716858033118566, 0.08255403688997415, 0.09847177655972056, 0.34728838323844885]",0.632679073520329,106,0.8705219291229193,0.9319270027820967
39,4,4,1,0,3,0.8310056278487508,"{""14"": 0.024137238203887267, ""15"": 0.011680664964105286, ""39"": 0.005766223123478094, ""61"": 0.043580186247083666, ""75"": 0.009852957832874909, ""80"": 0.053716869886600425, ""84"": 0.02251345316482023, ""90"": 0.020881348430442304, ""106"": 0.8078710581467076}","[0.01455847268204636, 0.058361119237776635, 0.09607478023142628, 0.8310056278487508]",0.8492839582038882,106,0.8078710581467076,0.9051681142803917
40,3,1,0,1,2,0.15242162321132693,"{""4"": 0.0045913497552235215, ""14"": 0.011782618835662576, ""15"": 0.005066379542474108, ""31"": 0.015247058729705895, ""61"": 0.01698192496935432, ""80"": 0.06541171221781596, ""84"": 0.02169829663432129, ""106"": 0.8583888450613631, ""115"": 0.0008318142540794041}","[0.594957765343735, 0.2106000686366399, 0.15242162321132693, 0.04202054280829818]",0.6352887471879918,106,0.8583888450613631,0.9454988539135004
41,1,1,1,0,2,0.5449256557016147,"{""14"": 0.05220718692727823, ""15"": 0.024599989449315712, ""31"": 0.033540923812731105, ""32"": 0.006653188642839488, ""61"": 0.05327877219813332, ""75"": 0.012795874833381037, ""80"": 0.2458399017667478, ""84"": 0.08747553642979064, ""106"": 0.4836086259397826}","[0.5449256557016147, 0.1219029903292229, 0.2961137475254837, 0.037057606443678844]",1.5138939121376,106,0.4836086259397826,0.816924064136321
42,2,2,1,0,2,0.3710949406546607,"{""14"": 0.01795331877734597, ""24"": 0.024020033732213415, ""61"": 0.043818523284774966, ""75"": 0.024819218149335576, ""80"": 0.022292202170398068, ""96"": 0.09044058031510736, ""106"": 0.7766561235708245}","[0.2985351905047891, 0.3710949406546607, 0.07561644482038006, 0.25475342402017015]",0.8889547423437931,106,0.7766561235708245,0.9109152271707068
43,2,1,0,1,4,0.40554002753005847,"{""14"": 0.029232987459266762, ""31"": 0.004444359938977106, ""47"": 0.0070497266818188645, ""61"": 0.03370849088938771, ""75"": 0.015793226413261217, ""80"": 0.010024953708863535, ""96"": 0.06026216501451807, ""98"": 0.007592756643312728, ""106"": 0.831891333250594}","[0.5085252150141402, 0.40554002753005847, 0.04764076316498145, 0.038293994290819894]",0.7476407429320753,106,0.831891333250594,0.9258619891544997
44,2,2,1,0,2,0.7180454379936704,"{""14"": 0.06628699289841246, ""28"": 0.0032955141574088328, ""61"": 0.021525823665236407, ""75"": 0.006241724005405582, ""80"": 0.006456967463451839, ""96"": 0.02964774822928188, ""103"": 0.003611133363506962, ""106"": 0.8629340962172959}","[0.08416921514993479, 0.7180454379936704, 0.1764820436227057, 0.021303303233689175]",0.5974253826596042,106,0.8629340962172959,0.9588688373449902
45,4,4,1,0,3,0.7954422892090435,"{""7"": 0.00950688881995936, ""14"": 0.08187783704868194, ""28"": 0.0039357273947212695, ""61"": 0.023242767913420573, ""68"": 0.021638368981922923, ""80"": 0.011781420451035297, ""96"": 0.026587243049592583, ""103"": 0.003888378672771294, ""106"": 0.8175413676678946}","[0.03642565078362676, 0.06305055531732458, 0.10508150469000527, 0.7954422892090435]",0.7763785559815816,106,0.8175413676678946,0.9260064477661691
46,3,2,0,1,1,0.19562263138737035,"{""10"": 0.0098099297486316, ""14"": 0.0403122167520004, ""31"": 0.023237794931211888, ""61"": 0.010518280171894939, ""68"": 0.015532664548947394, ""80"": 0.013334680725694796, ""96"": 0.00922450791263214, ""106"": 0.8780299252089868}","[0.10794330788248215, 0.6675149682752062, 0.19562263138737035, 0.028919092454941314]",0.5898342429562483,106,0.8780299252089868,0.9415799368921991
47,1,1,1,0,2,0.8179721570284431,"{""3"": 0.0038841961413507323, ""10"": 0.0328198688464112, ""14"": 0.08930652752785141, ""31"": 0.017088827851436332, ""61"": 0.03418174976458041, ""68"": 0.03986026291343586, ""71"": 0.01505819375174819, ""96"": 0.05397788077402691, ""106"": 0.713822492429159}","[0.8179721570284431, 0.13480097156759466, 0.0231914604340279, 0.024035410969934435]",1.1242149033148738,106,0.713822492429159,0.8571069007310372
48,3,3,1,0,2,0.4598077404814591,"{""10"": 0.023753753734051978, ""14"": 0.02568422762461047, ""61"": 0.025755379291533424, ""68"": 7.82404708226776e-09, ""70"": 5.330103959484384e-09, ""75"": 4.978333886585992e-09, ""106"": 0.8711820124053004, ""110"": 0.053624608812018956}","[0.029093924855375364, 0.4145022149642251, 0.4598077404814591, 0.09659611969894044]",0.5541658974519972,106,0.8711820124053004,0.9505620005088526
49,3,3,1,0,2,0.9268494354538104,"{""10"": 0.038102630745511415, ""14"": 0.029629830288097955, ""56"": 0.004436365031820983, ""61"": 0.03467608449766561, ""68"": 6.78936439282914e-08, ""71"": 0.01246843663064422, ""75"": 2.293093227310246e-08, ""106"": 0.8038960022759555, ""110"": 0.07679055970572814}","[0.0118965818220729, 0.040198581600096074, 0.9268494354538104, 0.02105540112402059]",0.7966176113368861,106,0.8038960022759555,0.9187891927271951
50,2,2,1,0,1,0.4021122276378029,"{""9"": 0.0051187304268069415, ""10"": 0.045090375790523524, ""14"": 0.037304921764133296, ""56"": 0.007665828004170082, ""58"": 0.018001505863728205, ""71"": 0.020603699682093513, ""94"": 0.016591983460300844, ""106"": 0.7517094436115328, ""110"": 0.09791351139671076}","[0.13594576107365114, 0.4021122276378029, 0.3903319099297052, 0.07161010135884081]",0.9891370901385411,106,0.7517094436115328,0.8947133307987671
51,1,1,1,0,2,0.8231696671005923,"{""10"": 0.07596612850157783, ""27"": 0.0035655002354853522, ""58"": 0.0026005967680169753, ""68"": 0.020428254702375276, ""71"": 0.04724185290664454, ""94"": 0.0506915741308431, ""106"": 0.7818013341240982, ""107"": 0.010329414081791674, ""110"": 0.0073753445491669305}","[0.8231696671005923, 0.039197108250396455, 0.03861974473550707, 0.09901347991350425]",0.8821134458942994,106,0.7818013341240982,0.9084590367565192
52,3,3,1,0,3,0.7885927583317208,"{""10"": 0.032180530535478466, ""58"": 0.004427137194782767, ""68"": 0.03177098405781061, ""71"": 0.06317088509840815, ""74"": 0.01875075101189338, ""75"": 0.022965832941181596, ""94"": 0.0706311026434497, ""99"": 0.016487951982445875, ""106"": 0.7396148245345493}","[0.07394326885907508, 0.0682512754261315, 0.7885927583317208, 0.06921269738307272]",1.0578315395295226,106,0.7396148245345493,0.8734168122764072
53,4,4,1,0,2,0.9075778418385494,"{""14"": 0.021172537421405388, ""32"": 0.022458749563915914, ""71"": 0.08689800924428367, ""73"": 0.017915950246654634, ""74"": 0.020766427002037572, ""75"": 0.03473002084287656, ""94"": 0.05792581171104493, ""99"": 0.01023829591270847, ""106"": 0.7278941980550727}","[0.008553152129521199, 0.04914187499315276, 0.03472713103877662, 0.9075778418385494]",1.0914787841514988,106,0.7278941980550727,0.8727180190104014
54,4,4,1,0,2,0.5662122347088273,"{""14"": 0.02480596623395107, ""17"": 0.013735381486375481, ""71"": 0.09454789729734274, ""73"": 0.006672513676525594, ""74"": 0.019050858129693506, ""94"": 0.061320100407445476, ""99"": 0.00730943423784876, ""106"": 0.7477480555601309, ""111"": 0.02480979297068635}","[0.02177789304101184, 0.22471913829288234, 0.1872907339572786, 0.5662122347088273]",0.9986887090238346,106,0.7477480555601309,0.9036160532649191
55,3,3,1,0,3,0.748261212566591,"{""14"": 0.0033554098712062935, ""58"": 0.008082249936523006, ""71"": 2.988299774862949e-08, ""73"": 3.131527698989408e-09, ""74"": 7.644778685713756e-09, ""94"": 0.11036262611739096, ""95"": 0.03110793187566357, ""99"": 0.0195768195404346, ""106"": 0.8275149219994774}","[0.20488675785942384, 0.01248132070376069, 0.748261212566591, 0.034370708870224476]",0.6429246217516733,106,0.8275149219994774,0.9689854799925319
56,4,2,0,1,3,0.25853794093972465,"{""14"": 0.006085556963362779, ""16"": 0.0077473350624231415, ""58"": 0.01675775303656359, ""64"": 0.01791438539874356, ""71"": 3.8251756002102177e-07, ""94"": 0.07939234532516982, ""95"": 0.032226297991007305, ""99"": 0.016302594704798192, ""106"": 0.8235733490003715}","[0.03691368727537826, 0.67973045546767, 0.0248179163172271, 0.25853794093972465]",0.7480750106995724,106,0.8235733490003715,0.9351919923165486
57,4,4,1,0,2,0.4649893555039181,"{""58"": 0.04097713204124746, ""64"": 0.019918722741684762, ""80"": 0.040550147498949494, ""94"": 0.20328863767947752, ""95"": 0.0938456125294734, ""99"": 0.05425125714199243, ""101"": 0.03369193224986878, ""106"": 0.5134765581173061}","[0.1402962522967852, 0.2998878698535898, 0.094826522345707, 0.4649893555039181]",1.4993861561928088,106,0.5134765581173061,0.810610808326257
58,4,4,1,0,2,0.5308704521006106,"{""68"": 0.08074897980469645, ""90"": 0.06769499008403863, ""94"": 0.21491685393360563, ""95"": 0.10816022150090093, ""99"": 0.0644963214102876, ""104"": 0.0819258247274967, ""106"": 0.38205680853897406}","[0.09782394636367248, 0.12021993429915216, 0.25108566723656484, 0.5308704521006106]",1.7058591229376967,106,0.38205680853897406,0.7051338839734806
59,1,1,1,0,2,0.6347429344839749,"{""51"": 0.04734434740044942, ""71"": 0.10221093610984737, ""75"": 0.06596434444678158, ""94"": 0.2364260826609174, ""95"": 0.1372744140273545, ""103"": 0.07319923092883429, ""106"": 0.3375806444258154}","[0.6347429344839749, 0.17556741578277818, 0.15543287533132555, 0.03425677440192139]",1.7283934813162491,106,0.3375806444258154,0.7112811411140874
60,4,1,0,1,2,0.27683403379772914,"{""49"": 0.05757078854008391, ""71"": 0.12253651352204482, ""75"": 0.06991140033510872, ""84"": 0.04623040209702759, ""94"": 0.25353603835743704, ""96"": 0.090824385554661, ""106"": 0.3593904715936371}","[0.3980004592789865, 0.19761052479002222, 0.12755498213326205, 0.27683403379772914]",1.683282448529075,106,0.3593904715936371,0.735463023473119
61,2,2,1,0,2,0.5194317416884182,"{""1"": 0.08196560338424312, ""17"": 0.010761030944380816, ""79"": 0.1418565924217778, ""80"": 0.09933055404916902, ""84"": 0.02476481428559206, ""94"": 0.15989754896779207, ""106"": 0.4814238559470451}","[0.20883038132390017, 0.5194317416884182, 0.24003346925777674, 0.031704407729904946]",1.4968623865348825,106,0.4814238559470451,0.7831779973366151
62,2,2,1,0,3,0.6677561525139029,"{""1"": 0.043613820810709324, ""12"": 0.09865427509312553, ""67"": 0.04303204540913686, ""68"": 0.05793019770195597, ""84"": 0.008489186388639025, ""94"": 0.23405786737891587, ""106"": 0.5142226072175174}","[0.037785599729020965, 0.6677561525139029, 0.10728612791880955, 0.18717211983826668]",1.38788670274497,106,0.5142226072175174,0.8469347496895588
63,4,4,1,0,2,0.7908484562237438,"{""12"": 0.10322951137500053, ""23"": 0.011635382126623562, ""67"": 0.04581739170406774, ""68"": 0.03861579538731452, ""73"": 0.0031029475878486474, ""94"": 0.31810101107897254, ""106"": 0.4794979607401723}","[0.017531412958937488, 0.017208637910774257, 0.17441149290654454, 0.7908484562237438]",1.2878606295582704,106,0.4794979607401723,0.9008284831941453
64,1,1,1,0,2,0.5720246713902968,"{""12"": 0.01808420933235361, ""17"": 0.015351900868414306, ""31"": 0.03187969595102792, ""67"": 0.012705008818410921, ""68"": 0.03168815021522996, ""80"": 0.03247211798098887, ""94"": 0.2980145961423333, ""106"": 0.5598043206912412}","[0.5720246713902968, 0.04693055510848228, 0.3403491492359001, 0.040695624265320876]",1.2082383333134727,106,0.5598043206912412,0.8902910348145634
65,1,1,1,0,2,0.797985253904873,"{""15"": 0.009329603086519455, ""67"": 0.023272383124668554, ""68"": 0.059448073080708715, ""72"": 0.00950303838166011, ""75"": 0.009641546132499748, ""80"": 0.06242726908571104, ""94"": 0.46893421601862095, ""106"": 0.35744387108961134}","[0.797985253904873, 0.04317140870785083, 0.1153616723769142, 0.04348166501036202]",1.2839373200024822,94,0.46893421601862095,0.8888053561939433
66,4,4,1,0,2,0.2966582446557769,"{""33"": 0.018795332406068174, ""64"": 0.014116014457316917, ""67"": 0.030285296284005087, ""68"": 0.04879766744211514, ""72"": 0.011618923979915251, ""74"": 0.007973197034380918, ""94"": 0.3927758327352753, ""106"": 0.4756377356609231}","[0.2646504963418592, 0.15464636967230325, 0.2840448893300607, 0.2966582446557769]",1.1989076850907632,106,0.4756377356609231,0.9172112358383135
67,2,2,1,0,2,0.49097176333694925,"{""26"": 0.012265151112115189, ""67"": 0.03657872553167578, ""68"": 0.06747170114056494, ""71"": 0.01023378810149532, ""74"": 0.012224808189996286, ""90"": 0.014819305680457555, ""94"": 0.2955875651204053, ""106"": 0.5508189551232897}","[0.13221787868205298, 0.49097176333694925, 0.021723322697497542, 0.3550870352835004]",1.2087880306497527,106,0.5508189551232897,0.91387822138426
68,4,4,1,0,3,0.6557236422988965,"{""67"": 0.0796389340551919, ""68"": 0.09723256267789399, ""75"": 0.003914812960833163, ""80"": 0.0012398494086717277, ""90"": 0.04535775648283849, ""94"": 0.30094385604266244, ""104"": 0.008891700372412279, ""106"": 0.46278052799949604}","[0.16858042892992786, 0.05000538249952324, 0.1256905462716525, 0.6557236422988965]",1.3583674803698897,106,0.46278052799949604,0.8609569467200524
69,3,3,1,0,2,0.4983311000827562,"{""18"": 0.02229230610686508, ""67"": 0.023382448745314505, ""68"": 0.11489955511219523, ""73"": 0.0035468805822342266, ""80"": 0.0029677121967508838, ""90"": 0.07926551079556489, ""94"": 0.1502829463078879, ""106"": 0.6033626401531872}","[0.2733789248306745, 0.06999200433338568, 0.4983311000827562, 0.15829797075318358]",1.249095264847238,106,0.6033626401531872,0.8685451415732703
70,1,1,1,0,2,0.5110659911283855,"{""28"": 0.0029692035859511883, ""67"": 0.03233115758530013, ""68"": 0.2568581401781209, ""80"": 0.0016240654331555154, ""89"": 0.0023416944891802988, ""90"": 0.1769992854674924, ""94"": 0.18582670511607846, ""106"": 0.3410497481447211}","[0.5110659911283855, 0.02932741372601326, 0.38014544271597406, 0.0794611524296273]",1.4880802376795874,106,0.3410497481447211,0.7837345934389205
71,2,2,1,0,2,0.7007049106130464,"{""15"": 0.012543305337618648, ""67"": 0.035385416986776906, ""68"": 0.11781853939983943, ""90"": 0.011813078177811482, ""91"": 0.004458783881796039, ""94"": 0.1934276153697138, ""106"": 0.6245532608464437}","[0.03790355311248765, 0.7007049106130464, 0.17340485215814508, 0.08798668411632096]",1.1134579590050797,106,0.6245532608464437,0.935799415615997
72,4,1,0,1,2,0.32077936490944003,"{""6"": 0.009032239585383147, ""13"": 0.005428243091076046, ""19"": 0.003980383378954982, ""67"": 0.022838148062113546, ""68"": 0.11545788453142376, ""91"": 0.006158112699902129, ""94"": 0.25116617060997654, ""106"": 0.5859388180411698}","[0.48844520985908535, 0.028837980306295072, 0.16193744492517964, 0.32077936490944003]",1.119968585701975,106,0.5859388180411698,0.9525628731825702
73,4,4,1,0,3,0.4359380397866374,"{""13"": 0.014078178908449618, ""21"": 0.010951214955163246, ""46"": 0.012848082856038593, ""67"": 0.048203279249958604, ""68"": 0.22436503583203243, ""94"": 0.40537560888088675, ""106"": 0.2745940245920095, ""114"": 0.009584574725461266}","[0.3900144506752361, 0.08122151409254756, 0.09282599544557894, 0.4359380397866374]",1.4123572409934517,94,0.40537560888088675,0.9043346693049286
74,2,4,0,1,3,0.3598343808121601,"{""13"": 0.005383811657352436, ""59"": 0.03340913779452951, ""68"": 0.22105075004814112, ""74"": 0.018771112644822483, ""88"": 0.032883007187903435, ""106"": 0.6686866043165913, ""114"": 0.019815576350659676}","[0.05378924409496945, 0.3598343808121601, 0.057495358149567743, 0.5288810169433027]",1.009048841276715,106,0.6686866043165913,0.9231464921592619
75,1,1,1,0,2,0.7271532800720437,"{""5"": 0.01434233949324698, ""13"": 0.010394112788026974, ""53"": 0.019060720316944682, ""68"": 0.2644460723291634, ""74"": 0.007082755449266116, ""88"": 0.011000952705270947, ""106"": 0.6423095501653876, ""112"": 0.002195789297284256, ""114"": 0.02916770745540895}","[0.7271532800720437, 0.07722419672958165, 0.060875044308769624, 0.13474747888960495]",1.0211214549144887,106,0.6423095501653876,0.93592332994996
76,1,1,1,0,2,0.7531266977596581,"{""13"": 0.019159602913106803, ""15"": 0.03394272837130974, ""35"": 0.005664682974375524, ""53"": 0.010813289783341357, ""68"": 0.37330665562829785, ""74"": 0.011312548605933795, ""88"": 0.010354004651866713, ""106"": 0.5319829509102441, ""114"": 0.0034635361615240117}","[0.7531266977596581, 0.15981800104634755, 0.07498384547969278, 0.012071455714301604]",1.0901068107284304,106,0.5319829509102441,0.9392323349098516
77,1,1,1,0,2,0.7397276826770893,"{""13"": 0.02341071761785912, ""15"": 0.027890711534616405, ""24"": 0.010458610726092688, ""68"": 0.34066791388988776, ""74"": 0.012853374083307289, ""88"": 0.006069059475552239, ""95"": 0.021282244344312102, ""106"": 0.5553082058052053, ""114"": 0.002059162523167007}","[0.7397276826770893, 0.19893646322513245, 0.052625064840123185, 0.008710789257655064]",1.1105390623342124,106,0.5553082058052053,0.9238668312297095
78,2,2,1,0,1,0.5811787855260581,"{""13"": 0.023485687033261402, ""15"": 0.02621250742778569, ""24"": 0.016642970718979844, ""31"": 0.014464462196357886, ""68"": 0.2413662603638822, ""75"": 0.013204860799122512, ""106"": 0.652188154357148, ""108"": 0.012435097103462389}","[0.17548415680406765, 0.5811787855260581, 0.18354090500207307, 0.05979615266780141]",1.0465373892697027,106,0.652188154357148,0.919766922148816
79,4,4,1,0,3,0.7787726096308923,"{""0"": 0.0037857904449594224, ""13"": 0.04180290887461059, ""14"": 0.004949661166305387, ""31"": 0.02753873865324356, ""68"": 0.24487350420822984, ""75"": 0.02324058081023967, ""106"": 0.624643733328949, ""108"": 0.017403193489344364, ""114"": 0.011761889024118156}","[0.0997989466552418, 0.03527644572841932, 0.08615199798544654, 0.7787726096308923]",1.1276933628864938,106,0.624643733328949,0.9113201464117894
80,2,3,0,1,2,0.3268458593533108,"{""13"": 0.0069600689019871185, ""31"": 0.045168730126323345, ""68"": 0.16707180358379192, ""80"": 0.014028657176283571, ""82"": 0.01200295519003427, ""97"": 0.0012774550414675259, ""106"": 0.7292504663419088, ""108"": 0.02423986363820337}","[0.19341757855098057, 0.3268458593533108, 0.37100546841924903, 0.10873109367645964]",0.9152945863532549,106,0.7292504663419088,0.9414910000520241
81,3,3,1,0,2,0.6386062365944787,"{""2"": 0.0019013278970268564, ""31"": 0.07929529211222386, ""68"": 0.1717446655117009, ""80"": 0.0059656050744868565, ""82"": 0.01835336419490596, ""102"": 0.0036489024366646618, ""106"": 0.6965317486390904, ""108"": 0.013355489417060993, ""113"": 0.009203604716839436}","[0.02496833035270797, 0.09029304336544547, 0.6386062365944787, 0.24613238968736786]",0.9925582584488754,106,0.6965317486390904,0.9475717062630151
82,2,2,1,0,3,0.41017198828865853,"{""5"": 0.009632422443613555, ""31"": 0.001565715818398931, ""68"": 0.0629367305753405, ""80"": 0.0012886059901128597, ""82"": 0.005633046555956247, ""106"": 0.912122578282123, ""108"": 0.0024894611940934983, ""111"": 0.001508622817359126, ""113"": 0.0028228163230024257}","[0.05763930493375804, 0.41017198828865853, 0.2357672201641782, 0.29642148661340517]",0.39183620382928863,106,0.912122578282123,0.984691731301077
83,2,2,1,0,4,0.8496135852607931,"{""2"": 0.0006153186260978051, ""5"": 0.0034487443311139706, ""31"": 0.0029954592410422224, ""68"": 0.0630571809938784, ""71"": 0.008127241762765046, ""82"": 0.005185274849214847, ""106"": 0.911770905245335, ""108"": 0.0012379787088554347, ""113"": 0.0035618962416974205}","[0.01922872111896117, 0.8496135852607931, 0.056147407485241545, 0.07501028613500423]",0.3947620623977088,106,0.911770905245335,0.9829553280019784
84,3,3,1,0,2,0.6327716951340083,"{""5"": 0.0018944198633877112, ""14"": 0.0008211819220267999, ""24"": 0.001104409560009306, ""31"": 0.0019379113186206943, ""68"": 0.05554318886843262, ""71"": 0.008144312630186964, ""82"": 0.004150319706649286, ""106"": 0.9225821500826081, ""113"": 0.003822106048078463}","[0.14056061928019045, 0.15222175688653794, 0.6327716951340083, 0.07444592869926328]",0.35544525003977945,106,0.9225821500826081,0.9862696515812277
85,4,2,0,1,3,0.06753458404784161,"{""5"": 0.0012427744437979147, ""14"": 0.0013232029106351002, ""18"": 0.000244498056194442, ""31"": 0.001017135673110545, ""68"": 0.09276573670071556, ""71"": 0.009226333378555938, ""82"": 0.00298293591024346, ""106"": 0.8902940477528181, ""113"": 0.0009033351739291675}","[0.061382370761430965, 0.834838257624745, 0.03624478756598246, 0.06753458404784161]",0.4170578751828399,106,0.8902940477528181,0.9922861178320895
86,1,3,0,1,2,0.25920748482994516,"{""5"": 0.008275498485994853, ""14"": 0.010924591979956544, ""68"": 0.26412216437030933, ""71"": 0.07733848240565282, ""75"": 0.017467198741630295, ""82"": 0.023225845030850227, ""85"": 0.005276156231575227, ""106"": 0.5863385371859549, ""113"": 0.007031525568075959}","[0.25920748482994516, 0.06163125989577592, 0.6225416057315429, 0.056619649542735906]",1.1722447572131853,106,0.5863385371859549,0.927799183961917
87,3,3,1,0,2,0.7003947125016199,"{""14"": 0.028984424685493983, ""15"": 0.025507435610004858, ""24"": 0.03623995789471067, ""68"": 0.4193565544772588, ""71"": 0.13179484565560917, ""82"": 0.056186959707510024, ""106"": 0.2838038391354504, ""113"": 0.018125982833962145}","[0.060771385665980754, 0.06409001363110298, 0.7003947125016199, 0.17474388820129644]",1.5398647061318516,68,0.4193565544772588,0.8349552392683183
88,1,1,1,0,2,0.8440897346947827,"{""22"": 0.004113850894267415, ""28"": 0.01361322536223904, ""68"": 0.3633931589998218, ""71"": 0.17104814304177007, ""106"": 0.4354752980312565, ""111"": 0.00720346573224578, ""113"": 0.005152857938399182}","[0.8440897346947827, 0.1184502799454769, 0.02521403125166184, 0.012245954108078624]",1.1756821744187198,106,0.4354752980312565,0.9699166000728483
89,3,3,1,0,2,0.5056333148189625,"{""24"": 0.038186555714070064, ""28"": 0.01489839918802956, ""68"": 0.3643799543752818, ""70"": 0.026914505788770842, ""71"": 0.0901786614903345, ""75"": 0.038373809832268346, ""106"": 0.423375775975591, ""113"": 0.0036923376356537683}","[0.010435375094776838, 0.026304006111793808, 0.5056333148189625, 0.457627303974467]",1.379172433455712,106,0.423375775975591,0.8779343918412074
90,2,2,1,0,3,0.5879087384495431,"{""13"": 0.012757420529465949, ""14"": 0.021834651207978922, ""35"": 0.01693163569779142, ""68"": 0.032958065826522526, ""70"": 0.028910498121592486, ""71"": 0.1498218431358692, ""75"": 0.033264921787664166, ""106"": 0.7035209636931152}","[0.3558411286395404, 0.5879087384495431, 0.04266084742412792, 0.013589285486788585]",1.0681328193943127,106,0.7035209636931152,0.8866077286166486
91,4,4,1,0,2,0.873024575313157,"{""13"": 0.01924848599704384, ""14"": 0.02262014107647125, ""20"": 0.00875648041604166, ""62"": 0.013810317994027535, ""68"": 0.05947953645480558, ""70"": 0.028731907143169484, ""71"": 0.055329511440873586, ""75"": 0.006390216604868099, ""106"": 0.7856334028726989}","[0.01617248437239473, 0.04128398790683669, 0.06951895240761156, 0.873024575313157]",0.9142053845710085,106,0.7856334028726989,0.9004424507683781
92,3,3,1,0,2,0.7375825363575678,"{""1"": 0.00395758591933396, ""13"": 0.003646014038666182, ""20"": 0.0015426354041679746, ""50"": 0.0032676646877616245, ""62"": 0.010191601732112263, ""68"": 1.1861658027383555e-08, ""70"": 6.335605987406867e-09, ""71"": 1.1072138679157558e-08, ""106"": 0.9773944689485554}","[0.06444543725544054, 0.035881243296996816, 0.7375825363575678, 0.1620907830899949]",0.140142753270362,106,0.9773944689485554,0.9915436566000017
93,2,2,1,0,3,0.7239923583173209,"{""1"": 0.007809862076277669, ""13"": 0.00775256765418315, ""14"": 0.0007781758291261863, ""20"": 0.002654370355785052, ""50"": 0.00728557122890636, ""62"": 0.011861219746666832, ""68"": 1.7872006064009942e-07, ""70"": 9.830635191568957e-08, ""106"": 0.9618579560826422}","[0.02212496224669737, 0.7239923583173209, 0.14963075985396573, 0.10425191958201599]",0.2227533429162834,106,0.9618579560826422,0.9815290379055868
94,4,4,1,0,2,0.8626227584459868,"{""1"": 0.004923727163445088, ""13"": 0.008693602951271116, ""14"": 0.0005870177750545921, ""15"": 0.0002678155115846138, ""20"": 0.003025931979749001, ""50"": 0.0005112342779581036, ""62"": 0.01697119496156465, ""71"": 0.0021869111431688983, ""106"": 0.9628325642362039}","[0.05851522290599706, 0.008441348807280397, 0.07042066984073576, 0.8626227584459868]",0.21445483483109654,106,0.9628325642362039,0.9884973621490396
95,3,2,0,1,2,0.24288871848953106,"{""1"": 0.005222814150081187, ""13"": 0.0038369975695036534, ""20"": 0.0015838700084827028, ""50"": 0.0001519069010973743, ""54"": 0.0012385225661870327, ""62"": 0.01370674433270302, ""68"": 0.0007703013530187231, ""71"": 0.0040164231656423105, ""106"": 0.969472419953284}","[0.03994059569363263, 0.6800599021685392, 0.24288871848953106, 0.03711078364829706]",0.1851676274618598,106,0.969472419953284,0.9884019784360683
96,3,3,1,0,2,0.4210503729221141,"{""1"": 0.006192356676636315, ""13"": 0.004103701045600461, ""20"": 0.001063003265897468, ""54"": 0.008692151869305859, ""62"": 0.015682002740672357, ""68"": 0.002693076585535299, ""70"": 0.006197237660861964, ""106"": 0.9548652068338945, ""114"": 0.0005112633215956258}","[0.35537524925366215, 0.16202241651497618, 0.4210503729221141, 0.06155196130924754]",0.26314068737320034,106,0.9548652068338945,0.9792393614438727
97,1,1,1,0,2,0.6387981343586052,"{""1"": 0.0043373245853705914, ""4"": 0.0007197863810772227, ""13"": 0.005177604325172029, ""54"": 0.03259776608957403, ""62"": 0.016186072199095916, ""68"": 0.008482881328803886, ""70"": 0.026605199631997443, ""75"": 0.000519044132426313, ""106"": 0.9053743213264824}","[0.6387981343586052, 0.17880105397989787, 0.026227041862222043, 0.1561737697992748]",0.4652763531848432,106,0.9053743213264824,0.9645772870480539
98,4,4,1,0,2,0.5087789899705087,"{""1"": 0.002830165365427542, ""13"": 0.005769356069695767, ""50"": 0.00615286052058068, ""54"": 0.003252470954500126, ""62"": 0.0060432106038789905, ""68"": 0.01047562964661667, ""70"": 0.004167457310100792, ""75"": 0.001264321491335952, ""106"": 0.9600445280378634}","[0.04300838984212, 0.3252122518179431, 0.12300036836942813, 0.5087789899705087]",0.24535440376621434,106,0.9600445280378634,0.9766730182050608
99,4,1,0,1,3,0.38044254247476955,"{""1"": 0.006754240083080733, ""13"": 0.001695440052413452, ""27"": 0.0001902656850855887, ""50"": 0.0032863670230539248, ""54"": 0.002282323044710361, ""62"": 0.005084889992741817, ""68"": 3.906787171173859e-09, ""106"": 0.9807064696823915, ""114"": 5.297354296168183e-10}","[0.525920365239552, 0.06768162759324796, 0.025955464692430586, 0.38044254247476955]",0.12483727070071245,106,0.9807064696823915,0.9925455997582141
100,4,4,1,0,2,0.5163056828573946,"{""1"": 0.022768249553344274, ""13"": 0.006817775748037874, ""27"": 0.0011682435277544918, ""50"": 0.011183488473404191, ""54"": 0.010117844124307506, ""62"": 0.01791385961456888, ""80"": 0.0048775648590804075, ""105"": 0.004107209656738091, ""106"": 0.9210457644427642}","[0.010337036419421616, 0.02886042600768095, 0.4444968547155029, 0.5163056828573946]",0.42107970313143306,106,0.9210457644427642,0.9617278736106774
101,1,1,1,0,3,0.5405527775241759,"{""1"": 0.022768820692837203, ""13"": 0.006332635976489976, ""31"": 0.009079764448092026, ""50"": 0.01774500976927549, ""54"": 0.02954544386241337, ""80"": 0.012837646574827416, ""101"": 0.004499879058209792, ""105"": 0.0068643734054978965, ""106"": 0.8903264262123567}","[0.5405527775241759, 0.06445491851768521, 0.09247036869616622, 0.3025219352619727]",0.5543116526424708,106,0.8903264262123567,0.9426406907676074
102,4,4,1,0,2,0.5679805730526398,"{""1"": 0.03956224814188517, ""22"": 0.007504018049116594, ""31"": 0.014235380880274165, ""50"": 0.03629468109391479, ""54"": 0.05154910328033134, ""71"": 0.017248824786411827, ""80"": 0.02081241763887283, ""105"": 0.016845737130216795, ""106"": 0.7959475889989766}","[0.173660259318856, 0.11025809719034711, 0.1481010704381572, 0.5679805730526398]",0.8992985119470069,106,0.7959475889989766,0.887058940421193
103,1,1,1,0,2,0.667353211498283,"{""1"": 0.04807771851247561, ""33"": 0.005521222779327809, ""50"": 0.0058581336171425295, ""54"": 0.0189503733405608, ""75"": 0.022004732666385106, ""80"": 0.0238605136207792, ""104"": 0.0075538015384878955, ""105"": 0.013985592028443678, ""106"": 0.8541879118963975}","[0.667353211498283, 0.17908436868865316, 0.14380710723378884, 0.009755312579275064]",0.6842412536157156,106,0.8541879118963975,0.9261261440296524
104,1,1,1,0,2,0.5334365840914091,"{""1"": 0.0755660990115119, ""23"": 0.004212272627135183, ""28"": 0.0021889492347698805, ""54"": 0.038069265853470195, ""75"": 5.797403322365324e-09, ""80"": 6.208622807135817e-09, ""104"": 0.013922413262189104, ""105"": 0.020108157216759043, ""106"": 0.8459328307881385}","[0.5334365840914091, 0.23190565211143213, 0.101265823077679, 0.1333919407194797]",0.6356385310488971,106,0.8459328307881385,0.9595681956531206
105,2,4,0,1,3,0.10692851133177034,"{""1"": 0.09461441003360689, ""5"": 0.007039863330025537, ""23"": 0.0078133143833237, ""28"": 0.004968655204274662, ""54"": 0.05795486095037117, ""68"": 0.012760284084093205, ""104"": 0.02046833667131575, ""105"": 0.029193109363215116, ""106"": 0.7651871659797739}","[0.06123284603547484, 0.10692851133177034, 0.17732279419299565, 0.6545158484397592]",0.930519195277853,106,0.7651871659797739,0.917756436963752
106,1,3,0,1,2,0.30600238618817216,"{""1"": 0.2199216578798462, ""23"": 0.023830774879209798, ""26"": 0.019035501583600498, ""54"": 0.12094812522903962, ""68"": 0.03747602301466789, ""80"": 0.026470531680224965, ""92"": 0.036019493319598195, ""104"": 0.034049226291150786, ""106"": 0.48224866612266204}","[0.30600238618817216, 0.10559877364202455, 0.4528531102769755, 0.13554572989282773]",1.5587274079412927,106,0.48224866612266204,0.8231184492315479
107,2,2,1,0,2,0.4889749613591559,"{""16"": 0.23423878232765585, ""26"": 0.03205205903689989, ""31"": 0.06368565966751644, ""42"": 0.11192846520606577, ""54"": 0.22987170812725102, ""80"": 0.1048374751016664, ""106"": 0.22338585053294463}","[0.05309690876458478, 0.4889749613591559, 0.25997546766033147, 0.19795266221592786]",1.7799708299781263,16,0.23423878232765585,0.6874963409878515
108,4,4,1,0,2,0.8127019658899711,"{""16"": 0.09096032228935237, ""42"": 0.16929491184511988, ""57"": 0.016949549534660793, ""80"": 0.020466429004203944, ""95"": 0.1560812385323715, ""99"": 0.08333545147118908, ""106"": 0.46291209732310235}","[0.01242208625751724, 0.11672402493115798, 0.0581519229213537, 0.8127019658899711]",1.5209782571662378,106,0.46291209732310235,0.7882882477005937
109,1,1,1,0,2,0.3491194323120703,"{""16"": 0.06300964810899495, ""31"": 0.10995930287687326, ""41"": 0.095697937846433, ""42"": 0.16389221659194103, ""80"": 0.026504766045940778, ""90"": 0.04423771656345242, ""106"": 0.49669841196636466}","[0.3491194323120703, 0.26583259811339877, 0.2424376651946901, 0.14261030437984082]",1.5196472291152496,106,0.49669841196636466,0.7705499314351789
110,2,4,0,1,3,0.30194238555961134,"{""16"": 0.0670165707243819, ""21"": 0.020522609914797985, ""41"": 4.35821302429315e-08, ""80"": 1.4616732343544394e-08, ""90"": 0.025631963576035914, ""106"": 0.8496984081142436, ""113"": 0.03713038947167788}","[0.05558128599676186, 0.30194238555961134, 0.1465690740842414, 0.4959072543593854]",0.6154791520468007,106,0.8496984081142436,0.9538453683103034
111,4,4,1,0,2,0.8138005675122036,"{""6"": 0.014211642497477426, ""16"": 0.1336467924340348, ""21"": 0.046924549868714645, ""41"": 4.4021477809019934e-07, ""68"": 0.04026593827097549, ""80"": 1.933639419530861e-07, ""90"": 0.05273909585926876, ""106"": 0.6361449146688858, ""113"": 0.0760664328219232}","[0.02362386576010704, 0.09452178767366105, 0.0680537790540282, 0.8138005675122036]",1.2412139432854905,106,0.6361449146688858,0.8458581399248437
112,2,2,1,0,3,0.538096827506516,"{""16"": 0.05810068713722658, ""21"": 0.04579059172981087, ""45"": 0.032409717645434946, ""58"": 0.05533418230078382, ""80"": 1.4430322447586883e-06, ""90"": 0.03878692668031831, ""106"": 0.6623262930758435, ""113"": 0.10725015839833706}","[0.12443636388132008, 0.538096827506516, 0.3103166129535648, 0.027150195658599083]",1.2162196164945114,106,0.6623262930758435,0.8276771386114071
113,1,1,1,0,2,0.7406945399280257,"{""21"": 0.004686846116545505, ""45"": 0.008390193934064327, ""58"": 0.008080501977972379, ""71"": 0.02592281155320553, ""97"": 0.005135447635820631, ""106"": 0.8108659927074445, ""112"": 0.00792301297459893, ""113"": 0.1289951931003483}","[0.7406945399280257, 0.08230297095102605, 0.15098110674867282, 0.026021382372275567]",0.6984502761619574,106,0.8108659927074445,0.9657839973609983
114,2,2,1,0,3,0.5396896417876736,"{""40"": 0.010532459834006054, ""45"": 0.009352259980383712, ""58"": 0.00850938245760965, ""71"": 0.028474560028183583, ""80"": 0.02136931687051082, ""106"": 0.8140578335230124, ""112"": 0.010476145936364738, ""113"": 0.09722804136992914}","[0.1438282352306639, 0.5396896417876736, 0.10576657296264182, 0.2107155500190207]",0.7575661745353561,106,0.8140578335230124,0.9397604349211252
115,3,3,1,0,3,0.7636576186502719,"{""45"": 0.011541002442546874, ""58"": 0.004778969557035205, ""68"": 0.01872817986906702, ""71"": 0.039090103084431185, ""80"": 0.0013325667077960152, ""106"": 0.8766957807320589, ""112"": 0.0040744514475839575, ""113"": 0.04375894615948094}","[0.017141695788964725, 0.14539221168392086, 0.7636576186502719, 0.07380847387684253]",0.5617895629086964,106,0.8766957807320589,0.959544829975971
116,3,1,0,1,2,0.09677445584212353,"{""45"": 0.02065402961697133, ""58"": 0.009081365471412303, ""68"": 0.029971071690835044, ""71"": 0.058453992948955785, ""80"": 0.0023961333455753317, ""87"": 0.00836961216329614, ""106"": 0.8303377040812697, ""112"": 0.006527642677151973, ""113"": 0.034208448004532634}","[0.4425367760264277, 0.3853143760897423, 0.09677445584212353, 0.0753743920417065]",0.7511141688070789,106,0.8303377040812697,0.9230001450347581
117,2,2,1,0,2,0.818678433456884,"{""13"": 0.011983317458199395, ""45"": 0.054983095792985597, ""53"": 0.0045292800389115, ""68"": 0.22287960774215917, ""71"": 0.07074103933535875, ""106"": 0.586768044795162, ""112"": 0.010275788635469883, ""113"": 0.03783982620175372}","[0.08396095614790099, 0.818678433456884, 0.07604737512093007, 0.021313235274284942]",1.2426630315264966,106,0.586768044795162,0.88038869187268
118,1,1,1,0,2,0.7149102392993876,"{""4"": 0.05136886262838288, ""13"": 0.010976524702372953, ""68"": 0.2473488616017005, ""71"": 0.023604093162754927, ""75"": 0.004306862691429433, ""102"": 0.011084517106579178, ""106"": 0.6175163625893083, ""113"": 0.03379391551747169}","[0.7149102392993876, 0.06492456529321099, 0.13153689526314985, 0.08862830014425166]",1.1215063976263424,106,0.6175163625893083,0.9162340868193918
119,1,2,0,1,2,0.3730213801644838,"{""4"": 0.06571248799361783, ""13"": 0.018255111762691924, ""24"": 0.015434233512583058, ""32"": 0.024522087617234678, ""68"": 0.27475853610580436, ""80"": 0.03048959908293393, ""106"": 0.5272743526149187, ""113"": 0.04355359131021546}","[0.3730213801644838, 0.5395867323929243, 0.0732904115504194, 0.014101475892172505]",1.3426225660448716,106,0.5272743526149187,0.8677453767143409
120,3,3,1,0,3,0.657957181130531,"{""4"": 0.13592153694298797, ""24"": 0.01098669561919761, ""31"": 0.004261288439800664, ""68"": 9.01768716511943e-08, ""75"": 1.5073179690067554e-08, ""98"": 0.018264606328382546, ""106"": 0.753749023155365, ""113"": 0.07681674426421482}","[0.016003071678938545, 0.07471841960616217, 0.657957181130531, 0.2513213275843682]",0.8274063452464201,106,0.753749023155365,0.9664873043625678
121,3,3,1,0,2,0.6424331542053977,"{""4"": 0.15549392034802992, ""24"": 0.01473545066834996, ""31"": 0.003764013317396173, ""71"": 0.02653434399360315, ""81"": 0.01021137570902461, ""95"": 0.018424820581579415, ""98"": 0.01906273487843479, ""106"": 0.6792298888372454, ""113"": 0.07254345166633669}","[0.03429646582053873, 0.13609809683949864, 0.6424331542053977, 0.18717228313456497]",1.1177933535057794,106,0.6792298888372454,0.907267260851612
122,4,2,0,1,3,0.2967436390563943,"{""4"": 0.044885470949681816, ""14"": 0.022007408498357216, ""30"": 0.0014549574408431432, ""71"": 0.04570238033761099, ""81"": 0.0028893173371287587, ""98"": 0.018464432990183164, ""99"": 0.0028140116800286375, ""106"": 0.8617820207661662}","[0.026745746566978337, 0.638767460058627, 0.037743154318000516, 0.2967436390563943]",0.6091424386023582,106,0.8617820207661662,0.952369872053459
123,3,3,1,0,2,0.6497244236807038,"{""4"": 0.04164676159882706, ""5"": 0.011473833260881675, ""14"": 0.061060712161498235, ""71"": 0.13208733741685197, ""81"": 0.011427500695420523, ""98"": 0.0581181349364882, ""99"": 0.012032638016827623, ""105"": 0.029861448630502357, ""106"": 0.6422916332827023}","[0.04353248546206774, 0.08018752362149022, 0.6497244236807038, 0.2265555672357383]",1.2805878707815856,106,0.6422916332827023,0.8354396828610525
124,3,1,0,1,2,0.2070264339584224,"{""4"": 0.04568907687111128, ""11"": 0.044160286462722444, ""14"": 0.06764606903725687, ""27"": 0.03712911438001516, ""55"": 0.05682077433476294, ""71"": 0.14284370367992427, ""98"": 0.061461866574167794, ""106"": 0.5442491086600393}","[0.3446934439608882, 0.17726148433569333, 0.2070264339584224, 0.27101863774499607]",1.5267094292507872,106,0.5442491086600393,0.7547388813772204
125,3,3,1,0,2,0.7732747687935684,"{""2"": 0.012559346295496224, ""4"": 0.03173212951539608, ""14"": 0.0785814237593255, ""65"": 0.025047540904411053, ""71"": 0.12065960291415984, ""98"": 0.1435591262338695, ""106"": 0.5878608303773417}","[0.13909123189637412, 0.05868163454781186, 0.7732747687935684, 0.02895236476224561]",1.3028244118640058,106,0.5878608303773417,0.852079559525371
126,3,3,1,0,2,0.5168047068663202,"{""14"": 0.08166627303834341, ""65"": 0.03212024613210157, ""71"": 0.12171660591857104, ""75"": 0.06537631107874287, ""88"": 0.05251108795122484, ""89"": 0.05715171016878781, ""98"": 0.12363390950402421, ""106"": 0.46582385620820405}","[0.21659174182614727, 0.17612768697691408, 0.5168047068663202, 0.09047586433061847]",1.6823039718676691,106,0.46582385620820405,0.7111743716307993
127,1,1,1,0,2,0.5870659437021132,"{""14"": 0.08699541220149419, ""68"": 0.08266187167269783, ""89"": 0.016199956868319203, ""98"": 0.2348965298243447, ""100"": 0.03025939767344616, ""101"": 0.03229955824887622, ""106"": 0.5166872735108218}","[0.5870659437021132, 0.15384980504996698, 0.1309618043991675, 0.12812244684875235]",1.3834698889422605,106,0.5166872735108218,0.8385792155366607
128,3,3,1,0,2,0.4378236684887804,"{""4"": 0.028379018789285188, ""14"": 0.10757972816425652, ""30"": 0.057005667511343484, ""75"": 0.04992991337480132, ""89"": 0.01088873480347758, ""98"": 0.32094874954988134, ""100"": 0.040367399631098665, ""106"": 0.38490078817585593}","[0.0734840751522268, 0.260234681151269, 0.4378236684887804, 0.22845757520772392]",1.5649133082471598,106,0.38490078817585593,0.8134292658899938
129,2,4,0,1,2,0.369980331218972,"{""30"": 0.013648634502635017, ""32"": 0.024192705332719975, ""53"": 0.0062901122561768155, ""68"": 0.0973697698926229, ""98"": 0.4897165121648175, ""100"": 0.028893819730838044, ""106"": 0.33988844612018976}","[0.07538042184821254, 0.369980331218972, 0.047354755753838296, 0.5072844911789772]",1.2261400760944545,98,0.4897165121648175,0.9269747281776302
130,3,3,1,0,2,0.6168462792183707,"{""28"": 0.006823469576975193, ""30"": 0.0073563197919701865, ""32"": 0.013849272760259683, ""68"": 0.23278734836219334, ""83"": 0.007857261018138514, ""98"": 0.03619171660315652, ""99"": 0.019405958097176865, ""106"": 0.6757286537901297}","[0.026525455889509636, 0.06714538483601895, 0.6168462792183707, 0.2894828800561008]",0.968312192883338,106,0.6757286537901297,0.9447077187554797
131,4,4,1,0,2,0.761939058103291,"{""11"": 0.014494656626726136, ""28"": 0.009783165429988562, ""30"": 0.007093150609527029, ""68"": 0.23492088938620972, ""71"": 0.03673330918630689, ""98"": 0.027755949540843063, ""99"": 0.024081724773378544, ""103"": 0.03340088434639448, ""106"": 0.6117362701006257}","[0.02830455349463149, 0.15005058168175725, 0.05970580672032037, 0.761939058103291]",1.2067900732567054,106,0.6117362701006257,0.8833904686731423
132,2,3,0,1,2,0.15129098192388196,"{""37"": 0.009680660461822714, ""54"": 0.022982490642173236, ""68"": 0.23747046356427332, ""71"": 0.01641720572837985, ""80"": 0.03964407517791417, ""99"": 0.013559758799775178, ""103"": 0.04601660836799118, ""106"": 0.6142287372576702}","[0.3379400654834956, 0.15129098192388196, 0.46593693842901235, 0.044832014163610184]",1.167809017666106,106,0.6142287372576702,0.8977158091899347
133,1,1,1,0,2,0.862949038114607,"{""4"": 0.015952518996641265, ""14"": 0.017097158099119582, ""54"": 0.032812100312110334, ""68"": 0.24824813567504156, ""71"": 0.026739284226187585, ""76"": 0.02119455562596484, ""99"": 0.021695922864880195, ""106"": 0.6162603242000546}","[0.862949038114607, 0.08793785778799605, 0.0380404046379783, 0.0110726994594187]",1.1535432151420992,106,0.6162603242000546,0.8973205601872065
134,4,4,1,0,2,0.42229482929704576,"{""14"": 0.022097505389070106, ""16"": 0.030708649913999082, ""24"": 0.012931448186411182, ""54"": 0.04221132220825351, ""68"": 0.25239479758687516, ""75"": 0.03031602214493039, ""76"": 0.029782880681239795, ""106"": 0.5795573738892208}","[0.06542794851815409, 0.10054386976361956, 0.4117333524211807, 0.42229482929704576]",1.255304905356863,106,0.5795573738892208,0.8741634936843495
135,2,2,1,0,2,0.4579264241908214,"{""24"": 0.007114329691608537, ""54"": 0.021317847205979724, ""68"": 7.889102129904256e-08, ""76"": 1.2791350013105942e-08, ""80"": 1.183273927918077e-08, ""97"": 0.039428798894151657, ""103"": 0.05735463247155005, ""106"": 0.8747842882215995}","[0.16387697004106092, 0.4579264241908214, 0.31556608838195704, 0.06263051738616071]",0.5256809219056912,106,0.8747842882215995,0.9715677195873011
136,4,4,1,0,3,0.9015350666394577,"{""13"": 0.004782476710808529, ""24"": 0.01003614855527803, ""27"": 0.0010993052680377611, ""54"": 0.016355974664139586, ""68"": 5.103967791249199e-07, ""80"": 2.0024154794090775e-08, ""97"": 0.022094095795240548, ""103"": 0.10788948516627575, ""106"": 0.8377419834192859}","[0.010681785357381178, 0.06921751490219367, 0.018565633100967503, 0.9015350666394577]",0.6192884787809358,106,0.8377419834192859,0.9677255643808022
137,2,3,0,1,2,0.31759281311628196,"{""13"": 0.002126621963651029, ""24"": 0.006848398611912573, ""27"": 0.0013396899126589105, ""54"": 0.012336458214631448, ""71"": 0.00451078102549608, ""80"": 1.9941488121272323e-07, ""97"": 0.005743700607588177, ""103"": 0.08905589063735472, ""106"": 0.8780382596118257}","[0.04401482340071519, 0.31759281311628196, 0.5306049710502319, 0.10778739243277112]",0.49388545240058007,106,0.8780382596118257,0.9794306084638119
138,3,1,0,1,2,0.3460522606307542,"{""13"": 0.004158167847253471, ""14"": 0.0016000548664283625, ""24"": 0.013939340658298572, ""54"": 0.013395693140379627, ""71"": 0.011688263108935218, ""97"": 0.007875354565129654, ""103"": 0.1750641039215913, ""106"": 0.7708754538006263, ""115"": 0.0014035680913576341}","[0.5200670480601532, 0.0737056815217078, 0.3460522606307542, 0.060175009787384735]",0.7554772777629909,106,0.7708754538006263,0.9598788983805162
139,2,2,1,0,2,0.7040912630348664,"{""24"": 0.03089475155595696, ""54"": 0.0297668481910548, ""68"": 0.02349170882575653, ""71"": 0.02472422180727459, ""93"": 0.0218184094799615, ""97"": 0.018036317191756954, ""103"": 0.18662170688584745, ""106"": 0.6646460360623911}","[0.03865025415279204, 0.7040912630348664, 0.08923238021201854, 0.16802610260032308]",1.1322993535953076,106,0.6646460360623911,0.8821624945041956
140,4,4,1,0,2,0.873732018421185,"{""24"": 0.03767304771022547, ""29"": 0.0028735657143679023, ""54"": 0.02431382391312787, ""75"": 0.0018900943074787928, ""80"": 0.010311761015422851, ""93"": 0.013553580752600745, ""103"": 0.03655865122778392, ""106"": 0.8728254753589924}","[0.023484926249961673, 0.03806507471065449, 0.06471798061819893, 0.873732018421185]",0.5877141922739808,106,0.8728254753589924,0.9470571742970018
141,1,4,0,1,2,0.06575710979204753,"{""24"": 0.025162174718111035, ""31"": 0.013092139321126205, ""54"": 0.027583949678737677, ""56"": 0.009026502450951513, ""75"": 0.00046922120215362443, ""80"": 0.01595458166625733, ""93"": 0.0035322914570772757, ""103"": 0.02409640984421692, ""106"": 0.8810827296613684}","[0.06575710979204753, 0.06536304517439792, 0.02253339824285537, 0.8463464467906991]",0.5818388719830451,106,0.8810827296613684,0.933828854058217
142,4,4,1,0,2,0.5146287304758589,"{""24"": 0.10886283000401777, ""31"": 0.029668230154904118, ""54"": 0.12834743260976222, ""56"": 0.01624923592547043, ""65"": 0.026674659606882832, ""80"": 0.041383323902935226, ""93"": 0.026498772934823518, ""103"": 0.10006225345451124, ""106"": 0.5222532614066927}","[0.05970197167865485, 0.08898224545198294, 0.33668705239350344, 0.5146287304758589]",1.5705015152143773,106,0.5222532614066927,0.7594635240204727
143,4,4,1,0,3,0.4938710837976841,"{""54"": 0.20098385060676824, ""59"": 0.06802453381257602, ""65"": 0.01168085746740798, ""71"": 0.03796465948986003, ""92"": 0.08015841775340608, ""103"": 0.06599718529332711, ""106"": 0.5351904955766545}","[0.028478901070306158, 0.09067220409116056, 0.3869778110408493, 0.4938710837976841]",1.3977453430183528,106,0.5351904955766545,0.8163327639368289
144,1,1,1,0,2,0.5610265535196385,"{""54"": 0.1703244010960162, ""59"": 0.10242429909907984, ""71"": 1.3141949313415968e-08, ""80"": 1.371947132506548e-08, ""86"": 1.3210392666512557e-08, ""95"": 0.07680706543598756, ""106"": 0.6504441942971031}","[0.5610265535196385, 0.3292634722180309, 0.07346036239426051, 0.03624961186807021]",1.0117487755005046,106,0.6504441942971031,0.9231928944921991
145,4,4,1,0,3,0.6761818877411351,"{""13"": 0.02522811165351004, ""54"": 0.1657693455302856, ""59"": 0.10678993986907805, ""75"": 0.032790777248268094, ""80"": 1.4992636185214207e-07, ""86"": 1.4765288706968256e-07, ""95"": 0.07660666937113388, ""105"": 0.030779175570207082, ""106"": 0.5620356831782682}","[0.0629153820655597, 0.10897679189224767, 0.15192593830105763, 0.6761818877411351]",1.369483266257504,106,0.5620356831782682,0.8345949685776318
146,2,4,0,1,2,0.19714218906301847,"{""5"": 0.04738731155765192, ""13"": 0.006211513788221771, ""28"": 0.00616320297543936, ""54"": 0.1490877167881839, ""59"": 0.10606145051078605, ""80"": 1.5358438973669345e-06, ""95"": 0.014263008021977682, ""106"": 0.670824260513842}","[0.03986636291884407, 0.19714218906301847, 0.1523428095170412, 0.6106486385010963]",1.0576169236342985,106,0.670824260513842,0.925973427812812
147,3,3,1,0,2,0.5426632085044079,"{""5"": 0.02750387586265707, ""13"": 0.019769717409172938, ""18"": 0.04589498176903757, ""28"": 0.012717583931260813, ""54"": 0.24054844933240888, ""59"": 0.20176254921843484, ""80"": 9.067341271136794e-06, ""106"": 0.4428464422042456, ""108"": 0.008947332931511023}","[0.11426076148710723, 0.05513696959991558, 0.5426632085044079, 0.2879390604085693]",1.442044566188764,106,0.4428464422042456,0.8851574407550894
148,1,1,1,0,2,0.3715566447818224,"{""18"": 0.04421645699957556, ""54"": 0.17765119233289967, ""59"": 0.2054550814859469, ""71"": 0.05732242970117975, ""90"": 0.03734440975399954, ""106"": 0.4301800588236482, ""113"": 0.04783037090275047}","[0.3715566447818224, 0.2449605157428195, 0.2841338610485818, 0.09934897842677633]",1.5649525431824893,106,0.4301800588236482,0.8132863326424948
149,3,3,1,0,2,0.4778423296318973,"{""18"": 0.025534120945219268, ""42"": 0.10127358407070719, ""54"": 0.11168628688169323, ""59"": 0.025536343504573462, ""68"": 0.11932118520522747, ""79"": 0.05539823901230584, ""106"": 0.5612502403802736}","[0.011235607012331233, 0.05931588813398738, 0.4778423296318973, 0.45160617522178415]",1.4021630053431149,106,0.5612502403802736,0.7922577124671943
150,1,1,1,0,2,0.6868682482479082,"{""42"": 0.14032497799023155, ""68"": 0.029178040030863668, ""79"": 0.01241630558019532, ""80"": 0.005357801315737921, ""88"": 0.044220242972774965, ""106"": 0.7244543095457536, ""110"": 0.04404832256444313}","[0.6868682482479082, 0.09316652858232703, 0.09310612516091732, 0.12685909800884745]",0.9701651329374299,106,0.7244543095457536,0.9089995305087601
151,2,2,1,0,2,0.5023546886835965,"{""10"": 0.004118362126266623, ""32"": 0.007805456834335293, ""42"": 0.20182698234576316, ""68"": 0.05423528359355954, ""75"": 0.019280920452797157, ""79"": 0.013612279053678154, ""88"": 0.01486827462851134, ""106"": 0.6311982066078203, ""110"": 0.0530542343572684}","[0.06513864835980819, 0.5023546886835965, 0.37390143531665176, 0.05860522763994357]",1.1849790559334688,106,0.6311982066078203,0.887260472547143
152,3,3,1,0,2,0.6638727361372238,"{""15"": 0.004629231413156882, ""42"": 0.3726072655763243, ""71"": 0.019465508804656112, ""79"": 0.017253960622553726, ""88"": 0.010618267897443466, ""98"": 0.005258786619117055, ""106"": 0.5683932252459644, ""110"": 0.001773753820784315}","[0.023024390910143352, 0.03293282024029333, 0.6638727361372238, 0.28017005271233947]",0.9476604341064825,106,0.5683932252459644,0.9604659996269448
153,1,1,1,0,2,0.8558246569548862,"{""15"": 0.0010141273147528736, ""17"": 0.007408254550147914, ""42"": 0.37700776075633635, ""68"": 0.018934599277358542, ""71"": 0.027766540035409862, ""79"": 0.0020334562518800814, ""88"": 0.008268219740949795, ""91"": 0.020262493616977746, ""106"": 0.5373045484561867}","[0.8558246569548862, 0.03454923901402362, 0.06440956130850324, 0.04521654272258705]",1.0507429119312233,106,0.5373045484561867,0.942078849247933
154,1,1,1,0,2,0.9283644495494262,"{""15"": 0.002183601544473805, ""38"": 0.013766944881533544, ""42"": 0.3604920933501278, ""56"": 0.010239814717097336, ""68"": 0.02730301753521242, ""71"": 0.03429635231365293, ""75"": 0.017308645667189253, ""91"": 0.020936578536221797, ""106"": 0.5134729514544912}","[0.9283644495494262, 0.03018871355220988, 0.03214142530741608, 0.00930541159094795]",1.1944971353667975,106,0.5134729514544912,0.9082613971182719
155,3,3,1,0,2,0.7922618253468859,"{""38"": 0.008221485077869748, ""42"": 0.35466437154516806, ""56"": 0.009282751754085064, ""68"": 0.021291415912138453, ""71"": 0.03968586111569245, ""75"": 0.023846083714266768, ""79"": 0.018287623759543455, ""106"": 0.524720407121236}","[0.08971586873556263, 0.050932205695871875, 0.7922618253468859, 0.0670901002216796]",1.1612246222905558,106,0.524720407121236,0.9190706397820966
156,3,3,1,0,2,0.4288926911802056,"{""16"": 0.000609498114287172, ""38"": 0.0016931274435942987, ""42"": 0.40610571279830204, ""56"": 0.0017389381106030569, ""71"": 0.04627349051415198, ""75"": 0.0016394590294972504, ""91"": 0.012860429340453958, ""106"": 0.5290793446491102}","[0.016609998434558113, 0.12776061026287341, 0.4288926911802056, 0.4267367001223629]",0.9378565943346813,106,0.5290793446491102,0.9814585479615643
157,2,3,0,1,2,0.22043408662962627,"{""14"": 0.001388884371368443, ""38"": 9.517118652318942e-10, ""42"": 0.3725369400090033, ""43"": 0.002773821928085053, ""54"": 0.0015636731648639682, ""56"": 0.0011004867597025258, ""71"": 1.5882545775097855e-08, ""91"": 0.007028461788325987, ""106"": 0.613607715144393}","[0.20739566391921993, 0.22043408662962627, 0.4566875612301149, 0.11548268822103894]",0.7454494308839552,106,0.613607715144393,0.9931731169417223
158,1,4,0,1,2,0.3501770873455514,"{""14"": 0.001412186979059837, ""42"": 0.6764553691273395, ""43"": 0.006138114497389926, ""56"": 0.002244262118114042, ""75"": 0.007179915630870289, ""91"": 0.04605833798268671, ""106"": 0.25892540867487984, ""110"": 0.0015864049896599603}","[0.3501770873455514, 0.17523314907478485, 0.053673733496523386, 0.4209160300831403]",0.8559322475815029,42,0.6764553691273395,0.9814391157849061
159,2,2,1,0,2,0.6401950865271585,"{""14"": 0.001249236889513632, ""34"": 0.006674527636208187, ""42"": 0.5160623629658819, ""43"": 0.005591339844323519, ""48"": 0.012327293153526703, ""75"": 0.014807603421715323, ""91"": 0.06235546956367324, ""98"": 0.005852621615403219, ""106"": 0.3750795449097543}","[0.17161960529050332, 0.6401950865271585, 0.0167118570171377, 0.17147345116520044]",1.0996725726416487,42,0.5160623629658819,0.9534973774393094
160,3,2,0,1,2,0.25613498042204585,"{""31"": 0.0007971927055297526, ""42"": 0.4546266663891413, ""43"": 0.008123066067143343, ""48"": 0.01562025229590439, ""75"": 0.002942475555197072, ""91"": 0.013952028585734556, ""103"": 0.0027654282660142023, ""106"": 0.5011728901353354}","[0.04579358434371596, 0.5445622910595924, 0.25613498042204585, 0.15350914417464578]",0.9073816258842906,106,0.5011728901353354,0.971419808820381
161,4,4,1,0,2,0.6783711335358529,"{""42"": 0.6936818233867534, ""43"": 0.009213500113961647, ""48"": 0.06338290784840966, ""62"": 0.023297221622128887, ""68"": 0.017223845872948514, ""75"": 0.002724518038225949, ""91"": 0.01508006475086089, ""97"": 0.009565570676852375, ""106"": 0.16583054768985867}","[0.029278925460987704, 0.10636401450095533, 0.18598592650220414, 0.6783711335358529]",1.0510561176914066,42,0.6936818233867534,0.9228952789250218
162,2,2,1,0,3,0.9011134671875574,"{""42"": 0.8102761927542127, ""44"": 0.0162715250125447, ""48"": 0.01295760751392995, ""62"": 0.008018250211433825, ""68"": 4.360590754228742e-09, ""91"": 0.01365038669449264, ""100"": 0.01467439356942214, ""102"": 0.003110343228438744, ""106"": 0.1210412966549346}","[0.051120981592191646, 0.9011134671875574, 0.01614749479766378, 0.03161805642258726]",0.726603270950448,42,0.8102761927542127,0.947589014421692
163,1,1,1,0,3,0.7277411092767134,"{""42"": 0.8027643554128688, ""44"": 0.001373355535399757, ""48"": 0.018461715028935167, ""80"": 0.0011766195440527402, ""91"": 0.005291403070589038, ""94"": 0.006574960696448139, ""100"": 0.0017502869164048918, ""106"": 0.16260730379530142}","[0.7277411092767134, 0.02379201588684862, 0.2301210529457124, 0.018345821890725533]",0.634295368431361,42,0.8027643554128688,0.9838333742371054
164,1,1,1,0,1,0.8309180347278854,"{""42"": 0.7671476073671718, ""44"": 0.002256818767466647, ""48"": 0.026919341004963408, ""55"": 0.0027276318374228085, ""64"": 0.0038249408255002413, ""91"": 0.0024072196627329566, ""94"": 0.009987784212140015, ""100"": 0.0020050864414821418, ""106"": 0.18272356988112023}","[0.8309180347278854, 0.1268528477889292, 0.03485836380081102, 0.00737075368237436]",0.7353785210097155,42,0.7671476073671718,0.9767905182532555
165,2,2,1,0,2,0.8068427575242576,"{""42"": 0.7216172623210556, ""44"": 0.003967960163733876, ""48"": 0.03334801541182456, ""64"": 0.005377703194819059, ""67"": 0.004757949344916265, ""91"": 0.002364532769418137, ""94"": 0.008957775417314354, ""106"": 0.21960880137691816}","[0.03323142096777937, 0.8068427575242576, 0.014203790645791706, 0.14572203086217123]",0.8137742212063956,42,0.7216172623210556,0.9745740791097983
166,4,4,1,0,2,0.6248661234177433,"{""29"": 0.0005852955521521056, ""34"": 0.0006264889039089634, ""42"": 0.7549835149451484, ""44"": 0.00026635256031665703, ""48"": 0.04758942258973857, ""67"": 0.00966456793554349, ""69"": 0.004462785392244997, ""94"": 0.0172585864564516, ""106"": 0.1645629856644954}","[0.09685555672924434, 0.015527616502740791, 0.26275070335027156, 0.6248661234177433]",0.8042784761851347,42,0.7549835149451484,0.9671359231993822
167,1,1,1,0,2,0.9280229630932537,"{""16"": 0.00041755028772278834, ""42"": 0.6871437942889291, ""48"": 0.08605431303072601, ""57"": 0.002038934130067292, ""62"": 0.0022041098313412438, ""67"": 0.0030883596314596746, ""69"": 0.0005502466434307555, ""94"": 0.009138321194006075, ""106"": 0.2093643709623171}","[0.9280229630932537, 0.030022346488888272, 0.009000709436780054, 0.03295398098107789]",0.8905271788463794,42,0.6871437942889291,0.9825624782819722
168,1,3,0,1,3,0.46459872731015117,"{""38"": 0.0012487253869891606, ""42"": 0.6413830719420663, ""44"": 0.0026897866720132515, ""48"": 0.10287108183494997, ""57"": 0.00029314005813006045, ""67"": 0.002729224794342771, ""94"": 0.011383220233221702, ""99"": 0.0004056491473068292, ""106"": 0.2369960999309799}","[0.46459872731015117, 0.035117124585111265, 0.47149086209426766, 0.02879328601046988]",0.9568997559712795,42,0.6413830719420663,0.9812502537079962
169,4,1,0,1,2,0.32206988489058014,"{""0"": 0.0008401366926685926, ""18"": 0.0011654945851284567, ""38"": 0.0015010444249670429, ""42"": 0.615321552490213, ""44"": 0.005443223995243805, ""48"": 0.18602940311891095, ""93"": 0.0003727723175561468, ""94"": 0.02045894215444114, ""106"": 0.1688674302208708}","[0.3484176513693389, 0.04021590577943293, 0.28929655796064807, 0.32206988489058014]",1.0465083332945093,42,0.615321552490213,0.9702183858299948
170,4,4,1,0,3,0.4943857843474522,"{""18"": 0.0039795911585809, ""42"": 0.8619664800200872, ""44"": 0.002718433219671903, ""48"": 0.010116169174043767, ""54"": 0.0008141723316220608, ""55"": 0.0037331780974977904, ""71"": 0.006541223254303667, ""94"": 0.0650941470100953, ""106"": 0.04503660573409738}","[0.01840046731702228, 0.2505388374410667, 0.2366749108944588, 0.4943857843474522]",0.5895784433066638,42,0.8619664800200872,0.97209723276428
171,2,2,1,0,2,0.8205391934230781,"{""18"": 0.009073841123357108, ""42"": 0.8170424101523169, ""44"": 0.006959880610928334, ""55"": 0.009485120154701623, ""57"": 0.0031446637088175717, ""71"": 0.01564370962973381, ""92"": 0.003015522931380194, ""94"": 0.10828576990316677, ""106"": 0.027349081785597522}","[0.06573613239096283, 0.8205391934230781, 0.10450304458971364, 0.00922162959624547]",0.726331357928403,42,0.8170424101523169,0.9526772618410811
172,3,3,1,0,3,0.9662167012594516,"{""18"": 0.0016566874384861111, ""42"": 0.8502864117001235, ""48"": 0.007629567421996539, ""71"": 0.002959486344408204, ""73"": 0.00048364346877557144, ""92"": 0.003275782193138626, ""94"": 0.09351741194118739, ""106"": 0.04019100949188409}","[0.006279560789285258, 0.007173643424910017, 0.9662167012594516, 0.020330094526353124]",0.5761524147375104,42,0.8502864117001235,0.9839948331331949
173,4,4,1,0,3,0.5369458791738002,"{""18"": 0.00027616871661691075, ""34"": 0.0005636409237507305, ""42"": 0.8109992329503486, ""48"": 0.009163963308592031, ""55"": 0.005008638794384704, ""71"": 0.003695777616411042, ""92"": 0.004976498954930397, ""94"": 0.11978616990371677, ""106"": 0.0455299088312489}","[0.11791706639534122, 0.0197067539254096, 0.325430300505449, 0.5369458791738002]",0.6878451541088437,42,0.8109992329503486,0.9763153116853143
174,4,4,1,0,2,0.5821978361363266,"{""42"": 0.7899609960947599, ""47"": 0.0027908933682056036, ""48"": 0.0013057025049033409, ""55"": 0.007564736714747746, ""57"": 0.0019499031020310345, ""71"": 0.009492476383128903, ""92"": 0.0009303477076066706, ""94"": 0.16323038961644176, ""106"": 0.02277455450817518}","[0.3030095809682203, 0.019348576132005118, 0.09544400676344808, 0.5821978361363266]",0.6931602330468181,42,0.7899609960947599,0.9759659402193769
175,2,2,1,0,3,0.8992390000361509,"{""42"": 0.8714199122794211, ""47"": 0.005087117810494916, ""55"": 0.01380695646373206, ""71"": 0.008961429550168981, ""92"": 0.0011157698629507165, ""94"": 0.06376854213124708, ""105"": 0.00032150888021634493, ""106"": 0.03551876302176877}","[0.04441566519213844, 0.8992390000361509, 0.051016531298889715, 0.005328803472820905]",0.5524253194290254,42,0.8714199122794211,0.9707072174324369
176,3,2,0,1,2,0.42064956053521896,"{""42"": 0.8536394811754283, ""47"": 0.009356876642863153, ""48"": 0.0026583049841282336, ""55"": 0.010524165720680654, ""58"": 0.0002985856241826365, ""71"": 0.003416489331587061, ""92"": 0.0012756154869403987, ""94"": 0.07675192942471544, ""106"": 0.04207855160947412}","[0.06099098853697548, 0.42965167584948755, 0.42064956053521896, 0.08870777507831805]",0.6031661964012631,42,0.8536394811754283,0.9724699622096179
177,2,2,1,0,2,0.5454053957176539,"{""42"": 0.8320782689624996, ""47"": 0.002013555385376275, ""48"": 0.0025938041304146005, ""55"": 0.0207658252749266, ""58"": 0.0006831279936260525, ""94"": 0.07386419191309529, ""103"": 0.002709972334147403, ""106"": 0.0632460065512218, ""110"": 0.002045247454692401}","[0.21908319059650644, 0.5454053957176539, 0.13920044668403095, 0.09631096700180868]",0.6620828930535828,42,0.8320782689624996,0.9691884674268166
178,4,4,1,0,2,0.9259208627596959,"{""42"": 0.8723461894666746, ""47"": 0.002449439825237449, ""48"": 0.0029319779079385283, ""55"": 0.0005084377747955775, ""58"": 0.0007178366540788752, ""77"": 0.00021416082876080163, ""94"": 0.019931339611718675, ""106"": 0.09930344328247992, ""110"": 0.0015971746483155545}","[0.003932612889665265, 0.010993985029846253, 0.059152539320792646, 0.9259208627596959]",0.47949696426714755,42,0.8723461894666746,0.9915809723608733
179,4,4,1,0,2,0.6924439645885403,"{""42"": 0.8425642602038305, ""47"": 0.005092127545634036, ""48"": 0.0033300572901151606, ""55"": 0.0012968058038784083, ""58"": 0.0006624168936695134, ""94"": 0.021938239748395538, ""106"": 0.12199949498645671, ""109"": 0.001462100706446422, ""110"": 0.0016544968215736868}","[0.14589769838317782, 0.02166973910300286, 0.13998859792527904, 0.6924439645885403]",0.564278203078885,42,0.8425642602038305,0.9865019949386826
180,2,2,1,0,2,0.84249771751167,"{""42"": 0.9020890949525816, ""47"": 0.008458081939901576, ""55"": 0.0025372392921393355, ""57"": 0.0007477636906746467, ""58"": 0.0003405795923437247, ""67"": 0.0002481427346398164, ""94"": 0.030736788832460768, ""106"": 0.05352801209769563, ""109"": 0.001314296867562763}","[0.11656859920985518, 0.84249771751167, 0.016501793604769846, 0.02443188967370491]",0.431106946173018,42,0.9020890949525816,0.986353895882738
181,2,2,1,0,2,0.8273998426707586,"{""42"": 0.9047408487010525, ""47"": 0.0008943586600250699, ""48"": 0.0009542752204784418, ""55"": 0.004810857768943666, ""57"": 0.0002242229873103908, ""85"": 9.994245220790613e-05, ""94"": 0.03799103479963076, ""106"": 0.049947778455890504, ""109"": 0.00033668095446078255}","[0.05337314964361279, 0.8273998426707586, 0.10503230350254564, 0.014194704183082855]",0.40858539060810084,42,0.9047408487010525,0.9926796619565738
182,1,1,1,0,2,0.5591525869830519,"{""7"": 4.5711611665894655e-05, ""42"": 0.9018554822192657, ""44"": 3.680081911951947e-05, ""47"": 0.0018731889976103169, ""48"": 0.0018294479776350453, ""55"": 0.0005645833098868386, ""85"": 0.00013893753073547648, ""94"": 0.021312198256496013, ""106"": 0.07234364927758516}","[0.5591525869830519, 0.36664860125780063, 0.03236469878848165, 0.04183411297066568]",0.3947656381579588,42,0.9018554822192657,0.9955113297533469
183,1,1,1,0,2,0.9545058069126733,"{""41"": 2.9520981001407735e-11, ""42"": 0.8851262140745987, ""44"": 0.0001130102379651201, ""47"": 0.0011864567870197352, ""48"": 0.0030634782413436266, ""55"": 0.0022875612650486137, ""85"": 7.353588726117227e-11, ""94"": 0.01249547097894335, ""106"": 0.09572780831202417}","[0.9545058069126733, 0.0321188321210124, 0.009084059101070867, 0.00429130186524339]",0.42802956893197286,42,0.8851262140745987,0.9933494933655662
184,3,3,1,0,2,0.9129519052584368,"{""42"": 0.8479688256190794, ""44"": 0.00030404751891552106, ""47"": 0.0016081480523516393, ""48"": 0.0059755190884268105, ""50"": 0.0004329960017051545, ""55"": 0.004093531870517299, ""57"": 0.00021256401124516275, ""94"": 0.013895552315433081, ""106"": 0.1255088155223257}","[0.005236876895850985, 0.03313632473760604, 0.9129519052584368, 0.048674893108106194]",0.5307988429654482,42,0.8479688256190794,0.9873731934568382
185,4,4,1,0,2,0.47064662443928285,"{""42"": 0.8205045665693276, ""44"": 0.0006226923616590113, ""47"": 6.451463001541434e-05, ""48"": 0.0025808889604935167, ""55"": 0.007575259591236287, ""94"": 0.015005908876966654, ""103"": 0.0006481253263682714, ""106"": 0.15295453064560732, ""114"": 4.35130383260478e-05}","[0.45457354677921546, 0.023380915871753023, 0.051398912909748844, 0.47064662443928285]",0.5753134268386493,42,0.8205045665693276,0.9884650060919015
186,1,1,1,0,2,0.8491820236424346,"{""2"": 0.00020164537445461025, ""42"": 0.6628628778373179, ""44"": 0.0003445933376481497, ""48"": 0.004885106780114438, ""55"": 0.014911388917136554, ""57"": 0.00047448683898960363, ""94"": 0.007184547094195889, ""103"": 0.0005214572384448971, ""106"": 0.308613896581698}","[0.8491820236424346, 0.023779829055505977, 0.05671004286332864, 0.07032810443873072]",0.771593180170312,42,0.6628628778373179,0.9863881633361524
187,1,1,1,0,2,0.5548014273494416,"{""1"": 0.00017665939589253977, ""22"": 0.0005950892752041211, ""42"": 0.6181008123557041, ""48"": 0.0049240898205613936, ""55"": 0.018916350821868117, ""57"": 0.0006854315625485874, ""94"": 0.00426066719416523, ""106"": 0.3523408995740559}","[0.5548014273494416, 0.18185294403773686, 0.21886101577917605, 0.044484612833645465]",0.8003328060263639,42,0.6181008123557041,0.9893580627516282
188,4,4,1,0,2,0.9292349921587545,"{""22"": 0.0001875965841176501, ""32"": 0.0004408861220703531, ""38"": 0.0006623149772730461, ""42"": 0.8083918457291647, ""48"": 0.007993465491443617, ""55"": 0.0009699957153771239, ""57"": 0.00018688163678751675, ""94"": 0.0077840957754519895, ""106"": 0.17338291796831393}","[0.012551993526015786, 0.03809588750477209, 0.020117126810457634, 0.9292349921587545]",0.570359756969671,42,0.8083918457291647,0.9897682291889223
189,2,2,1,0,3,0.5885267563388089,"{""22"": 0.00015363364216704995, ""42"": 0.7686350617086065, ""48"": 0.010167571645482062, ""55"": 0.0021001048330576977, ""57"": 0.00041839048660495765, ""74"": 0.0004346887877392895, ""92"": 0.00028514060530445757, ""94"": 0.006711919765870704, ""106"": 0.21109348852516727}","[0.16962847780376847, 0.5885267563388089, 0.011168430771387163, 0.23067633508603547]",0.6340889505761165,42,0.7686350617086065,0.9898961218792559
190,1,1,1,0,1,0.4824530902386507,"{""16"": 0.00016238856187770324, ""42"": 0.765735370338449, ""48"": 0.014716425355612031, ""55"": 0.0011173047918916746, ""57"": 2.7646877061882033e-05, ""74"": 0.0002216859320448831, ""92"": 0.000699701233832556, ""94"": 0.005215646332685834, ""106"": 0.2121038305765444}","[0.4824530902386507, 0.08690011226550068, 0.409025415630924, 0.021621381864924703]",0.6390433093121406,42,0.765735370338449,0.9925556262706053
191,4,4,1,0,2,0.41886819219454324,"{""42"": 0.5590309437228054, ""48"": 0.024576526770962136, ""50"": 0.0008941334904303821, ""55"": 0.0031465598383353848, ""74"": 0.0009214198321123205, ""92"": 0.0010476606299585716, ""94"": 0.0061866622536734805, ""103"": 0.001317388617702318, ""106"": 0.40287870484401994}","[0.1040811952926242, 0.08424874330305143, 0.39280186920978116, 0.41886819219454324]",0.8606816513570477,42,0.5590309437228054,0.9864861753377874
192,3,3,1,0,2,0.9411342252842462,"{""0"": 0.0029263679397276286, ""42"": 0.6434209317544373, ""48"": 0.01141425134129461, ""50"": 0.0007124632277757878, ""60"": 0.0009525804437564106, ""94"": 0.010116237125094133, ""103"": 0.002422601027961329, ""106"": 0.3280345662989456, ""115"": 8.410071674249992e-10}","[0.008242623049986525, 0.01883800926843716, 0.9411342252842462, 0.03178514239733008]",0.790337521480835,42,0.6434209317544373,0.9828697493946775
193,2,2,1,0,2,0.5638632581969808,"{""0"": 0.0006450635707053911, ""42"": 0.6266918473012286, ""48"": 0.01080658236420487, ""55"": 0.0032467700760780136, ""57"": 0.00014917261855149362, ""94"": 0.01203797867125004, ""103"": 0.004357158016760733, ""106"": 0.34206542738122087}","[0.12291820047584898, 0.5638632581969808, 0.2991567325336536, 0.014061808793516695]",0.8102796479386163,42,0.6266918473012286,0.9807952533536995
194,2,3,0,1,2,0.24643836491979576,"{""19"": 0.0015908051887176258, ""42"": 0.5677082827361833, ""44"": 0.0002168153415812607, ""47"": 0.0021254980940585613, ""48"": 0.014163747463878577, ""55"": 0.0015163467275656544, ""94"": 0.007988880188553813, ""103"": 0.0012284896366705886, ""106"": 0.40346113462279054}","[0.16775068714710648, 0.24643836491979576, 0.5477971687727076, 0.038013779160390115]",0.8297341980205266,42,0.5677082827361833,0.9853331648228525
195,3,3,1,0,2,0.5515942455068101,"{""3"": 0.004843017460641387, ""19"": 0.0007704598255209402, ""42"": 0.8275347011465168, ""47"": 0.008980396034242564, ""48"": 0.033330388277761344, ""50"": 0.0012087477476846128, ""54"": 0.0008594257285310057, ""94"": 0.021278613861045483, ""106"": 0.10119424991805585}","[0.37020429774190194, 0.025431173568190055, 0.5515942455068101, 0.05277028318309794]",0.6715996838584771,42,0.8275347011465168,0.962059339342334
196,4,2,0,1,3,0.24881295367006484,"{""3"": 0.0035886769510530708, ""42"": 0.7294356416614026, ""44"": 0.0025508600719182455, ""47"": 0.005049289015396565, ""48"": 0.04419174514550763, ""50"": 0.0027624319205430425, ""79"": 0.0013812087134047, ""94"": 0.024098224798021175, ""106"": 0.18694192172275276}","[0.019557310017017198, 0.6579513307538816, 0.07367840555903635, 0.24881295367006484]",0.8587530164841918,42,0.7294356416614026,0.9605693085296629
197,1,1,1,0,2,0.5398002158343578,"{""23"": 0.012539450800097957, ""29"": 0.01299836147789994, ""42"": 0.643147969499186, ""47"": 0.024338194369317463, ""48"": 0.11415018037084952, ""55"": 0.030649558821198068, ""79"": 0.009108585468932822, ""94"": 0.0970121672780817, ""106"": 0.05605553191443667}","[0.5398002158343578, 0.09316912647273079, 0.11728311629804195, 0.24974754139486954]",1.2708551646669606,42,0.643147969499186,0.8543103171481172
198,3,3,1,0,2,0.6647436887358613,"{""8"": 0.03005915810267535, ""29"": 0.0132738192481469, ""42"": 0.6992180450416094, ""44"": 0.03195968793995916, ""47"": 0.01365096388015805, ""55"": 0.05168365927523673, ""94"": 0.04391818654951717, ""106"": 0.11623647996269716}","[0.07299890495032148, 0.23038353991123073, 0.6647436887358613, 0.0318738664025864]",1.1220892516245944,42,0.6992180450416094,0.8671381842795434
199,4,4,1,0,2,0.4592834614194338,"{""8"": 0.0472430510532282, ""42"": 0.6851131588632776, ""44"": 0.053979214882302194, ""48"": 0.021886975519907845, ""94"": 0.059003966744814215, ""99"": 0.020306079379896546, ""102"": 0.02530684560802752, ""106"": 0.08716070794854579}","[0.01483962970661971, 0.14546245244868514, 0.3804144564252614, 0.4592834614194338]",1.1963569423566165,42,0.6851131588632776,0.8312778335566376
200,4,4,1,0,2,0.4496350484438849,"{""2"": 0.01670713299776418, ""8"": 0.010680872630923008, ""42"": 0.6969399258225283, ""44"": 0.06980518757503941, ""47"": 0.029718555174892285, ""99"": 0.04098947437867349, ""105"": 0.053973888254986176, ""106"": 0.08118496316519311}","[0.03309306235981414, 0.09634865604452061, 0.42092323315178043, 0.4496350484438849]",1.1511564070840943,42,0.6969399258225283,0.8479300765627608
201,3,3,1,0,2,0.7313579279464696,"{""1"": 0.008563844406516323, ""27"": 0.014711244691460549, ""42"": 0.7106868411217355, ""44"": 0.033179358526864204, ""47"": 0.05442517043437571, ""55"": 0.024372602454160182, ""99"": 0.03563123617880911, ""106"": 0.11842970218607848}","[0.016720130462544384, 0.09866474752620477, 0.7313579279464696, 0.15325719406478122]",1.0789843687213025,42,0.7106868411217355,0.8835417137421897
202,3,2,0,1,1,0.3243649962308861,"{""27"": 0.009239431394946897, ""42"": 0.778981359331898, ""47"": 0.004569336066143982, ""51"": 0.0029283807706287166, ""55"": 0.029123564857704006, ""99"": 0.01150433919735947, ""103"": 0.02237555047035176, ""106"": 0.13846437343260007, ""111"": 0.002813664478367122}","[0.08773541977586866, 0.3471125685624677, 0.3243649962308861, 0.24078701543077757]",0.8092139514272574,42,0.778981359331898,0.9465692976222021
203,3,3,1,0,3,0.6388747585629158,"{""27"": 0.014223861590159467, ""38"": 0.0024340814347461326, ""39"": 0.0015889099625745783, ""42"": 0.8746369650160197, ""47"": 0.0044111686655719665, ""57"": 0.00314552189571659, ""99"": 0.017781138231832742, ""103"": 0.03726887123741013, ""106"": 0.04450948196596883}","[0.021826787098330466, 0.022484292894573415, 0.6388747585629158, 0.3168141614441802]",0.5773498737320923,42,0.8746369650160197,0.9564153182193986
204,1,1,1,0,2,0.9478283644240717,"{""27"": 0.006009540184127482, ""39"": 0.000874934761442383, ""42"": 0.8798654212647041, ""47"": 0.0011539767708981644, ""55"": 0.011737706475909857, ""99"": 0.0068239274568620235, ""103"": 0.03953724121038452, ""104"": 0.008096744506443584, ""106"": 0.04590050736922793}","[0.9478283644240717, 0.039944115242805917, 0.00689551864995251, 0.005332001683169897]",0.5516735484185202,42,0.8798654212647041,0.9653031698443165
205,4,4,1,0,2,0.8590418884867428,"{""27"": 0.004496262554842767, ""42"": 0.8633288917808237, ""50"": 0.005831529513969709, ""55"": 0.011402717461374922, ""79"": 0.0030215016064921055, ""99"": 0.00343608415085742, ""103"": 0.03604827763039687, ""104"": 0.01090496203841314, ""106"": 0.061529773262829206}","[0.012072494407574184, 0.05922328741660973, 0.06966232968907328, 0.8590418884867428]",0.609833033880728,42,0.8633288917808237,0.9609069426740497
206,2,2,1,0,1,0.5135406136736891,"{""27"": 0.0012459435730710429, ""42"": 0.923488136491943, ""55"": 0.018455400480579504, ""57"": 0.003473826945724438, ""79"": 7.547219778082324e-10, ""89"": 4.1394275127626107e-10, ""99"": 0.0030781966547854312, ""104"": 0.002290912667134887, ""106"": 0.04796758201809712}","[0.14713831623179038, 0.5135406136736891, 0.09928160634194652, 0.2400394637525741]",0.3526088194553231,42,0.923488136491943,0.9899111189906196
207,4,4,1,0,1,0.8170264948250803,"{""27"": 0.0023846443488280294, ""41"": 0.000345246666051117, ""42"": 0.8814350709499297, ""47"": 0.0012085568061010379, ""55"": 0.028504571116950535, ""57"": 0.004956406677825014, ""99"": 0.005020116573951526, ""104"": 0.0034688409074217766, ""106"": 0.07267654595294133}","[0.007170390578945156, 0.01262975052435394, 0.16317336407162056, 0.8170264948250803]",0.5009907995531356,42,0.8814350709499297,0.9826161880198215
208,1,1,1,0,2,0.7666144783626626,"{""41"": 1.169894121984178e-10, ""42"": 0.8588837528074915, ""47"": 0.002263360042157109, ""55"": 0.0366019798113058, ""57"": 0.0074611520202072035, ""92"": 0.0028311051981337056, ""99"": 0.003421052976921825, ""104"": 0.0045238690523757615, ""106"": 0.0840137279744176}","[0.7666144783626626, 0.07187038381590904, 0.0513089271410995, 0.11020621068032888]",0.5705916006601517,42,0.8588837528074915,0.9794994605932149
209,3,3,1,0,2,0.640946198401538,"{""23"": 0.0015320508711652938, ""42"": 0.8485555726789132, ""47"": 0.004336113769728816, ""55"": 0.05155061239289211, ""92"": 0.00492680725043956, ""99"": 0.0062838764602266535, ""103"": 0.00299516177334214, ""104"": 0.006034484551842417, ""106"": 0.07378532025144993}","[0.31054459325749123, 0.024063453299612472, 0.640946198401538, 0.024445755041358416]",0.6243329336205736,42,0.8485555726789132,0.9738915053232553
210,4,4,1,0,3,0.5426929283223241,"{""5"": 0.0018303654131003896, ""42"": 0.816752026569622, ""47"": 0.0026806556224522335, ""50"": 0.0035535443764077987, ""55"": 0.07648097733407937, ""92"": 0.010716522668437232, ""99"": 0.010810790134677447, ""103"": 0.004603592627781342, ""106"": 0.07257152525344228}","[0.29659140412506346, 0.10637650457091914, 0.05433916298169338, 0.5426929283223241]",0.7220824218080802,42,0.816752026569622,0.9658045291571435
211,3,3,1,0,2,0.7590764638434544,"{""42"": 0.795068401110602, ""48"": 0.01013942858354444, ""50"": 0.0034845373785955965, ""55"": 0.0635072697181964, ""57"": 0.003982160533822473, ""92"": 0.009494170828272513, ""99"": 0.006645449424442971, ""106"": 0.10767858242252377}","[0.10820436419806034, 0.05230195975111299, 0.7590764638434544, 0.08041721220737216]",0.7631811280082593,42,0.795068401110602,0.9662542532513222
212,1,1,1,0,3,0.9570132646871152,"{""42"": 0.7547460733358392, ""47"": 0.006055750163245942, ""48"": 0.016960008133482068, ""50"": 0.0044151031516896306, ""55"": 0.05933295240471006, ""72"": 0.0028401169210371, ""92"": 0.01605987579376545, ""106"": 0.13959012009623048}","[0.9570132646871152, 0.02543492815127253, 0.012378343383826254, 0.0051734637777858875]",0.8618320982282761,42,0.7547460733358392,0.9536691458367798
213,2,2,1,0,2,0.8703778128181733,"{""26"": 0.00299018577752284, ""42"": 0.730284294569667, ""44"": 0.010499678901555745, ""48"": 0.024222950613880117, ""55"": 0.05657847447752502, ""72"": 0.003206453988832796, ""83"": 0.00576071363883847, ""92"": 0.016000409954509232, ""106"": 0.15045683807766863}","[0.035530050680568796, 0.8703778128181733, 0.029116744146131066, 0.0649753923551268]",0.9466466422847523,42,0.730284294569667,0.9373196071248607
214,2,2,1,0,3,0.6117874409852665,"{""11"": 0.00244298415279394, ""42"": 0.7629160374883633, ""44"": 0.0006928731364332731, ""48"": 0.03409397923609413, ""55"": 0.06644366263930537, ""69"": 0.008501901239513516, ""92"": 0.0202641897620301, ""105"": 0.003665820791492428, ""106"": 0.10097855155397387}","[0.2550489509068854, 0.6117874409852665, 0.05211323825224527, 0.08105036985560284]",0.8931604309074177,42,0.7629160374883633,0.9303382516816425
215,2,2,1,0,2,0.4177100368613052,"{""42"": 0.8073975313902868, ""48"": 0.032145487930621046, ""55"": 0.003488824306754604, ""69"": 0.0029709542142143117, ""92"": 0.019157378622001894, ""104"": 0.0018731663298754185, ""106"": 0.12956510925649417, ""108"": 0.00039743202016207137, ""113"": 0.0030041159295897046}","[0.21709688118588263, 0.4177100368613052, 0.3210289797098116, 0.04416410224300062]",0.6931288776074388,42,0.8073975313902868,0.969108128577402
216,3,3,1,0,3,0.9414715720311351,"{""17"": 0.0004322831808611041, ""42"": 0.8784688309069676, ""48"": 0.043527494220557954, ""55"": 0.009617718849160801, ""69"": 0.007569049803401825, ""92"": 0.008659098874062372, ""94"": 0.004277838591657919, ""106"": 0.043907334118992905, ""113"": 0.0035403514543376324}","[0.007207483217576036, 0.005098694959405334, 0.9414715720311351, 0.046222249791883566]",0.5569140973963966,42,0.8784688309069676,0.9659036592465184
217,2,3,0,1,2,0.31915856314524094,"{""2"": 0.00012315679924923767, ""42"": 0.8741981278202526, ""48"": 0.040648852002369736, ""55"": 0.01615053373785476, ""69"": 0.006517611479052169, ""92"": 0.008843596241342809, ""103"": 0.0022604400850326726, ""106"": 0.050734479656841885, ""113"": 0.0005232021780038146}","[0.09242989558585712, 0.31915856314524094, 0.5123563405388463, 0.07605520073005564]",0.5590554987042201,42,0.8741981278202526,0.9655814594794643
218,3,3,1,0,2,0.7666126125962699,"{""42"": 0.8384883134204337, ""48"": 0.04994845894581686, ""55"": 0.05427528146733332, ""68"": 0.0010476688344643748, ""69"": 0.020963573230643098, ""71"": 0.0015881009718625337, ""92"": 0.00540485556686947, ""103"": 0.006751287855055438, ""106"": 0.02153245970752119}","[0.00695422263456654, 0.09575034428527712, 0.7666126125962699, 0.13068282048388635]",0.6985805989491077,42,0.8384883134204337,0.9427120538335839
219,3,3,1,0,2,0.9672237418225377,"{""22"": 0.00055157613425363, ""42"": 0.8740772717068467, ""48"": 0.013630812684462121, ""55"": 0.07027447360928568, ""68"": 0.00037507843149293886, ""94"": 0.002484861333532462, ""103"": 0.011044516176232543, ""106"": 0.027561409923893953}","[0.010512033708698614, 0.009102560687156059, 0.9672237418225377, 0.013161663781607697]",0.533539294544892,42,0.8740772717068467,0.9719131552400263
220,1,1,1,0,2,0.7980073610194445,"{""22"": 0.00018336039219513155, ""28"": 0.00037897642901310857, ""42"": 0.8399565950167215, ""48"": 0.009358280739604579, ""55"": 0.09131359968100132, ""71"": 0.0020140042332320216, ""94"": 0.004669655480712999, ""103"": 0.015263401446701007, ""106"": 0.03686212658081852}","[0.7980073610194445, 0.15067936205129162, 0.020563879918499433, 0.03074939701076455]",0.6363929358616954,42,0.8399565950167215,0.9681323212785413
221,1,1,1,0,2,0.5897441837603227,"{""19"": 0.0006869061802829096, ""42"": 0.9315289843952564, ""48"": 0.0155443901547306, ""50"": 0.0014783093190145519, ""55"": 0.006290115075059387, ""71"": 0.0007388760288095302, ""94"": 0.00999807058457249, ""103"": 0.0017151885194792529, ""106"": 0.032019159742795004}","[0.5897441837603227, 0.11737304128263715, 0.11825836433118032, 0.1746244106258599]",0.34980567635666604,42,0.9315289843952564,0.9790925342927821
222,4,4,1,0,2,0.7244751572690604,"{""12"": 5.345278968871184e-05, ""19"": 0.0008849530618677744, ""42"": 0.9572145731837506, ""44"": 0.0005294840092686481, ""48"": 0.011586473447999786, ""55"": 0.0004826406232598006, ""71"": 0.00026638314429004, ""94"": 0.0198201274873856, ""106"": 0.009161912252488972}","[0.021166081542767983, 0.07567833087067491, 0.1786804303174967, 0.7244751572690604]",0.23083755439958192,42,0.9572145731837506,0.988621174119136
223,3,3,1,0,2,0.7908808416854536,"{""16"": 3.579834020314324e-05, ""19"": 0.0003445368158558531, ""42"": 0.9577261867016487, ""48"": 0.005724817714532994, ""55"": 0.0009227016548036441, ""57"": 0.00034784689947679634, ""71"": 9.620927769978448e-11, ""94"": 0.026170873912962248, ""106"": 0.008727237864306995}","[0.033346523466684555, 0.009025972713498429, 0.7908808416854536, 0.16674666213436348]",0.21997794430443088,42,0.9577261867016487,0.9926242984789179
224,1,1,1,0,2,0.937184027649882,"{""2"": 9.76175731121208e-06, ""19"": 9.782173066977071e-05, ""42"": 0.9449564386757524, ""48"": 0.009162770979975135, ""55"": 0.001673561865034103, ""57"": 6.518655742641596e-05, ""94"": 0.036186578876663836, ""103"": 0.0002127296193303648, ""106"": 0.007635149937836825}","[0.937184027649882, 0.031595937471575464, 0.007583831588060086, 0.023636203290482542]",0.2679658506800119,42,0.9449564386757524,0.9903057885323914
225,1,1,1,0,2,0.6475588272223269,"{""42"": 0.9231972319835239, ""48"": 0.013292494434594876, ""55"": 0.0006504661762915871, ""57"": 2.554998943428594e-05, ""69"": 0.0002135248823592455, ""92"": 0.00032400699084551127, ""94"": 0.05303570043497579, ""103"": 9.537614640669088e-05, ""106"": 0.00916564896156817}","[0.6475588272223269, 0.03125623481187654, 0.020525620956674834, 0.30065931700912163]",0.3403026024250606,42,0.9231972319835239,0.9895254268530945
226,1,1,1,0,2,0.9377108734297087,"{""42"": 0.8946213161362309, ""48"": 0.018296448086605122, ""54"": 4.985138488776413e-05, ""55"": 0.00038903351804081234, ""67"": 0.0001057493296693145, ""92"": 0.0010243028891875861, ""94"": 0.07700227081387434, ""103"": 0.00010299060700471138, ""106"": 0.00840803723449945}","[0.9377108734297087, 0.04762691938702565, 0.00945572854303565, 0.005206478640229928]",0.4229445163368612,42,0.8946213161362309,0.9899200350367103
227,2,2,1,0,2,0.4611811014676132,"{""42"": 0.8627775231054015, ""48"": 0.0260576426384077, ""57"": 7.011206144414514e-05, ""67"": 0.00025757126890278183, ""69"": 0.0002802479673584208, ""92"": 0.0017618242191505247, ""94"": 0.09914125209487945, ""103"": 7.424988694175501e-05, ""106"": 0.00957957675751372}","[0.3344887211015471, 0.4611811014676132, 0.1394057415749535, 0.0649244358558863]",0.5130217246187976,42,0.8627775231054015,0.9879764178386886
228,1,1,1,0,2,0.6308151923808655,"{""42"": 0.8133154134637591, ""48"": 0.04088453632371483, ""50"": 0.00043758274360841963, ""67"": 0.000732209941762006, ""92"": 0.004027913927936037, ""94"": 0.1296007805682438, ""103"": 0.00022711388745622537, ""106"": 0.010380133040631316, ""108"": 0.0003943161028880533}","[0.6308151923808655, 0.05039284594761448, 0.2746664783200678, 0.04412548335145227]",0.6468750704794183,42,0.8133154134637591,0.9838007303557178
229,4,2,0,1,2,0.29213833086210433,"{""42"": 0.7653701988336133, ""44"": 0.0007915564717398536, ""45"": 0.0007467936679268999, ""48"": 0.038380807553129885, ""50"": 0.0007110392619946936, ""67"": 0.001468176366930002, ""92"": 0.0017819118211257984, ""94"": 0.18556893089268592, ""106"": 0.005180585130853549}","[0.04181392511958848, 0.5693874198908676, 0.0966603241274395, 0.29213833086210433]",0.7066507623580475,42,0.7653701988336133,0.9893199372794291
230,2,2,1,0,3,0.6807312483822514,"{""6"": 0.0005818856944354794, ""42"": 0.7996512857368121, ""48"": 0.07118677266687419, ""50"": 0.004987470707701025, ""55"": 0.002569517770154798, ""92"": 0.0033804064801930133, ""94"": 0.10149914076029269, ""106"": 0.01614352018353688}","[0.021589044456079096, 0.6807312483822514, 0.04376486262592169, 0.25391484453574786]",0.7310358171432858,42,0.7996512857368121,0.972337199163979
231,3,2,0,1,2,0.3238195132416897,"{""0"": 0.00011503595522262067, ""32"": 0.00026334894610548573, ""42"": 0.8158484038762484, ""48"": 0.08294125330526389, ""50"": 0.0004387922447707537, ""55"": 0.0011545481618849376, ""94"": 0.08013740627183637, ""106"": 0.01910121123866759}","[0.023448476296504473, 0.44877961609995337, 0.3238195132416897, 0.20395239436185253]",0.664825727583703,42,0.8158484038762484,0.9789270634533487
232,2,2,1,0,2,0.917882800609948,"{""0"": 0.0007192018614480385, ""6"": 0.0009037639457931423, ""42"": 0.6429578982201266, ""48"": 0.1477174610400443, ""50"": 0.0025271395455321666, ""55"": 0.005333299703770054, ""92"": 0.0029197204200841014, ""94"": 0.16593885495708083, ""106"": 0.030982660306120662}","[0.025887310477405785, 0.917882800609948, 0.03776252663990911, 0.018467362272737146]",1.0437817244620866,42,0.6429578982201266,0.9566142142172518
233,3,3,1,0,2,0.6111660750624839,"{""27"": 0.0002285869012646857, ""42"": 0.6229639227951133, ""44"": 0.00031453647432087915, ""48"": 0.15646178193229562, ""55"": 0.005877303956852324, ""82"": 0.003074504627628213, ""92"": 0.00309480335245028, ""94"": 0.18773115643866461, ""106"": 0.020253403521410054}","[0.03653756892370065, 0.00862084127758058, 0.6111660750624839, 0.343675514736235]",1.048368149507927,42,0.6229639227951133,0.9671568611660736
234,1,1,1,0,2,0.4365002184589007,"{""24"": 0.002443350633568183, ""42"": 0.5942170253491321, ""48"": 0.18402741524242588, ""55"": 0.007645400777097231, ""75"": 0.0004094323352172616, ""92"": 0.0048289013119873275, ""94"": 0.18464720128540682, ""104"": 0.0036452352421229794, ""106"": 0.018136037823042208}","[0.4365002184589007, 0.31747547752505395, 0.18449642571737604, 0.06152787829866943]",1.106811899429946,42,0.5942170253491321,0.9628916418769649
235,1,3,0,1,2,0.32071067236082923,"{""0"": 0.0014866903852406147, ""24"": 0.0008899599296050877, ""42"": 0.5698297372253494, ""48"": 0.17427631466721893, ""55"": 0.0022610842750035083, ""77"": 6.825813403413701e-10, ""94"": 0.2417243566890816, ""106"": 0.009531856145919617}","[0.32071067236082923, 0.044490843455587945, 0.6053929895606428, 0.02940549462293999]",1.0422597004985257,42,0.5698297372253494,0.9858304085816499
236,2,2,1,0,1,0.5025749204209405,"{""0"": 0.008018275640219383, ""24"": 0.003982343803341624, ""42"": 0.6354759313561085, ""48"": 0.2728845167072814, ""50"": 0.00837485135604416, ""90"": 0.004425494710926374, ""93"": 0.004539537317870079, ""94"": 0.02050404936885135, ""106"": 0.04179499973935709}","[0.261567209940354, 0.5025749204209405, 0.21603595166605666, 0.019821917972648668]",1.0041435230132176,42,0.6354759313561085,0.950155447802747
237,4,4,1,0,1,0.7398985704753991,"{""0"": 0.012900605775809076, ""24"": 0.002557779933263241, ""37"": 1.7694593974209652e-09, ""42"": 0.6791092188592166, ""48"": 0.23841423807438414, ""50"": 0.0021004458532427103, ""90"": 0.002159683231187319, ""94"": 0.004404538455500679, ""106"": 0.05835348804793679}","[0.016919991849824248, 0.1393972834548666, 0.10378415421991007, 0.7398985704753991]",0.8919101940967974,42,0.6791092188592166,0.9758769449815375
238,2,2,1,0,2,0.6522013200667585,"{""0"": 0.011650587828136601, ""42"": 0.6676758279319848, ""48"": 0.23744991517428163, ""55"": 0.0064482296173361976, ""56"": 0.004158646617197341, ""57"": 0.00451095795521388, ""90"": 0.001764462622681249, ""94"": 0.00261733065070064, ""106"": 0.06372404160246763}","[0.25137233257935604, 0.6522013200667585, 0.021562340188556416, 0.07486400716532912]",0.944869669130214,42,0.6676758279319848,0.968849784708734
239,1,1,1,0,2,0.5876814944158695,"{""0"": 0.002817165177130906, ""26"": 0.0022107505427392273, ""35"": 0.0012147207788129823, ""42"": 0.7043138796898313, ""48"": 0.23747108191249724, ""57"": 0.0011619786869843073, ""94"": 0.005179186170050171, ""104"": 0.0029997965324897913, ""106"": 0.042631440509464144}","[0.5876814944158695, 0.05476253094191507, 0.021893175418413718, 0.33566279922380177]",0.8135594616609478,42,0.7043138796898313,0.9844164021117926
240,3,3,1,0,2,0.6650446060451707,"{""24"": 0.0004004342116933604, ""26"": 0.0008908304657734825, ""42"": 0.6742335958437854, ""48"": 0.2806638179243369, ""69"": 0.002412644770089882, ""85"": 0.001403021548384417, ""94"": 0.011528918985291068, ""104"": 0.0021383958344230332, ""106"": 0.026328340416222357}","[0.008503792080255994, 0.059835269470081644, 0.6650446060451707, 0.2666163324044916]",0.8158838454477969,42,0.6742335958437854,0.9812257541843447
241,2,2,1,0,3,0.7797453180770744,"{""29"": 0.001460006846863952, ""42"": 0.906586891672081, ""48"": 0.02587616103820062, ""55"": 0.0047161241190252084, ""69"": 0.0024543542937995634, ""94"": 0.015544454376874283, ""104"": 0.0009571383326853328, ""106"": 0.038632503036216286, ""110"": 0.0037723662842537083}","[0.09784197544922318, 0.7797453180770744, 0.00819136756929184, 0.1142213389044105]",0.45114525201530786,42,0.906586891672081,0.9710955557464979
242,4,4,1,0,2,0.7347785136079241,"{""29"": 0.0008131106960219498, ""42"": 0.9040757104797839, ""44"": 7.336889565021814e-05, ""48"": 0.035362247893150935, ""55"": 0.0055562577614668525, ""62"": 0.00017015931091213452, ""69"": 0.003070186772200083, ""94"": 0.02379206353131306, ""106"": 0.027086894659500746}","[0.010119615342810334, 0.208526438545266, 0.04657543250399958, 0.7347785136079241]",0.45062353973277436,42,0.9040757104797839,0.9665248530324355
243,1,1,1,0,2,0.8816919547808837,"{""16"": 0.0005061203180206824, ""29"": 0.0014540787730609448, ""42"": 0.9059656364856754, ""48"": 0.027428297344953008, ""55"": 0.009234640086276719, ""57"": 0.0007137238425965304, ""69"": 0.003257741122567266, ""94"": 0.020598864413427086, ""106"": 0.03084089761342246}","[0.8816919547808837, 0.09092885361374979, 0.020379517789859077, 0.006999673815507528]",0.45580341060377,42,0.9059656364856754,0.9642348314440509
244,4,1,0,1,2,0.2795664990913605,"{""22"": 0.00011244397035494117, ""29"": 0.0010936251357560377, ""42"": 0.8959310565141823, ""48"": 0.039936842295461045, ""55"": 0.0015862496167373193, ""57"": 0.0002345959188778335, ""69"": 0.0028165510910843016, ""94"": 0.031373344622684596, ""106"": 0.02691529083486162}","[0.617005143855977, 0.015803923662128714, 0.08762443339053368, 0.2795664990913605]",0.4701836723253947,42,0.8959310565141823,0.9672412434323279
245,3,4,0,1,2,0.33935954266866986,"{""20"": 0.001512138041561618, ""29"": 0.00852400653600394, ""42"": 0.7350091870196237, ""48"": 0.08450865692450436, ""55"": 0.013582650274980672, ""57"": 0.002657726888712895, ""69"": 0.01931761016123453, ""94"": 0.030365782416524687, ""106"": 0.10452224173685365}","[0.043627313363348304, 0.23627958860174345, 0.33935954266866986, 0.3807335553662385]",0.9780911120224407,42,0.7350091870196237,0.9240400856809817
246,1,1,1,0,2,0.7209061628494412,"{""8"": 0.0034956119830907417, ""20"": 0.0015445860772894384, ""21"": 0.0011599521327616594, ""42"": 0.8051669244845868, ""48"": 0.005800906607020873, ""67"": 2.45144450515965e-09, ""69"": 8.441490541993275e-09, ""94"": 0.008847742429423947, ""106"": 0.17398426539289133}","[0.7209061628494412, 0.23821142679889698, 0.016166843077491794, 0.024715567274170014]",0.5880588470061014,42,0.8051669244845868,0.9879989323069022
247,4,4,1,0,2,0.7880414391651909,"{""8"": 0.003886701232324121, ""20"": 0.0018180051395191488, ""21"": 0.00018768331628343644, ""42"": 0.8045420260614164, ""48"": 0.008099733599578425, ""62"": 0.0017748013214635146, ""92"": 0.004673623252808916, ""94"": 0.006570067365189333, ""106"": 0.16844735871141683}","[0.16735468591377395, 0.014390827778818727, 0.030213047142216468, 0.7880414391651909]",0.6179978453102455,42,0.8045420260614164,0.9810891183724116
248,2,2,1,0,2,0.49190429537305025,"{""8"": 0.0016013127266620902, ""20"": 0.0003952603239143438, ""42"": 0.8075106418121277, ""48"": 0.008070298306338312, ""55"": 0.003988579518770559, ""74"": 0.000649867714269079, ""92"": 0.0017370016983533907, ""94"": 0.00591105437246799, ""106"": 0.17013598352709677}","[0.14166234378832854, 0.49190429537305025, 0.1599722289376518, 0.2064611319009693]",0.5944549920205404,42,0.8075106418121277,0.9857169236455628
249,3,3,1,0,1,0.833046294835536,"{""8"": 0.0033037082695037035, ""42"": 0.9165059313822859, ""48"": 0.007221737541946691, ""55"": 0.010170473769732982, ""74"": 0.0003158842879411325, ""92"": 0.0018563715148947365, ""94"": 0.012242404671787206, ""99"": 0.0013449873878427086, ""106"": 0.04703850117406488}","[0.04872573691259383, 0.00609658034986432, 0.833046294835536, 0.11213138790200584]",0.40185454081873084,42,0.9165059313822859,0.9757868372281379
250,3,3,1,0,2,0.5685638784740769,"{""8"": 0.0037023724176333183, ""42"": 0.9155433077530387, ""48"": 0.0035139118419400756, ""55"": 0.014862975535047444, ""71"": 0.0013898395544477368, ""92"": 0.0012355699260635593, ""94"": 0.012056411707023415, ""103"": 0.0006895988244140917, ""106"": 0.04700601244039157}","[0.228792982535063, 0.01860737801577721, 0.5685638784740769, 0.18403576097508303]",0.4033515857135552,42,0.9155433077530387,0.9774122957284778
251,2,2,1,0,2,0.884775681978058,"{""8"": 0.0034646619181182415, ""28"": 0.00010851500307548605, ""42"": 0.9475150915164605, ""48"": 0.006516118451361347, ""55"": 0.01854145406410884, ""71"": 0.0009539338036582169, ""92"": 0.002054620688101657, ""103"": 0.0005002017247698451, ""106"": 0.020345402830346065}","[0.08286838162251038, 0.884775681978058, 0.009974293134120528, 0.022381643265310922]",0.2808314881226882,42,0.9475150915164605,0.9864019484109153
252,3,3,1,0,2,0.7945066459558005,"{""8"": 0.001778684823015979, ""13"": 2.787154694577635e-05, ""42"": 0.9440392931002375, ""48"": 0.009265103866321346, ""55"": 0.0222876984011296, ""71"": 0.0015745654185141838, ""92"": 0.0025906406370170606, ""94"": 0.000697516027876514, ""106"": 0.017738626178942004}","[0.14669708767277068, 0.022606486574627226, 0.7945066459558005, 0.03618977979680164]",0.29625357367480565,42,0.9440392931002375,0.9840656176803091
253,3,3,1,0,2,0.4448746475592559,"{""3"": 0.00012378201306984676, ""8"": 0.003642183905611364, ""42"": 0.9091101432383184, ""48"": 0.012918786675307178, ""55"": 0.036100457485520106, ""71"": 0.0033825188638977014, ""92"": 0.0050770266241341455, ""103"": 0.0005829815638867869, ""106"": 0.029062119630254356}","[0.03558290869875422, 0.2093410061447553, 0.4448746475592559, 0.31020143759723456]",0.4375223953320024,42,0.9091101432383184,0.974272720354093
254,1,1,1,0,1,0.74327875771134,"{""8"": 0.003911996746177803, ""42"": 0.9015656006272504, ""48"": 0.0032851929466111746, ""55"": 0.038779595568507935, ""69"": 0.0011931537596533263, ""71"": 0.007937961902594591, ""92"": 0.0022486969489239985, ""103"": 0.001224139551284624, ""106"": 0.03985366194899595}","[0.74327875771134, 0.1734869019520124, 0.011299284644087438, 0.07193505569256024]",0.4566933676065352,42,0.9015656006272504,0.9801988581447544
255,4,4,1,0,1,0.9405851094874775,"{""8"": 0.002752718356454925, ""11"": 0.0003970802306850706, ""42"": 0.8886746643399505, ""48"": 0.004090247415091277, ""55"": 0.05525014126918314, ""69"": 3.1872376659153653e-10, ""92"": 0.0027461136369605816, ""103"": 0.0024059107865723193, ""106"": 0.043683123646378545}","[0.00520711140618272, 0.0078861220765736, 0.04632165702976616, 0.9405851094874775]",0.474178781229992,42,0.8886746643399505,0.9876079292555121
256,3,3,1,0,2,0.9623470955323199,"{""8"": 0.0007974722272901768, ""40"": 0.00021928829808059104, ""42"": 0.8584446359482579, ""48"": 0.005583474069025467, ""55"": 0.07223246712231211, ""57"": 0.0008301553740764675, ""92"": 0.0022389481984631527, ""103"": 0.003988598468955962, ""106"": 0.055664960293538256}","[0.005924636525666576, 0.0040786003386392294, 0.9623470955323199, 0.027649667603374187]",0.5597155064476972,42,0.8584446359482579,0.9863420633641083
257,2,2,1,0,2,0.8987622611365159,"{""8"": 0.0007724201435088334, ""23"": 0.0001582259451343372, ""42"": 0.8227469695070737, ""48"": 0.002886836682429459, ""55"": 0.09226050753672645, ""71"": 0.0009915584299790064, ""92"": 0.001409378060692884, ""103"": 0.006283881570300919, ""106"": 0.0724902221241543}","[0.08636570530005398, 0.8987622611365159, 0.009786702782865251, 0.005085330780564899]",0.6423979054752784,42,0.8227469695070737,0.9874976991679545
258,3,3,1,0,1,0.8546150984145046,"{""8"": 0.0004236734373834941, ""42"": 0.835798758881756, ""48"": 0.0047128964628149516, ""51"": 8.076100259600164e-05, ""55"": 0.06641481991063712, ""71"": 0.000840402887539649, ""94"": 0.0008644229254570173, ""103"": 0.004568226252218516, ""106"": 0.0862960382395973}","[0.007098981943039109, 0.04130227921249244, 0.8546150984145046, 0.09698364042996391]",0.6074096994475775,42,0.835798758881756,0.9885096170319905
259,2,2,1,0,2,0.5037232067628648,"{""8"": 0.00041558870290909746, ""42"": 0.804326530955829, ""48"": 0.0011885151862020705, ""52"": 9.229124649777028e-05, ""55"": 0.08048764731428681, ""71"": 0.001659339527381985, ""94"": 0.0008574630670900164, ""103"": 0.007590068090465413, ""106"": 0.10338255590933781}","[0.36362997403706443, 0.5037232067628648, 0.06614442299713492, 0.06650239620293594]",0.6783722085910754,42,0.804326530955829,0.9881967341794535
260,3,3,1,0,2,0.9458367707335188,"{""26"": 0.0001644595727310801, ""42"": 0.760460138344589, ""48"": 0.002412064544659196, ""55"": 0.09767835645402705, ""71"": 0.003294837824987639, ""92"": 0.0005753328030821691, ""94"": 0.0017637163146585072, ""103"": 0.011825890342944087, ""106"": 0.12182520379832121}","[0.007099711967033892, 0.02687489830581155, 0.9458367707335188, 0.02018861899363583]",0.7946619443741709,42,0.760460138344589,0.9799636985969372
261,1,1,1,0,2,0.715571138224266,"{""22"": 5.879305227820779e-05, ""42"": 0.7285176338392952, ""47"": 3.8213985193199226e-05, ""48"": 0.0024602898387352315, ""55"": 0.11808128032585345, ""85"": 0.00015168134073651106, ""94"": 0.0030062345413317424, ""103"": 0.01911628089453298, ""106"": 0.12856959218204328}","[0.715571138224266, 0.05985936940663302, 0.19061248654294305, 0.03395700582615789]",0.8569328573305914,42,0.7285176338392952,0.9751685063471919
262,2,4,0,1,2,0.12574209082671614,"{""20"": 0.0002574345677149307, ""24"": 0.00025962446951589, ""42"": 0.6726433282787142, ""48"": 0.0023525825449455203, ""55"": 0.13454915139456122, ""94"": 0.0012717864426353034, ""103"": 0.02982180132678422, ""104"": 0.000721551153734283, ""106"": 0.15812273982139452}","[0.060431806767458435, 0.12574209082671614, 0.01427397903122279, 0.7995521233746027]",0.9652094835106872,42,0.6726433282787142,0.96531521949467
263,1,1,1,0,3,0.3579328607423261,"{""42"": 0.293071935242503, ""47"": 0.0011666593853920154, ""48"": 0.0403185378625522, ""50"": 0.004251484559419452, ""55"": 0.3145491161045242, ""94"": 0.019952700384839806, ""103"": 0.06450882579262197, ""106"": 0.2488047432299006, ""107"": 0.01337599743824672}","[0.3579328607423261, 0.32586561574768225, 0.2781386135038778, 0.03806291000611386]",1.5428005541264544,55,0.3145491161045242,0.8564257945769278
264,3,3,1,0,2,0.7881080317659073,"{""2"": 0.003831102613251771, ""42"": 0.7508335671814693, ""55"": 0.019526018475472855, ""56"": 0.015605108840652752, ""62"": 0.012720778661730213, ""106"": 0.18619936137593884, ""107"": 0.011284062851484245}","[0.08827997112169816, 0.02532213712081327, 0.7881080317659073, 0.09828985999158144]",0.7973715235424752,42,0.7508335671814693,0.956558947032881
265,2,2,1,0,3,0.7226588730815822,"{""2"": 0.001515847152764781, ""27"": 0.0012459225242516647, ""40"": 0.001531896539874855, ""42"": 0.7718257013477661, ""55"": 0.025317348382535403, ""56"": 0.0013925132650279076, ""62"": 0.0017686483607587554, ""103"": 0.004161924577265502, ""106"": 0.191240197849755}","[0.10090512867365722, 0.7226588730815822, 0.16500364649412014, 0.011432351750640548]",0.6806112173715168,42,0.7718257013477661,0.9883832475800565
266,3,3,1,0,2,0.7811222814879962,"{""2"": 0.00046394639791559947, ""35"": 0.0007688911728126414, ""42"": 0.8362412535194382, ""48"": 0.006051011698597376, ""55"": 0.031011781234515593, ""56"": 0.0005712958480613164, ""62"": 0.0023906394691989514, ""103"": 0.0029772732247978625, ""106"": 0.1195239074346623}","[0.03500033178979817, 0.16421837213875817, 0.7811222814879962, 0.01965901458344732]",0.5871599589740795,42,0.8362412535194382,0.9867769421886162
267,2,2,1,0,3,0.828283453038939,"{""42"": 0.8694799101472548, ""48"": 0.006374687474651125, ""55"": 0.042420197346644095, ""56"": 0.00023698690832052262, ""62"": 0.0006195181977557504, ""71"": 0.001238895406303929, ""95"": 0.000601106360468987, ""103"": 0.004073815016458969, ""106"": 0.07495488314214169}","[0.07232972769164284, 0.828283453038939, 0.0893110780827313, 0.010075741186686896]",0.5238079913072937,42,0.8694799101472548,0.9868549906360407
268,2,3,0,1,2,0.11721905198997257,"{""13"": 0.00017849077344949893, ""42"": 0.8802776427628041, ""48"": 0.00971410428676676, ""50"": 8.96757801765062e-05, ""55"": 0.05592149599381188, ""62"": 0.0008793645010108413, ""71"": 0.000983039094592533, ""103"": 0.0030601622339371725, ""106"": 0.048896024573450825}","[0.08545215916610979, 0.11721905198997257, 0.7783761264456069, 0.018952662398310734]",0.4991932268054887,42,0.8802776427628041,0.9850951633300669
269,4,4,1,0,2,0.804842580373971,"{""42"": 0.16749182464930468, ""48"": 0.09090814177337711, ""50"": 0.0019260371435409682, ""55"": 0.18029498081456669, ""62"": 0.021119690627932793, ""64"": 0.010295378442407447, ""71"": 0.019742644996368627, ""103"": 0.03566875861808089, ""106"": 0.4725525429344207}","[0.010111944273071103, 0.09046150148621639, 0.09458397386674142, 0.804842580373971]",1.5173848624541264,106,0.4725525429344207,0.8203393483982921
270,4,4,1,0,2,0.7836607015792544,"{""11"": 0.007939161645809654, ""36"": 9.585238057506722e-09, ""50"": 0.003996331774564696, ""71"": 8.746689571660702e-09, ""80"": 9.710241426188725e-09, ""103"": 0.08379970082066189, ""106"": 0.9042647777167947}","[0.06927507002121044, 0.07062516843494411, 0.07643905996459102, 0.7836607015792544]",0.359228844959249,106,0.9042647777167947,0.9960036401832663
271,4,4,1,0,3,0.8928351811111606,"{""11"": 0.002501189729296657, ""31"": 0.010615041631136813, ""36"": 7.697135069450908e-08, ""50"": 0.002304236719623988, ""68"": 0.0052536019712395975, ""71"": 5.76514890480868e-08, ""80"": 1.3452412810976756e-07, ""103"": 0.04558167997294509, ""106"": 0.9337439808287897}","[0.02291909585576403, 0.045900412418677886, 0.0383453106143976, 0.8928351811111606]",0.30958694637937945,106,0.9337439808287897,0.9899407024328716
272,2,2,1,0,2,0.8531727626525407,"{""11"": 0.000620028800127774, ""31"": 0.01729445921354775, ""50"": 0.002102175286497472, ""68"": 0.004207543858539617, ""80"": 1.156587896100684e-06, ""103"": 0.023211600267358017, ""106"": 0.9459406332388969, ""112"": 0.001971567758452203, ""113"": 0.004650834988684267}","[0.08820518960558411, 0.8531727626525407, 0.024846615271478103, 0.03377543247039707]",0.28792136205146907,106,0.9459406332388969,0.9864466927198027
273,1,1,1,0,1,0.8772564726893379,"{""11"": 0.0002867859809787536, ""29"": 0.00041755657619070547, ""31"": 0.0005889205804544342, ""50"": 0.0006887228676338037, ""68"": 0.006761866370748295, ""75"": 0.00019354384605127915, ""103"": 0.009340628461307798, ""106"": 0.9771975488452881, ""113"": 0.004524426471346744}","[0.8772564726893379, 0.07926397226480976, 0.01820309006064743, 0.025276464985204892]",0.14103961124179246,106,0.9771975488452881,0.9933000436773441
274,1,3,0,1,1,0.33180571511003937,"{""11"": 0.000470967271494696, ""29"": 0.0006270092588215363, ""50"": 0.0007048559321836026, ""64"": 0.0031053526442522354, ""68"": 0.002884492903905211, ""80"": 0.0003219084323684315, ""103"": 0.007974984920936772, ""106"": 0.9776734353167178, ""113"": 0.006236993319319846}","[0.33180571511003937, 0.1707567101005879, 0.4252112183816409, 0.0722263564077319]",0.14301082501182177,106,0.9776734353167178,0.9918854135569743
275,4,2,0,1,3,0.1489702789531123,"{""29"": 0.0013081305113841494, ""50"": 0.002436001383186483, ""58"": 0.0008507680911039352, ""64"": 0.001395680314788602, ""68"": 0.010983785240369465, ""71"": 0.0016187933611949237, ""103"": 0.009457337205169614, ""106"": 0.9652198571572924, ""113"": 0.00672964673551019}","[0.04142301271776395, 0.7938295096361041, 0.015777198693019686, 0.1489702789531123]",0.2103924308288947,106,0.9652198571572924,0.9856609796028315
276,4,4,1,0,3,0.3927936300581328,"{""13"": 0.0013858117859700243, ""35"": 0.0004914895901427815, ""50"": 0.013990983602417828, ""58"": 0.003890574399306366, ""68"": 0.030475693425528916, ""71"": 0.008856671965306638, ""103"": 0.04184762551005357, ""106"": 0.8776715633418863, ""113"": 0.02138958637938781}","[0.06247768851943651, 0.31411579564300124, 0.23061288577942946, 0.3927936300581328]",0.5720073882321814,106,0.8776715633418863,0.9499948822774689
277,4,4,1,0,2,0.6078313976131906,"{""40"": 2.6804540344957367e-09, ""50"": 0.012832669368779486, ""58"": 0.003011695783113885, ""68"": 1.389742012128115e-08, ""71"": 4.855929978795236e-09, ""80"": 4.451364381914363e-09, ""103"": 0.06286965139639676, ""106"": 0.8874763764783015, ""113"": 0.03380958108823998}","[0.08620215409366827, 0.04467471174533758, 0.2612917365478037, 0.6078313976131906]",0.46777559747269626,106,0.8874763764783015,0.9841556089629382
278,1,1,1,0,3,0.7406084295978421,"{""14"": 0.005277784100400954, ""40"": 2.559188626588206e-08, ""50"": 0.005768845343141847, ""58"": 0.004034652584570111, ""71"": 5.4408392469983304e-08, ""80"": 8.097414891449613e-08, ""103"": 0.046807127587723936, ""106"": 0.8858138933098528, ""113"": 0.05229753609988271}","[0.7406084295978421, 0.06449875434383166, 0.15996589900025954, 0.03492691705806661]",0.48469681313501234,106,0.8858138933098528,0.9849185569974596
279,2,4,0,1,1,0.21113113358969593,"{""14"": 0.009238811355792057, ""50"": 0.008679277096782756, ""58"": 0.0032557586048658047, ""75"": 0.00868961644199639, ""80"": 9.111331227734654e-07, ""92"": 0.011965628145549379, ""103"": 0.02804573606863013, ""106"": 0.8766117179361161, ""113"": 0.05351254321714503}","[0.06791996251353895, 0.21113113358969593, 0.09897461246141194, 0.6219742914353532]",0.5696816113349477,106,0.8766117179361161,0.9581699972218913
280,4,4,1,0,2,0.8827443336335178,"{""14"": 0.027387824913598282, ""40"": 0.00662534076168077, ""58"": 0.006732268424885504, ""68"": 0.01574417985520035, ""75"": 0.027056724152593806, ""92"": 0.03517434993322838, ""103"": 0.05662281540040101, ""106"": 0.7059437091619327, ""113"": 0.11871278739647906}","[0.012239699576195457, 0.03873917683837151, 0.06627678995191523, 0.8827443336335178]",1.1075995812435255,106,0.7059437091619327,0.8812793119588128
281,4,1,0,1,2,0.03575201121182114,"{""65"": 0.011251953322865977, ""75"": 0.007121843282895259, ""80"": 0.03429005906714494, ""92"": 0.03780210508221724, ""103"": 0.03522662602680795, ""106"": 0.7123451267394333, ""113"": 0.15262242859315292, ""114"": 0.009339857885482358}","[0.785553619680312, 0.10685901177740101, 0.07183535733046593, 0.03575201121182114]",1.0152143671314402,106,0.7123451267394333,0.9027696604148034
282,2,3,0,1,3,0.37415755435569636,"{""38"": 1.903552708005239e-08, ""47"": 0.0634876879496402, ""75"": 1.3366748150554912e-08, ""80"": 5.090672171860721e-08, ""92"": 0.02272639021908837, ""103"": 0.10046637384721188, ""106"": 0.6385989540156053, ""113"": 0.17472049382334104, ""114"": 1.6836116171526177e-08}","[0.026984092504991536, 0.37415755435569636, 0.5483969672058082, 0.050461385933503994]",1.0831080298801936,106,0.6385989540156053,0.9137858216861582
283,3,4,0,1,3,0.32079400527112467,"{""47"": 0.14067349251194847, ""57"": 0.06821077170262792, ""68"": 0.04071703245576395, ""80"": 1.8434777122737146e-07, ""92"": 0.02062439392872958, ""103"": 0.0697955866769642, ""106"": 0.42522877361646794, ""110"": 0.0035513298355692243, ""113"": 0.23119843492415748}","[0.13381434237850717, 0.1711481344389292, 0.32079400527112467, 0.374243517911439]",1.5775027827437855,106,0.42522877361646794,0.7971007010525739
284,3,3,1,0,2,0.7444567073645622,"{""47"": 0.029025264952577134, ""49"": 0.08417034268937752, ""68"": 0.12564161149428063, ""80"": 7.693169334658528e-07, ""88"": 0.030859340904352675, ""106"": 0.6981805827342188, ""113"": 0.032122087908259725}","[0.11046662048527632, 0.045668330810080496, 0.7444567073645622, 0.09940834134008106]",1.0403053363712436,106,0.6981805827342188,0.907992536917877
285,4,4,1,0,2,0.709593739206397,"{""46"": 0.030896284381847338, ""47"": 0.016170683122423195, ""49"": 0.09209466984206871, ""62"": 0.02182876281198456, ""68"": 0.08769963254039327, ""71"": 0.05185061289392351, ""88"": 0.04108275568799789, ""106"": 0.62764737374957, ""113"": 0.030729224969791448}","[0.06322611257107306, 0.011678161036670926, 0.215501987185859, 0.709593739206397]",1.3746468702840597,106,0.62764737374957,0.807441676132032
286,1,1,1,0,2,0.7094029030058137,"{""41"": 0.0342192994338864, ""49"": 0.03503033990854445, ""57"": 0.05578322736422616, ""62"": 0.019172949099898293, ""68"": 0.04328664522343239, ""80"": 0.06210783603377002, ""106"": 0.7033762241514696, ""113"": 0.047023478784772615}","[0.7094029030058137, 0.08536588969452787, 0.18134022028215122, 0.023890987017507317]",1.1694702433663324,106,0.7033762241514696,0.8212672875494658
287,4,4,1,0,2,0.5682927931337982,"{""0"": 0.013754470379451088, ""14"": 0.004888475028806754, ""49"": 0.04178096022192693, ""57"": 0.014596604974904967, ""75"": 0.04280269345490037, ""80"": 0.005242705492247428, ""106"": 0.8424846709917551, ""113"": 0.03444941945600738}","[0.01269111818337525, 0.04999136166044685, 0.36902472702237976, 0.5682927931337982]",0.7021783825958721,106,0.8424846709917551,0.9270683246685824
288,4,1,0,1,2,0.1829890675342466,"{""30"": 0.0019695507805122256, ""31"": 0.0012154538841762633, ""49"": 0.05108183093386296, ""57"": 0.0264423582386838, ""75"": 1.1560618877519899e-08, ""80"": 1.937362976730127e-09, ""106"": 0.8491675998748163, ""113"": 0.07012319278996665}","[0.6990757943328163, 0.019198494825623948, 0.0987366433073131, 0.1829890675342466]",0.5936131812374519,106,0.8491675998748163,0.9703726235986458
289,3,3,1,0,1,0.7119313586502919,"{""28"": 0.001654131121029213, ""30"": 0.0028276090960479322, ""31"": 0.004352330799663402, ""49"": 0.028837064242234926, ""57"": 0.0607837021589334, ""75"": 2.4254861058817812e-08, ""102"": 0.002924524502826638, ""106"": 0.7990849945181516, ""113"": 0.09953561930625193}","[0.10084440883671644, 0.0921999049194437, 0.7119313586502919, 0.09502432759354806]",0.7492722457612094,106,0.7990849945181516,0.9594043159833369
290,3,3,1,0,2,0.41664029280656373,"{""30"": 0.0035628528246748736, ""31"": 0.008231899492537673, ""49"": 0.040738281005502405, ""57"": 0.0800958793943016, ""71"": 0.017678990199074786, ""72"": 0.012490716879922028, ""106"": 0.7454739134474454, ""113"": 0.09172746675654109}","[0.18070367248911048, 0.05014058450566178, 0.41664029280656373, 0.352515450198664]",0.9563744322997378,106,0.7454739134474454,0.9172972595982881
291,1,1,1,0,2,0.8584317457361003,"{""44"": 0.002912073472039782, ""49"": 0.10045892771583782, ""57"": 0.02798601250051743, ""71"": 7.391177713023786e-09, ""72"": 5.4998218856499855e-09, ""80"": 7.065826214801213e-09, ""92"": 0.019358691844666067, ""106"": 0.80415442637135, ""113"": 0.04512984813876302}","[0.8584317457361003, 0.0483504982801325, 0.08450263666712415, 0.008715119316643033]",0.739399348257328,106,0.80415442637135,0.9497432022259509
292,4,4,1,0,1,0.5806435511679526,"{""25"": 0.006470890993326589, ""44"": 0.0037548816037103654, ""49"": 0.07504333475202689, ""57"": 0.04012737945671391, ""68"": 0.005534139204826001, ""92"": 0.0099754553958554, ""106"": 0.8118377784498902, ""113"": 0.04725614014365041}","[0.2519470622652968, 0.08584109299798146, 0.08156829356876916, 0.5806435511679526]",0.7651508750143612,106,0.8118377784498902,0.9341372533455675
293,1,1,1,0,2,0.8621162475532376,"{""44"": 0.006140256657669445, ""46"": 0.00482650962824857, ""49"": 0.042456922945316056, ""57"": 0.06296558811173264, ""68"": 0.003708077992637632, ""92"": 0.004227778562278682, ""106"": 0.8311311482730711, ""113"": 0.04454371782904591}","[0.8621162475532376, 0.04909027551871719, 0.07849801231342779, 0.010295464614617495]",0.7014424525298694,106,0.8311311482730711,0.9386404542138497
294,2,2,1,0,3,0.7394715844571731,"{""49"": 0.04056318757186868, ""57"": 0.020360117827985316, ""68"": 0.003362875171574044, ""70"": 0.001494650784886474, ""75"": 0.008328346468685598, ""92"": 0.00522294978018324, ""106"": 0.890709874091194, ""113"": 0.029957998303622557}","[0.18509608082744483, 0.7394715844571731, 0.0418605491081681, 0.03357178560721399]",0.5136630317494748,106,0.890709874091194,0.9612310599666852
295,4,4,1,0,3,0.5842191156431181,"{""38"": 0.0014947998942461812, ""49"": 0.013759173261816426, ""57"": 0.0025743438692660565, ""68"": 0.005168865718460298, ""75"": 0.00120545932266325, ""80"": 0.0002713074772346825, ""92"": 0.007306532130210821, ""106"": 0.9488995913167868, ""113"": 0.019319927009315358}","[0.14974238122116842, 0.16354109534614378, 0.10249740778956977, 0.5842191156431181]",0.2835514470371288,106,0.9488995913167868,0.9819786915879186
296,3,1,0,1,1,0.1953126275309938,"{""38"": 6.367947241341839e-10, ""49"": 0.015321207062560205, ""57"": 0.005717985564610978, ""60"": 0.00024418432003652895, ""68"": 1.8294968404214352e-09, ""80"": 1.4910897124333634e-10, ""92"": 0.0035345586544763986, ""106"": 0.9533586712097852, ""113"": 0.021823390573130094}","[0.7383907280887189, 0.03461898098926853, 0.1953126275309938, 0.03167766339101883]",0.244538470028891,106,0.9533586712097852,0.9905032688454756
297,4,1,0,1,2,0.29047342957358135,"{""38"": 7.772540455220422e-09, ""49"": 0.05175294691892745, ""57"": 0.0070130961156073335, ""60"": 0.0003591267860309044, ""75"": 0.00032242688827737007, ""92"": 0.014675250232251328, ""106"": 0.9132905313393719, ""111"": 0.0002559870201923008, ""113"": 0.012330626926801178}","[0.2982993846810152, 0.15494016682199502, 0.2562870189234083, 0.29047342957358135]",0.3945882890332403,106,0.9132905313393719,0.9797187284905506
298,1,3,0,1,1,0.20866369864112558,"{""49"": 0.06703968037084818, ""57"": 0.01462018059564085, ""60"": 0.0006003093369834094, ""68"": 1.7775443714906521e-09, ""75"": 3.2361125572586783e-10, ""88"": 1.9651561040405588e-09, ""92"": 0.016717725203244202, ""106"": 0.8810763964488593, ""113"": 0.01994570397811249}","[0.20866369864112558, 0.14659617150534932, 0.4262531159264976, 0.2184870139270274]",0.505434574584649,106,0.8810763964488593,0.9680617807978199
299,2,2,1,0,2,0.8646943811874599,"{""49"": 0.09681430920207831, ""57"": 0.025306339257861847, ""60"": 0.0012660596374554152, ""62"": 0.004816407820293543, ""71"": 0.009223653475510164, ""88"": 3.2162172305657804e-08, ""92"": 0.021361046201290087, ""106"": 0.810615252636793, ""113"": 0.03059689960654531}","[0.07427202386375763, 0.8646943811874599, 0.041242894006311454, 0.019790700942470985]",0.7555136111738207,106,0.810615252636793,0.9380264614454167
300,2,2,1,0,3,0.848754866539293,"{""14"": 0.003343722914684867, ""23"": 0.004622944197784008, ""49"": 0.05351029783524044, ""57"": 0.013018509618642808, ""71"": 0.006775625038439197, ""92"": 0.01960131144889047, ""106"": 0.875852596429047, ""113"": 0.02327499251727128}","[0.06845993198944283, 0.848754866539293, 0.01871838304410783, 0.06406681842715652]",0.5716472206696308,106,0.875852596429047,0.9526378867815587
301,2,2,1,0,3,0.5678614724923339,"{""23"": 0.004985334039568319, ""49"": 0.012181012942614228, ""57"": 0.0037557302052486047, ""60"": 0.0008567742234505965, ""68"": 0.0064312145072634415, ""71"": 0.0033959745299350914, ""92"": 0.02013361140942052, ""106"": 0.9284672645121351, ""113"": 0.019793083630363948}","[0.05685223047405495, 0.5678614724923339, 0.3312838096296582, 0.044002487403952885]",0.38408483944315197,106,0.9284672645121351,0.9683939595519195
302,3,3,1,0,2,0.44632077049536917,"{""13"": 0.0008826458821084634, ""23"": 0.0037611348876060787, ""49"": 0.016530305575772782, ""57"": 0.005121924453394676, ""68"": 0.01048616847841251, ""73"": 0.00015075802637584142, ""92"": 0.02156142815641477, ""106"": 0.9156186139735366, ""113"": 0.025887020566378396}","[0.07841163877799176, 0.43080501751696154, 0.44632077049536917, 0.044462573209677406]",0.42919218142606524,106,0.9156186139735366,0.9630670626963298
303,2,4,0,1,3,0.11140868632285224,"{""23"": 0.0008422769664099755, ""49"": 0.012056734425216667, ""57"": 0.002653762523027267, ""68"": 0.015413513928659174, ""71"": 0.0025074021903339796, ""74"": 0.0015972451279111933, ""92"": 0.05383669948695396, ""106"": 0.9079707097925487, ""113"": 0.0031216555589389594}","[0.06551276491521132, 0.11140868632285224, 0.04890755024900143, 0.774170998512935]",0.4275551332569415,106,0.9079707097925487,0.9772209232081618
304,2,2,1,0,2,0.7880564478832515,"{""14"": 0.004943719799140604, ""49"": 0.06672605996181631, ""57"": 0.016671576859731037, ""62"": 0.0021559460977794167, ""68"": 0.07867614903055667, ""71"": 0.01937369049524292, ""92"": 0.23690551121601244, ""106"": 0.5550453722604534, ""113"": 0.019501974279267194}","[0.12074888359868106, 0.7880564478832515, 0.07197080419434439, 0.019223864323723184]",1.3095207206762232,106,0.5550453722604534,0.8706270325070224
305,1,1,1,0,1,0.7106732681665212,"{""13"": 0.01850993496181772, ""49"": 0.02576742490848725, ""68"": 0.11175516485189127, ""80"": 0.012409162179588516, ""92"": 0.15962454258056832, ""93"": 0.006245770619495947, ""106"": 0.6425194278871783, ""113"": 0.02316857201097263}","[0.7106732681665212, 0.05736947317689234, 0.20046559504775918, 0.03149166360882736]",1.1635463815583202,106,0.6425194278871783,0.913899135319638
306,3,3,1,0,2,0.6763965161149296,"{""3"": 0.017175479457111464, ""49"": 0.03133519458693245, ""52"": 0.015359885987039652, ""68"": 0.09615686593679698, ""75"": 0.022266195116568254, ""80"": 0.020056140499085218, ""92"": 0.11731670654916238, ""106"": 0.6803335318673036}","[0.1384686874788482, 0.10127837611082177, 0.6763965161149296, 0.08385642029540052]",1.1442011800549763,106,0.6803335318673036,0.8938071043532629
307,4,4,1,0,2,0.4340610224736453,"{""28"": 0.008334480552282131, ""29"": 0.007986378815989854, ""68"": 0.05749300466353008, ""75"": 0.010124626585004074, ""80"": 0.002690652356095313, ""92"": 0.09598718339061968, ""106"": 0.8145937284465787, ""108"": 0.002789945189900247}","[0.39117324645068025, 0.03890316222900904, 0.1358625688466655, 0.4340610224736453]",0.7135080806635905,106,0.8145937284465787,0.9680739165007284
308,1,1,1,0,1,0.9287941947854094,"{""20"": 0.0016632083746929375, ""29"": 0.004037789618741315, ""68"": 0.012472929956486922, ""75"": 0.0026071145302186947, ""80"": 0.005245939893257083, ""92"": 0.052472882721878715, ""106"": 0.919175321222611, ""108"": 0.0023248136821132424}","[0.9287941947854094, 0.013072924069887507, 0.04215271729983287, 0.015980163844870346]",0.37686320612017704,106,0.919175321222611,0.9841211339009767
309,3,3,1,0,1,0.9103110837015443,"{""7"": 0.0008235548735219983, ""28"": 0.004214065737402628, ""29"": 0.004119264088028571, ""68"": 0.008451219002192529, ""75"": 0.0033192956961851337, ""80"": 0.002785607070985027, ""92"": 0.04082695415802099, ""106"": 0.933191502853249, ""108"": 0.0022685365204142822}","[0.022671494488780586, 0.014414993002429159, 0.9103110837015443, 0.05260242880724593]",0.33611582171034005,106,0.933191502853249,0.9824696760134625
310,3,3,1,0,1,0.458840417524802,"{""29"": 0.006138120101322491, ""59"": 0.0026371702447403242, ""68"": 0.013409865107863954, ""71"": 0.003004123748649634, ""75"": 0.003676245564650657, ""80"": 0.0040856523624886575, ""92"": 0.0543783235598903, ""106"": 0.9100670686704866, ""108"": 0.0026034306399074685}","[0.026996846470622463, 0.1105996925009625, 0.458840417524802, 0.403563043503613]",0.4248637557896598,106,0.9100670686704866,0.9778552573382407
311,4,1,0,1,2,0.35205702611292167,"{""29"": 0.00698811828734974, ""39"": 0.0003954107600279453, ""59"": 0.0015704821449443053, ""68"": 0.006143499320598134, ""71"": 0.006740883732154853, ""80"": 0.0026855259148445203, ""92"": 0.03954390440550417, ""106"": 0.9331797197623295, ""108"": 0.0027524556722468172}","[0.43295519163203766, 0.060862294526273675, 0.15412548772876697, 0.35205702611292167]",0.3373113083794165,106,0.9331797197623295,0.9797117424551833
312,4,2,0,1,2,0.32719818285059193,"{""29"": 0.0056159003379042, ""31"": 0.003520898480458282, ""68"": 0.003075947834506183, ""71"": 0.02735503870384749, ""74"": 0.0006502868029741197, ""80"": 0.004322912122617447, ""92"": 0.023481467214561715, ""106"": 0.9295866520949075, ""108"": 0.002390896408223091}","[0.027118707474606946, 0.40750010788810687, 0.23818300178669427, 0.32719818285059193]",0.3639331383971632,106,0.9295866520949075,0.9804231580133167
313,2,2,1,0,2,0.4720135135738154,"{""29"": 0.00652202314678437, ""31"": 0.0035301986172281224, ""38"": 1.132995776328588e-09, ""68"": 2.0931681368376808e-09, ""71"": 1.3417283556538915e-08, ""80"": 2.791789195665424e-09, ""92"": 0.026104574722364982, ""106"": 0.9597550301901473, ""108"": 0.004088153888238464}","[0.392390173969315, 0.4720135135738154, 0.014419276668354129, 0.12117703578851531]",0.20983134456952304,106,0.9597550301901473,0.9923816280592966
314,1,3,0,1,2,0.27618771689250293,"{""19"": 0.0004230254069785043, ""29"": 0.007165974799906584, ""31"": 0.0001600271912033955, ""71"": 2.5825817859449795e-07, ""75"": 0.0007236197787301134, ""80"": 1.2529452823362444e-08, ""92"": 0.03377844356528522, ""106"": 0.9549718860607855, ""108"": 0.0027767524094791693}","[0.27618771689250293, 0.24263630129239136, 0.45092852745217377, 0.030247454362931928]",0.22009324989923285,106,0.9549718860607855,0.9959163044259773
315,2,2,1,0,3,0.8942219235886985,"{""19"": 0.0003025909779196873, ""29"": 0.010007043862622387, ""31"": 7.045560182818743e-05, ""72"": 1.2232463265251157e-09, ""75"": 6.732070282935285e-10, ""92"": 0.037847576055020885, ""106"": 0.9441341878862735, ""108"": 0.007638143719097673}","[0.06220664768433847, 0.8942219235886985, 0.015158520444089055, 0.028412908282874058]",0.26463107042109923,106,0.9441341878862735,0.9919888078039167
316,3,3,1,0,2,0.38800704361668936,"{""19"": 0.00014202376311543563, ""29"": 0.004204546190039279, ""31"": 9.163245276572788e-06, ""33"": 0.0006701274161211716, ""68"": 0.0049633551179935715, ""75"": 1.0256508273959451e-09, ""92"": 0.03480667701937409, ""106"": 0.9526466256679046, ""108"": 0.0025574805545244134}","[0.358684147550766, 0.14764223486091574, 0.38800704361668936, 0.10566657397162887]",0.23395932449497023,106,0.9526466256679046,0.9924166578052723
317,1,1,1,0,2,0.9302034629703714,"{""13"": 0.0006026429721925339, ""19"": 0.00011591941475601016, ""29"": 0.005613994373035489, ""33"": 0.0006786049005445629, ""65"": 0.0004403111895407788, ""68"": 0.020340867584218297, ""92"": 0.09208997738052069, ""106"": 0.8765355914451638, ""108"": 0.0035820907400279027}","[0.9302034629703714, 0.029265666627215827, 0.02043983561039282, 0.020091034792019923]",0.47751211951688366,106,0.8765355914451638,0.9889664364099028
318,1,4,0,1,2,0.1522338879232876,"{""19"": 0.00028023675485279687, ""29"": 0.008202726659208199, ""33"": 0.0014328045996709821, ""68"": 0.0297547591606275, ""75"": 0.005327718496358942, ""80"": 0.004370378599231622, ""92"": 0.10487013840886546, ""106"": 0.8402027442308556, ""108"": 0.005558493090328772}","[0.1522338879232876, 0.0327195771846442, 0.11583054887310938, 0.6992159860189587]",0.6189262020825171,106,0.8402027442308556,0.9748276418003486
319,1,1,1,0,2,0.8853663558427113,"{""29"": 0.02744797715587471, ""33"": 0.006101806255540336, ""68"": 0.09214134957238501, ""71"": 0.022832292543980785, ""80"": 0.00942181355384827, ""92"": 0.2091778088002687, ""106"": 0.5971920669375843, ""108"": 0.018717831289230737, ""113"": 0.01696705389128714}","[0.8853663558427113, 0.06457149078276156, 0.03668144450960799, 0.013380708864919197]",1.258520176116012,106,0.5971920669375843,0.8985112253102381
320,4,2,0,1,2,0.23691959904439933,"{""29"": 0.014378680855389589, ""68"": 0.10087862708605891, ""75"": 0.03883655456070005, ""92"": 0.16383373524760347, ""93"": 0.018777983057156854, ""106"": 0.6193069868367822, ""107"": 0.03248635479031251, ""108"": 0.011501077565996292}","[0.0423629083182923, 0.6133764048720461, 0.10734108776526236, 0.23691959904439933]",1.2489813029753014,106,0.6193069868367822,0.8840193491704446
321,1,1,1,0,2,0.7966260913111924,"{""13"": 0.010978038858726889, ""33"": 0.013801127604844485, ""68"": 6.087987166673879e-08, ""92"": 0.1360620940435362, ""106"": 0.6580107882886892, ""107"": 0.12627243356976042, ""108"": 0.02660799282368761, ""113"": 0.028267463930883422}","[0.7966260913111924, 0.06275311977140964, 0.0999407510178689, 0.04068003789952896]",1.1140332699981828,106,0.6580107882886892,0.9203453159019859
322,1,4,0,1,2,0.11082249333313574,"{""13"": 0.014520046011501541, ""27"": 0.021744171778123402, ""51"": 0.014848801567956779, ""68"": 6.878147361059218e-07, ""92"": 0.17655783012855353, ""106"": 0.7271145333556525, ""107"": 0.02925146085129571, ""108"": 0.01596246849218034}","[0.11082249333313574, 0.05216316219276661, 0.3431360886993115, 0.4938782557747862]",0.9144551427522962,106,0.7271145333556525,0.9329238243355017
323,4,4,1,0,2,0.647428006795056,"{""13"": 0.036015557385125005, ""27"": 0.047082551102040175, ""39"": 0.013105973447437061, ""51"": 0.03610993775537925, ""71"": 0.02686795853203741, ""91"": 0.021862148145357838, ""92"": 0.12776592422047134, ""106"": 0.6624222827970345, ""108"": 0.0287676666151175}","[0.1902289401013593, 0.0893607437860432, 0.07298230931754168, 0.647428006795056]",1.2588673113028022,106,0.6624222827970345,0.8372707581195461
324,2,2,1,0,2,0.5242612258648766,"{""13"": 0.021779280462068572, ""27"": 0.011886620783170659, ""39"": 0.01243124109905693, ""75"": 0.008155397277833201, ""76"": 0.007127959786578327, ""92"": 0.04015452238794639, ""101"": 0.04024918165078623, ""106"": 0.8582157965525598}","[0.020083335876415753, 0.5242612258648766, 0.06007502760557892, 0.3955804106531288]",0.6546573634986832,106,0.8582157965525598,0.9386195005912924
325,3,3,1,0,2,0.6780442491650199,"{""13"": 0.02442737609316834, ""27"": 0.0030700262733111914, ""39"": 0.007723146724487039, ""54"": 0.01268737194477694, ""68"": 0.011305545992463093, ""75"": 0.0027413282740642287, ""92"": 0.07581227245124572, ""101"": 0.05831990516323904, ""106"": 0.8039130270832444}","[0.19389075792431487, 0.05367535324685145, 0.6780442491650199, 0.07438963966381379]",0.8050140984568208,106,0.8039130270832444,0.9380452046977292
326,1,1,1,0,2,0.5306862029905661,"{""26"": 0.006011208554121823, ""27"": 0.0018929778405536832, ""39"": 0.0035551896609535873, ""67"": 0.006441072433830187, ""68"": 0.01904150921726223, ""75"": 0.001253411714253727, ""92"": 0.10486759105731272, ""101"": 0.008591730175803731, ""106"": 0.8483453093459083}","[0.5306862029905661, 0.16857313658847303, 0.18596866119704716, 0.11477199922391368]",0.595834085993942,106,0.8483453093459083,0.9722544096204833
327,3,2,0,1,2,0.18068587887944648,"{""26"": 0.010553908482660643, ""34"": 0.004289977200131914, ""39"": 0.006211591798669824, ""67"": 0.011843414424538368, ""68"": 0.03071053760511557, ""71"": 0.010886155283146, ""92"": 0.10703455091441166, ""101"": 0.015565556699946175, ""106"": 0.80290430759138}","[0.031246321036149688, 0.7408297321626598, 0.18068587887944648, 0.04723806792174416]",0.7919261359427242,106,0.80290430759138,0.9406493961109073
328,3,3,1,0,2,0.6901491605277662,"{""13"": 0.004398132211828305, ""26"": 0.03636588213973709, ""68"": 0.036879265715513525, ""71"": 0.02334926431166593, ""92"": 0.34093645802667905, ""101"": 0.018051028418035953, ""105"": 0.0036679426811536612, ""106"": 0.5363520264953865}","[0.10075266280288583, 0.11855228067912055, 0.6901491605277662, 0.09054589599022742]",1.1478541323669307,106,0.5363520264953865,0.914167750237579
329,1,1,1,0,1,0.6153181985195242,"{""14"": 0.013786838654716443, ""26"": 0.05104849107847009, ""57"": 0.004429070029866408, ""68"": 0.03516624342236993, ""71"": 0.019281009160455845, ""91"": 0.03654372616149914, ""92"": 0.4181577530705166, ""106"": 0.4215868684221056}","[0.6153181985195242, 0.03705969978114692, 0.2984321051348084, 0.04918999656452061]",1.2784532561799928,106,0.4215868684221056,0.8907931125710923
330,3,4,0,1,1,0.4433085868093085,"{""26"": 0.06008125924195471, ""57"": 0.008800534938474734, ""68"": 0.03813083789565836, ""74"": 0.033758156251891346, ""75"": 0.0378486296084281, ""92"": 0.2738533389169088, ""106"": 0.5163619415690136, ""110"": 0.031165301577670317}","[0.013419067425711211, 0.05978225532033425, 0.4433085868093085, 0.483490090444646]",1.3775486470162366,106,0.5163619415690136,0.8502965397278771
331,2,3,0,1,2,0.3513443310551087,"{""26"": 0.016282863479575665, ""57"": 0.00306403089511014, ""68"": 1.1648341788741593e-08, ""80"": 8.238618701710592e-09, ""92"": 0.0507892713659316, ""95"": 0.024098970875880407, ""105"": 0.028073014166212537, ""106"": 0.877691829330329}","[0.05108324854725136, 0.3513443310551087, 0.39161644415561664, 0.2059559762420234]",0.5407272613095522,106,0.877691829330329,0.9565541148624731
332,1,4,0,1,2,0.3873226662239729,"{""13"": 0.004591337917461686, ""26"": 0.03364080210477295, ""57"": 0.00888932970549354, ""68"": 1.0888653424423409e-07, ""92"": 0.07802759212986857, ""95"": 0.03110999637674116, ""98"": 0.004593129707447081, ""105"": 0.08027636123945353, ""106"": 0.7588713419322273}","[0.3873226662239729, 0.14082588777245306, 0.073999340324782, 0.39785210567879187]",0.924391557904451,106,0.7588713419322273,0.9171752953015493
333,4,4,1,0,1,0.6237865806619725,"{""26"": 0.05341656583999208, ""44"": 0.020490167262909236, ""57"": 0.017066465422635967, ""74"": 0.020265152316666143, ""75"": 0.025651999093783247, ""92"": 0.11862928656034986, ""95"": 0.056656793570776305, ""105"": 0.11832781245535784, ""106"": 0.5694957574775293}","[0.09147435571626777, 0.1909210251622204, 0.09381803845953934, 0.6237865806619725]",1.4673121720504987,106,0.5694957574775293,0.8064528564932371
334,4,2,0,1,1,0.2699407315682792,"{""57"": 0.0330433685188145, ""80"": 9.041889337648108e-09, ""88"": 9.553502231978949e-09, ""92"": 0.041684156128239856, ""95"": 0.05199791148367216, ""105"": 0.167477616684895, ""106"": 0.7057969285889869}","[0.2212179345823223, 0.3874168633337795, 0.12142447051561908, 0.2699407315682792]",0.9440534761685464,106,0.7057969285889869,0.9252724567575541
335,2,2,1,0,2,0.489070503164717,"{""35"": 0.011367204098956476, ""57"": 0.05312882665596078, ""80"": 1.223352281486338e-07, ""84"": 0.019509399798088134, ""88"": 1.1199139925663035e-07, ""92"": 0.04979261088745465, ""95"": 0.070620239617059, ""105"": 0.21752662692584498, ""106"": 0.5780548576900084}","[0.127641095956605, 0.489070503164717, 0.08725116344698361, 0.2960372374316944]",1.2688291993222025,106,0.5780548576900084,0.8662017242329124
336,2,2,1,0,2,0.5386081487896752,"{""32"": 0.0067424950227881085, ""46"": 0.0047298724117946925, ""75"": 0.01009590938475509, ""84"": 0.013450098806171639, ""92"": 0.1146793097834498, ""95"": 0.11365618716166243, ""105"": 0.04884678174688344, ""106"": 0.6877993456824948}","[0.12692440767460328, 0.5386081487896752, 0.2390584505676564, 0.09540899296806518]",1.06377303275053,106,0.6877993456824948,0.916134842627607
337,1,1,1,0,2,0.8277609009050693,"{""4"": 0.02948076191199636, ""46"": 0.005683907917921122, ""68"": 0.040529093961727415, ""70"": 0.01155852091529843, ""84"": 0.005977712215233469, ""92"": 0.08970330848619003, ""95"": 0.023222421887691653, ""105"": 0.0466576948556212, ""106"": 0.7471865778483204}","[0.8277609009050693, 0.061210527695781114, 0.08199515851328906, 0.029033412885860622]",1.0097985037501525,106,0.7471865778483204,0.8835475811901317
338,2,2,1,0,3,0.49197545590397007,"{""4"": 0.03939411838221074, ""45"": 0.008673279845724465, ""56"": 0.006536838926055009, ""68"": 0.02657397121150192, ""75"": 0.026627705618927695, ""92"": 0.08699087552796253, ""95"": 0.008750540689213347, ""105"": 0.03027828933438736, ""106"": 0.7661743804640169}","[0.1598574194272747, 0.49197545590397007, 0.2668387299033844, 0.08132839476537097]",0.9582705571864061,106,0.7661743804640169,0.8925593743741901
339,1,4,0,1,2,0.3561794614834548,"{""2"": 0.001943589698248621, ""4"": 0.02569650380082074, ""45"": 0.003747288639402914, ""68"": 0.03707696529143338, ""75"": 0.006285201696681038, ""92"": 0.09589321807446123, ""95"": 0.0065729674063215535, ""101"": 0.019007122671110228, ""106"": 0.8037771427215205}","[0.3561794614834548, 0.04607235730200079, 0.0625166429393226, 0.535231538275222]",0.7899244807215067,106,0.8037771427215205,0.9367473260874151
340,4,2,0,1,2,0.1455434544724336,"{""4"": 0.016338239481297458, ""27"": 0.007705445413093566, ""28"": 0.010196840573864737, ""75"": 0.009971854646667156, ""92"": 0.24901529566470598, ""95"": 0.006211356877303892, ""101"": 0.030095796206897566, ""106"": 0.6704651711361695}","[0.22898188068227063, 0.3434376568816375, 0.28203700796365816, 0.1455434544724336]",0.9486536705866663,106,0.6704651711361695,0.9495762630077732
341,1,1,1,0,2,0.6201880100693227,"{""4"": 0.061889060908928775, ""36"": 8.848170041518344e-09, ""62"": 0.010945504065551823, ""71"": 1.161921118911506e-08, ""75"": 8.8225077438749e-09, ""92"": 0.09250777383291142, ""95"": 0.02046760723774386, ""101"": 0.12704420253100254, ""106"": 0.6871458221339727}","[0.6201880100693227, 0.19126645516082896, 0.1665165319248608, 0.022029002844987634]",1.0413697518737906,106,0.6871458221339727,0.9066977984978867
342,3,3,1,0,2,0.49764837088389435,"{""4"": 0.05939378848226421, ""55"": 0.03296046417015089, ""62"": 0.016273368388173535, ""68"": 0.018324994907842215, ""80"": 0.0223475057251429, ""92"": 0.05520637962741881, ""95"": 0.020857869012132272, ""101"": 0.09308514468779555, ""106"": 0.6815504849990797}","[0.022067823463078416, 0.25744903355253124, 0.49764837088389435, 0.22283477210049607]",1.228368101441509,106,0.6815504849990797,0.8340294181691394
343,2,2,1,0,2,0.7608976320908731,"{""4"": 0.01698423753488439, ""21"": 0.008376021400312468, ""55"": 0.06802690643260532, ""71"": 0.023140093161182266, ""85"": 0.006534055963932143, ""92"": 0.06848011208997525, ""101"": 0.024936251011636913, ""106"": 0.7835223224054713}","[0.12621319579779924, 0.7608976320908731, 0.07890301862516436, 0.03398615348616329]",0.8789482831381628,106,0.7835223224054713,0.9200293409280519
344,4,4,1,0,2,0.6305851512015392,"{""4"": 0.02516751775150367, ""23"": 0.009349098677480232, ""46"": 0.004460395160456806, ""55"": 0.0067462895695751405, ""68"": 0.016576719870668905, ""71"": 0.005072416790171422, ""92"": 0.03819410549013911, ""101"": 0.011248180566030245, ""106"": 0.8831852761239746}","[0.012537415552344243, 0.184125164294492, 0.17275226895162463, 0.6305851512015392]",0.5738760667275303,106,0.8831852761239746,0.9465468993656174
345,4,1,0,1,1,0.2365088358940893,"{""4"": 0.03398471541712042, ""23"": 0.005019472074537183, ""42"": 0.011170738691413447, ""55"": 0.013077919287664466, ""68"": 4.6898135795417955e-09, ""71"": 1.7125826080227564e-09, ""92"": 0.028641360180184205, ""101"": 0.013379134757752686, ""106"": 0.8947266531889314}","[0.5536798183843792, 0.13311145983083827, 0.07669988589069324, 0.2365088358940893]",0.5074346055696674,106,0.8947266531889314,0.957352728786236
346,4,4,1,0,2,0.7154253676787358,"{""4"": 0.10011534386590558, ""23"": 0.01868274679135605, ""42"": 0.0277726833630742, ""52"": 0.001402409182181712, ""55"": 0.03010963449570346, ""92"": 0.021421803539675405, ""101"": 0.027343884946127706, ""106"": 0.7731514938159655}","[0.13059568221749712, 0.11826593878388061, 0.03571301131988649, 0.7154253676787358]",0.8986483444845093,106,0.7731514938159655,0.9033764721775746
347,3,2,0,1,2,0.2605768621280528,"{""0"": 0.0026001580208858052, ""4"": 0.031552762645814275, ""23"": 0.003900443372234887, ""55"": 0.05301824529893069, ""80"": 0.0063166982968250705, ""85"": 0.0028754058738166438, ""92"": 0.007090848085215617, ""101"": 0.030843373911023018, ""106"": 0.8618020644952539}","[0.2803184731844931, 0.290900147453683, 0.2605768621280528, 0.1682045172337712]",0.6212649338645242,106,0.8618020644952539,0.9463730724399989
348,2,2,1,0,2,0.7099764631025908,"{""0"": 0.0033580559901006182, ""4"": 0.024286979856961786, ""16"": 0.001731990648592337, ""55"": 0.10769761056028192, ""68"": 0.011768324403753212, ""85"": 0.0019325913775680356, ""92"": 0.023541210505731783, ""101"": 0.0333768604408667, ""106"": 0.7923063762161436}","[0.20170149800555867, 0.7099764631025908, 0.04167340161188029, 0.04664863727997031]",0.8109763605197285,106,0.7923063762161436,0.9333808472172923
349,2,2,1,0,2,0.6934047426231144,"{""4"": 0.026849195998481148, ""13"": 0.0026149958451190764, ""32"": 0.001547462205265033, ""55"": 0.011972031086812435, ""66"": 0.005331288099712854, ""68"": 0.02335808229592543, ""92"": 0.02684178541306618, ""101"": 0.011069281503005807, ""106"": 0.8904158775526121}","[0.24443297732294111, 0.6934047426231144, 0.019520980300686695, 0.0426412997532577]",0.54163364397914,106,0.8904158775526121,0.9441068589641594
350,4,4,1,0,2,0.7154208955540238,"{""4"": 0.02287687601432653, ""13"": 0.004211765378537068, ""55"": 0.0067033336917599615, ""68"": 0.04311656012067361, ""71"": 0.0045293007740738085, ""91"": 0.0017324632644907152, ""92"": 0.0351931912538385, ""101"": 0.004879710976535273, ""106"": 0.8767567985257645}","[0.01746121784766844, 0.018628620644901915, 0.24848926595340592, 0.7154208955540238]",0.5730993969358898,106,0.8767567985257645,0.9550665499002765
351,4,2,0,1,2,0.14890056972088184,"{""4"": 0.026824573830973333, ""13"": 0.0011290168591162086, ""55"": 0.010429441675278804, ""59"": 0.0051779584133388986, ""68"": 9.136095497791023e-09, ""80"": 6.324414030376289e-10, ""91"": 0.0027866765222912225, ""92"": 0.0406437228639465, ""106"": 0.9130086000665182}","[0.03867801778188376, 0.7660735754714061, 0.04634783702582834, 0.14890056972088184]",0.4092342480262136,106,0.9130086000665182,0.980476896761438
352,4,4,1,0,2,0.8179252615105537,"{""4"": 0.03856397878278213, ""13"": 0.005957954750554565, ""55"": 0.0492683953395658, ""59"": 0.010212765259397606, ""75"": 0.0061230459507668235, ""91"": 0.015131072463591666, ""92"": 0.0952745224974454, ""95"": 0.0042880847846883995, ""106"": 0.7751801801712077}","[0.057306475003784635, 0.01943622446863702, 0.10533203901702475, 0.8179252615105537]",0.8905938057379945,106,0.7751801801712077,0.9197230980082189
353,2,2,1,0,2,0.7262714298864719,"{""13"": 0.0023583856021708203, ""55"": 0.04921365672752142, ""59"": 0.01473190600326897, ""74"": 0.004124859677367565, ""78"": 0.005942153917875492, ""80"": 0.017065703838045072, ""91"": 0.02036639924387705, ""92"": 0.06433209818483308, ""106"": 0.8218648368050406}","[0.14689942446252358, 0.7262714298864719, 0.10884021908765443, 0.017988926563350067]",0.7642340172476665,106,0.8218648368050406,0.9354105917173952
354,3,3,1,0,2,0.6311093101809246,"{""32"": 0.004684314184980614, ""55"": 0.0379847508553723, ""68"": 0.008925340394673088, ""78"": 0.002117438589135509, ""80"": 0.0058892316360332824, ""91"": 0.01824337175635934, ""92"": 0.05295671762461621, ""106"": 0.8691988349588298}","[0.03934598189404141, 0.2611739677073841, 0.6311093101809246, 0.06837074021764991]",0.5852455017419262,106,0.8691988349588298,0.9601403034388183
355,2,2,1,0,2,0.8958131090156544,"{""5"": 0.0019065805401741796, ""32"": 0.0014360621629495411, ""55"": 0.051815974875324314, ""68"": 0.0061802292576453935, ""71"": 0.004688994045227294, ""78"": 0.0008975799340521927, ""80"": 0.0014714124613227077, ""92"": 0.06823908538688264, ""106"": 0.8633640813364217}","[0.08104653202427813, 0.8958131090156544, 0.018631022450946663, 0.004509336509120958]",0.5572399291287552,106,0.8633640813364217,0.9834191415986286
356,3,3,1,0,1,0.8141285330547272,"{""5"": 0.0013699392215235288, ""55"": 0.010883864514639432, ""68"": 0.010446376441962484, ""71"": 0.00119473508077057, ""78"": 0.0004075053715752628, ""80"": 0.0009366818629495701, ""91"": 0.0005217468470071412, ""92"": 0.06171218205586037, ""106"": 0.9125269686037116}","[0.011025579126189221, 0.10725450957799043, 0.8141285330547272, 0.06759137824109313]",0.38299556629491266,106,0.9125269686037116,0.9851230151742114
357,3,3,1,0,2,0.7732462626777916,"{""5"": 0.001460988704082688, ""31"": 8.657742755051429e-05, ""45"": 0.00037092178302866575, ""55"": 0.013418491258844898, ""68"": 0.0032178716507608404, ""80"": 0.00028777872789650195, ""91"": 0.0006792822796455399, ""92"": 0.0354303781956972, ""106"": 0.9450477099724932}","[0.00514694241551628, 0.029560343930359043, 0.7732462626777916, 0.19204645097633305]",0.26865385802959124,106,0.9450477099724932,0.9938965794270352
358,3,3,1,0,2,0.8402630970083802,"{""5"": 0.001703602249944804, ""45"": 0.00017353159106642144, ""55"": 0.015705873621871137, ""63"": 6.678411399273107e-05, ""68"": 0.0010020816182203978, ""80"": 0.0001420546031267685, ""91"": 0.0008441158834170732, ""92"": 0.01076276751581004, ""106"": 0.9695991888025506}","[0.02965555403036558, 0.016837155100576366, 0.8402630970083802, 0.11324419386067783]",0.17110272441976898,106,0.9695991888025506,0.9960678299402318
359,1,1,1,0,2,0.8439141588410474,"{""5"": 0.003480270615184815, ""45"": 0.0003284007762623233, ""55"": 0.023910355566417157, ""68"": 0.001506060821077717, ""72"": 0.00047986064759175824, ""75"": 0.0005655577363752948, ""91"": 0.0020325136052611074, ""92"": 0.01615992112185256, ""106"": 0.9515370591099773}","[0.8439141588410474, 0.10254493807690616, 0.005091961756091445, 0.048448941325955]",0.2558165940441228,106,0.9515370591099773,0.9916073357982471
360,4,4,1,0,1,0.6096323558355882,"{""5"": 0.0011564676070575988, ""45"": 0.000204785375635929, ""55"": 0.026294372457407376, ""68"": 0.0011535075168759676, ""72"": 0.001111350609277908, ""75"": 0.0012495588739307947, ""85"": 0.0010729451350917282, ""92"": 0.018722748020967555, ""106"": 0.9490342644037549}","[0.13219415602109164, 0.19697454609781623, 0.06119894204550396, 0.6096323558355882]",0.260405397987066,106,0.9490342644037549,0.9940513848821299
361,4,4,1,0,1,0.5830866593223936,"{""2"": 4.965797513080063e-05, ""13"": 0.000311171107708552, ""55"": 0.044424128965928185, ""68"": 0.00103394048827716, ""72"": 0.002601017249116202, ""75"": 0.002991633127471157, ""85"": 0.00028320967854505167, ""92"": 0.004574208434292228, ""106"": 0.9437310329735307}","[0.005539364499907879, 0.05389311082934352, 0.35748086534835505, 0.5830866593223936]",0.2629278265672959,106,0.9437310329735307,0.9927293703737511
362,4,4,1,0,1,0.8797564836335311,"{""31"": 8.295415664104948e-05, ""55"": 0.04536238317469164, ""68"": 4.0005906383257093e-10, ""71"": 1.427824470174032e-10, ""72"": 8.764497557064546e-10, ""75"": 9.872764629656854e-10, ""85"": 1.3289590394307236e-10, ""92"": 0.007550548554067436, ""106"": 0.9470041115751363}","[0.08362116496520731, 0.016348282824861362, 0.020274068576400194, 0.8797564836335311]",0.22954783358518815,106,0.9470041115751363,0.9999170433038954
363,4,4,1,0,2,0.6046927087013986,"{""31"": 0.0001940192396201745, ""55"": 0.0431728424524968, ""68"": 2.253747181211847e-09, ""72"": 2.0186366025896036e-09, ""75"": 1.2983159902688455e-09, ""80"": 0.0003639762006158639, ""86"": 0.0004654553592948585, ""92"": 0.0025303622995317323, ""106"": 0.9532733388777407}","[0.030150780453844592, 0.12239862473979421, 0.24275788610496263, 0.6046927087013986]",0.20453195173054586,106,0.9532733388777407,0.9989765436297692
364,2,2,1,0,2,0.6294668281021584,"{""31"": 8.942534595109444e-05, ""52"": 0.00024307301788384272, ""55"": 0.04669001890225272, ""71"": 6.696636605969992e-11, ""80"": 1.4756829130670424e-10, ""86"": 1.8191465930773557e-10, ""92"": 0.0025690671585519007, ""106"": 0.9504084151789078}","[0.22882390394162552, 0.6294668281021584, 0.11715672485498184, 0.024552543101234114]",0.20958878617170515,106,0.9504084151789078,0.9996675012397125
365,3,3,1,0,2,0.8715853105856959,"{""31"": 6.798377418244462e-05, ""52"": 7.725897164553245e-05, ""55"": 0.05934165298306688, ""74"": 1.9644315649896717e-05, ""80"": 4.5233308529771013e-10, ""86"": 3.763818671743164e-10, ""92"": 0.0026924779639362346, ""106"": 0.9378009811627456}","[0.0765640095617667, 0.03493701582095758, 0.8715853105856959, 0.016913664031579952]",0.24535942627733684,106,0.9378009811627456,0.9998351121097487
366,1,4,0,1,1,0.19688300788199323,"{""31"": 0.00012154992897901584, ""52"": 0.00020803516797689525, ""55"": 0.06970404553735117, ""67"": 0.00030013553050574923, ""71"": 0.0003633475918372919, ""74"": 5.998849000503219e-05, ""86"": 5.295853537217225e-09, ""92"": 0.005085716658544629, ""106"": 0.9241571757989465}","[0.19688300788199323, 0.14383789382273823, 0.1537896521472138, 0.5054894461480548]",0.2941619592256571,106,0.9241571757989465,0.9989469379948424
367,4,1,0,1,2,0.08774885037680799,"{""7"": 0.0005661940063051839, ""52"": 0.0011186424024153044, ""55"": 0.1872210032512225, ""67"": 0.0018035680457853581, ""68"": 0.0016837446387401827, ""71"": 0.0021954431953664314, ""74"": 0.000426914718459339, ""92"": 0.017645033013215544, ""106"": 0.7873394567284902}","[0.8608446073861296, 0.02865964843602576, 0.022746893801036776, 0.08774885037680799]",0.623905354450278,106,0.7873394567284902,0.9922054929929282
368,1,4,0,1,2,0.11052789702412183,"{""52"": 0.001990914679613803, ""55"": 0.6782540700251283, ""67"": 0.0041246299948253925, ""68"": 0.002147802910288146, ""71"": 0.026364913723108806, ""80"": 0.009202441762898111, ""92"": 0.024053270639015717, ""98"": 0.020512826936648656, ""106"": 0.2333491293284731}","[0.11052789702412183, 0.2612803801267546, 0.02966377598768689, 0.5985279468614367]",0.9595035668345675,55,0.6782540700251283,0.9379681130767101
369,3,3,1,0,2,0.569342468776652,"{""47"": 0.03755947221377383, ""49"": 0.06109931772359036, ""55"": 0.6518827592510051, ""67"": 0.01431722832383113, ""68"": 0.007351914335261458, ""71"": 0.0642565117855616, ""80"": 0.01617963798424732, ""84"": 0.032764679423267135, ""106"": 0.11458847895946199}","[0.08445437572462446, 0.13707654390364354, 0.569342468776652, 0.20912661159507995]",1.2732490682127608,55,0.6518827592510051,0.8307277499960287
370,2,1,0,1,2,0.1515539388369264,"{""1"": 0.009478723159413581, ""11"": 0.014358788742042604, ""35"": 0.012724292484710211, ""47"": 0.009474292446057, ""55"": 0.7618892066056628, ""68"": 0.00789444121465504, ""71"": 0.06779476086558955, ""106"": 0.1163854944818692}","[0.6669209781902224, 0.1515539388369264, 0.03293220391644894, 0.1485928790564022]",0.8829649123675567,55,0.7618892066056628,0.9460694619531216
371,3,3,1,0,2,0.7321070522840397,"{""1"": 0.009150192378158058, ""45"": 0.041375173936099796, ""46"": 0.013350165998465344, ""47"": 0.012463702130905344, ""55"": 0.27942181227462876, ""58"": 0.04773326113466676, ""68"": 0.03464440028276769, ""71"": 0.10624991120512253, ""106"": 0.4556113806591859}","[0.017705700493516, 0.10888210637362591, 0.7321070522840397, 0.14130514084881837]",1.5013583704057971,106,0.4556113806591859,0.8412831041389371
372,2,2,1,0,3,0.5938705912828812,"{""13"": 0.029596965096432906, ""15"": 0.018081824467561732, ""55"": 0.24872113443882346, ""68"": 0.008589582281391095, ""71"": 0.118496505209034, ""106"": 0.5561976578959681, ""108"": 0.020316330610788778}","[0.2913397704234345, 0.5938705912828812, 0.043126466802261856, 0.07166317149142248]",1.2218621833024814,106,0.5561976578959681,0.9234152975438256
373,1,1,1,0,3,0.5641552656604639,"{""13"": 0.035487576989267716, ""15"": 0.002441094523220877, ""55"": 0.04577306480156241, ""61"": 0.0031516758741816694, ""68"": 0.01401860103507253, ""71"": 0.06022579710901662, ""87"": 0.03928671206297811, ""106"": 0.7996154776047001}","[0.5641552656604639, 0.03829710924621953, 0.35873110778635614, 0.038816517306960376]",0.8274973782479075,106,0.7996154776047001,0.9056143395152791
374,1,4,0,1,1,0.1527708195473434,"{""9"": 0.008938558844811876, ""13"": 0.035818037912710085, ""39"": 0.0134631054524814, ""55"": 0.025336675924217292, ""68"": 0.017159343192107948, ""71"": 0.05056613435094529, ""80"": 0.01773531970129117, ""87"": 0.03830959760368608, ""106"": 0.7926732270177489}","[0.1527708195473434, 0.11448247529526062, 0.06320243410694316, 0.6695442710504529]",0.9138601185785271,106,0.7926732270177489,0.8815489589723803
375,3,3,1,0,1,0.5475674817683869,"{""13"": 0.09259200185475201, ""40"": 0.016229017126147653, ""55"": 0.04654443540862531, ""58"": 0.017352488806650856, ""71"": 0.09523546211002652, ""75"": 0.029399020299440224, ""80"": 0.0402049639019281, ""87"": 0.11880329151569155, ""106"": 0.5436393189767378}","[0.08955533079699932, 0.0707284013435626, 0.5475674817683869, 0.29214878609105116]",1.541568862352438,106,0.5436393189767378,0.7576780726024559
376,2,3,0,1,3,0.06440523991436334,"{""13"": 0.01213548223406862, ""52"": 0.10884488232275932, ""55"": 0.05396420038145063, ""71"": 3.068817465075174e-08, ""80"": 1.4730738505235133e-08, ""97"": 0.008819738631789883, ""106"": 0.8162356510110182}","[0.03207420763143352, 0.06440523991436334, 0.8214031207981467, 0.08211743165605648]",0.6599450262723479,106,0.8162356510110182,0.9790447337152283
377,2,2,1,0,1,0.6092161102684727,"{""13"": 0.03193947457587364, ""14"": 0.013085695158234763, ""52"": 0.08306114980848679, ""55"": 0.2672112308364121, ""71"": 7.489693768551037e-07, ""80"": 2.0448053255680784e-07, ""97"": 0.029525356443441175, ""106"": 0.5643271117367648, ""111"": 0.010849027990877497}","[0.25985055270054974, 0.6092161102684727, 0.03381683944369704, 0.0971164975872805]",1.202011235908787,106,0.5643271117367648,0.9145994923816636
378,2,2,1,0,2,0.3921922720254858,"{""13"": 0.006057281464202748, ""15"": 0.11979898376125282, ""50"": 0.0069782162796292214, ""52"": 0.052974737202242654, ""55"": 0.06730745456365077, ""68"": 1.8745911042450528e-08, ""97"": 0.006674049150983572, ""106"": 0.7402092588321273}","[0.3030623233974683, 0.3921922720254858, 0.185884915277538, 0.11886048929950777]",0.9131546926941984,106,0.7402092588321273,0.9273156971570309
379,3,2,0,1,4,0.36196849188995195,"{""13"": 0.008094857526836701, ""14"": 0.014016550085162567, ""15"": 0.03527163880634972, ""50"": 0.0024660025332891196, ""52"": 0.01808513135670145, ""55"": 0.13318043972214322, ""68"": 1.4282172132575032e-07, ""105"": 0.07669247835921908, ""106"": 0.7121927587885767}","[0.16856343294912035, 0.39523166942807614, 0.36196849188995195, 0.07423640573285148]",1.0113217470830538,106,0.7121927587885767,0.922065676869939
380,1,4,0,1,2,0.1977974143084006,"{""12"": 0.010851946326400687, ""14"": 0.018722704035914573, ""15"": 0.018484994102774658, ""47"": 0.007035379915751936, ""52"": 0.010429971529089851, ""55"": 0.21130750285557678, ""68"": 1.3170676616001908e-06, ""105"": 0.019510639400280135, ""106"": 0.7036555447665497}","[0.1977974143084006, 0.10510149449754451, 0.0500500569200524, 0.6470510342740026]",0.9324060877425346,106,0.7036555447665497,0.9344736870224065
381,3,3,1,0,1,0.6160463279818692,"{""15"": 0.04272154162680692, ""36"": 0.023298025049054774, ""47"": 0.014206442418068963, ""52"": 0.022230420813579843, ""55"": 0.2220329504502041, ""80"": 0.03373015629683399, ""85"": 0.04691220064740461, ""105"": 0.039922524088900686, ""106"": 0.5549457386091461}","[0.0666190714958398, 0.11277943325683765, 0.6160463279818692, 0.2045551672654534]",1.4147168253375038,106,0.5549457386091461,0.8238908897067548
382,2,2,1,0,3,0.4328887774890098,"{""15"": 0.05783084128168423, ""70"": 0.09010531687435154, ""71"": 0.08809121275008659, ""85"": 0.07181870572896021, ""101"": 0.027009763148215835, ""105"": 0.062231471108207086, ""106"": 0.6029126891084945}","[0.04951168666039954, 0.4328887774890098, 0.16358104062415066, 0.3540184952264401]",1.3602654583625584,106,0.6029126891084945,0.7811092187329326
383,2,2,1,0,3,0.5233116992310811,"{""44"": 0.00855956309832339, ""70"": 0.1011722835898091, ""71"": 0.14631997244949949, ""80"": 0.01896190321923465, ""85"": 0.046468914055344215, ""101"": 0.03441634875523411, ""106"": 0.6346724895701792, ""108"": 0.009428525262375864}","[0.07798741454682484, 0.5233116992310811, 0.09990876846431801, 0.29879211775777603]",1.2200337288270329,106,0.6346724895701792,0.8821647456094878
384,4,4,1,0,2,0.40824651013255125,"{""2"": 0.007783312131313192, ""68"": 0.057174284385806164, ""70"": 0.11301140278965678, ""71"": 0.26612978772988977, ""85"": 0.015799655923597018, ""96"": 0.014344091882679436, ""106"": 0.524206254418346, ""108"": 0.0015512107387117384}","[0.26377944576149126, 0.19917310784186235, 0.128800936264095, 0.40824651013255125]",1.2751158449219444,106,0.524206254418346,0.9033474449378925
385,2,2,1,0,4,0.45058153341501195,"{""5"": 0.007686396095497195, ""13"": 0.05041543033893994, ""63"": 0.03249081612299015, ""68"": 0.014033082964489678, ""70"": 0.05556188497600147, ""71"": 0.5036062617591605, ""85"": 0.008185821229220385, ""106"": 0.32802030651370073}","[0.09176448085118713, 0.45058153341501195, 0.2620910846181672, 0.19556290111563382]",1.2702585611754327,71,0.5036062617591605,0.8871884532488626
386,3,1,0,1,1,0.12788334699327542,"{""6"": 0.04586532472808527, ""13"": 0.045631968810819074, ""42"": 0.05746738899705761, ""63"": 0.03164617628060724, ""68"": 0.010846177630430533, ""71"": 0.46187853672272583, ""101"": 0.0801101065828402, ""106"": 0.2665543202474342}","[0.638112098978787, 0.044450000565921174, 0.12788334699327542, 0.18955455346201652]",1.516173350763744,71,0.46187853672272583,0.8085429635530003
387,4,4,1,0,1,0.8766015835704626,"{""14"": 0.07740303714958617, ""24"": 0.03450166550399203, ""42"": 0.1956796381752593, ""71"": 5.21169798736215e-07, ""73"": 4.887506458940912e-08, ""101"": 0.28020821381014616, ""106"": 0.412206875316153}","[0.018886686242652467, 0.05588215346717905, 0.04862957671970584, 0.8766015835704626]",1.3552249853274931,106,0.412206875316153,0.8880947273015585
388,4,4,1,0,4,0.47976744202094673,"{""14"": 0.0192907465290522, ""24"": 0.00542554003956609, ""42"": 0.22348299962040674, ""75"": 1.1477563105558647e-08, ""88"": 1.3783688657741438e-08, ""94"": 0.06573838587038557, ""101"": 0.21840061891147722, ""106"": 0.46766168376786044}","[0.06315815981568176, 0.37832386712427213, 0.0787505310390994, 0.47976744202094673]",1.3059895351787512,106,0.46766168376786044,0.9095453022997444
389,1,1,1,0,2,0.60284570829153,"{""12"": 0.030455768451744046, ""14"": 0.023350596502688933, ""42"": 0.21100986796011337, ""71"": 0.04257889399315032, ""94"": 0.0883900273809983, ""98"": 0.04371516134642262, ""101"": 0.2584980746026562, ""106"": 0.3020016097622262}","[0.60284570829153, 0.09045237614698272, 0.20678252311143713, 0.09991939245005016]",1.7193345831413585,106,0.3020016097622262,0.7715095523249957
390,2,2,1,0,4,0.49428405818142507,"{""17"": 0.04890874937506525, ""20"": 0.04924454305879616, ""22"": 0.046314986908378465, ""42"": 0.20545684767624678, ""75"": 0.05432725388767817, ""101"": 0.2786750144665893, ""106"": 0.31707260462724596}","[0.1549883643402534, 0.49428405818142507, 0.3110126680233147, 0.039714909455006976]",1.6418059513215362,106,0.31707260462724596,0.8012044667700822
391,3,1,0,1,1,0.3586613334295465,"{""42"": 0.2520096328281645, ""68"": 0.03834964273631901, ""72"": 0.01270635911550236, ""91"": 0.07959112746510826, ""101"": 0.38132952886922405, ""106"": 0.23166661067557878, ""110"": 0.004347098310102981}","[0.4100395264178686, 0.042398354785347134, 0.3586613334295465, 0.1889007853672378]",1.459384701051431,101,0.38132952886922405,0.8650057723729674
392,1,1,1,0,2,0.5954965312960152,"{""47"": 0.018412569006216267, ""68"": 2.7007455739334598e-08, ""71"": 3.0042479902183324e-08, ""91"": 0.37310111148651537, ""101"": 0.2071473780023543, ""106"": 0.3974092954783414, ""110"": 0.003929588976636797}","[0.5954965312960152, 0.17064021900930054, 0.21036500062411734, 0.02349824907056699]",1.1560054963303348,106,0.3974092954783414,0.977657784967211
393,1,1,1,0,2,0.6190506425631327,"{""47"": 0.023017981758369856, ""75"": 0.05208460465563963, ""83"": 0.043343893925152296, ""91"": 0.29519778552274345, ""95"": 0.0526438781615363, ""101"": 0.18165295223033792, ""106"": 0.345973089357538, ""110"": 0.0060858143886824995}","[0.6190506425631327, 0.038894975789928864, 0.31615848767635557, 0.025895893970582853]",1.6000227751258593,106,0.345973089357538,0.8228238271106194
394,1,4,0,1,2,0.31041146014531773,"{""0"": 0.059648744015387924, ""40"": 0.08458468306344206, ""69"": 0.07825398424529327, ""75"": 0.07905601573056484, ""83"": 0.07402351176619129, ""91"": 0.11497958029121032, ""101"": 0.18864445715299832, ""106"": 0.320809023734912}","[0.31041146014531773, 0.15635203521718824, 0.19543338590497694, 0.33780311873251706]",1.8978594512051377,106,0.320809023734912,0.6244330611791207
395,3,3,1,0,3,0.5348516379069282,"{""0"": 0.10850001246609574, ""5"": 0.04912435491043665, ""42"": 0.04711959790075496, ""92"": 0.06837016426648704, ""101"": 0.2578927643308627, ""106"": 0.46899310612536277}","[0.12980791287091528, 0.13250413569127184, 0.5348516379069282, 0.20283631353088472]",1.4209940912188752,106,0.46899310612536277,0.8353858829223213
396,4,4,1,0,2,0.8470908722982656,"{""0"": 0.010670365408086146, ""5"": 0.05590870534401666, ""6"": 0.0796517692427235, ""42"": 0.11202026886364136, ""75"": 0.013152268213439098, ""106"": 0.7202499135363813, ""113"": 0.008346709391711886}","[0.06156599812816866, 0.03604316758695737, 0.05529996198660836, 0.8470908722982656]",0.9897022965671671,106,0.7202499135363813,0.9119219516427463
397,3,3,1,0,2,0.8214897667125569,"{""0"": 0.00420985771794485, ""5"": 0.05081536649186516, ""6"": 0.012734703384058707, ""31"": 0.03348193419923229, ""42"": 0.12959320724087484, ""80"": 0.03871440307391466, ""89"": 0.0035709131229785993, ""106"": 0.7146536601369557, ""113"": 0.012225954632175228}","[0.030896136418113725, 0.11510117548370881, 0.8214897667125569, 0.03251292138562059]",1.0484800992771957,106,0.7146536601369557,0.8950622338696957
398,2,2,1,0,3,0.7631157521730071,"{""5"": 0.044337428361199596, ""6"": 0.011511258159284535, ""31"": 0.0018078434890368765, ""42"": 0.16283354967819466, ""66"": 0.014037445773045281, ""71"": 0.02270144137834312, ""80"": 0.002079602375290599, ""93"": 0.004071201384351863, ""106"": 0.7366202294012535}","[0.03077401424227467, 0.7631157521730071, 0.08317057058113546, 0.12293966300358283]",0.9027467924144301,106,0.7366202294012535,0.9437912074406477
399,1,1,1,0,3,0.6412360740866775,"{""5"": 0.014498080060494205, ""6"": 0.01741595635621608, ""13"": 0.004314593049584766, ""42"": 0.23565899173440494, ""68"": 0.009636443525438415, ""71"": 0.029485929865554966, ""75"": 0.0005804715227596932, ""80"": 0.0008240868391566706, ""106"": 0.6875854470463902}","[0.6412360740866775, 0.2907705364607231, 0.009251695916647448, 0.05874169353595193]",0.9123965605962068,106,0.6875854470463902,0.9527303686463502
400,1,3,0,1,3,0.17544089171995506,"{""5"": 0.015507888725808591, ""6"": 0.008427912596517487, ""13"": 0.001633805753364523, ""35"": 0.002654996180238984, ""42"": 0.254180869784495, ""71"": 7.250820558922162e-09, ""75"": 2.5651047087800507e-10, ""76"": 1.888690924851132e-09, ""106"": 0.7175945175635535}","[0.17544089171995506, 0.025267007857601307, 0.7658881731151284, 0.03340392730731512]",0.7173853287750094,106,0.7175945175635535,0.9872832760738571
401,3,3,1,0,1,0.8697989725861316,"{""5"": 0.017656234665617148, ""6"": 0.030665029634618177, ""13"": 0.006706720490810704, ""35"": 0.003962410040684061, ""42"": 0.5145661033089791, ""71"": 9.098861085452458e-08, ""78"": 0.007411341335850249, ""106"": 0.41903206953482963}","[0.0457146374158016, 0.012937180365810513, 0.8697989725861316, 0.07154920963225636]",0.97633252251855,42,0.5145661033089791,0.9642632024784269
402,4,4,1,0,3,0.3982356158071362,"{""5"": 0.015945987760271403, ""6"": 0.027798677160198085, ""13"": 0.009712709980342689, ""42"": 0.49493993524153856, ""44"": 0.0033408111748335096, ""57"": 0.0012187247903880567, ""78"": 0.0015389854549041518, ""95"": 0.008111865224938217, ""106"": 0.4373923032125852}","[0.10813502701342395, 0.14046026244684703, 0.3531690947325929, 0.3982356158071362]",0.9966391292076133,42,0.49493993524153856,0.9601309156143218
403,2,2,1,0,1,0.7062251298720008,"{""4"": 0.01406719865656685, ""5"": 0.031035223192051167, ""6"": 0.003857442549997574, ""13"": 0.0021233352956260975, ""42"": 0.5877169581070298, ""57"": 0.0027742699914283554, ""95"": 0.018317324332183596, ""96"": 0.002707807687423349, ""106"": 0.33740044018769316}","[0.03972860648372273, 0.7062251298720008, 0.017497384728380867, 0.2365488789158955]",0.986828584382253,42,0.5877169581070298,0.9561526214867742
404,1,1,1,0,2,0.7339937245090083,"{""4"": 0.02320085838282869, ""5"": 0.040354112734465555, ""39"": 1.0679494771963435e-09, ""42"": 0.5181079581027591, ""57"": 0.0008220936752455771, ""95"": 0.017164018587981833, ""96"": 0.0016954301083051176, ""106"": 0.3867771207763717, ""107"": 0.01187840656409293}","[0.7339937245090083, 0.05399236862427143, 0.1119904704568529, 0.10002343640986737]",1.064036937766465,42,0.5181079581027591,0.9452391916135964
405,3,3,1,0,2,0.704427087594194,"{""4"": 0.005102150805072045, ""5"": 0.01063184406522415, ""24"": 0.003238493448784879, ""42"": 0.6393136674033427, ""44"": 0.007863373148873847, ""76"": 0.005712604086679036, ""95"": 0.015716946057220866, ""106"": 0.30691225584567233, ""107"": 0.005508665139130151}","[0.023333522997597417, 0.09961548363193218, 0.704427087594194, 0.17262390577627643]",0.9038649774227303,42,0.6393136674033427,0.961942869306236
406,1,1,1,0,1,0.34687368048923495,"{""4"": 0.002306962316088155, ""5"": 0.01170871878479466, ""42"": 0.5897374592886406, ""45"": 0.001114668594877163, ""48"": 0.000730298776238627, ""60"": 0.000732251360535436, ""76"": 0.0035540875421864507, ""95"": 0.004405123686969106, ""106"": 0.38571042964966973}","[0.34687368048923495, 0.24718617296936304, 0.23142917477272984, 0.17451097176867217]",0.8070435693386528,42,0.5897374592886406,0.987156607723105
407,1,1,1,0,1,0.738521362237794,"{""1"": 0.0032237827680266415, ""5"": 0.015720948455269407, ""42"": 0.5829286670139305, ""45"": 0.0024854065933358166, ""48"": 0.0015628176741220297, ""57"": 0.004530708208703378, ""76"": 0.005962512148080616, ""106"": 0.3797620615065267, ""107"": 0.0038230956320047687}","[0.738521362237794, 0.04240668911775878, 0.01919272201675494, 0.1998792266276923]",0.8673502306477772,42,0.5829286670139305,0.9784116769757266
408,4,4,1,0,2,0.6523868792648772,"{""1"": 0.005745280177879941, ""5"": 0.018972068630125374, ""9"": 0.004080298164885858, ""35"": 0.005641537208213417, ""42"": 0.5571246339449503, ""47"": 0.00645536012909399, ""57"": 0.007852949058498265, ""76"": 0.011964181712621175, ""106"": 0.3821636909737317}","[0.1707566110241231, 0.07378095484747445, 0.10307555486352529, 0.6523868792648772]",0.973591888943756,42,0.5571246339449503,0.9582603935488073
409,4,4,1,0,2,0.8774659116348871,"{""0"": 0.0032501685774616773, ""5"": 0.008423228695772738, ""35"": 0.0017127346142815413, ""40"": 0.0012532211540680896, ""42"": 0.6843450975936322, ""47"": 0.01226492087059515, ""57"": 0.01393141830180771, ""76"": 0.0032807590515023565, ""106"": 0.27153845114087866}","[0.03051998418987411, 0.014518980367685348, 0.07749512380755334, 0.8774659116348871]",0.8239789297759517,42,0.6843450975936322,0.9698149670363184
410,4,4,1,0,2,0.9396145094393427,"{""0"": 0.0012715246380536245, ""1"": 0.0024518680348561248, ""5"": 0.005340823742641268, ""42"": 0.6477397240249583, ""47"": 0.018328146479079953, ""57"": 0.020906810460721754, ""59"": 0.004869357736998867, ""102"": 0.002999126961323636, ""106"": 0.2960926179213665}","[0.023333953319183243, 0.00973698140932042, 0.02731455583215369, 0.9396145094393427]",0.8903344000552462,42,0.6477397240249583,0.9647391524070466
411,3,3,1,0,2,0.6171305749221493,"{""5"": 0.006249627293501536, ""42"": 0.5912580862941514, ""44"": 0.001502781562991864, ""47"": 0.0243807193836428, ""57"": 0.027098389203028518, ""76"": 4.870247068261754e-10, ""84"": 3.9951206436070545e-10, ""102"": 0.0026204309482563658, ""106"": 0.3468899644278906}","[0.04217638849423719, 0.27182585382168883, 0.6171305749221493, 0.06886718276192483]",0.9233683259174826,42,0.5912580862941514,0.9652464399250706
412,3,3,1,0,3,0.8928902628641707,"{""5"": 0.00396546904031758, ""42"": 0.7410539281451475, ""44"": 0.003763857381822561, ""47"": 0.0012573658185002707, ""48"": 0.0033025983048671657, ""57"": 0.002072043700669385, ""69"": 0.0004378647780086726, ""78"": 0.00029003187909225136, ""106"": 0.24385684095157456}","[0.055487140755714016, 0.033081350421421435, 0.8928902628641707, 0.01854124595869388]",0.6549632946653687,42,0.7410539281451475,0.9888762381370396
413,2,2,1,0,4,0.7723392646029421,"{""5"": 0.002130496763073595, ""42"": 0.7662071591288336, ""44"": 0.004021766820941108, ""47"": 0.00012456819930274694, ""48"": 0.005313213318196874, ""55"": 0.0030590576297282145, ""57"": 0.00012945303241477542, ""78"": 9.750492060643301e-05, ""106"": 0.21891678018690267}","[0.1258788546753095, 0.7723392646029421, 0.09077695793781262, 0.011004922783935844]",0.6205997838417235,42,0.7662071591288336,0.9904371526339332
414,2,2,1,0,2,0.5858056722208508,"{""5"": 0.0010040139392302543, ""42"": 0.7924778277910015, ""44"": 0.0003017836642603135, ""48"": 0.00936082661386597, ""55"": 0.004968829543882668, ""78"": 7.634472246758726e-05, ""94"": 0.0017347147568360455, ""105"": 0.001079126197993158, ""106"": 0.18899653277046244}","[0.19506864733456036, 0.5858056722208508, 0.028907133436801225, 0.19021854700778779]",0.5977812889342196,42,0.7924778277910015,0.9908351871753299
415,1,1,1,0,2,0.8900411733900396,"{""5"": 0.0008597090577246091, ""42"": 0.8664595515894653, ""44"": 0.00011367900461059948, ""48"": 0.01502902132742931, ""50"": 0.0001573962449457571, ""55"": 0.012128774038194979, ""94"": 0.0038036670277181565, ""98"": 0.00024457927753339755, ""106"": 0.10120362243237777}","[0.8900411733900396, 0.045509851413438544, 0.05693080735693078, 0.007518167839591011]",0.504326463001089,42,0.8664595515894653,0.9826921953492724
416,2,2,1,0,4,0.8068499517335158,"{""5"": 0.0007789320430453071, ""24"": 0.00026576046885732593, ""42"": 0.8229541510035194, ""44"": 0.00025718832861577266, ""48"": 0.02304237212829631, ""50"": 0.00032663676338781113, ""55"": 0.0167930015384568, ""94"": 0.0039024800601728197, ""106"": 0.1316794776656483}","[0.02656342017816769, 0.8068499517335158, 0.14412868963685824, 0.022457938451458218]",0.6169850595534488,42,0.8229541510035194,0.977676000797464
417,1,1,1,0,3,0.7808842907807516,"{""5"": 0.00046666660915459154, ""42"": 0.7954238691777049, ""48"": 0.03464536857592618, ""50"": 6.878502768576065e-05, ""55"": 0.006847755033832954, ""94"": 0.005795038256903011, ""103"": 0.00011656129757696596, ""106"": 0.15648516570930107, ""107"": 0.00015079031191453054}","[0.7808842907807516, 0.025793246666673385, 0.17485339994297966, 0.018469062609595324]",0.6594007420256921,42,0.7954238691777049,0.9865544034629321
418,2,2,1,0,4,0.7974244031322656,"{""5"": 0.0003945371150298532, ""39"": 0.00027037620045422566, ""42"": 0.8058126627159509, ""44"": 0.0007039514407349183, ""48"": 0.05218894670779229, ""50"": 0.000151024377163347, ""55"": 0.002467065976913038, ""94"": 0.011175326185419807, ""106"": 0.1268361092805417}","[0.10922938002992989, 0.7974244031322656, 0.04928838022735515, 0.04405783661044934]",0.6667735431841608,42,0.8058126627159509,0.9848377187042848
419,4,4,1,0,2,0.5831919125137335,"{""5"": 0.0002608714479938175, ""9"": 0.00011848508154655498, ""42"": 0.8142891166616945, ""44"": 0.00012531873181315534, ""48"": 0.069779728988159, ""50"": 3.89099862184344e-05, ""55"": 0.004985122056276312, ""94"": 0.02002290327109058, ""106"": 0.09037954377520788}","[0.032990833657816986, 0.007253743959638657, 0.3765635098688108, 0.5831919125137335]",0.6797980118721401,42,0.8142891166616945,0.9744483894250613
420,2,2,1,0,4,0.7293262715338183,"{""5"": 0.0003042867301060727, ""9"": 0.0002691862398981571, ""42"": 0.7857233749128816, ""48"": 0.07145176803561282, ""55"": 0.007768356893821969, ""57"": 0.0006467671455490523, ""77"": 0.00011728935976499119, ""94"": 0.025704259026736734, ""106"": 0.10801471165562865}","[0.0157335550937159, 0.7293262715338183, 0.04183577358290815, 0.21310439978955764]",0.7607350966535789,42,0.7857233749128816,0.9651898546041231
421,4,4,1,0,2,0.5941917421998788,"{""1"": 6.95996972586196e-05, ""42"": 0.7413870369400359, ""48"": 0.09286541258432073, ""55"": 0.0038576129973088183, ""57"": 0.000256083810259321, ""94"": 0.037144350870009835, ""106"": 0.12437005615788892, ""112"": 4.9846942917721574e-05}","[0.06599531076740735, 0.2406569593397185, 0.09915598769299533, 0.5941917421998788]",0.8488316235146882,42,0.7413870369400359,0.9586225056822455
422,3,3,1,0,2,0.44402824501824173,"{""1"": 0.00023682204006258436, ""22"": 0.0007133797885656896, ""42"": 0.7078998264824462, ""48"": 0.08785259179187324, ""55"": 0.007509283997409711, ""57"": 0.000789470100878803, ""83"": 0.0007056128607377743, ""94"": 0.04953755013820937, ""106"": 0.14475546279981663}","[0.43166357105586395, 0.01576704609667742, 0.44402824501824173, 0.10854113782921698]",0.9414822181264144,42,0.7078998264824462,0.9405078810741361
423,4,4,1,0,3,0.7787384475197262,"{""8"": 0.0015399000809123847, ""22"": 0.0026612716971061647, ""42"": 0.7150937196353284, ""47"": 0.0008167886792435469, ""48"": 0.12445726598621826, ""57"": 0.0018155576331692015, ""94"": 0.0927913022905498, ""100"": 0.0024019320003481146, ""106"": 0.05842226199712405}","[0.07551668232043755, 0.01583960199447803, 0.1299052681653582, 0.7787384475197262]",0.9431731007352198,42,0.7150937196353284,0.9323422879120964
424,4,4,1,0,2,0.6485722404029894,"{""18"": 0.005081391640851927, ""28"": 0.0007562548103122225, ""42"": 0.7885237479782342, ""47"": 0.0014932338188443034, ""48"": 0.009760191184310327, ""57"": 0.0027540345439635394, ""94"": 0.13548230899794517, ""100"": 0.001264384895353787, ""106"": 0.05488445213018437}","[0.013259955179586067, 0.12109669383724692, 0.2170711105801776, 0.6485722404029894]",0.7293166965801938,42,0.7885237479782342,0.9788905091063638
425,4,4,1,0,2,0.8893491905456217,"{""1"": 0.0008027991069711911, ""42"": 0.8030368919774976, ""47"": 0.002261556283990852, ""48"": 0.0012936805084341285, ""57"": 0.003652706956507579, ""74"": 3.411369311594124e-10, ""94"": 0.16322925975811028, ""106"": 0.025723105067351325}","[0.00959989643774356, 0.08269126962056994, 0.01835964339606485, 0.8893491905456217]",0.6147770762792308,42,0.8030368919774976,0.9919892568029592
426,4,4,1,0,1,0.7439409702123954,"{""1"": 0.0017972301916033182, ""13"": 0.0004927377225189995, ""42"": 0.7612876414845375, ""47"": 0.004633285120174215, ""48"": 0.002288234650121805, ""55"": 0.002489058736788798, ""57"": 0.007177792917095489, ""94"": 0.1782340123268184, ""106"": 0.04160000685034127}","[0.01553623940559228, 0.16911496094296938, 0.07140782943904303, 0.7439409702123954]",0.7515897204925499,42,0.7612876414845375,0.9811216606616973
427,1,1,1,0,1,0.7230644435095679,"{""12"": 0.0011549539310221314, ""42"": 0.7957954485519796, ""47"": 0.008422567008948922, ""48"": 0.004855778348209986, ""55"": 0.005156481960369596, ""57"": 0.012333374495885853, ""94"": 0.09708598984047737, ""106"": 0.07519540586310652}","[0.7230644435095679, 0.20440956708683172, 0.05976496541308396, 0.012761023990516419]",0.7580575738304958,42,0.7957954485519796,0.9680768442555634
428,3,3,1,0,1,0.7751508480879529,"{""12"": 0.0011236228310162026, ""42"": 0.8091639076471696, ""44"": 0.0045245673023836174, ""48"": 0.007081585296545252, ""50"": 0.0033331819034451877, ""55"": 0.0015288947067543571, ""94"": 0.11342751229014252, ""106"": 0.05981672802254328}","[0.014211753505962776, 0.10905348691084171, 0.7751508480879529, 0.10158391149524276]",0.6827359927139636,42,0.8091639076471696,0.9824081479598553
429,3,3,1,0,1,0.8200551060692949,"{""9"": 0.0010290119585464612, ""42"": 0.8285256173443153, ""44"": 0.006587857337604381, ""48"": 0.0012255594173393124, ""50"": 0.0009653934889296893, ""55"": 0.0022501945541433016, ""94"": 0.05983021472980601, ""103"": 0.003421705134116731, ""106"": 0.0961644460351991}","[0.010681168141314297, 0.1371305912274682, 0.8200551060692949, 0.03213313456192266]",0.6377679653584297,42,0.8285256173443153,0.9845202781093204
430,1,1,1,0,1,0.7996041221912124,"{""42"": 0.8043446114021592, ""44"": 0.012596982897485657, ""48"": 0.002314544075467446, ""50"": 0.002208136129491366, ""55"": 0.004865099172568011, ""94"": 0.07778237466690809, ""101"": 0.0010466433357901644, ""103"": 0.00735775847740068, ""106"": 0.08748384984272926}","[0.7996041221912124, 0.11716416405858546, 0.007949488870591591, 0.07528222487961056]",0.7387951074024364,42,0.8043446114021592,0.9696108359117965
431,3,3,1,0,3,0.6909177750349037,"{""42"": 0.7541243191408563, ""44"": 0.017944568311242033, ""48"": 0.004857344165208457, ""55"": 0.00808123504427207, ""66"": 0.005604840085416073, ""94"": 0.07708392840447555, ""103"": 0.011878133381134207, ""106"": 0.12042563146739536}","[0.00914713709395997, 0.13608360016336551, 0.6909177750349037, 0.1638514877077709]",0.8839470767974583,42,0.7541243191408563,0.9516338790127272
432,2,2,1,0,2,0.6094448593994213,"{""42"": 0.7750787782727959, ""44"": 0.02291772880668367, ""55"": 0.009704129175444184, ""70"": 0.007077259624810248, ""76"": 0.00401843808441457, ""80"": 0.0009928145640415683, ""94"": 0.07949856095950739, ""103"": 0.016973019639972258, ""106"": 0.0837392708723301}","[0.17013899921197717, 0.6094448593994213, 0.2088978701016599, 0.011518271286941661]",0.8712234596040916,42,0.7750787782727959,0.9383166101046334
433,1,1,1,0,2,0.9307123390010318,"{""42"": 0.8414015870066636, ""44"": 0.0011982238755850673, ""54"": 0.0006019372208130639, ""55"": 0.0031676177426899228, ""64"": 0.0028239960347550084, ""71"": 6.944832360703196e-10, ""94"": 0.03412558336857132, ""103"": 0.003347452643341037, ""106"": 0.11333360141309784}","[0.9307123390010318, 0.04264013671276246, 0.02224267056492946, 0.004404853721276262]",0.5737471174556709,42,0.8414015870066636,0.9888607717883328
434,1,1,1,0,3,0.7671241537563327,"{""39"": 0.000861713173397763, ""42"": 0.796659566697108, ""44"": 0.002675692306876753, ""50"": 0.0016197474394666746, ""54"": 0.0009586070068770813, ""55"": 0.003924145216083721, ""64"": 0.003435270706124248, ""94"": 0.03820531234026841, ""106"": 0.15165994511379718}","[0.7671241537563327, 0.08388182979878259, 0.05775957902084624, 0.09123443742403851]",0.672115933688931,42,0.796659566697108,0.9865248241511736
435,3,3,1,0,2,0.4986964182307874,"{""39"": 0.0013610307862098462, ""42"": 0.7734933666508894, ""44"": 0.0041708446089679194, ""48"": 0.0013833218965336354, ""50"": 0.002020079945177362, ""54"": 0.000612477672018706, ""60"": 0.0003708219578796404, ""94"": 0.011734691983229933, ""106"": 0.2048533644990936}","[0.1660466165082, 0.02579962101130831, 0.4986964182307874, 0.3094573442497042]",0.6365507215622859,42,0.7734933666508894,0.990081423133213
436,3,3,1,0,2,0.7211208172404626,"{""0"": 4.202013259725886e-05, ""7"": 0.0007463678000987307, ""39"": 0.0012595214501658434, ""42"": 0.7996085503633702, ""44"": 9.273907341558669e-05, ""48"": 0.0017736160244190534, ""50"": 0.00012272066647053018, ""94"": 0.011872081383609326, ""106"": 0.18448238310585346}","[0.12590733424750383, 0.10586894946867838, 0.7211208172404626, 0.04710289904335519]",0.5706759453460415,42,0.7996085503633702,0.9959630148528329
437,2,3,0,1,4,0.4366055137246295,"{""7"": 0.00043379546792893177, ""30"": 0.00017756702006373705, ""39"": 0.0003094787060564868, ""42"": 0.8506925038791242, ""48"": 0.002274847247561472, ""50"": 0.00019043494089711403, ""55"": 0.0012776880255788046, ""94"": 0.021656303854057975, ""106"": 0.1229873808587313}","[0.0853688816653695, 0.4366055137246295, 0.46353166843459925, 0.01449393617540183]",0.5096807874549638,42,0.8506925038791242,0.9953361885919134
438,1,1,1,0,2,0.49604830040294706,"{""7"": 0.00010651815942742166, ""29"": 0.00011674792903842692, ""39"": 0.00086440957336987, ""42"": 0.7327272559136007, ""48"": 0.005266451781133632, ""55"": 0.0008993829232591152, ""94"": 0.010746315054403014, ""103"": 0.00022472224882600113, ""106"": 0.24904819641694187}","[0.49604830040294706, 0.3895927479592474, 0.022615621808112055, 0.09174332982969348]",0.6667384534699374,42,0.7327272559136007,0.9925217673849456
439,2,2,1,0,2,0.726435013629654,"{""10"": 0.001172019596627565, ""39"": 0.0007924960927735816, ""42"": 0.6721818964383907, ""44"": 0.001977753456646186, ""48"": 0.009614561619965297, ""55"": 0.002118313960586085, ""94"": 0.01790771081270966, ""103"": 0.0006256817296870609, ""106"": 0.29360956629261387}","[0.021278735593391006, 0.726435013629654, 0.10780053742841482, 0.14448571334854024]",0.7870568864977714,42,0.6721818964383907,0.9836991735437142
440,2,2,1,0,3,0.7301583802945624,"{""39"": 0.0004971922979551866, ""42"": 0.7605307038524006, ""44"": 0.00025376239833089397, ""48"": 0.013002014674710778, ""50"": 0.00013181197669342358, ""57"": 0.0018840078146451736, ""94"": 0.03194968045302103, ""106"": 0.191750826532243}","[0.0401929060283099, 0.7301583802945624, 0.021977280257936292, 0.20767143341919148]",0.7102407768990842,42,0.7605307038524006,0.9842312108376647
441,4,4,1,0,1,0.920146287287108,"{""39"": 0.0002560539855529672, ""42"": 0.8346767753224654, ""44"": 5.84173981608247e-05, ""48"": 0.018987105974513033, ""69"": 0.0023904527312467757, ""80"": 0.00017955056282660216, ""94"": 0.049939232453644164, ""106"": 0.09351241157159018}","[0.0064065576277750015, 0.029136042104843066, 0.04431111298027391, 0.920146287287108]",0.6160229686482461,42,0.8346767753224654,0.9781284193476998
442,2,2,1,0,4,0.6917043794850976,"{""39"": 0.00029812380392394073, ""42"": 0.8052115726018071, ""48"": 0.004957382325643428, ""55"": 0.001698591771477415, ""69"": 0.004216895010862676, ""73"": 0.00031423274004964094, ""80"": 0.0002487488362498006, ""94"": 0.06759125603837557, ""106"": 0.11546319687161044}","[0.06398236026000537, 0.6917043794850976, 0.22662420536494016, 0.017689054889956958]",0.6730426193319442,42,0.8052115726018071,0.9882660255117931
443,1,1,1,0,1,0.8501664228218663,"{""42"": 0.79592150895757, ""45"": 9.000556634126471e-05, ""48"": 0.006586274723206182, ""55"": 0.00043669233538525, ""69"": 0.002649987089106884, ""73"": 0.00013634229953390657, ""94"": 0.021056850812214468, ""103"": 0.00011996867297255281, ""106"": 0.17300236954366938}","[0.8501664228218663, 0.11920827573086168, 0.02400957220905315, 0.006615729238218921]",0.6218050928475568,42,0.79592150895757,0.9899807293134537
444,4,1,0,1,2,0.22968366927176168,"{""42"": 0.7507370947043677, ""48"": 0.009551760715280952, ""55"": 0.0008187008366450705, ""69"": 0.004518431917819138, ""84"": 0.0003058700737168823, ""92"": 0.0005635996006894142, ""94"": 0.01886877971417409, ""103"": 0.00025127536257405777, ""106"": 0.2143844870747327}","[0.5794230509420626, 0.040488645069615775, 0.15040463471655993, 0.22968366927176168]",0.703715340698184,42,0.7507370947043677,0.9839903614932745
445,3,3,1,0,2,0.8635408003356653,"{""42"": 0.8651367711637591, ""48"": 0.0032839436113457337, ""55"": 0.003111688348523523, ""64"": 0.00018120105509950103, ""69"": 0.01199476271571491, ""92"": 0.00043105061063649226, ""94"": 0.09871806277256337, ""106"": 0.017142519722357506}","[0.009085320443527304, 0.06135035192143675, 0.8635408003356653, 0.06602352729937067]",0.5183157943397619,42,0.8651367711637591,0.9809973536586799
446,3,3,1,0,1,0.7897169555143241,"{""42"": 0.8477496109797166, ""48"": 0.005324258677232711, ""55"": 0.004251710647012872, ""69"": 0.0022572718240575994, ""92"": 0.0009488300816428122, ""94"": 0.12175486495829875, ""103"": 0.001935514016845165, ""105"": 0.00025433852863215677, ""106"": 0.015523600286561242}","[0.08240627273301253, 0.10184958093767671, 0.7897169555143241, 0.026027190814986778]",0.5467167338874322,42,0.8477496109797166,0.9850280762245766
447,2,2,1,0,2,0.5580770133998704,"{""42"": 0.8177481887078093, ""48"": 0.008188516675989048, ""55"": 0.00702993082247399, ""71"": 0.0018523241882660393, ""92"": 0.0022650727785124675, ""94"": 0.1285678734911464, ""101"": 0.0009703137485019129, ""103"": 0.003755205586106259, ""106"": 0.029622574001194432}","[0.38667022036590065, 0.5580770133998704, 0.013739851402524466, 0.041512914831704655]",0.6598599083424216,42,0.8177481887078093,0.9759386362001501
448,4,4,1,0,1,0.6274559641279399,"{""14"": 0.0007682355951721588, ""42"": 0.7952239197633508, ""48"": 0.012012626548231457, ""55"": 0.01250077493397139, ""71"": 0.005290667276038113, ""73"": 0.0004926963005396685, ""94"": 0.13362299769190944, ""103"": 0.006534112575114787, ""106"": 0.03355396931567212}","[0.09205117772137991, 0.07346709651596894, 0.2070257616347113, 0.6274559641279399]",0.742821426972028,42,0.7952239197633508,0.9624008867709324
449,2,2,1,0,4,0.5735556812482598,"{""42"": 0.8711115756009825, ""44"": 0.001072607413678701, ""47"": 0.002478530557252336, ""55"": 0.01364672104309814, ""73"": 1.774511078345284e-10, ""94"": 0.04708979411810906, ""103"": 0.006235627834140796, ""106"": 0.05836514325528719}","[0.048704795187086876, 0.5735556812482598, 0.34272532420167384, 0.03501419936297957]",0.5423795490525498,42,0.8711115756009825,0.9765665129743788
450,2,2,1,0,4,0.6879976700857667,"{""42"": 0.8634821900079518, ""44"": 0.00022001327857494436, ""47"": 0.005791892541786971, ""48"": 0.0014928747550767153, ""55"": 0.002565845028761651, ""73"": 4.591152767209113e-10, ""94"": 0.010542224330933667, ""103"": 0.0005007972473178479, ""106"": 0.11540416235048104}","[0.2178392037887971, 0.6879976700857667, 0.0820480127643657, 0.012115113361070516]",0.48444471009456347,42,0.8634821900079518,0.9894285766893665
451,4,4,1,0,1,0.7889454110713803,"{""2"": 7.855157153131842e-05, ""42"": 0.887422769635057, ""47"": 0.006604410741425781, ""48"": 0.002567331402458408, ""55"": 0.004778123882936122, ""91"": 0.0015635721541912054, ""94"": 0.016045682467833108, ""103"": 0.0010106414805186527, ""106"": 0.07992891666404861}","[0.014961899761996935, 0.03276438072361312, 0.16332830844300955, 0.7889454110713803]",0.46605979910093387,42,0.887422769635057,0.9833973687669387
452,1,1,1,0,2,0.6069887143713109,"{""31"": 0.0005889082664714229, ""42"": 0.8561635228212628, ""44"": 0.0004888016596409218, ""47"": 0.010138454515669438, ""48"": 0.005500462575519031, ""91"": 0.0017592425279824547, ""94"": 0.01079432491186809, ""103"": 0.0016029387742954862, ""106"": 0.11296334394729036}","[0.6069887143713109, 0.21273138811179867, 0.1501981132006164, 0.030081784316274035]",0.5329295193900282,42,0.8561635228212628,0.9799211916804212
453,3,3,1,0,1,0.5181740211936943,"{""42"": 0.896265098990539, ""44"": 0.0009341452298853864, ""47"": 0.012501627513987547, ""48"": 0.007806106507600526, ""50"": 0.0005396642049733642, ""88"": 9.881771133956882e-05, ""94"": 0.017368311547500372, ""103"": 0.0005388830046270205, ""106"": 0.06394734528954724}","[0.012456624045697456, 0.2741856514674602, 0.5181740211936943, 0.1951837032931481]",0.45259632128672456,42,0.896265098990539,0.9775807558275866
454,3,3,1,0,1,0.4638731996188078,"{""42"": 0.8710668205655843, ""44"": 0.0027602014813623192, ""47"": 0.004377483376253496, ""48"": 0.013030728261679841, ""50"": 0.0016903731307978244, ""69"": 0.0009297327402129976, ""94"": 0.013192261452859991, ""103"": 0.0017215655026609502, ""106"": 0.09123083348858832}","[0.24936009101702505, 0.03886633827035223, 0.4638731996188078, 0.2479003710938149]",0.5206117451302655,42,0.8710668205655843,0.9754899155070326
455,1,1,1,0,2,0.6306296422481854,"{""42"": 0.9201738531149166, ""44"": 0.0007832826513357617, ""47"": 0.001276913675741443, ""48"": 0.03173896206862884, ""50"": 0.001492621878952014, ""78"": 2.141363920064518e-10, ""94"": 0.022130190025569863, ""103"": 0.0010957674039797664, ""106"": 0.02130840896673954}","[0.6306296422481854, 0.2949905063223691, 0.032602360588688255, 0.041777490840757395]",0.38369291446459886,42,0.9201738531149166,0.9740430052091152
456,2,2,1,0,3,0.83822389209461,"{""42"": 0.9124560360862323, ""44"": 0.0016881912794961633, ""47"": 0.000687120555971383, ""48"": 0.034191553929229346, ""50"": 0.0021821621046596057, ""53"": 0.00048157179334914097, ""55"": 0.0016391196723762043, ""94"": 0.012199515362585248, ""106"": 0.03447472921610082}","[0.04324109469218772, 0.83822389209461, 0.019134544928285667, 0.09940046828491654]",0.4122121939459157,42,0.9124560360862323,0.9811223192315625
457,4,4,1,0,3,0.5192478838979345,"{""42"": 0.8904583301038433, ""47"": 0.00030148394402488296, ""48"": 0.042311724503671884, ""50"": 0.00017919569343065482, ""55"": 0.0004783682549301302, ""79"": 8.394298282244866e-05, ""92"": 0.0007383537223833437, ""94"": 0.00803478701232682, ""106"": 0.05741381378256629}","[0.05429111571438701, 0.05688382737371032, 0.3695771730139682, 0.5192478838979345]",0.45370620436224895,42,0.8904583301038433,0.9901838683900815
458,3,3,1,0,1,0.5057590272643472,"{""16"": 0.0002415344505933072, ""42"": 0.8196540110434042, ""47"": 0.0006263412704018655, ""48"": 0.09092040921423074, ""55"": 0.000750791569880851, ""69"": 1.4060051765970163e-10, ""92"": 0.0022862600256523618, ""94"": 0.005224500416729855, ""106"": 0.08029615186850632}","[0.012264836381416434, 0.12656326333090928, 0.5057590272643472, 0.3554128730233271]",0.6369096435407989,42,0.8196540110434042,0.9908705721261413
459,4,4,1,0,3,0.7748067758935288,"{""0"": 0.00011725573178620043, ""42"": 0.7676363528654248, ""47"": 0.0002328625369333398, ""48"": 0.17605637042251676, ""55"": 0.0012943787655023775, ""92"": 0.005974178733208, ""94"": 0.008216390200023549, ""106"": 0.04047221074460442}","[0.009409274926320795, 0.019358350935331947, 0.19642559824481853, 0.7748067758935288]",0.720252570026044,42,0.7676363528654248,0.9841649340325459
460,3,3,1,0,3,0.7598749279175198,"{""5"": 0.00014361352042870643, ""42"": 0.9051677039840567, ""47"": 0.0006948589057660926, ""48"": 0.014630439264612275, ""55"": 0.002637472001339922, ""92"": 0.0014765462391208041, ""94"": 0.016380217328046277, ""106"": 0.05886914875662919}","[0.04432029046540896, 0.013813301549304142, 0.7598749279175198, 0.18199148006776716]",0.41769733380591406,42,0.9051677039840567,0.9804170700687321
461,2,2,1,0,1,0.3978480373696492,"{""42"": 0.8976059207008814, ""47"": 0.0001186408803568169, ""48"": 0.0011737158428780012, ""55"": 0.003448914991683035, ""57"": 2.4591683616507375e-05, ""92"": 0.0003626643199021939, ""94"": 0.00987685373595846, ""106"": 0.0873386424485829, ""111"": 5.005539614072941e-05}","[0.3262329519398378, 0.3978480373696492, 0.26242632323557213, 0.013492687454940854]",0.387674591718486,42,0.8976059207008814,0.9948214168854228
462,2,2,1,0,2,0.7498694351576543,"{""42"": 0.8765899461792652, ""47"": 0.00037576842183227095, ""48"": 0.0023958276467064854, ""55"": 0.003505636844420697, ""69"": 0.000379596978964747, ""76"": 0.00011099810511136107, ""92"": 0.0004372208552918465, ""94"": 0.009064766261680166, ""106"": 0.10714023870672726}","[0.13735993589980788, 0.7498694351576543, 0.01562148560978343, 0.09714914333275447]",0.4420272181428024,42,0.8765899461792652,0.9927949511476727
463,1,4,0,1,1,0.17021173343187604,"{""42"": 0.8875647026978439, ""48"": 0.0049516386111135196, ""55"": 0.006916838482046915, ""67"": 0.000802978706508101, ""73"": 0.0004726921569061755, ""76"": 0.00021188898583865542, ""92"": 0.0010911064162452521, ""94"": 0.01601338681000248, ""106"": 0.08197476713349508}","[0.17021173343187604, 0.0943038045995871, 0.026853554478723278, 0.7086309074898137]",0.4563782301395399,42,0.8875647026978439,0.9855528566413415
464,1,1,1,0,3,0.9288787768928211,"{""42"": 0.8290277526607722, ""48"": 0.008950592090747353, ""55"": 0.011723787088532356, ""57"": 0.000680255139982077, ""73"": 0.0009017890241368149, ""78"": 0.000503202946712687, ""92"": 0.002386751348517295, ""94"": 0.024801630811072797, ""106"": 0.1210242388895264}","[0.9288787768928211, 0.03035712599904214, 0.034481395391720425, 0.006282701716416261]",0.6265594677026778,42,0.8290277526607722,0.9748536223613714
465,1,1,1,0,1,0.8239749455885513,"{""13"": 0.0005802877384056571, ""42"": 0.8023622454647495, ""48"": 0.01421183447477382, ""50"": 0.0022518870808389234, ""55"": 0.005598796046611789, ""73"": 0.0016109221225499945, ""92"": 0.002295332366572545, ""94"": 0.02815319211649856, ""106"": 0.1429355025889992}","[0.8239749455885513, 0.09030835834330704, 0.008431068591593772, 0.07728562747654781]",0.6870905312295681,42,0.8023622454647495,0.9734509401702474
466,1,1,1,0,1,0.5006908562273548,"{""42"": 0.7509579843729542, ""48"": 0.022506287892093118, ""50"": 0.004543077694348523, ""55"": 0.008329693495805264, ""80"": 0.0016733791236467337, ""92"": 0.004614837444374599, ""94"": 0.03036327502691747, ""104"": 0.0020176929853991973, ""106"": 0.17499377196446064}","[0.5006908562273548, 0.11713572009929313, 0.02409018582175403, 0.35808323785159807]",0.8240146292765796,42,0.7509579843729542,0.9563150313643324
467,4,4,1,0,2,0.5921403287685386,"{""18"": 0.003013786994359802, ""21"": 0.0027383725768875735, ""42"": 0.8223694002776325, ""47"": 0.004419802806929952, ""48"": 0.03360067482656676, ""55"": 0.014547966785118271, ""92"": 0.009846762396500048, ""94"": 0.050659706631452125, ""106"": 0.05880352670455301}","[0.15178596580857637, 0.028008218741405022, 0.22806548668148005, 0.5921403287685386]",0.7572173268690718,42,0.8223694002776325,0.9318326336136377
468,4,4,1,0,2,0.9023670757857901,"{""14"": 0.001446567579715547, ""18"": 0.003810417115588454, ""42"": 0.908925079757013, ""47"": 0.005597708895391066, ""57"": 0.002986991843294541, ""92"": 0.002495844096007359, ""94"": 0.05368681415105274, ""106"": 0.02105057656193737}","[0.020992364952825783, 0.03930032597588769, 0.037340233285496426, 0.9023670757857901]",0.41711173531826773,42,0.908925079757013,0.983662470470003
469,2,2,1,0,5,0.8273113450611462,"{""18"": 0.0006054850487300471, ""29"": 0.0001978051954212874, ""42"": 0.9093587969651968, ""47"": 0.008830550057684836, ""55"": 0.002944414316048969, ""57"": 0.004974309017564773, ""92"": 0.002081127136664696, ""94"": 0.034592566125782834, ""106"": 0.03641494613690591}","[0.05695320633510022, 0.8273113450611462, 0.10663621309272188, 0.009099235511031572]",0.42774020571590626,42,0.9093587969651968,0.9803663092278856
470,4,4,1,0,1,0.8575955037821036,"{""29"": 8.68559887213051e-05, ""42"": 0.917973535358116, ""48"": 0.0015476486886316571, ""55"": 0.0021608506091460684, ""57"": 0.004072051862860042, ""92"": 0.0015837494325082432, ""94"": 0.031194689745120026, ""98"": 0.00013535088615746057, ""106"": 0.041245267428739116}","[0.10378210760190196, 0.018327565406917632, 0.020294823209076877, 0.8575955037821036]",0.3761504524977709,42,0.917973535358116,0.9904134925319752
471,1,1,1,0,3,0.7059057760821176,"{""42"": 0.9023224695229226, ""48"": 0.0012539058960129924, ""55"": 0.0030960901005963604, ""57"": 0.005010908004661165, ""69"": 0.00022598737157896684, ""87"": 0.00010775025148521806, ""92"": 0.0006081475261053982, ""94"": 0.03234735615388264, ""106"": 0.055027385172754704}","[0.7059057760821176, 0.11021400105588415, 0.024729952637810696, 0.15915027022418768]",0.4234993147538605,42,0.9023224695229226,0.98969721084956
472,2,2,1,0,4,0.9655563020438152,"{""42"": 0.9034202803860657, ""55"": 0.004746418102181817, ""57"": 0.0018409895819663088, ""69"": 7.589510684974284e-11, ""84"": 4.547369270178742e-11, ""92"": 0.0008268033815543067, ""94"": 0.01166650670375844, ""103"": 0.0007874743660519114, ""106"": 0.07671152735705263}","[0.02241383614317877, 0.9655563020438152, 0.004985421415271363, 0.007044440397734669]",0.38914355220941654,42,0.9034202803860657,0.9917983144468768
473,3,1,0,1,1,0.38087773366047456,"{""42"": 0.8669801533329018, ""48"": 0.0006487388244339756, ""55"": 0.00255519703746181, ""57"": 0.00038856435821292546, ""73"": 3.616731474477242e-05, ""92"": 0.0012686798743441882, ""94"": 0.016703265880282696, ""103"": 0.0003672706202507205, ""106"": 0.11105196275736717}","[0.5674785249690416, 0.01987274671720801, 0.38087773366047456, 0.03177099465327588]",0.47097321419324606,42,0.8669801533329018,0.9947353819705517
474,4,4,1,0,2,0.6208242591618383,"{""42"": 0.644001219073495, ""48"": 0.0023906426080971327, ""55"": 0.015047642082067726, ""71"": 0.0015539601200191817, ""92"": 0.0072099512920527796, ""94"": 0.03165473014753684, ""99"": 0.0004988887278364756, ""103"": 0.0025155016456365194, ""106"": 0.29512746430325854}","[0.22494664261466935, 0.12460125180400447, 0.02962784641948788, 0.6208242591618383]",0.8948919223269329,42,0.644001219073495,0.9707834135242903
475,3,3,1,0,3,0.4049893001038752,"{""15"": 0.0007408269091972198, ""42"": 0.7857437261498105, ""47"": 0.003402677339050901, ""55"": 0.01395574575973891, ""92"": 0.0016072724751445462, ""94"": 0.052246360367273065, ""99"": 0.0005082751909642753, ""106"": 0.1398414946250161, ""109"": 0.0019536211838045658}","[0.061018511421756474, 0.30364880103148206, 0.4049893001038752, 0.23034338744288627]",0.7294613082994243,42,0.7857437261498105,0.9778315811420996
476,1,4,0,1,1,0.25590099236388925,"{""42"": 0.786157115091142, ""47"": 0.0045227170090437335, ""55"": 0.02674144510710405, ""92"": 0.0036085380023906633, ""94"": 0.08431692493982712, ""102"": 0.0030567473805398447, ""103"": 0.003638847782268893, ""106"": 0.08795766468768379}","[0.25590099236388925, 0.20311961112962892, 0.021526492853249396, 0.5194529036532324]",0.791188589378098,42,0.786157115091142,0.9584317047186529
477,4,4,1,0,5,0.7007039224858316,"{""1"": 0.004566448976521982, ""41"": 0.0068796551124648275, ""42"": 0.5620195747532043, ""47"": 0.01876852358530043, ""55"": 0.0674784487710806, ""92"": 0.01782016863325298, ""94"": 0.09856221825833313, ""106"": 0.22390496190984194}","[0.19226376263904518, 0.01744866715811779, 0.08958364771700558, 0.7007039224858316]",1.274469849644694,42,0.5620195747532043,0.8844867549213794
478,3,3,1,0,1,0.6263511780625066,"{""42"": 0.6697334732437166, ""47"": 0.02185609148813677, ""48"": 0.005070105679704582, ""55"": 0.05661013528317639, ""92"": 0.005798126389037494, ""94"": 0.10806515783122331, ""106"": 0.11931308622041176, ""115"": 0.013553823864593143}","[0.14687361730234763, 0.10164417811415408, 0.6263511780625066, 0.1251310265209917]",1.1236589768662009,42,0.6697334732437166,0.8971117172953516
479,4,4,1,0,2,0.6014906502923886,"{""42"": 0.7074833463659681, ""47"": 0.02670279292700823, ""55"": 0.0530997630725656, ""57"": 0.004086532084667863, ""66"": 0.014871132094249048, ""77"": 0.008641659050749399, ""106"": 0.1682663115779089, ""115"": 0.016848462826882824}","[0.02437418947819296, 0.3208072003979494, 0.05332795983146904, 0.6014906502923886]",0.9922438510251235,42,0.7074833463659681,0.9288494210164426
480,4,4,1,0,2,0.6244965309164541,"{""1"": 0.009120320396903029, ""42"": 0.6583251245082596, ""47"": 0.03715979241286938, ""48"": 0.017142047119270795, ""55"": 0.0744470266795766, ""57"": 0.008250707729645892, ""66"": 0.0254705429706456, ""80"": 0.014342685572204786, ""106"": 0.15574175261062426}","[0.03943283019607781, 0.19836783391213722, 0.1377028049753309, 0.6244965309164541]",1.1870525553583038,42,0.6583251245082596,0.8885139037984605
481,1,1,1,0,2,0.8768677358768417,"{""42"": 0.7284557752016982, ""44"": 0.021280788509463612, ""47"": 0.03431676341831931, ""55"": 0.05521159127910291, ""66"": 5.470767330275601e-09, ""95"": 0.010422088277077005, ""106"": 0.12625814675549218, ""110"": 0.024054841088079246}","[0.8768677358768417, 0.07646681673887566, 0.03244865288385915, 0.01421679450042346]",0.986879815162193,42,0.7284557752016982,0.9099255132362933
482,2,2,1,0,3,0.7564576025316073,"{""13"": 0.005629913715676356, ""42"": 0.796972633753089, ""44"": 0.03196478632775994, ""47"": 0.02093184693451007, ""50"": 0.010049474007436025, ""55"": 0.01913335947233593, ""90"": 0.0034613170189820236, ""106"": 0.08571425749878323, ""110"": 0.02614241127142734}","[0.07172842968474495, 0.7564576025316073, 0.0996732111564466, 0.07214075662720126]",0.8483984797687683,42,0.796972633753089,0.9146516775796322
483,2,2,1,0,1,0.49656222495553326,"{""13"": 0.0037182675510078083, ""42"": 0.9166564441363751, ""44"": 0.0030593756886147455, ""47"": 0.01646069367595771, ""48"": 0.006458724609345956, ""50"": 0.0006565593648668192, ""56"": 0.000997404576092211, ""104"": 0.004923919871510648, ""106"": 0.04706861052622896}","[0.10495512266283528, 0.49656222495553326, 0.3254919135884961, 0.07299073879313542]",0.40016810172522177,42,0.9166564441363751,0.9801857483385619
484,1,1,1,0,2,0.9220916567511006,"{""13"": 0.005235003890772565, ""42"": 0.8874881907500091, ""44"": 0.0013450620073416142, ""47"": 0.02324552361048495, ""48"": 0.005754591920070264, ""50"": 0.0002476569306399926, ""104"": 0.006665276976194874, ""105"": 0.00019925763662904692, ""106"": 0.06981943627785743}","[0.9220916567511006, 0.029475087463728157, 0.03163408486451803, 0.01679917092065317]",0.4824429844360765,42,0.8874881907500091,0.9805531506383515
485,2,2,1,0,4,0.8074069577758445,"{""13"": 0.003670677089763881, ""42"": 0.863215409486211, ""44"": 0.0019244192766306263, ""47"": 0.02208076706268675, ""48"": 0.007476704817897326, ""66"": 0.002195386161676681, ""104"": 0.009243678353116779, ""105"": 0.0003701767232136445, ""106"": 0.0898227810288032}","[0.027408862961728182, 0.8074069577758445, 0.04005723410652743, 0.12512694515590003]",0.5565133481552812,42,0.863215409486211,0.9751189575777011
486,4,4,1,0,3,0.9192532087174102,"{""2"": 0.0002147808069027655, ""13"": 0.004551961531823995, ""42"": 0.8554737691399497, ""44"": 0.00026481754970618095, ""47"": 0.009816185453004144, ""48"": 0.008880572764415794, ""50"": 5.906077351466579e-05, ""104"": 0.0065413652621287045, ""106"": 0.11419748671855416}","[0.033003698956519126, 0.01143961946987396, 0.03630347285619669, 0.9192532087174102]",0.5306819951169459,42,0.8554737691399497,0.9794874413115079
487,3,3,1,0,2,0.48066498133711777,"{""13"": 0.0031198975556906857, ""18"": 0.0009571902430501613, ""42"": 0.857279105148598, ""44"": 0.00022725766697444464, ""47"": 0.013732370235476398, ""48"": 0.004539089376831619, ""55"": 0.001675483429006529, ""104"": 0.0036573566767683684, ""106"": 0.11481224966760392}","[0.12911705526489253, 0.04157800477271646, 0.48066498133711777, 0.34863995862527325]",0.5216857382961841,42,0.857279105148598,0.9858237250516783
488,4,4,1,0,1,0.7341492997256722,"{""13"": 0.0024548431802898165, ""18"": 0.000438545419779458, ""21"": 2.326424370660854e-05, ""42"": 0.9177473127862411, ""47"": 0.00352502838532932, ""48"": 0.012376613583044148, ""55"": 0.0026507499003530577, ""104"": 0.008386339841813686, ""106"": 0.05239730265944291}","[0.02633790997055041, 0.18392755463019259, 0.0555852356735848, 0.7341492997256722]",0.38176883434591813,42,0.9177473127862411,0.9825212290287281
489,2,2,1,0,2,0.9533817313423385,"{""13"": 0.0028787794714661514, ""14"": 3.5855127128528694e-05, ""42"": 0.9566586467869554, ""47"": 0.00424673222680791, ""48"": 0.0021925556397816457, ""55"": 0.0040467962953677885, ""103"": 0.0007319071868160161, ""104"": 0.001826311453567836, ""106"": 0.027382415812108797}","[0.017280257176692286, 0.9533817313423385, 0.015823691753888675, 0.013514319727080653]",0.23383064034119044,42,0.9566586467869554,0.9882877948258721
490,3,2,0,1,2,0.21121560111219528,"{""42"": 0.9452808954311358, ""47"": 0.004930400443318011, ""48"": 0.003673307371616837, ""55"": 0.001322717373861957, ""57"": 6.377910716286245e-05, ""92"": 0.0003604992226041477, ""103"": 0.00020038259235976636, ""104"": 0.002709080635712563, ""106"": 0.04145893782222804}","[0.017479265807978525, 0.6440193885807735, 0.21121560111219528, 0.12728574449905267]",0.26190811839942774,42,0.9452808954311358,0.991670233696682
491,2,2,1,0,3,0.8932220514209491,"{""42"": 0.7784963383205569, ""47"": 0.010133784390189346, ""48"": 0.03216800254124066, ""55"": 0.013762393751016774, ""92"": 0.004648631481591982, ""94"": 0.0022150439552054905, ""103"": 0.003921578162824837, ""104"": 0.01968700068650079, ""106"": 0.13496722671087336}","[0.04720784383031881, 0.8932220514209491, 0.022279232260744453, 0.03729087248798762]",0.8188662225226936,42,0.7784963383205569,0.9456315675726709
492,2,2,1,0,3,0.9606670291832428,"{""22"": 0.000624619983239566, ""42"": 0.8039861820252739, ""47"": 0.0036276798139069774, ""48"": 0.03244983271110021, ""55"": 0.0031349750393376004, ""95"": 0.0023955872664167886, ""103"": 0.000877527613849417, ""104"": 0.013748466907993933, ""106"": 0.13915512863888152}","[0.01109269988260941, 0.9606670291832428, 0.009879612294025276, 0.018360658640122585]",0.6837209424328954,42,0.8039861820252739,0.9755911433752558
493,3,3,1,0,2,0.8678507132353741,"{""20"": 0.0006943939002972893, ""42"": 0.7990811315420047, ""47"": 0.0028112125940748444, ""48"": 0.04006677546111613, ""68"": 0.0028521317370307766, ""95"": 0.0020867918637627043, ""103"": 0.0004673937355624625, ""104"": 0.015050120066452734, ""106"": 0.13689004909969835}","[0.012513771070179128, 0.024686538861611342, 0.8678507132353741, 0.0949489768328354]",0.6982436798785436,42,0.7990811315420047,0.9760379561028192
494,1,1,1,0,2,0.44798540941425113,"{""20"": 0.0003651840965233605, ""42"": 0.8192782169317762, ""47"": 0.0006453828345047675, ""48"": 0.005892451525530873, ""91"": 0.0013182716755480307, ""94"": 0.0012953246838029204, ""104"": 0.002575585611315045, ""106"": 0.16862958264099887}","[0.44798540941425113, 0.35040705664171773, 0.18594189862157154, 0.015665635322459646]",0.5340702435092883,42,0.8192782169317762,0.9938002510983058
495,3,3,1,0,2,0.6310047632544717,"{""20"": 0.00037822082903320295, ""42"": 0.7829143279204634, ""47"": 0.0010743057375952837, ""48"": 0.00709809564104761, ""91"": 0.0035252044554095843, ""93"": 0.0012076223798039361, ""94"": 0.0007856685122722399, ""104"": 0.004114520037257008, ""106"": 0.1989020344871177}","[0.1682144833195962, 0.07309418285673853, 0.6310047632544717, 0.12768657056919358]",0.6145075078690374,42,0.7829143279204634,0.9889144580486288
496,4,4,1,0,2,0.6697402893344636,"{""20"": 0.0003300601737568951, ""42"": 0.7664991201433858, ""44"": 0.0005730652597304266, ""47"": 0.0005619289189706795, ""48"": 0.0012645504826510358, ""91"": 0.0032999909664422834, ""104"": 0.0008085383222899165, ""106"": 0.22653490781599958, ""109"": 0.00012783791677343256}","[0.2663921271954865, 0.027593730510023038, 0.03627385296002681, 0.6697402893344636]",0.5855266393258906,42,0.7664991201433858,0.9963340189258277
497,1,1,1,0,3,0.7961990004781289,"{""18"": 0.0010356916810657676, ""20"": 0.00034330281223961864, ""42"": 0.871840032101311, ""47"": 0.0006701098200364008, ""48"": 0.0006318430601310823, ""55"": 0.0012782773315287539, ""91"": 0.005576753058022554, ""104"": 0.00048755677809245493, ""106"": 0.11813643335757225}","[0.7961990004781289, 0.05695643744917857, 0.13835741012852923, 0.008487151944163412]",0.4324830020688211,42,0.871840032101311,0.9955532185169058
498,3,3,1,0,2,0.7314918489683603,"{""20"": 0.00038245004671832815, ""42"": 0.9104518177580547, ""47"": 0.001005296748948086, ""48"": 0.000882759156984852, ""55"": 0.0006912829352481206, ""74"": 0.0003587436525472579, ""91"": 0.0015545061705536985, ""94"": 0.0007904133783068224, ""106"": 0.08388273015263789}","[0.029541884346377462, 0.2075413093048311, 0.7314918489683603, 0.03142495738043111]",0.3330339856017117,42,0.9104518177580547,0.9958890540812464
499,1,1,1,0,1,0.7843330491401397,"{""42"": 0.8934259182047585, ""47"": 0.00024138352367197245, ""48"": 0.000479450695826713, ""55"": 0.0010850882219782154, ""87"": 5.888023132003365e-05, ""91"": 0.0012858662184971393, ""94"": 0.0008754344437182062, ""103"": 0.0004908008407866943, ""106"": 0.10205717761944244}","[0.7843330491401397, 0.0867635321939871, 0.07991676146893693, 0.04898665719693641]",0.36571680454308364,42,0.8934259182047585,0.996768962042698
500,4,4,1,0,1,0.80703360987452,"{""42"": 0.9079127469544824, ""48"": 0.0006004430376446721, ""50"": 0.0002627269647257292, ""55"": 0.0007863915316266148, ""76"": 4.046165209567481e-11, ""87"": 2.372441871697449e-11, ""91"": 0.0007043334651073839, ""94"": 0.0013363029385795163, ""106"": 0.08839705504364773}","[0.03558532843232974, 0.13933475458666436, 0.018046307106485818, 0.80703360987452]",0.3283514847388988,42,0.9079127469544824,0.9976461049367097
501,1,1,1,0,1,0.4976089028010008,"{""6"": 2.3356745158228705e-05, ""42"": 0.9268554966983649, ""48"": 0.0003407493084049596, ""50"": 0.00014992117838411983, ""55"": 0.0012427868098933233, ""91"": 0.0007568863804328915, ""92"": 2.2281021756814644e-05, ""94"": 0.0025621528574401795, ""106"": 0.06804636900016459}","[0.4976089028010008, 0.13500757539528122, 0.33643036051677716, 0.030953161286940936]",0.28685145012195923,42,0.9268554966983649,0.9974640185559697
502,3,2,0,1,2,0.34264432670077727,"{""42"": 0.8816035506855406, ""48"": 0.0004707942476180798, ""50"": 0.0002709909270410507, ""55"": 0.0026752786492689586, ""65"": 0.0001939338106556397, ""91"": 0.001152227824079629, ""92"": 2.6915926152890113e-05, ""94"": 0.001221419592094283, ""106"": 0.11238488833754873}","[0.048762287937122575, 0.3472039382516638, 0.34264432670077727, 0.26138944711043627]",0.3963572275499902,42,0.8816035506855406,0.9966637176723583
503,3,3,1,0,2,0.7333274190077504,"{""42"": 0.9365606507418055, ""45"": 0.00012306483810539909, ""48"": 0.001155652503169529, ""50"": 0.0012667019522596354, ""55"": 0.004369517278123291, ""57"": 9.247358558995322e-05, ""91"": 0.0012933431329663252, ""94"": 0.0028882924139618776, ""106"": 0.052250303554018544}","[0.053937861842193305, 0.01957703758698443, 0.7333274190077504, 0.19315768156307186]",0.2830736481731172,42,0.9365606507418055,0.9931804715739473
504,4,4,1,0,4,0.9449756625326442,"{""42"": 0.9552901282409297, ""44"": 6.03173971340825e-05, ""48"": 0.0019076965975527386, ""50"": 0.0009161569214900684, ""55"": 0.005603670057634373, ""67"": 3.8495263282695355e-11, ""91"": 0.0014575302811071522, ""94"": 0.0047575401116418245, ""106"": 0.030006960354014765}","[0.03144291880609997, 0.007414515118928509, 0.016166903542327415, 0.9449756625326442]",0.2318637917893328,42,0.9552901282409297,0.9909007586525789
505,2,2,1,0,4,0.8880991500982075,"{""11"": 9.502765333125974e-06, ""42"": 0.9384601955494374, ""48"": 0.0013442529542584346, ""50"": 0.00025699240617729936, ""55"": 0.00923192431387204, ""57"": 0.00013183312494904434, ""91"": 0.002377670617736347, ""94"": 0.007625784678200882, ""106"": 0.04056184359003521}","[0.024012335661774332, 0.8880991500982075, 0.07789182893074634, 0.009996685309271933]",0.29670649839159335,42,0.9384601955494374,0.9882539634533446
506,2,2,1,0,4,0.565606080047798,"{""42"": 0.925563555727339, ""48"": 0.0015376685097999983, ""55"": 0.0042688069792689975, ""57"": 0.0001397800150868567, ""75"": 1.2485564667085605e-05, ""91"": 0.0017183757388430252, ""94"": 0.00965687430229714, ""104"": 0.00020778120125688836, ""106"": 0.0568946719614409}","[0.05147985502335949, 0.565606080047798, 0.015565111536776075, 0.3673489533920663]",0.3268308073159836,42,0.925563555727339,0.992115101991077
507,3,3,1,0,2,0.6451414489002751,"{""42"": 0.9443904110556605, ""48"": 0.001982254566226729, ""50"": 1.630268274741597e-05, ""55"": 0.004624375226782255, ""91"": 0.0022548519670250577, ""94"": 0.01602143637744296, ""104"": 0.00018294387963994698, ""106"": 0.030517875505224782, ""112"": 9.548739250464274e-06}","[0.17524692377293755, 0.1123680063667813, 0.6451414489002751, 0.06724362096000606]",0.27956043683834764,42,0.9443904110556605,0.9909297229383282
508,2,2,1,0,4,0.6285356818618658,"{""18"": 1.4872057411806785e-05, ""42"": 0.9426362087986827, ""48"": 0.0010049524619524172, ""55"": 0.004894770022600785, ""57"": 1.4673514144911963e-05, ""91"": 0.002331587663127094, ""94"": 0.012355431843605701, ""104"": 8.105214928730654e-05, ""106"": 0.03666645148918726}","[0.2308051078899368, 0.6285356818618658, 0.040899942705703914, 0.09975926754249338]",0.27938658748721856,42,0.9426362087986827,0.9916580921314756
509,3,3,1,0,2,0.7499802789311312,"{""42"": 0.9455822525784551, ""48"": 0.0009919276106749632, ""55"": 0.0003734966837702861, ""91"": 0.00045637156878233944, ""92"": 9.123542579154474e-05, ""94"": 0.00393616030818291, ""104"": 9.237976372389214e-05, ""105"": 1.5832770440248417e-05, ""106"": 0.0484603432901787}","[0.008773168041099769, 0.042427489904847904, 0.7499802789311312, 0.19881906312292114]",0.23659634182020772,42,0.9455822525784551,0.9979787561768166
510,4,4,1,0,2,0.9794343398920203,"{""26"": 9.823673638132759e-06, ""42"": 0.936857031321955, ""48"": 0.0006455209200020818, ""55"": 0.0006661719266798898, ""91"": 0.0004483119043358983, ""92"": 6.781783429308525e-05, ""94"": 0.0038819012575951324, ""104"": 7.903603179611433e-05, ""106"": 0.05734438512970484}","[0.003377916161733719, 0.006727666279893195, 0.010460077666352789, 0.9794343398920203]",0.2611667600278246,42,0.936857031321955,0.998083317709255
511,4,4,1,0,3,0.606793447180166,"{""26"": 3.1744213000136964e-05, ""42"": 0.9032809314570794, ""48"": 0.0006003648123029007, ""55"": 0.0015941712876976057, ""57"": 0.00011083560617288353, ""82"": 5.652748951240793e-05, ""91"": 0.000815364318482005, ""94"": 0.007295476262346977, ""106"": 0.08621458455340553}","[0.34833984981210747, 0.017378754315000536, 0.02748794869272602, 0.606793447180166]",0.36149740598796687,42,0.9032809314570794,0.996790992272832
512,2,2,1,0,4,0.9583611666928679,"{""8"": 2.41048818012746e-05, ""42"": 0.9152905564779288, ""48"": 0.00044870940355491484, ""50"": 1.1694477499671752e-05, ""55"": 0.0029944243283953676, ""57"": 0.0002517404334286036, ""91"": 0.001988879948449592, ""94"": 0.01122890971566456, ""106"": 0.06776098033327727}","[0.02605807001082056, 0.9583611666928679, 0.012495438218095145, 0.003085325078216297]",0.34952848146897536,42,0.9152905564779288,0.9942804465268706
513,2,2,1,0,5,0.9538177375501449,"{""8"": 2.018516751604198e-05, ""42"": 0.8844307046389062, ""48"": 0.000591148289676051, ""55"": 0.0018122683490459902, ""91"": 0.0013915765200602376, ""94"": 0.01716377319451907, ""104"": 0.00018702816193266386, ""106"": 0.09433815053065318, ""114"": 6.516514769081114e-05}","[0.021850275862928346, 0.9538177375501449, 0.017095400757357188, 0.007236585829569755]",0.42854803258814494,42,0.8844307046389062,0.9959326283640785
514,3,3,1,0,2,0.48728208163971654,"{""42"": 0.8434949117255456, ""48"": 0.0008275685063401968, ""55"": 0.000611013284676723, ""67"": 0.00012494638434133596, ""91"": 0.0005717836757230473, ""92"": 0.00015386363480271993, ""94"": 0.02122113889917797, ""104"": 0.00048715913817646157, ""106"": 0.13250761475121592}","[0.08254012309120426, 0.3497905455445145, 0.48728208163971654, 0.0803872497245647]",0.5139907786689826,42,0.8434949117255456,0.9972236653759395
515,1,1,1,0,2,0.6603221423536625,"{""38"": 0.0001266133470875429, ""42"": 0.7714834787929777, ""48"": 0.00048178552032860733, ""50"": 3.7710698443245286e-05, ""55"": 0.000809203900991379, ""91"": 0.0005445905393599576, ""94"": 0.00448097484485104, ""104"": 0.0001042925556969196, ""106"": 0.22193134980026358}","[0.6603221423536625, 0.23728155335050333, 0.09382616983531619, 0.008570134460517997]",0.574489430858756,42,0.7714834787929777,0.9978958034380924
516,3,3,1,0,3,0.6591679489338282,"{""3"": 0.00018592531551150994, ""42"": 0.774245819857107, ""48"": 0.0005380170436135382, ""50"": 7.660991859104805e-05, ""55"": 0.001313526568675845, ""91"": 0.0006645242868071773, ""94"": 0.0021233371212473987, ""104"": 0.00021985275448339433, ""106"": 0.2206323871339629}","[0.23741387386000332, 0.010776674420100727, 0.6591679489338282, 0.09264150278606773]",0.5664061432965756,42,0.774245819857107,0.9970015441123173
517,1,1,1,0,4,0.8756365272701632,"{""23"": 7.221564527923528e-05, ""42"": 0.8425462637424216, ""48"": 0.0005490862543162927, ""55"": 0.0017232661510146385, ""57"": 2.5376678426952965e-05, ""91"": 0.0010606428068413352, ""94"": 0.0033823010456592376, ""104"": 0.0001739728108413072, ""106"": 0.15046687486519925}","[0.8756365272701632, 0.04110181947631037, 0.0757408883594189, 0.007520764894107636]",0.47339496359434474,42,0.8425462637424216,0.9963954396532801
518,3,3,1,0,4,0.9179094796521903,"{""42"": 0.800860338906275, ""48"": 0.0007673582628392641, ""50"": 0.00014677274458494785, ""51"": 0.00010363056090277667, ""55"": 0.0020225880487280373, ""91"": 0.0007330937948260551, ""94"": 0.003289850528872689, ""104"": 0.00038661257720395465, ""106"": 0.19168975457576734}","[0.006915056937423394, 0.023709476568969094, 0.9179094796521903, 0.0514659868414173]",0.5419284825220567,42,0.800860338906275,0.9958399440109149
519,2,3,0,1,2,0.16200135247740297,"{""28"": 1.725267343789864e-05, ""42"": 0.7525555655151904, ""48"": 0.00031944527684332367, ""50"": 5.08005587649734e-05, ""55"": 0.0030154172429650364, ""91"": 0.0006918275135970569, ""94"": 0.003870210350254364, ""104"": 0.0001288376044795455, ""106"": 0.23935064326446742}","[0.15807465654480443, 0.16200135247740297, 0.6477342844184033, 0.03218970655938931]",0.604615491017195,42,0.7525555655151904,0.9957764191299122
520,1,1,1,0,2,0.6351365023168349,"{""42"": 0.618118152053091, ""48"": 0.006902825464287036, ""50"": 0.0010461044873403692, ""55"": 0.0791154853586823, ""75"": 0.0022628994394121014, ""91"": 0.018542516260673523, ""94"": 0.08305791262998508, ""104"": 0.004368528114586939, ""106"": 0.18658557619194185}","[0.6351365023168349, 0.2935569381395909, 0.01188493363149554, 0.059421625912078745]",1.170970956901135,42,0.618118152053091,0.8877616408750179
521,4,4,1,0,4,0.81008202940676,"{""4"": 0.0011801788495055417, ""15"": 0.003839621851464719, ""42"": 0.7174586588845246, ""48"": 0.0065355965408307225, ""91"": 0.00862832578245927, ""94"": 0.09727881163427565, ""104"": 0.003917948405276665, ""106"": 0.16116085805166258}","[0.128581419790392, 0.027978610480220233, 0.033357940322627795, 0.81008202940676]",0.8839903099334703,42,0.7174586588845246,0.9758983285704629
522,3,3,1,0,1,0.344560626986469,"{""15"": 0.0006473415718415474, ""24"": 0.0007018015278195972, ""42"": 0.7281439655504638, ""46"": 0.0006176272547383615, ""48"": 0.006104804232639978, ""50"": 0.0008727261966075075, ""91"": 0.006894910807116916, ""94"": 0.03725169935483568, ""106"": 0.2187651235039365}","[0.25957290121207716, 0.23633688266467093, 0.344560626986469, 0.15952958913678292]",0.7720416013066904,42,0.7281439655504638,0.9841607884092359
523,1,1,1,0,5,0.9305153075592881,"{""22"": 8.720511673616205e-05, ""24"": 0.0009435459560822684, ""42"": 0.8918227538334709, ""48"": 0.01163439170124465, ""50"": 0.0020936410309190558, ""91"": 0.005412076116076592, ""94"": 0.06523538376958428, ""106"": 0.022771002475886117}","[0.9305153075592881, 0.04988128866199857, 0.014972998896357888, 0.004630404882355428]",0.466671934878809,42,0.8918227538334709,0.9798291400789413
524,1,1,1,0,3,0.762460315931653,"{""23"": 0.00015466340057871208, ""24"": 0.0017838540635667715, ""42"": 0.8638113550985183, ""44"": 0.0010476560517894051, ""48"": 0.01451002168957226, ""50"": 0.0035980900931661046, ""91"": 0.002253399892840306, ""94"": 0.08225020348295137, ""106"": 0.030590756227016878}","[0.762460315931653, 0.06352976310996497, 0.039191565635848365, 0.13481835532253383]",0.5538324077381674,42,0.8638113550985183,0.9766523148084865
525,4,4,1,0,2,0.7360986986672722,"{""6"": 0.00013117061692831936, ""42"": 0.8577923902679151, ""44"": 0.0015240980051793509, ""48"": 0.013512960032551992, ""50"": 0.0041059107923406965, ""55"": 0.00020167698524555848, ""91"": 0.0009258343255566744, ""94"": 0.10323079452855022, ""106"": 0.018575164445731908}","[0.005363218210249076, 0.0208128487318733, 0.23772523439060542, 0.7360986986672722]",0.5399997906552578,42,0.8577923902679151,0.9795983492421972
526,3,3,1,0,4,0.5910616933259536,"{""6"": 4.700269209584838e-05, ""13"": 0.00018386947686794032, ""42"": 0.8641519122935762, ""48"": 0.0074375325323980815, ""50"": 0.0018955358389419212, ""55"": 0.0003723385368020625, ""91"": 0.0007409936515412713, ""94"": 0.10429065864859763, ""106"": 0.02088015632917911}","[0.008215571630181825, 0.10365965907138013, 0.5910616933259536, 0.2970630759724844]",0.5013782396229218,42,0.8641519122935762,0.989322727271353
527,1,1,1,0,4,0.7881844619570599,"{""27"": 0.00011572403173329342, ""42"": 0.8947310210179971, ""48"": 0.004889902461550082, ""50"": 0.0015095555632537285, ""55"": 0.0006334501190550174, ""57"": 5.241553998647662e-05, ""91"": 0.0006039585296038901, ""94"": 0.07284027230154493, ""106"": 0.024623700435275783}","[0.7881844619570599, 0.09660816819841707, 0.013551826501431937, 0.10165554334309089]",0.42806443141803535,42,0.8947310210179971,0.9921949937548177
528,4,4,1,0,2,0.8003946550315528,"{""15"": 0.000265275635563338, ""27"": 0.00012995045774123897, ""42"": 0.8859987315440094, ""44"": 0.0002992918845697644, ""48"": 0.004839012444931856, ""50"": 0.0018263500411596389, ""91"": 0.0003090150431896022, ""94"": 0.09292591947035883, ""106"": 0.013406453478476367}","[0.09956725455706895, 0.021272709846225996, 0.0787653805651522, 0.8003946550315528]",0.4314237654726319,42,0.8859987315440094,0.9923311044928447
529,2,2,1,0,4,0.8895026715690528,"{""15"": 9.571142818066511e-05, ""27"": 8.296002972883402e-05, ""42"": 0.8800613604967205, ""48"": 0.0034481231091616263, ""50"": 0.0004630454660260248, ""92"": 0.00010567883659159747, ""94"": 0.09842701709913473, ""105"": 5.206988571050577e-05, ""106"": 0.017264033648745656}","[0.016967390813235946, 0.8895026715690528, 0.07163760063865295, 0.021892336979058222]",0.43696603011629814,42,0.8800613604967205,0.9957524112446008
530,1,1,1,0,6,0.8198094938797077,"{""15"": 2.669357079695194e-05, ""42"": 0.8653310994894193, ""48"": 0.00509566677843725, ""50"": 8.225851777952323e-05, ""55"": 8.486554119264897e-05, ""78"": 3.653751570965978e-05, ""92"": 0.00017718427444760382, ""94"": 0.09794563134051394, ""106"": 0.03122006297170331}","[0.8198094938797077, 0.051836643308003263, 0.06139191996121639, 0.06696194285107264]",0.49161197679444224,42,0.8653310994894193,0.9944967938016366
531,2,2,1,0,6,0.8924846534873982,"{""15"": 4.840627127818566e-05, ""42"": 0.8559320817048679, ""48"": 0.005508491510586248, ""53"": 3.33300641796287e-05, ""78"": 3.173881499829427e-05, ""92"": 0.0002645273903558742, ""94"": 0.12314424624032849, ""104"": 0.0001653786987386342, ""106"": 0.014871799304666755}","[0.02129979164678622, 0.8924846534873982, 0.021216957777307727, 0.06499859708850785]",0.4870750175596562,42,0.8559320817048679,0.9939481272498631
532,4,4,1,0,6,0.763296696371246,"{""42"": 0.829557217097142, ""48"": 0.00795242527597555, ""53"": 3.7769425959989303e-05, ""67"": 0.000177582954581287, ""69"": 0.00024989429328946305, ""92"": 0.0006170185354462216, ""94"": 0.14664916521576823, ""104"": 0.00027619757803581653, ""106"": 0.014482729623801345}","[0.007825322551696136, 0.07168468915533556, 0.1571932919217224, 0.763296696371246]",0.547127997582248,42,0.829557217097142,0.9906891119367116
533,3,2,0,1,2,0.1400936230887844,"{""12"": 4.495886981247576e-05, ""42"": 0.8217713211576373, ""48"": 0.0015041875984128496, ""55"": 0.0002495124803436898, ""69"": 0.0006740019762351638, ""92"": 0.00018683512104535172, ""94"": 0.1647216177697952, ""104"": 9.394314059292136e-05, ""106"": 0.010753621886124902}","[0.02581333228346434, 0.7062064133215359, 0.1400936230887844, 0.1278866313062153]",0.5268175121019367,42,0.8217713211576373,0.9972465608135574
534,2,4,0,1,6,0.26164486687746946,"{""1"": 0.002198996639399073, ""42"": 0.1047091245290476, ""48"": 0.03203237644882402, ""55"": 0.008089997400289732, ""67"": 1.1682642913884582e-09, ""69"": 6.929922073425723e-09, ""92"": 0.005502024365759806, ""94"": 0.7247713979758047, ""106"": 0.1226960745426887}","[0.23722126722910009, 0.26164486687746946, 0.03988180988953001, 0.4612520560039005]",0.9182851527022324,94,0.7247713979758047,0.952176597047541
535,3,3,1,0,6,0.7422611534605714,"{""7"": 0.004784392485454938, ""42"": 0.32825956075009066, ""48"": 0.07498193149592798, ""55"": 0.006647147945519348, ""81"": 0.0008457993018431057, ""90"": 0.012500127755250718, ""92"": 0.018004202129748327, ""94"": 0.2560935157110527, ""106"": 0.2978833224251123}","[0.13351511841670188, 0.010237889303926183, 0.7422611534605714, 0.11398583881880055]",1.461484291476153,42,0.32825956075009066,0.8822363988862556
536,1,1,1,0,2,0.5258568081881866,"{""5"": 0.0061470768406770935, ""42"": 0.43643902864545847, ""55"": 0.009271330601110656, ""60"": 0.001413530073187247, ""90"": 0.014128564191172035, ""94"": 0.2928218317853681, ""106"": 0.23977863786302658}","[0.5258568081881866, 0.03624030405858786, 0.3968013208907503, 0.04110156686247529]",1.2080624662905857,42,0.43643902864545847,0.9690394982938532
537,2,2,1,0,2,0.4106439103576685,"{""1"": 0.010328896616898113, ""20"": 0.010215612258658267, ""42"": 0.5247360588811112, ""55"": 0.013007654661275026, ""74"": 0.00827615617367114, ""90"": 0.01208527709549874, ""94"": 0.07562846709577414, ""106"": 0.3457218772171134}","[0.2830870887417623, 0.4106439103576685, 0.08842220005450206, 0.21784680084606717]",1.1444320604547804,42,0.5247360588811112,0.9460864031939986
538,2,2,1,0,6,0.5221740067547274,"{""3"": 0.004009631295143358, ""20"": 0.0068245139679783, ""26"": 0.002390540965403494, ""42"": 0.5903290238777306, ""48"": 0.007572840908870153, ""55"": 0.003765955712888612, ""94"": 0.009524720208970848, ""106"": 0.3755827730630147}","[0.10066619220512152, 0.5221740067547274, 0.3250722720540855, 0.05208752898606571]",0.8518688429146117,42,0.5903290238777306,0.9754365171497161
539,2,2,1,0,6,0.8205670137440384,"{""20"": 0.004230706240410884, ""26"": 0.0023205855537002315, ""37"": 0.00463798454952245, ""42"": 0.8410292745661668, ""48"": 0.008626152721694974, ""50"": 0.000913655421423689, ""55"": 0.006251331800861681, ""77"": 0.001633468537215531, ""106"": 0.1303568406090037}","[0.12780163896171853, 0.8205670137440384, 0.04498042157584627, 0.006650925718396873]",0.5629277269778663,42,0.8410292745661668,0.9800122678968656
540,1,1,1,0,1,0.7778811319954976,"{""20"": 0.004353937283433038, ""26"": 0.0010737299780115873, ""37"": 0.0011507958503439951, ""42"": 0.8511813681796838, ""44"": 0.00021557671112006213, ""48"": 0.010206951904822657, ""55"": 0.00346674671309299, ""106"": 0.12791345266737694, ""112"": 0.00043744071211489574}","[0.7778811319954976, 0.10004801441420277, 0.09098427958618568, 0.031086574004113944]",0.5106282506846578,42,0.8511813681796838,0.9893017727518835
541,1,1,1,0,2,0.4928182961704129,"{""13"": 5.7817058813631014e-05, ""20"": 0.0013652874823348812, ""37"": 2.809292707209297e-10, ""42"": 0.8560553322449276, ""44"": 0.00034702197490020026, ""48"": 0.010952637084748851, ""55"": 0.002696746529137946, ""106"": 0.12800229772007674, ""112"": 0.0005228596241307885}","[0.4928182961704129, 0.10786901546093575, 0.10496342749016571, 0.2943492608784856]",0.47786428020742594,42,0.8560553322449276,0.9950102670497531
542,4,4,1,0,6,0.8409783971319342,"{""3"": 0.0006144157975346603, ""20"": 0.003030456331519733, ""42"": 0.8725145041571898, ""44"": 0.0008690469336073137, ""48"": 0.013301248210366844, ""55"": 0.0046518870439325715, ""57"": 0.0010159147511974982, ""106"": 0.10279922716150426, ""112"": 0.00120329961314722}","[0.07554311029697461, 0.011611654630609942, 0.07186683794048127, 0.8409783971319342]",0.47863231514870996,42,0.8725145041571898,0.9886149795290609
543,2,2,1,0,3,0.603281548590407,"{""20"": 0.0025340761682469625, ""42"": 0.9119558350428832, ""44"": 0.00039254365918622505, ""47"": 0.0016046487422199222, ""48"": 0.0031282090363069486, ""55"": 0.0052429604898941405, ""57"": 0.001884441912068346, ""71"": 0.0023463729291588542, ""106"": 0.0709109120200352}","[0.03790241238774052, 0.603281548590407, 0.30836912475416095, 0.05044691426769162]",0.371857481463536,42,0.9119558350428832,0.9881097075528126
544,2,2,1,0,4,0.6361295048579761,"{""1"": 7.507972685629293e-05, ""9"": 4.4360383694513e-05, ""20"": 0.0022379363523934073, ""42"": 0.9549539851557309, ""47"": 0.003000351448822677, ""48"": 0.0031360042086649733, ""55"": 0.004854802360927515, ""57"": 0.003659390799155245, ""106"": 0.02803808956375447}","[0.0750939130664968, 0.6361295048579761, 0.04075014988838715, 0.2480264321871398]",0.24094713916730487,42,0.9549539851557309,0.9878468770804129
545,1,1,1,0,6,0.9728126976109472,"{""20"": 0.0005046649878868722, ""42"": 0.9579030627305455, ""47"": 0.0011182116030734567, ""48"": 0.0032315746968993616, ""55"": 0.0012115700715380473, ""57"": 0.00028907394286982913, ""94"": 0.00019669726704162838, ""99"": 6.691922610295082e-05, ""106"": 0.03547822547404262}","[0.9728126976109472, 0.019120930438360186, 0.004876355461582225, 0.0031900164891103563]",0.20243128063625937,42,0.9579030627305455,0.9966128629014875
546,1,1,1,0,6,0.7694396372489943,"{""20"": 0.00047351450706277205, ""33"": 0.0001413338558927728, ""42"": 0.9372847387112123, ""47"": 0.0011542328295216645, ""48"": 0.00592801532224816, ""55"": 0.0015176497395542178, ""57"": 0.00024179825245955044, ""94"": 0.000377976676484176, ""106"": 0.052880740105564414}","[0.7694396372489943, 0.14276034295984105, 0.01678251419757967, 0.07101750559358497]",0.27408787948658053,42,0.9372847387112123,0.9960934941390249
547,4,4,1,0,6,0.9397196152095603,"{""9"": 2.876149177193222e-05, ""20"": 0.00026317186805275026, ""42"": 0.9600499210856126, ""44"": 0.00027482248064385136, ""47"": 0.000383509384074968, ""48"": 0.007719756532886329, ""55"": 0.00042879400227806215, ""94"": 0.0007540731706285632, ""106"": 0.03009718998405097}","[0.02734022444781402, 0.00451468044025685, 0.028425479902368912, 0.9397196152095603]",0.19861711276354582,42,0.9600499210856126,0.99786686760255
548,4,4,1,0,5,0.6273973814135365,"{""20"": 0.000156350179046062, ""42"": 0.949502872046539, ""47"": 0.0007645304592547292, ""48"": 0.007918332604996926, ""55"": 0.0007739715235324269, ""57"": 0.00016352302855442865, ""90"": 0.0001119286806034516, ""94"": 0.001278384841125034, ""106"": 0.03933010663634767}","[0.024868023441317208, 0.1889945400794139, 0.15874005506573233, 0.6273973814135365]",0.2381386621875303,42,0.949502872046539,0.9967513112878836
549,3,3,1,0,6,0.9200723307680329,"{""1"": 1.182137311426261e-05, ""2"": 5.276461760479206e-06, ""42"": 0.9727317896985399, ""47"": 0.0009927601453652596, ""48"": 0.0017897538031456306, ""55"": 0.0009501354553310792, ""57"": 0.0003045730593182474, ""94"": 0.0019789032231859994, ""106"": 0.021234986780238878}","[0.03106859616656136, 0.013303098943793714, 0.9200723307680329, 0.03555597412161204]",0.14847401484094125,42,0.9727317896985399,0.9959456797019647
550,3,3,1,0,3,0.48752322300078726,"{""42"": 0.972955906445056, ""47"": 0.00010968058949233419, ""48"": 0.0032077394057295414, ""49"": 9.292038250779607e-05, ""55"": 0.0016959210465808652, ""57"": 1.671938900958773e-05, ""94"": 0.004175652349001494, ""103"": 0.00011683645936964519, ""106"": 0.017628623933252752}","[0.019337982800814207, 0.29049818220268997, 0.48752322300078726, 0.20264061199570843]",0.1530829234251168,42,0.972955906445056,0.9947601827273103
551,1,1,1,0,4,0.8873539063162865,"{""42"": 0.977714507260028, ""47"": 4.3161657472687244e-05, ""48"": 0.0026654147641320294, ""49"": 2.188625035995432e-05, ""55"": 0.0021329534227455703, ""57"": 1.1068464587134613e-05, ""62"": 1.9329106542770704e-05, ""94"": 0.0037170830022112697, ""106"": 0.013674596071920592}","[0.8873539063162865, 0.08727698075276653, 0.021705778150353836, 0.0036633347805931334]",0.13144790723506633,42,0.977714507260028,0.9951061863341598
552,3,3,1,0,6,0.5664170868201386,"{""42"": 0.9721737884878816, ""44"": 0.00011588649077944509, ""48"": 0.004904157290329436, ""49"": 4.270949195348935e-05, ""55"": 0.002321319210179935, ""62"": 4.827348546625351e-05, ""91"": 5.663886951460177e-05, ""94"": 0.004948006699367373, ""106"": 0.015389219974527734}","[0.36194991296666273, 0.03413837908741777, 0.5664170868201386, 0.03749462112578087]",0.16061175542247758,42,0.9721737884878816,0.9925110151617766
553,3,3,1,0,1,0.4645972889343726,"{""42"": 0.9701181347979747, ""44"": 8.796963623458717e-05, ""48"": 0.0004438439213767334, ""55"": 0.0028850108080919414, ""79"": 1.0117216649811804e-05, ""91"": 0.0001789725481992391, ""92"": 1.8695226362145875e-05, ""94"": 0.0019350047397498416, ""106"": 0.024322251105360872}","[0.1451334490233854, 0.2254975601089122, 0.4645972889343726, 0.1647717019333298]",0.154894761610594,42,0.9701181347979747,0.9973253967114275
554,2,2,1,0,6,0.9557985211498676,"{""42"": 0.962038537030858, ""44"": 0.000247232140343637, ""48"": 0.001156799850284208, ""55"": 0.006174213400134883, ""57"": 0.00011218346193959188, ""82"": 4.27182865567423e-05, ""91"": 0.0005731095197427564, ""94"": 0.004176053678833381, ""106"": 0.02547915263130702}","[0.02320323864703805, 0.9557985211498676, 0.00410147647835002, 0.016896763724744294]",0.20062978977848667,42,0.962038537030858,0.9936919030622999
555,4,4,1,0,3,0.5480237880716431,"{""42"": 0.9535945771580415, ""48"": 0.002524123437010034, ""55"": 0.0025450459135576537, ""57"": 2.7709449075981925e-05, ""91"": 0.00034960543887583206, ""92"": 0.00029316816927911244, ""94"": 0.00547900372969439, ""106"": 0.03517127354522032, ""109"": 1.5493159245101645e-05}","[0.010826863594624356, 0.05908791198868702, 0.3820614363450456, 0.5480237880716431]",0.22750831394472992,42,0.9535945771580415,0.9942448544329562
556,1,1,1,0,3,0.7496124050765501,"{""42"": 0.9483874222020531, ""48"": 0.006066797025303111, ""55"": 0.003197225714054475, ""57"": 6.441619716157358e-05, ""76"": 2.2040842574592683e-11, ""91"": 0.00034410210024930673, ""92"": 0.0007860622046744222, ""94"": 0.0033458648389133767, ""106"": 0.03780810969554993}","[0.7496124050765501, 0.18281784717554508, 0.05570048140124829, 0.011869266346656512]",0.2514839214558304,42,0.9483874222020531,0.9922623289229061
557,4,4,1,0,6,0.8627918568465794,"{""42"": 0.9525167875758181, ""48"": 0.00815692144972105, ""50"": 0.00010690630068052987, ""55"": 0.0025802201498150382, ""58"": 7.303446285406935e-05, ""91"": 0.0002942436524124287, ""92"": 0.000808698763806738, ""94"": 0.00381901240057083, ""106"": 0.03164417524432106}","[0.009394742812231129, 0.09405878728754345, 0.03375461305364598, 0.8627918568465794]",0.241301850720207,42,0.9525167875758181,0.9923178842698602
558,3,3,1,0,1,0.3550181882595403,"{""42"": 0.9542160202705473, ""48"": 0.0033794846507334145, ""55"": 0.0038566116780808174, ""67"": 5.0093921505004766e-05, ""91"": 0.00033638282603157266, ""92"": 0.00017930072801811635, ""94"": 0.0061166448847268465, ""96"": 2.3276852984206842e-05, ""106"": 0.03184218418737279}","[0.20762643007925255, 0.16574679208536286, 0.3550181882595403, 0.2716085895758442]",0.23129881278352518,42,0.9542160202705473,0.992174849342647
559,4,4,1,0,3,0.46623287182421524,"{""42"": 0.9525018555378688, ""48"": 0.0003366646138450162, ""55"": 0.00229077109795467, ""83"": 1.5712862190322996e-11, ""91"": 0.0003004018561595932, ""92"": 3.997223286396219e-05, ""94"": 0.0011155532627539003, ""103"": 4.1221945976122695e-05, ""106"": 0.04337355943686496}","[0.029338018285121465, 0.06493705064273016, 0.43949205924793316, 0.46623287182421524]",0.2099127061322461,42,0.9525018555378688,0.9981661860726885
560,2,2,1,0,6,0.8860002854155434,"{""42"": 0.9302736911298902, ""48"": 0.0014654361623473232, ""55"": 0.003267152963450848, ""57"": 6.709064482659571e-05, ""91"": 0.0004041059863742339, ""92"": 0.00019381828523301798, ""94"": 0.000828649693665571, ""102"": 0.00016771708956689536, ""106"": 0.06333233804464523}","[0.03489752092995305, 0.8860002854155434, 0.012522247126331546, 0.066579946528172]",0.2830541067948914,42,0.9302736911298902,0.9968731821379863
561,4,4,1,0,6,0.68059249687104,"{""11"": 5.7660264276773866e-05, ""42"": 0.9409373596037818, ""48"": 0.0024195211738735536, ""55"": 0.004813996343600892, ""91"": 0.0008834258603623757, ""92"": 0.0004232834517701323, ""94"": 0.0019619642171973717, ""102"": 0.00015577479929234609, ""106"": 0.04834701428584472}","[0.07249073418184787, 0.01490602680981833, 0.23201074213729386, 0.68059249687104]",0.2676661958695179,42,0.9409373596037818,0.9940983702332274
562,4,4,1,0,5,0.6851485729887881,"{""42"": 0.930977469845731, ""48"": 0.00442221611183581, ""50"": 2.696053160027402e-05, ""55"": 0.005101002021758725, ""86"": 9.28541203426524e-05, ""91"": 0.0012344990250941553, ""94"": 0.001019322753744417, ""102"": 0.0002633353877931635, ""106"": 0.05686234020209956}","[0.055524983055832235, 0.04192988252842362, 0.21739656142695601, 0.6851485729887881]",0.29911848013607895,42,0.930977469845731,0.9929408120695893
563,3,3,1,0,5,0.3962146989781621,"{""42"": 0.9633208074067889, ""47"": 0.00010588815767435728, ""48"": 0.0003013424124586192, ""55"": 0.005922169991196259, ""91"": 0.0014633671564330604, ""92"": 1.4555541819549222e-05, ""94"": 0.0018720381939400848, ""102"": 6.641059156666548e-05, ""106"": 0.02693342054812256}","[0.3318642270281932, 0.0201927392751951, 0.3962146989781621, 0.2517283347184496]",0.18924347844355882,42,0.9633208074067889,0.9961763979461077
564,3,3,1,0,3,0.3728155890004731,"{""1"": 3.530768736872077e-06, ""42"": 0.9508810799681213, ""44"": 1.0597858648632582e-05, ""47"": 5.267960877582899e-05, ""48"": 0.00020219076887364917, ""55"": 0.007935925351167546, ""91"": 0.003099481976397765, ""94"": 0.0009197600823038315, ""106"": 0.036894753616974606}","[0.032535839698924846, 0.254081269427221, 0.3728155890004731, 0.340567301873381]",0.23475359646249205,42,0.9508810799681213,0.9957117589362634
565,3,3,1,0,6,0.7052560073313258,"{""15"": 6.116236058613798e-05, ""42"": 0.9751772118192746, ""47"": 5.115441534658521e-05, ""48"": 0.0007443996897635912, ""55"": 0.008850578080299445, ""91"": 0.0010947916644648249, ""92"": 0.00021259940685076112, ""94"": 0.0018981723306100112, ""106"": 0.011909930232803982}","[0.23725618687452865, 0.016977503851149454, 0.7052560073313258, 0.040510301942996076]",0.14673421499904568,42,0.9751772118192746,0.995937720132378
566,4,4,1,0,2,0.7448727159258344,"{""42"": 0.9663319823661207, ""48"": 0.0002679758348765482, ""55"": 0.012038489880209481, ""57"": 8.718751059665058e-06, ""91"": 0.0021806406874671784, ""92"": 8.37132758108376e-05, ""94"": 0.0012147775500519445, ""106"": 0.0177419282603786, ""107"": 0.000131773394025024}","[0.014668832300726112, 0.03001869913340304, 0.21043975264003653, 0.7448727159258344]",0.1836200925048325,42,0.9663319823661207,0.9961124005067088
567,1,1,1,0,6,0.9008248658169314,"{""18"": 6.882551088857139e-05, ""42"": 0.9563405283082947, ""48"": 0.0005891823200522736, ""55"": 0.015192575949599621, ""57"": 2.278994347449036e-05, ""91"": 0.0021617075985242247, ""94"": 0.0009457195773071301, ""106"": 0.024386443165867088, ""107"": 0.0002922276259917134}","[0.9008248658169314, 0.03576675500631064, 0.011727244612170831, 0.0516811345645871]",0.2243820145665962,42,0.9563405283082947,0.9959195474237615
568,1,1,1,0,6,0.48592554438705665,"{""38"": 2.053544764645327e-05, ""42"": 0.9338043490294278, ""48"": 0.0009884024603554547, ""50"": 8.851816495603605e-05, ""55"": 0.0219084007384727, ""91"": 0.001629990443103246, ""94"": 0.0010038892828835876, ""106"": 0.040438081723215266, ""107"": 0.00011783270993932341}","[0.48592554438705665, 0.10552693343346851, 0.3674126407534298, 0.04113488142604506]",0.30373565218006837,42,0.9338043490294278,0.9961508314911157
569,4,4,1,0,6,0.9786872932175166,"{""42"": 0.9875637799911553, ""48"": 0.0011133158919182239, ""52"": 1.5416643529050177e-05, ""55"": 0.00046284599604271963, ""91"": 0.00021212843220798635, ""94"": 0.002206749380035277, ""103"": 1.658505602142588e-05, ""106"": 0.008313072131576242, ""107"": 9.610647751375092e-05}","[0.0061051722101111, 0.006874718625576888, 0.008332815946795495, 0.9786872932175166]",0.07983596731348154,42,0.9875637799911553,0.9980836015027669
570,2,4,0,1,3,0.31363951331646217,"{""41"": 9.791314932607255e-06, ""42"": 0.9784174763001169, ""48"": 0.0007886360233303115, ""55"": 0.0012508395304586548, ""57"": 9.569668845182562e-05, ""91"": 0.000485734052778248, ""94"": 0.004528079491811509, ""103"": 5.3838704638086075e-05, ""106"": 0.014369907893482081}","[0.12181361173564402, 0.31363951331646217, 0.038873601516420705, 0.5256732734314732]",0.12598341844828165,42,0.9784174763001169,0.9973154636854106
571,3,3,1,0,6,0.8618435081179084,"{""42"": 0.879365022663712, ""48"": 0.0065263588726367965, ""55"": 0.019127155141384366, ""91"": 0.008114379377127341, ""92"": 0.0007913578250988075, ""94"": 0.05615597473190915, ""95"": 0.0007602611704978854, ""103"": 0.0007672987935916718, ""106"": 0.028392191424042118}","[0.015582518241088616, 0.025711075161250166, 0.8618435081179084, 0.09686289847975288]",0.5400760410377471,42,0.879365022663712,0.9639131888196633
572,2,2,1,0,6,0.8224839663133678,"{""42"": 0.8801763977719484, ""48"": 0.0023548398194027857, ""53"": 0.00011049030564833724, ""55"": 0.027157519039559957, ""57"": 5.4825325262867283e-05, ""91"": 0.008636386108239972, ""94"": 0.04137445936370048, ""95"": 0.00042886811568328375, ""106"": 0.03970621415055383}","[0.06306068475885224, 0.8224839663133678, 0.058447000409685604, 0.05600834851809428]",0.530313853858024,42,0.8801763977719484,0.9612570712862027
573,1,1,1,0,6,0.7540808190536351,"{""0"": 4.94551161783152e-05, ""42"": 0.9110436531375594, ""48"": 0.002046897494949578, ""53"": 0.0002983071346839399, ""55"": 0.0007033596205892621, ""91"": 0.0006203717510882618, ""92"": 0.0006800400914978161, ""94"": 0.021624835843702186, ""106"": 0.0629330798097513}","[0.7540808190536351, 0.10315781057109624, 0.061059946144742756, 0.08170142423052595]",0.3720700974233717,42,0.9110436531375594,0.9956015687910129
574,4,4,1,0,6,0.9587184168139437,"{""42"": 0.935716106372822, ""48"": 0.0018381326036978685, ""50"": 0.0002879434405510133, ""53"": 7.119447658737716e-05, ""55"": 3.857807053142551e-05, ""92"": 0.0009115849037867028, ""94"": 0.032537959861694984, ""95"": 0.00020510633180273715, ""106"": 0.028393393938526097}","[0.00902229654564472, 0.005340978686871746, 0.026918307953539965, 0.9587184168139437]",0.2978727010593528,42,0.935716106372822,0.9966474601730431
575,1,1,1,0,6,0.9315623419791841,"{""42"": 0.9203171150220264, ""48"": 0.001101210409699604, ""50"": 7.300246901964996e-05, ""55"": 0.0001379907676578358, ""57"": 0.00023506415666009267, ""67"": 4.418438979014572e-05, ""92"": 0.0003922806686780902, ""94"": 0.04577758918105463, ""106"": 0.03192156293541348}","[0.9315623419791841, 0.03360164839087886, 0.016631862628162238, 0.01820414700177481]",0.3424562182111507,42,0.9203171150220264,0.9980162671384946
576,4,4,1,0,6,0.9414163988059532,"{""42"": 0.9014120803351765, ""44"": 0.00027199532839796076, ""48"": 0.0013844105651250598, ""50"": 0.00018494125919365367, ""55"": 0.0003961076867817899, ""57"": 0.0002710977200957057, ""92"": 0.0007299393241216284, ""94"": 0.04533977114770281, ""106"": 0.05000965663340492}","[0.013034215655031883, 0.012926540143281259, 0.03262284539573373, 0.9414163988059532]",0.40716484085225546,42,0.9014120803351765,0.9967615081162843
577,4,4,1,0,6,0.7218549872783527,"{""30"": 0.000118078238688664, ""42"": 0.8856456216500159, ""44"": 0.0003177089912850505, ""48"": 0.0006218263499636902, ""55"": 0.001011326950953806, ""92"": 0.0002077003072367621, ""94"": 0.061175926948813145, ""103"": 0.00025846607781228337, ""106"": 0.05064334448523077}","[0.07523327225877266, 0.11671662924528933, 0.0861951112175853, 0.7218549872783527]",0.44863206593822713,42,0.8856456216500159,0.9974648930840598
578,3,3,1,0,6,0.7891453216751207,"{""42"": 0.9015072185859173, ""44"": 0.0004107730252234751, ""48"": 0.00022947358971441123, ""55"": 0.0012917356426542974, ""69"": 0.0002448985048682047, ""84"": 2.502437593729384e-05, ""92"": 4.440295270331988e-05, ""94"": 0.08013779126018114, ""106"": 0.016108682062800556}","[0.11304988120469063, 0.06359551238202853, 0.7891453216751207, 0.034209284738160116]",0.37871087992211616,42,0.9015072185859173,0.9977536919088991
579,4,4,1,0,6,0.8935575078422324,"{""42"": 0.9370772370178301, ""44"": 0.000509268856998914, ""48"": 0.00012830754476746896, ""55"": 0.002220463770710607, ""69"": 0.00044905433154259606, ""94"": 0.03075194405370239, ""103"": 0.00012568763077881008, ""106"": 0.028723965437053932, ""114"": 1.4071356615196999e-05}","[0.02369470379145713, 0.004454929451495105, 0.07829285891481533, 0.8935575078422324]",0.2932691858496725,42,0.9370772370178301,0.9965531465085864
580,3,3,1,0,6,0.95808802373881,"{""36"": 2.578281571437223e-05, ""42"": 0.9214426588335671, ""44"": 8.406907393837011e-05, ""48"": 0.0001251474326264749, ""55"": 0.004430615151361976, ""57"": 0.00010276489590906833, ""69"": 0.0003032779827749757, ""94"": 0.04026268212357966, ""106"": 0.03322300169052812}","[0.009135445997909226, 0.01320668664048859, 0.95808802373881, 0.019569843622792307]",0.3474296091409301,42,0.9214426588335671,0.9949283426476749
581,3,3,1,0,2,0.5482368775807295,"{""42"": 0.8898919500209228, ""48"": 9.922852598695273e-05, ""55"": 0.008230189888395181, ""57"": 6.499985077908471e-06, ""69"": 0.0004748773497263792, ""94"": 0.04694621955692881, ""103"": 0.00013755931284464644, ""106"": 0.05420467605190093, ""114"": 8.799308216659206e-06}","[0.3425338364724254, 0.041986181014668576, 0.5482368775807295, 0.0672431049321765]",0.45086971550227195,42,0.8898919500209228,0.9910428456297525
582,4,4,1,0,2,0.5581785230329473,"{""21"": 0.00012936451964537068, ""42"": 0.8851522624245713, ""48"": 0.00027312624492033553, ""55"": 0.012476198225126366, ""69"": 0.0008061321974626511, ""92"": 0.0001863445082329725, ""94"": 0.06487565377295014, ""103"": 0.00023113311513457685, ""106"": 0.035869784991956276}","[0.38400995640760666, 0.021095505643564272, 0.03671601491588178, 0.5581785230329473]",0.47217949065025305,42,0.8851522624245713,0.9858977011894777
583,2,4,0,1,6,0.34099354966420004,"{""21"": 0.00022214237956860407, ""42"": 0.9008901772879717, ""50"": 3.5969837773589306e-05, ""55"": 0.02089184057730439, ""69"": 0.0002854615392180416, ""88"": 9.118918046881513e-05, ""94"": 0.03508990069048045, ""103"": 0.00021214747477877005, ""106"": 0.042281171032435436}","[0.04796795988685453, 0.34099354966420004, 0.027335949490875967, 0.5837025409580695]",0.4333532358391993,42,0.9008901772879717,0.9782612490108876
584,3,3,1,0,6,0.5922236332150306,"{""21"": 0.0003908675421038488, ""42"": 0.5661290155304071, ""48"": 0.0014163614788874639, ""55"": 0.09694498822528799, ""88"": 0.00013386662410958726, ""94"": 0.27877850553805517, ""103"": 0.0011203396880816187, ""106"": 0.05471822266408354, ""115"": 0.00036783270898369094}","[0.13196542437598058, 0.03639679968398258, 0.5922236332150306, 0.23941414272500622]",1.087475343690186,42,0.5661290155304071,0.9418525092937502
585,3,3,1,0,6,0.7633765778813406,"{""42"": 0.7001887430101725, ""48"": 0.0005555422861851755, ""55"": 0.09858442609624324, ""61"": 0.000564040136835152, ""71"": 0.0036657633812764035, ""94"": 0.131110748783139, ""99"": 0.00020794572181994744, ""103"": 0.0009889368857305568, ""106"": 0.06413385369859796}","[0.1495289942420569, 0.04109071064668267, 0.7633765778813406, 0.04600371722991984]",0.9580456476130588,42,0.7001887430101725,0.9298839178895548
586,2,2,1,0,6,0.6199205933421201,"{""18"": 0.00014028584544861783, ""42"": 0.7409647491841597, ""48"": 0.000791234621754224, ""55"": 0.08380930565073935, ""61"": 0.0003819781105276708, ""94"": 0.1461854528730872, ""103"": 0.000832855492507624, ""106"": 0.026562368661219676, ""110"": 0.0003317695605559652}","[0.2692010518015182, 0.6199205933421201, 0.009422376290843231, 0.1014559785655185]",0.8258610631384937,42,0.7409647491841597,0.9709595077079862
587,3,1,0,1,6,0.40908205132934206,"{""1"": 6.884024974563658e-05, ""42"": 0.8719460204219929, ""48"": 0.001164977264346352, ""55"": 0.009552229620650885, ""61"": 0.00019946838192568464, ""94"": 0.08419534589748606, ""103"": 0.0005203364921566085, ""106"": 0.030871982107648365, ""107"": 0.0014807995640472292}","[0.44818143238863867, 0.01690576630936809, 0.40908205132934206, 0.12583074997265117]",0.5034396431824099,42,0.8719460204219929,0.9870133484271273
588,3,3,1,0,6,0.8847288407216284,"{""1"": 9.86808890920271e-05, ""31"": 0.00018844846258511642, ""42"": 0.8583890119851827, ""48"": 0.0016336384829092534, ""55"": 0.021568140183992487, ""94"": 0.07410043759314, ""103"": 0.0006632682668135619, ""106"": 0.037717217883019766, ""107"": 0.0056411562532652825}","[0.034351599991918946, 0.011602590084933005, 0.8847288407216284, 0.06931696920151961]",0.5773501331365121,42,0.8583890119851827,0.9702066674613424
589,2,3,0,1,3,0.16183210805806816,"{""42"": 0.8601715338669, ""48"": 0.0007626613131066453, ""55"": 0.030164860707718875, ""57"": 5.2244639562655626e-05, ""94"": 0.05458753408265166, ""103"": 0.0005687745068669024, ""106"": 0.04557641692436861, ""107"": 0.007898941102462188, ""112"": 0.00021703285636242946}","[0.07924968673306036, 0.16183210805806816, 0.7428360198283911, 0.016082185380480438]",0.5849756115403044,42,0.8601715338669,0.9603354848739204
590,3,3,1,0,2,0.7927590311892325,"{""41"": 0.001871809507335488, ""42"": 0.21943836140406164, ""48"": 0.012929863325270002, ""55"": 0.03370310023861766, ""92"": 0.0019938091831445065, ""94"": 0.0880757379405157, ""103"": 0.0053488295652342945, ""106"": 0.6298218164658831, ""107"": 0.006816672369937612}","[0.01702024387671546, 0.15721802485579256, 0.7927590311892325, 0.03300270007825953]",1.0945995785465055,106,0.6298218164658831,0.9373359158104604
591,1,1,1,0,6,0.4937463684336374,"{""17"": 0.010171968946977661, ""41"": 0.0011376166401022075, ""42"": 0.33853881144326325, ""55"": 0.05304403047493588, ""75"": 0.005276171343752432, ""79"": 0.0007066437184835857, ""94"": 0.09011598141679655, ""103"": 0.006573440068216499, ""106"": 0.49443533594747197}","[0.4937463684336374, 0.0733824360046011, 0.4139768360405981, 0.018894359521163254]",1.2077856470987585,106,0.49443533594747197,0.9230901288075318
592,3,3,1,0,3,0.6107482933673767,"{""2"": 0.0023179362696040934, ""17"": 0.019798620501388513, ""42"": 0.5417209821979281, ""55"": 0.010148490801469377, ""71"": 0.0048177892713724135, ""94"": 0.12587979704925056, ""104"": 0.01235609314993861, ""106"": 0.28296029075904827}","[0.07970591632790848, 0.22290426983153433, 0.6107482933673767, 0.08664152047318047]",1.1684717767563388,42,0.5417209821979281,0.9505610700062269
593,3,2,0,1,3,0.3281460990795872,"{""17"": 0.02606327065464082, ""18"": 0.001385802141446429, ""42"": 0.6676992218425106, ""48"": 0.0006230356430516412, ""55"": 0.007555597074725383, ""91"": 0.0020405859558815403, ""94"": 0.021551618023819084, ""106"": 0.27308086866392434}","[0.06595325517722195, 0.49276240351995115, 0.3281460990795872, 0.11313824222323962]",0.8651819542970102,42,0.6676992218425106,0.9668433611610758
594,3,3,1,0,6,0.8568152538946461,"{""17"": 0.01405438747337031, ""41"": 0.00252499575971111, ""42"": 0.8187331076762283, ""48"": 0.0018102066195923342, ""55"": 0.008666423113450132, ""69"": 0.0007043379404304098, ""90"": 0.003401369254491454, ""94"": 0.04471607450395565, ""106"": 0.10538909765877029}","[0.07000384719436031, 0.04846357245146648, 0.8568152538946461, 0.024717326459527223]",0.6918995215692619,42,0.8187331076762283,0.9688382798389542
595,2,2,1,0,2,0.42888494591004434,"{""17"": 0.009011143095119786, ""29"": 0.0006088503236607413, ""42"": 0.839556858521067, ""48"": 0.000513179210626683, ""55"": 0.008792934507452919, ""90"": 0.0007162634740293755, ""94"": 0.026548143168851727, ""103"": 0.00234937935532386, ""106"": 0.1119032483438679}","[0.1821117361094783, 0.42888494591004434, 0.23513240410480138, 0.15387091387567595]",0.6001063421313849,42,0.839556858521067,0.9780082500337866
596,4,4,1,0,6,0.8794320287859184,"{""17"": 0.0021379103365563815, ""42"": 0.9030382249847871, ""48"": 0.0005321922575822149, ""55"": 0.013183943272470713, ""57"": 0.001590877721035832, ""94"": 0.03519939208863216, ""97"": 0.0006542954220691101, ""103"": 0.0038208892409007417, ""106"": 0.03984227467596563}","[0.02401120334957189, 0.011867736174512877, 0.08468903168999689, 0.8794320287859184]",0.44885439392382476,42,0.9030382249847871,0.9780798917493849
597,1,1,1,0,6,0.8663559462189546,"{""42"": 0.9042886397453898, ""47"": 0.0009442389804652443, ""48"": 0.0008449003334218807, ""55"": 0.015991533578488884, ""57"": 0.002778086429852687, ""76"": 0.0003264569584570321, ""94"": 0.02819644585516963, ""103"": 0.004486554442136012, ""106"": 0.042143143676619}","[0.8663559462189546, 0.07363572375100992, 0.02295290428727379, 0.0370554257427616]",0.4469734399615662,42,0.9042886397453898,0.9746282292771784
598,1,4,0,1,2,0.16095231858881245,"{""42"": 0.8976325220517065, ""48"": 0.0011035174929617758, ""55"": 0.02255348080215008, ""57"": 0.0022376289063668043, ""58"": 0.0005029267320864519, ""92"": 0.0005567259167935025, ""94"": 0.016949776979986394, ""103"": 0.008125250402494925, ""106"": 0.050338170715453455}","[0.16095231858881245, 0.12048752495359533, 0.020216378231619838, 0.6983437782259724]",0.47029774066731866,42,0.8976325220517065,0.97052417356931
599,4,4,1,0,6,0.9464219591295181,"{""42"": 0.30082434860257184, ""47"": 0.0006465644456214566, ""55"": 0.14752141509251637, ""57"": 0.004685378517757328, ""60"": 0.0009933067529775267, ""92"": 0.015710428657663592, ""94"": 0.05566708739768873, ""103"": 0.05545862971517676, ""106"": 0.4184928408180264}","[0.012346427235286877, 0.017551533615543104, 0.02368008001965197, 0.9464219591295181]",1.4314074930948189,106,0.4184928408180264,0.8668386045131147
600,4,4,1,0,6,0.8790193474988769,"{""7"": 0.000513379506593415, ""42"": 0.3558563529567116, ""55"": 0.1545806520221606, ""68"": 0.0069963558925545, ""94"": 0.05973648996149278, ""97"": 0.002322900762725916, ""106"": 0.41999386889776125}","[0.013099794494323974, 0.06805912082179809, 0.03982173718500109, 0.8790193474988769]",1.241661528133612,106,0.41999386889776125,0.9304308738766334
601,4,4,1,0,6,0.8447637361204475,"{""42"": 0.4168750534435936, ""49"": 0.003722855671158321, ""55"": 0.16547292004786496, ""68"": 0.006647071956292948, ""75"": 0.004473852555437091, ""80"": 0.004688429747272206, ""94"": 0.07740403431672514, ""106"": 0.3207157822616556}","[0.056523836042554385, 0.02936542653006018, 0.06934700130693795, 0.8447637361204475]",1.328695023414382,42,0.4168750534435936,0.9030637557531142
602,2,2,1,0,6,0.6330766662059654,"{""15"": 0.0011982422883577127, ""42"": 0.48301603970723045, ""44"": 0.0010552891721374847, ""55"": 0.176354341974048, ""80"": 0.004276254428414452, ""90"": 0.0008195506279512181, ""94"": 0.09906401629053954, ""106"": 0.23421626551132133}","[0.12405347664162719, 0.6330766662059654, 0.015726574451874187, 0.22714328270053327]",1.2709595612708549,42,0.48301603970723045,0.8935866471925997
603,1,1,1,0,6,0.8516156989003529,"{""15"": 0.00015285384098563193, ""42"": 0.5917849693468238, ""48"": 0.0018867555116520796, ""55"": 0.1710012884848281, ""77"": 0.0008768959049792188, ""89"": 0.0009339761954336963, ""94"": 0.11490858096945089, ""106"": 0.11845467974584659}","[0.8516156989003529, 0.11776735702468578, 0.025325433350752873, 0.005291510724208507]",1.139635369675176,42,0.5917849693468238,0.8812409375774984
604,2,2,1,0,6,0.6565654620996458,"{""0"": 0.0009081252293635932, ""37"": 0.0007124977433177606, ""42"": 0.645919386742052, ""48"": 0.003608766137318609, ""50"": 0.0016139376535556347, ""55"": 0.08309162956062772, ""94"": 0.13691785476831073, ""106"": 0.127227802165454}","[0.26794341299413516, 0.6565654620996458, 0.026158800830687626, 0.049332324075531404]",1.0657914150619685,42,0.645919386742052,0.9100650436758168
605,4,4,1,0,6,0.62821331392047,"{""42"": 0.7085885259481369, ""48"": 0.0047106990648766, ""50"": 0.0002973472734081019, ""55"": 0.060303467605260334, ""69"": 0.0009683774961412502, ""79"": 0.00017072300482279644, ""91"": 0.0006697714672720642, ""94"": 0.1273756598556294, ""106"": 0.09691542828445253}","[0.2623489676168156, 0.015705956354487724, 0.09373176210822669, 0.62821331392047]",0.9428644225305389,42,0.7085885259481369,0.9328796140882188
606,4,4,1,0,6,0.5578824367149768,"{""42"": 0.7542410428460129, ""47"": 0.0004920246363009287, ""48"": 0.0009040361485881685, ""49"": 0.00010267040408149963, ""50"": 3.815755526585452e-05, ""55"": 0.059010429825488875, ""68"": 7.800728947483423e-05, ""94"": 0.14836643274289352, ""106"": 0.0367671985518936}","[0.017839594966766615, 0.30084599727810213, 0.12343197104015442, 0.5578824367149768]",0.7964244474588071,42,0.7542410428460129,0.9616179054143953
607,4,4,1,0,6,0.8851668960353188,"{""42"": 0.8751241263587414, ""45"": 0.0004540489583133175, ""48"": 0.0016939769143111253, ""49"": 0.00023814115931602317, ""50"": 0.00011718837341825072, ""55"": 0.06066515565314022, ""94"": 0.015115776682240538, ""102"": 0.0006973585538097905, ""106"": 0.045894227346709296}","[0.004514351581183988, 0.02942794925165572, 0.08089080313184151, 0.8851668960353188]",0.5139440692270983,42,0.8751241263587414,0.9816835093585909
608,3,3,1,0,6,0.6596991369225165,"{""42"": 0.853222839573348, ""45"": 0.0009564211589608167, ""49"": 0.0005070419720288541, ""55"": 0.07108697318768928, ""57"": 0.00031410106964319275, ""88"": 0.00023502577519296224, ""94"": 0.019391992271135076, ""102"": 0.001037023318528537, ""106"": 0.05324858167347324}","[0.043410852111207, 0.11400113685604368, 0.6596991369225165, 0.18288887411023289]",0.5781258171693582,42,0.853222839573348,0.9775583944345105
609,1,3,0,1,6,0.33945220883355587,"{""11"": 4.3608737819466154e-05, ""42"": 0.8841789274062277, ""45"": 0.0003376993533203046, ""49"": 0.00026177270823064255, ""55"": 0.06365670219586105, ""94"": 0.028116924798211766, ""102"": 0.002368269208527447, ""103"": 0.00027742576729014937, ""106"": 0.020758669824511633}","[0.33945220883355587, 0.07229030444658775, 0.5614646001709729, 0.026792886548883562]",0.4869030973101692,42,0.8841789274062277,0.9759525544003006
610,2,2,1,0,6,0.7423474676795427,"{""24"": 0.00012907139484313342, ""42"": 0.7526395041908981, ""45"": 0.00355131961683634, ""50"": 0.0005244894579972153, ""55"": 0.008176911007552124, ""94"": 0.18511170907257055, ""102"": 0.020482818784046862, ""103"": 0.0003804804879435211, ""106"": 0.029003695987312218}","[0.026235747581925, 0.7423474676795427, 0.201839218671568, 0.02957756606696425]",0.7758919030345318,42,0.7526395041908981,0.9667549092507809
611,1,1,1,0,6,0.877373059552263,"{""42"": 0.7733831364240542, ""45"": 0.00021913524836483192, ""55"": 0.005133530322706327, ""57"": 0.0008497636896631865, ""94"": 0.19591582247384096, ""102"": 0.0008651103051315384, ""103"": 0.0001287206071133146, ""106"": 0.02350478092912559}","[0.877373059552263, 0.03452229766501123, 0.014149227001949776, 0.07395541578077608]",0.6484298283647096,42,0.7733831364240542,0.9928037398270207
612,4,4,1,0,6,0.8504455399428192,"{""14"": 9.647108947716875e-05, ""42"": 0.7883283276138783, ""45"": 0.0001333686198277292, ""50"": 0.0007806067522156961, ""55"": 0.0075719352547806255, ""57"": 0.00029626901226616816, ""94"": 0.16823520405480255, ""102"": 0.00030161341557070534, ""106"": 0.03425620418718101}","[0.11135740182886683, 0.012632095967390676, 0.025564962260923304, 0.8504455399428192]",0.6524297820016327,42,0.7883283276138783,0.9908197358558618
613,3,3,1,0,6,0.8758233249373168,"{""4"": 8.192499838330871e-05, ""14"": 0.00011542812101430878, ""42"": 0.7889258334011349, ""44"": 0.00013235175347673498, ""50"": 0.00014593990131446584, ""55"": 0.011609232374690179, ""57"": 0.0005360376315286016, ""94"": 0.1557790069123638, ""106"": 0.04267424490609377}","[0.01853414802776796, 0.00703381520448967, 0.8758233249373168, 0.09860871183042555]",0.6713404298599711,42,0.7889258334011349,0.9873790852195924
614,3,3,1,0,6,0.974383139484133,"{""42"": 0.772293654015941, ""44"": 6.013049917333519e-05, ""48"": 0.00024850014910923567, ""50"": 3.527594462687046e-05, ""55"": 0.016479864006431373, ""57"": 6.336946326393459e-05, ""68"": 0.00035416508742725465, ""94"": 0.15975820975435603, ""106"": 0.05070683107967103}","[0.0038760910771094134, 0.006403410305505718, 0.974383139484133, 0.015337359133251832]",0.7178524080747929,42,0.772293654015941,0.982758694849968
615,4,1,0,1,1,0.34766029592122855,"{""34"": 7.332193778817577e-05, ""42"": 0.7372961009768505, ""48"": 0.00029443295183893906, ""55"": 0.024040768933822926, ""68"": 0.00035530222736885984, ""94"": 0.16938394002637047, ""103"": 0.0003817125323568687, ""106"": 0.06817442041360329}","[0.3960329496327334, 0.01425575518860611, 0.242050999257432, 0.34766029592122855]",0.8070960510977869,42,0.7372961009768505,0.9748544614168243
616,4,4,1,0,6,0.8575191735073266,"{""0"": 9.13033891028243e-05, ""42"": 0.6951922838375627, ""48"": 0.0007252481379464805, ""55"": 0.03119045861271595, ""68"": 0.0008398064893615342, ""94"": 0.17488775140774518, ""103"": 0.0006524174884204263, ""106"": 0.09602480651870841, ""113"": 0.00039592411843647826}","[0.07360875884306706, 0.006819353862557296, 0.06205271378704901, 0.8575191735073266]",0.910769816665818,42,0.6951922838375627,0.9661048417640162
617,3,3,1,0,6,0.9328160344722101,"{""42"": 0.6910476384241223, ""47"": 0.0005701627057238718, ""55"": 0.03981627893085352, ""57"": 0.000547478390294504, ""68"": 0.0002682593476356072, ""94"": 0.18516984597752825, ""99"": 0.0002203562974507694, ""103"": 0.000686368414842567, ""106"": 0.08167361151154863}","[0.0412911827110778, 0.0066983034074117025, 0.9328160344722101, 0.019194479409300465]",0.9180327839494838,42,0.6910476384241223,0.9578910959131992
618,4,4,1,0,2,0.6209390187388363,"{""42"": 0.6664457054658383, ""55"": 0.05018467367983026, ""57"": 3.7364188175201295e-05, ""68"": 0.00037608525751873915, ""87"": 4.1049145634027664e-05, ""94"": 0.19078381321378968, ""95"": 0.0004109256568481642, ""103"": 0.0009814391976190396, ""106"": 0.09073894419474676}","[0.14614244310341085, 0.10356260295684773, 0.12935593520090516, 0.6209390187388363]",0.9681671118475965,42,0.6664457054658383,0.9479684628743748
619,2,3,0,1,6,0.34974177086375674,"{""42"": 0.7832551528693829, ""47"": 0.0003167371504182577, ""55"": 0.04801428536273946, ""94"": 0.029946777862194063, ""95"": 0.00014867477832768633, ""103"": 0.0009418194653941529, ""106"": 0.13681099119042067, ""108"": 0.00039105391861921497, ""112"": 0.0001745074025036793}","[0.2660216448201115, 0.34974177086375674, 0.3705841730690982, 0.013652411247033633]",0.7293353044704524,42,0.7832551528693829,0.9680804294225429
620,1,1,1,0,3,0.6513525462312952,"{""42"": 0.8061208772552131, ""48"": 0.000461971859715984, ""55"": 0.027650014516908357, ""65"": 7.894979910941371e-05, ""94"": 0.013114097379111846, ""95"": 7.61395685610791e-05, ""103"": 0.0009735208228920596, ""106"": 0.1515244287984881}","[0.6513525462312952, 0.2311655859343158, 0.03428643351303461, 0.08319543432135433]",0.6274802758379527,42,0.8061208772552131,0.9852953205706095
621,1,1,1,0,5,0.42185041880576546,"{""20"": 0.0001413009438816753, ""42"": 0.9007412403730163, ""48"": 0.000794704476948041, ""55"": 0.0006050456425484369, ""57"": 3.269050589092458e-05, ""65"": 3.90520846536182e-05, ""94"": 0.020406119955316784, ""103"": 0.00024165996324160432, ""106"": 0.07699818605450258}","[0.42185041880576546, 0.3357587961953637, 0.010556990929919866, 0.23183379406895102]",0.38515622374534425,42,0.9007412403730163,0.9981455463828357
622,4,4,1,0,4,0.8992045140365761,"{""20"": 0.0003330136518206487, ""42"": 0.911816412305581, ""44"": 0.0001968064356606834, ""48"": 0.0014090693458370842, ""55"": 0.0015254349670730109, ""94"": 0.00809835698812323, ""103"": 0.00044545043218806443, ""106"": 0.07608643471645819, ""112"": 8.902115725805358e-05}","[0.008020665746284017, 0.037741013781762894, 0.055033806435377065, 0.8992045140365761]",0.3469251527166689,42,0.911816412305581,0.9960012040101623
623,2,2,1,0,5,0.6023580365363821,"{""42"": 0.9047825354689379, ""44"": 0.00037350833531621163, ""48"": 0.0011532448613286454, ""55"": 0.0029641848821799154, ""57"": 0.000149183017064081, ""69"": 0.0002295790162962039, ""94"": 0.01317063468607936, ""103"": 0.0008125665294075471, ""106"": 0.07636456320338993}","[0.13511045378980843, 0.6023580365363821, 0.12297248786684196, 0.13955902180696755]",0.38101115341480074,42,0.9047825354689379,0.9943177333584072
624,1,1,1,0,6,0.7482264959609302,"{""42"": 0.9429164988371838, ""47"": 9.197697180169217e-05, ""48"": 0.001151540063204498, ""55"": 0.005357589987508371, ""69"": 0.0005125660933685234, ""92"": 0.00011547912664808844, ""94"": 0.02154833137951417, ""103"": 0.0009144626250289148, ""106"": 0.027391554915741974}","[0.7482264959609302, 0.038299668731592074, 0.19371800784201246, 0.019755827465465312]",0.28464670818676374,42,0.9429164988371838,0.9918563851324399
625,4,4,1,0,6,0.9152021988645819,"{""42"": 0.9483440792305431, ""48"": 0.0017010870256383116, ""50"": 6.147989684125084e-05, ""55"": 0.0005829934079369796, ""68"": 0.00013678948110559217, ""69"": 0.0003687992649965693, ""94"": 0.0330822930043621, ""103"": 0.0002903148096646877, ""106"": 0.015432163878911343}","[0.004005112062593757, 0.030729221714262605, 0.05006346735856184, 0.9152021988645819]",0.24972170281128697,42,0.9483440792305431,0.9968585361138165
626,2,2,1,0,6,0.8053814613164842,"{""0"": 1.089863593291699e-05, ""42"": 0.9335292341968571, ""48"": 0.0022131083021452867, ""50"": 9.74610020955059e-05, ""55"": 0.0013014845874020887, ""69"": 0.0005812189854147046, ""94"": 0.04246652373032291, ""103"": 0.000583513507002328, ""106"": 0.019216557052827262}","[0.15862525982800277, 0.8053814613164842, 0.02764553654226141, 0.00834774231325158]",0.30618486826666924,42,0.9335292341968571,0.9952123149800072
627,3,2,0,1,6,0.3733591384898579,"{""42"": 0.9224034666122375, ""46"": 1.0106584053435469e-05, ""48"": 0.00339591750612351, ""55"": 0.0027515941736590294, ""57"": 6.692286665281607e-05, ""69"": 0.0012643219272485877, ""94"": 0.05504944463990516, ""103"": 0.0008596753736686959, ""106"": 0.014198550316451269}","[0.04394112833714502, 0.5313052342978181, 0.3733591384898579, 0.05139449887517911]",0.3453250651331308,42,0.9224034666122375,0.9916514615685939
628,2,2,1,0,6,0.5126618367588884,"{""42"": 0.8774976856892529, ""48"": 0.01373239902792369, ""55"": 0.009412632232738378, ""57"": 0.00015953156184501615, ""69"": 0.003418340611358328, ""94"": 0.0056405455096752615, ""98"": 0.0003824299991061067, ""103"": 0.005832868549849135, ""106"": 0.08392356681825111}","[0.2572548367966397, 0.5126618367588884, 0.012251476517406913, 0.21783184992706503]",0.5084499151904373,42,0.8774976856892529,0.9751536515354277
629,1,1,1,0,1,0.7421447588408137,"{""42"": 0.9047234473799365, ""48"": 0.015561625835689602, ""50"": 0.00013705671311238832, ""55"": 0.0058938199480090755, ""69"": 0.0033515005821697264, ""94"": 0.004395497353630698, ""96"": 0.0001742588847281899, ""103"": 0.0029303217572644426, ""106"": 0.0628324715454594}","[0.7421447588408137, 0.02656597340603249, 0.16653539197563588, 0.064753875777518]",0.42227378342329625,42,0.9047234473799365,0.9831175447610856
630,1,1,1,0,6,0.807434697110642,"{""15"": 0.000647715893006582, ""42"": 0.8752767586732768, ""48"": 0.016981937656991034, ""50"": 0.0003675314646749239, ""55"": 0.008913619900177418, ""69"": 0.006062862907172796, ""94"": 0.008200344818072807, ""103"": 0.005254398898822229, ""106"": 0.07829482978780533}","[0.807434697110642, 0.1149985716018747, 0.049192158286951636, 0.0283745730005317]",0.5329103665890449,42,0.8752767586732768,0.9705535261180732
631,1,1,1,0,6,0.9014460070114355,"{""15"": 0.0007570091554176156, ""20"": 0.0001800409170251043, ""42"": 0.8526115459857143, ""48"": 0.017850498564542464, ""55"": 0.012479388508048864, ""69"": 0.009187492497240405, ""94"": 0.003960599982781821, ""103"": 0.00751075009010146, ""106"": 0.09546267429912787}","[0.9014460070114355, 0.03673387582005222, 0.007213880862980433, 0.054606236305531686]",0.5954870848548669,42,0.8526115459857143,0.9659247188493847
632,2,2,1,0,6,0.47907821046095495,"{""22"": 0.00048713948797025853, ""42"": 0.8260996493867526, ""48"": 0.024476969613609033, ""50"": 0.0007396446728010431, ""55"": 0.010297359105221678, ""69"": 0.012045463339912271, ""94"": 0.004832773247647348, ""103"": 0.0072055625443045125, ""106"": 0.11381543860178105}","[0.2390682948750048, 0.47907821046095495, 0.2419993999527355, 0.03985409471130476]",0.6666802953984768,42,0.8260996493867526,0.9643920576021426
633,1,3,0,1,1,0.4398631276320165,"{""42"": 0.8392871691846817, ""48"": 0.017529425903348297, ""55"": 0.001041141709024838, ""65"": 0.00016698617876048454, ""69"": 0.002919389204924291, ""71"": 8.371582182072651e-05, ""94"": 0.0010406910551607885, ""103"": 0.0010272176213001769, ""106"": 0.13690426332097871}","[0.4398631276320165, 0.06305129352893914, 0.48016264248527196, 0.016922936353772483]",0.5308048382815677,42,0.8392871691846817,0.9937208584090087
634,1,1,1,0,6,0.6689553884593629,"{""42"": 0.6621965910130957, ""46"": 0.0006590916916965372, ""48"": 0.03747036029551759, ""55"": 0.0022050247140071523, ""65"": 0.0006937696921819252, ""69"": 1.4362207532233734e-09, ""92"": 0.00033821119497307885, ""94"": 0.0010971408914857454, ""106"": 0.2953398090708215}","[0.6689553884593629, 0.032539019151643214, 0.26283457640454416, 0.03567101598444982]",0.7897597770945965,42,0.6621965910130957,0.9950067603794348
635,4,2,0,1,2,0.19176943045027706,"{""42"": 0.7905874300954011, ""46"": 0.0007842904882351296, ""48"": 0.04481261287982998, ""55"": 0.0007787550832325268, ""74"": 0.0011149090352523719, ""94"": 0.0024954427405563845, ""103"": 0.0002507969368535942, ""106"": 0.1591757627406387}","[0.014907233077182773, 0.7205567650722087, 0.07276657140033134, 0.19176943045027706]",0.6532491105876208,42,0.7905874300954011,0.9945758057158698
636,1,1,1,0,5,0.7960841956470726,"{""30"": 0.003512528838843284, ""42"": 0.04196386657769179, ""46"": 0.011091428376870547, ""48"": 0.11359734145809708, ""55"": 0.008753610489814, ""57"": 0.004162975435603421, ""74"": 0.016749371591222684, ""94"": 0.004697464870113264, ""106"": 0.7954714123617439}","[0.7960841956470726, 0.026543942997733713, 0.09817075089284397, 0.07920111046234982]",0.7899232467908582,106,0.7954714123617439,0.9510326203975328
637,2,3,0,1,5,0.2770168873871081,"{""12"": 0.002710737938488849, ""42"": 0.09162029970078484, ""46"": 0.00635176656910511, ""48"": 0.15512570655529173, ""57"": 0.0018773431501632719, ""74"": 0.02861720853275082, ""75"": 0.0040705265879641545, ""106"": 0.7096264109654513}","[0.04209135134334046, 0.2770168873871081, 0.5468026851813138, 0.13408907608823753]",0.9355191713921619,106,0.7096264109654513,0.956372417221528
638,3,2,0,1,6,0.4290751878699248,"{""12"": 0.0068043249792149475, ""37"": 0.0034017144586882824, ""42"": 0.3063006341088579, ""46"": 0.007308261305468127, ""48"": 0.23806710208634893, ""68"": 0.003760287912204754, ""74"": 0.0036668436654428813, ""91"": 0.013607703690717569, ""106"": 0.4170831277930565}","[0.031926993232993604, 0.48890489170475077, 0.4290751878699248, 0.05009292719233085]",1.2580822080454226,106,0.4170831277930565,0.9614508639882633
639,2,1,0,1,6,0.4241689291060074,"{""12"": 0.0011110594587630774, ""29"": 0.016244773232076935, ""42"": 0.5255003648151451, ""48"": 0.17858592183226377, ""80"": 0.0016154890528406608, ""89"": 0.0008467297162351448, ""91"": 0.009088912077717101, ""106"": 0.26700674981495837}","[0.4557812313806907, 0.4241689291060074, 0.025802204409066314, 0.09424763510423556]",1.1319188440535275,42,0.5255003648151451,0.9710930364623672
640,1,1,1,0,6,0.7968653261177336,"{""0"": 0.001091100262627655, ""29"": 0.01579140560499074, ""42"": 0.5280363249329096, ""48"": 0.17361374693690562, ""60"": 0.008290171646902463, ""77"": 0.004099706389102898, ""91"": 0.005012822557538643, ""106"": 0.26406472166902234}","[0.7968653261177336, 0.12702545880106195, 0.008018074988562952, 0.06809114009264129]",1.154564838811682,42,0.5280363249329096,0.9657147935388377
641,2,2,1,0,5,0.48943796550712904,"{""0"": 0.0011173845917040748, ""7"": 0.0005000252676833342, ""29"": 0.0037957591092260845, ""42"": 0.6469809844859362, ""48"": 0.17060916865550227, ""60"": 0.0013931446853901646, ""98"": 0.006246631787407458, ""106"": 0.16935690141715024}","[0.05079078281989783, 0.48943796550712904, 0.3844416891901614, 0.07532956248281177]",0.9575771593996207,42,0.6469809844859362,0.9869470545585887
642,2,2,1,0,6,0.8770028061326758,"{""0"": 0.0006332247355100082, ""7"": 0.00020294306442845424, ""35"": 0.0006674288134975202, ""42"": 0.7451175727977176, ""48"": 0.16132259527066115, ""55"": 0.003909160494338329, ""89"": 0.00039173010165553736, ""98"": 0.002607768470015481, ""106"": 0.08514757625217613}","[0.0638521667948617, 0.8770028061326758, 0.015312555034724113, 0.043832472037738233]",0.7748129494345871,42,0.7451175727977176,0.991587744320555
643,2,2,1,0,6,0.5467233194117513,"{""0"": 0.0002315543641580677, ""37"": 0.00012060237729680603, ""42"": 0.7722408497292496, ""47"": 0.0004500129562300015, ""48"": 0.15342910811270627, ""55"": 0.0009026825506000541, ""98"": 0.0001918802230588902, ""106"": 0.0724333096867004}","[0.4085734977215376, 0.5467233194117513, 0.01905014585467266, 0.025653037012038436]",0.6918062811756767,42,0.7722408497292496,0.9981032675286562
644,2,2,1,0,6,0.7039748565358876,"{""0"": 0.00017908481784218033, ""42"": 0.7957930277103507, ""44"": 0.00021139870209704693, ""47"": 0.0003138770943402883, ""48"": 0.14212850168623084, ""55"": 0.0019254914433151935, ""61"": 0.0007318731883714432, ""98"": 9.609602410972689e-05, ""106"": 0.05862064933334248}","[0.10513785985658922, 0.7039748565358876, 0.15808906743530918, 0.032798216172214026]",0.6494333980855854,42,0.7957930277103507,0.9965421787299239
645,3,3,1,0,5,0.7109971098304895,"{""0"": 0.00011205678082994545, ""2"": 7.44721972780984e-05, ""42"": 0.8360926379876514, ""44"": 5.499028575947431e-05, ""48"": 0.1308549742503817, ""55"": 0.002822217366580294, ""57"": 0.0010583773779022276, ""61"": 0.00031519433647876345, ""106"": 0.028615079417138065}","[0.034823211324664406, 0.1413630185185171, 0.7109971098304895, 0.11281666032632896]",0.5461077772660995,42,0.8360926379876514,0.9955626916551712
646,1,4,0,1,2,0.21379080069405768,"{""0"": 0.00010714081219912857, ""42"": 0.9517394061399355, ""44"": 0.0001292051621570238, ""47"": 5.447394620492794e-05, ""48"": 0.005835678942303408, ""55"": 0.0039655747332955375, ""57"": 5.363091058210702e-05, ""103"": 0.0008199861060074666, ""106"": 0.037294903247314784}","[0.21379080069405768, 0.10408636658683672, 0.03539963020641696, 0.6467232025126887]",0.2307089307954317,42,0.9517394061399355,0.9948699883295536
647,4,4,1,0,2,0.6678890445681189,"{""0"": 0.0022743852476110843, ""14"": 0.00017017335564473323, ""42"": 0.4342321929244829, ""44"": 0.002155316412707689, ""48"": 0.08783705993935229, ""55"": 0.03794111897184466, ""94"": 0.0008283532034170631, ""103"": 0.011390512336710026, ""106"": 0.42317088760822963}","[0.06720410615035982, 0.2216515538091824, 0.04325529547233897, 0.6678890445681189]",1.1493229424754274,42,0.4342321929244829,0.9452401404720648
648,1,1,1,0,3,0.3175111500161785,"{""29"": 0.013478864063425649, ""42"": 0.47226802678799845, ""48"": 0.06333701753057551, ""55"": 0.04670755832634377, ""67"": 0.0071162323411167044, ""103"": 0.017573026111916957, ""106"": 0.3666699759532045, ""109"": 0.012849298885418504}","[0.3175111500161785, 0.27515203622646417, 0.18116548402376115, 0.22617132973359608]",1.2602590629030714,42,0.47226802678799845,0.9022750202717785
649,4,4,1,0,2,0.51543309462773,"{""0"": 0.018259523237879976, ""11"": 0.0013567058782029669, ""22"": 0.008864129356735298, ""42"": 0.7433521698367771, ""48"": 0.057292672855553554, ""67"": 2.483804183684184e-09, ""103"": 0.001922282868350203, ""106"": 0.1689525134826967}","[0.10367906720119778, 0.3025948974737424, 0.07829294069732988, 0.51543309462773]",0.820685417796633,42,0.7433521698367771,0.9695973561750273
650,4,4,1,0,6,0.8262562013890976,"{""0"": 0.024597184212138856, ""22"": 0.013695165711888876, ""42"": 0.7303038006674771, ""48"": 0.05730274938610944, ""88"": 0.006803092394170356, ""94"": 0.010818647915938971, ""96"": 0.006069609454770896, ""103"": 0.004058129164350881, ""106"": 0.1463516210931545}","[0.03446760385227999, 0.049947776689393736, 0.0893284180692287, 0.8262562013890976]",0.9607810777661475,42,0.7303038006674771,0.9339581711467411
651,2,2,1,0,6,0.8312850239673674,"{""0"": 0.01345254773306544, ""18"": 0.005968976398052973, ""22"": 0.009903044581584893, ""42"": 0.7560712352252378, ""48"": 0.06663547256743989, ""55"": 0.008911249549735052, ""92"": 0.0070223212285765255, ""103"": 0.0036377792759916634, ""106"": 0.1283973734403159}","[0.03821120030277077, 0.8312850239673674, 0.10721791251779757, 0.023285863212064335]",0.8869963493280373,42,0.7560712352252378,0.9511040812329935
652,2,2,1,0,6,0.6285021484182094,"{""0"": 0.0008200104577518495, ""14"": 0.0005582747039924919, ""22"": 0.002032202250696215, ""38"": 0.0003186455629389437, ""42"": 0.8265667886882105, ""48"": 0.07538457208894593, ""69"": 0.006721712318255418, ""92"": 0.005772352755826806, ""106"": 0.08182544117338167}","[0.3023548192594112, 0.6285021484182094, 0.05680688062613111, 0.012336151696248344]",0.6456941311416539,42,0.8265667886882105,0.9837768019505381
653,4,4,1,0,6,0.8690170417496359,"{""0"": 0.0001761590820341109, ""22"": 0.0006869428393777128, ""42"": 0.8543317789645521, ""48"": 0.07126193485617484, ""69"": 0.010369204883005382, ""86"": 0.00036107017671350723, ""92"": 0.004470862011380507, ""94"": 0.0026358166308281306, ""106"": 0.055706230555933475}","[0.020389210469804242, 0.06540092897826802, 0.045192818802291826, 0.8690170417496359]",0.5801989399369013,42,0.8543317789645521,0.9812999443766605
654,4,4,1,0,6,0.8505467331837439,"{""22"": 0.0005103838328982338, ""42"": 0.8393306121499733, ""48"": 0.07677981063599268, ""55"": 0.0015847513335488059, ""69"": 0.0029995595374086408, ""82"": 0.0009741528084578375, ""92"": 0.003391923448117605, ""94"": 0.001747902391976044, ""106"": 0.07268090386162691}","[0.043506603596084416, 0.005688708476922955, 0.10025795474324878, 0.8505467331837439]",0.6032865841033204,42,0.8393306121499733,0.988791326647593
655,4,4,1,0,6,0.8318901054322863,"{""42"": 0.8998735854986434, ""48"": 0.016814884262732414, ""55"": 0.0029729328171772948, ""57"": 0.0008245686333653908, ""69"": 0.001895491221078967, ""71"": 0.0012686427035184735, ""82"": 0.00041395091081819713, ""94"": 0.002809761074940209, ""106"": 0.07312618287772556}","[0.0066881828291529095, 0.050841021389922275, 0.11058069034863867, 0.8318901054322863]",0.4181273042161094,42,0.8998735854986434,0.9898146526391013
656,4,4,1,0,6,0.9219795568998388,"{""27"": 0.00031059903297544334, ""42"": 0.9220625983411596, ""47"": 0.0005153210031370182, ""48"": 0.003861157530365262, ""55"": 0.0046675864356508084, ""57"": 0.001385538873476259, ""71"": 0.0023791191479504903, ""94"": 0.004023744267961533, ""106"": 0.06079433536732352}","[0.050613282944855155, 0.012523846088781041, 0.01488331406652504, 0.9219795568998388]",0.3436597846250642,42,0.9220625983411596,0.9875245201441338
657,2,3,0,1,4,0.35117653698002516,"{""21"": 0.00016298540569670893, ""42"": 0.894059356371783, ""47"": 0.0009195402072924135, ""48"": 0.003274839515488795, ""55"": 0.00732943301591238, ""57"": 0.0020398717785319377, ""71"": 0.0024517092122868216, ""94"": 0.004689225365209554, ""106"": 0.08507303912779843}","[0.03052986289166511, 0.35117653698002516, 0.592028601788287, 0.026264998340022754]",0.42489819143990115,42,0.894059356371783,0.9864618285154938
658,1,1,1,0,6,0.8086386098061814,"{""42"": 0.8861772895771947, ""47"": 0.007150105578022652, ""55"": 0.01636120072962537, ""57"": 0.013142780154419923, ""71"": 0.0019087391596734375, ""93"": 0.0002320327227417483, ""94"": 0.021721560330472768, ""103"": 0.0002631503331337738, ""106"": 0.05304314141471577}","[0.8086386098061814, 0.09423150869513856, 0.025696633700387116, 0.07143324779829308]",0.5216470022099193,42,0.8861772895771947,0.9609419913223832
659,3,3,1,0,6,0.8216214371778794,"{""42"": 0.901910933580384, ""47"": 0.0003745505777446461, ""55"": 0.015630161693146315, ""57"": 0.0006520295186895139, ""71"": 0.0009424706601782843, ""94"": 0.01731054669084379, ""103"": 0.0003995338255240014, ""106"": 0.06275614990657734, ""114"": 2.3623546912154562e-05}","[0.06287177257369267, 0.03870379526873588, 0.8216214371778794, 0.07680299497969209]",0.4197535317695687,42,0.901910933580384,0.981977630177805
660,2,2,1,0,6,0.6732648273324727,"{""42"": 0.922709184785894, ""47"": 6.017129672132601e-05, ""54"": 0.0005500109678364711, ""55"": 0.01714539942639487, ""57"": 5.5512430632420964e-05, ""71"": 0.00055806639014776, ""94"": 0.02493408794226301, ""103"": 0.0004944528522348005, ""106"": 0.033493113907875356}","[0.12474150582587915, 0.6732648273324727, 0.0518021167252343, 0.15019155011641389]",0.3629398036836645,42,0.922709184785894,0.9811363866360324
661,3,3,1,0,6,0.9170050891868243,"{""14"": 2.4848446858860715e-05, ""42"": 0.9458922656829419, ""55"": 0.0006830082311866381, ""57"": 1.5688290367135585e-05, ""61"": 1.574138775788175e-05, ""71"": 0.00028382868164373367, ""94"": 0.005449647453879965, ""103"": 7.632634510870445e-05, ""106"": 0.047558645480255186}","[0.036175787475877075, 0.014039835324759827, 0.9170050891868243, 0.03277928801253881]",0.23450640543454662,42,0.9458922656829419,0.9989005586170772
662,3,3,1,0,6,0.8879714558765062,"{""14"": 3.260647703794672e-05, ""42"": 0.9495822618455116, ""47"": 1.1003443162775117e-05, ""55"": 0.0013360105586204133, ""71"": 0.0002609783879631217, ""91"": 0.00018283460130680333, ""94"": 0.009119139286364987, ""103"": 0.00013377822908950128, ""106"": 0.03934138717094281}","[0.02369864465994288, 0.0671028754895579, 0.8879714558765062, 0.021227023973992967]",0.23347361355638593,42,0.9495822618455116,0.9980427883028195
663,1,1,1,0,6,0.8896474206967044,"{""14"": 4.18510612572841e-05, ""32"": 5.848002540260936e-06, ""42"": 0.9506818089458245, ""55"": 0.002312808582272008, ""71"": 0.00022785510982160947, ""91"": 0.0002930482496541876, ""94"": 0.014494349233534166, ""103"": 0.0003043642175257385, ""106"": 0.031638066597570076}","[0.8896474206967044, 0.042284034856690945, 0.01344580047371926, 0.05462274397288535]",0.23999827987022695,42,0.9506818089458245,0.9968142247769288
664,4,4,1,0,6,0.8779272074269481,"{""14"": 5.3885387503967814e-05, ""27"": 3.7849648796939136e-05, ""42"": 0.9478225616625369, ""55"": 0.0005787617661527834, ""71"": 0.00012622820921483885, ""91"": 7.74167468773442e-05, ""94"": 0.02114064286541885, ""103"": 0.00011211194509916901, ""106"": 0.03005054176839929}","[0.039072343992745125, 0.049234013627093766, 0.033766434953213, 0.8779272074269481]",0.24576065233675431,42,0.9478225616625369,0.999013746296355
665,2,2,1,0,6,0.8511605926919702,"{""14"": 0.00012534232206807186, ""42"": 0.9448455279287946, ""48"": 1.738817369479541e-05, ""55"": 0.0009955106801302093, ""71"": 0.00020043549316062836, ""81"": 5.2434293554961657e-05, ""91"": 0.00014430357196176398, ""94"": 0.030344112501490487, ""106"": 0.023274945035144535}","[0.1102824056154336, 0.8511605926919702, 0.025115978426678873, 0.013441023265917174]",0.25888218850881956,42,0.9448455279287946,0.9984645854654296
666,3,3,1,0,3,0.40987567159819627,"{""14"": 0.0002497156758445518, ""42"": 0.9387884201059201, ""50"": 3.5111856896481886e-06, ""55"": 0.0001269013579300853, ""71"": 0.00011688799133203142, ""74"": 5.954213542536505e-06, ""91"": 2.9789327137778887e-05, ""94"": 0.022003106616258084, ""106"": 0.038675713526345176}","[0.1167826547161623, 0.22431242337798124, 0.40987567159819627, 0.24902925030766024]",0.27376411193788,42,0.9387884201059201,0.9994672402485233
667,3,3,1,0,2,0.43465925359693064,"{""14"": 0.00011676656246153296, ""42"": 0.9608712187747609, ""55"": 0.00015433616648265756, ""57"": 1.1878026367004716e-05, ""71"": 0.00010518121196830312, ""91"": 3.377773242232803e-05, ""94"": 0.03355734109665024, ""96"": 7.490981290082071e-05, ""106"": 0.00507459061598614}","[0.22457326957881746, 0.025167009140175545, 0.43465925359693064, 0.3156004676840764]",0.18364446660246134,42,0.9608712187747609,0.9995031504873972
668,1,4,0,1,6,0.3175198369320519,"{""42"": 0.9527048702685826, ""47"": 2.044681529969601e-05, ""55"": 0.00025990619230080604, ""57"": 1.0869159087150197e-05, ""71"": 0.00012529645206807343, ""82"": 6.055968150762035e-05, ""94"": 0.04480385614610777, ""96"": 0.00012302225414945187, ""106"": 0.0018911730308967323}","[0.3175198369320519, 0.046121237234720065, 0.021909951235511028, 0.614448974597717]",0.20246608105857394,42,0.9527048702685826,0.9993998994455872
669,1,1,1,0,2,0.6352968512782172,"{""42"": 0.9672446370105279, ""50"": 0.0002447130011227383, ""53"": 0.0004235644160150784, ""55"": 0.0015320517627536335, ""57"": 4.3344000155014135e-05, ""71"": 0.0005217020149759436, ""94"": 0.012090283572731762, ""96"": 0.0009982311389196516, ""106"": 0.016901473082798192}","[0.6352968512782172, 0.11682201918918375, 0.016098090554988714, 0.2317830389776103]",0.18108990459944133,42,0.9672446370105279,0.9962363936660579
670,4,4,1,0,5,0.8682274306908857,"{""42"": 0.9648560713911118, ""50"": 0.00045199144445584886, ""53"": 0.0007746595057676505, ""55"": 0.0018131420044688112, ""71"": 0.0003910411819340552, ""94"": 0.0046378547488523676, ""96"": 0.0017535969112142077, ""106"": 0.025189841844231578, ""115"": 0.0001318009679635553}","[0.068821859903838, 0.04469171639857838, 0.018258993006697824, 0.8682274306908857]",0.1880226046648159,42,0.9648560713911118,0.9946837679841958
671,3,3,1,0,6,0.6309600917856729,"{""29"": 5.804332509829366e-05, ""42"": 0.9495090810475102, ""50"": 0.00034729561575236464, ""53"": 0.0007652602039140866, ""55"": 0.002323440073452592, ""94"": 0.00524062453827015, ""96"": 0.00038116288847560336, ""103"": 0.0002468161686406875, ""106"": 0.04112827613888592}","[0.007123620371152439, 0.08430666580994864, 0.6309600917856729, 0.27760962203322614]",0.2359225212937223,42,0.9495090810475102,0.9958779817246662
672,4,4,1,0,6,0.577212278569353,"{""42"": 0.9431693089019956, ""50"": 0.0002438497870580088, ""55"": 0.0029051166520532817, ""57"": 1.969386212872859e-05, ""87"": 2.6922719111044865e-05, ""94"": 0.00408861741188056, ""96"": 0.0002737236391139041, ""103"": 0.0005028637182222361, ""106"": 0.0487699033084367}","[0.020047355210418557, 0.38289253197664613, 0.019847834243582406, 0.577212278569353]",0.2505459701639398,42,0.9431693089019956,0.9960278296223128
673,1,1,1,0,6,0.8847061251693523,"{""42"": 0.9253984967577257, ""50"": 0.0008437733614339304, ""55"": 0.006664111555528344, ""57"": 0.00010160390858886602, ""59"": 7.874266227362618e-05, ""94"": 0.006776163035966724, ""96"": 0.0007561230964724594, ""103"": 0.0016869156608479638, ""106"": 0.0576940699611626}","[0.8847061251693523, 0.034382692440104466, 0.03264836284245094, 0.048262819548092105]",0.3274169092408194,42,0.9253984967577257,0.989868729754855
674,4,4,1,0,6,0.9614398770330198,"{""42"": 0.8959425921902927, ""50"": 0.0010242536734438926, ""55"": 0.008449694232771757, ""59"": 9.00049912706087e-05, ""94"": 0.004027345986214584, ""96"": 0.0007030636628768373, ""100"": 3.518438686601404e-05, ""103"": 0.0031991922390201674, ""106"": 0.08652866863724334}","[0.011214364795253774, 0.006904132851622039, 0.020441625320104424, 0.9614398770330198]",0.40448332761048167,42,0.8959425921902927,0.9909209550603079
675,1,1,1,0,5,0.7022433591121408,"{""13"": 3.190443386229531e-05, ""42"": 0.8563200946059658, ""50"": 0.0005179777814406259, ""55"": 0.01194882664613202, ""57"": 0.00042346104126088943, ""94"": 0.005020416196041318, ""96"": 0.00022917418417237227, ""103"": 0.0045470688033507215, ""106"": 0.12096107630777397}","[0.7022433591121408, 0.15888050287391692, 0.008244256995633166, 0.1306318810183092]",0.5017897926301251,42,0.8563200946059658,0.9892299975598718
676,1,1,1,0,6,0.9271123010033552,"{""42"": 0.9022676473473592, ""44"": 0.00036189356973748767, ""50"": 0.0007610667034857177, ""51"": 8.879898084379099e-05, ""55"": 0.003769059216178577, ""94"": 0.006797186181915416, ""96"": 0.0003982526014434013, ""103"": 0.0015129667226902537, ""106"": 0.0840431286763464}","[0.9271123010033552, 0.03522414753491175, 0.032822808601594436, 0.00484074286013864]",0.3779842862165975,42,0.9022676473473592,0.993107962205621
677,3,3,1,0,6,0.6364854177026557,"{""42"": 0.8658726956523546, ""44"": 0.0007372403555287438, ""48"": 0.00033668427461436203, ""50"": 0.0012228914993767394, ""55"": 0.004382660733366156, ""58"": 0.0001379029253858048, ""94"": 0.00757284118522248, ""103"": 0.0023500565173072076, ""106"": 0.11738702685684407}","[0.018484263225174203, 0.009176305205002478, 0.6364854177026557, 0.3358540138671676]",0.46861683421786626,42,0.8658726956523546,0.9908325636944212
678,2,2,1,0,6,0.3774048607384179,"{""42"": 0.850762105877503, ""44"": 0.00011089379888966559, ""50"": 0.00016781140052877017, ""55"": 0.005428312112428193, ""57"": 2.2675542944867097e-05, ""94"": 0.007432380108742751, ""101"": 1.832298221877869e-05, ""103"": 0.0024982272604422246, ""106"": 0.13355927091630176}","[0.23874975712010132, 0.3774048607384179, 0.3614683152724733, 0.022377066869007478]",0.4890137630514226,42,0.850762105877503,0.9917537569025475
679,2,2,1,0,6,0.9141374993560221,"{""42"": 0.735894258912333, ""44"": 8.691416439689821e-05, ""50"": 0.00016029427955323525, ""55"": 0.0012725899806828634, ""58"": 0.00016039535873419813, ""71"": 4.33075327173188e-05, ""94"": 0.0012838479528023837, ""103"": 0.0005100496824606263, ""106"": 0.2605883421363197}","[0.019426120827313396, 0.9141374993560221, 0.052738451848173995, 0.013697927968490358]",0.6010669707875644,42,0.735894258912333,0.9977664490014551
680,4,4,1,0,6,0.8063820182658057,"{""24"": 0.00011179763625785195, ""42"": 0.6982718174646112, ""48"": 0.0006264309280616964, ""50"": 4.087432297510706e-05, ""55"": 0.000677305446677866, ""71"": 3.0264818942746408e-05, ""94"": 0.001940180030274187, ""103"": 0.00012032412034797344, ""106"": 0.29818100523185126}","[0.14222830585117896, 0.020141522598827892, 0.031248153284187535, 0.8063820182658057]",0.6361077054744592,42,0.6982718174646112,0.9983930027267366
681,3,2,0,1,4,0.4042084967094135,"{""24"": 0.00012861261342273801, ""42"": 0.7405983795520569, ""44"": 0.00010922016308364101, ""48"": 0.0002489987731342302, ""50"": 2.029409935258556e-05, ""55"": 0.0011174756749244327, ""94"": 0.003852714663999697, ""106"": 0.25365522284933617, ""113"": 0.0002690816106896872}","[0.01815621297145347, 0.5503899446565259, 0.4042084967094135, 0.027245345662607136]",0.6060165915470199,42,0.7405983795520569,0.9981063170653928
682,4,4,1,0,6,0.9203574970685484,"{""22"": 8.771963574674541e-05, ""42"": 0.8787867366471295, ""44"": 0.0006077754181346488, ""48"": 0.0004914087600632154, ""55"": 0.0031386875981668514, ""94"": 0.011644551504824853, ""103"": 0.0008461504730846181, ""106"": 0.10435358876477527, ""113"": 4.338119807433615e-05}","[0.03337097426692139, 0.011571604169961731, 0.034699924494568435, 0.9203574970685484]",0.4348164001677332,42,0.8787867366471295,0.9947848769167297
683,2,2,1,0,5,0.6019244015973744,"{""42"": 0.8592984308898184, ""44"": 0.00037107169764872167, ""48"": 0.00023337876619458717, ""55"": 0.004831854830568616, ""57"": 0.00027997814898390844, ""63"": 7.367918630383211e-05, ""94"": 0.01754001053252458, ""103"": 0.0012145201074944345, ""106"": 0.11615707584046278}","[0.3650077542684831, 0.6019244015973744, 0.007956864062313246, 0.025110980071829384]",0.4930804639750526,42,0.8592984308898184,0.9929955172628058
684,4,4,1,0,6,0.973429501035888,"{""42"": 0.8383396580491613, ""44"": 0.00012208153201454292, ""55"": 0.008031153153216956, ""57"": 6.094928644931655e-05, ""63"": 6.949792001136738e-05, ""84"": 2.138915985030908e-05, ""94"": 0.02162640763045372, ""103"": 0.0020969648829693996, ""106"": 0.12963189838587308}","[0.004618141677513673, 0.006057266977243025, 0.01589509030935527, 0.973429501035888]",0.5498487513885456,42,0.8383396580491613,0.9895979640654882
685,1,1,1,0,5,0.8639636621571581,"{""42"": 0.7889714534835782, ""44"": 0.00013356317469939312, ""55"": 0.011870161167266106, ""57"": 0.00016500802904099041, ""63"": 8.244177250681719e-05, ""76"": 0.0001124659042770843, ""94"": 0.028616565548646864, ""103"": 0.003615208688429229, ""106"": 0.16643313223155512}","[0.8639636621571581, 0.04086838302743494, 0.06060609083247216, 0.03456186398293485]",0.6645267312025229,42,0.7889714534835782,0.9840211512637802
686,2,2,1,0,6,0.7944514297127001,"{""42"": 0.7832310244937409, ""50"": 0.00016410530062411103, ""55"": 0.0024757934219974543, ""57"": 7.658960126974654e-05, ""70"": 0.00024162055856863108, ""76"": 0.0002155972715976707, ""94"": 0.03839118159097513, ""103"": 0.0005640948371106908, ""106"": 0.17463999292411556}","[0.13268535614882246, 0.7944514297127001, 0.06262399014757296, 0.01023922399090452]",0.6463348642979305,42,0.7832310244937409,0.9962621990088316
687,1,1,1,0,5,0.5368127424483254,"{""42"": 0.7618768783926123, ""55"": 0.000376856752235912, ""57"": 3.3239953720339504e-05, ""60"": 1.2676108616959985e-05, ""70"": 0.0003143598558544331, ""76"": 6.8788558530038e-05, ""94"": 0.018320604233750076, ""103"": 0.00010956100033125215, ""106"": 0.21888703514434868}","[0.5368127424483254, 0.4322720586491579, 0.013989780581194095, 0.01692541832132272]",0.6206688153723636,42,0.7618768783926123,0.9990845177707111
688,2,2,1,0,6,0.9175731097710441,"{""21"": 2.6030347333394505e-05, ""42"": 0.726291997452009, ""48"": 0.00024364059036160185, ""55"": 0.0012893529191673509, ""57"": 6.009246518129116e-05, ""70"": 1.2881059233306786e-10, ""76"": 3.5356745122863285e-11, ""94"": 0.014941105815148705, ""106"": 0.2571477802466315}","[0.0600132569146335, 0.9175731097710441, 0.006334006475441229, 0.016079626838881013]",0.6557757627234188,42,0.726291997452009,0.9983808835137893
689,2,2,1,0,5,0.7731047409179111,"{""21"": 1.1404491275417916e-05, ""42"": 0.6882166452854538, ""47"": 5.55214472232583e-05, ""48"": 0.0004599031887158514, ""55"": 0.0003461960445782289, ""57"": 2.0013234735257344e-05, ""77"": 1.8376778584546774e-05, ""94"": 0.013980518129751636, ""106"": 0.2968914213996819}","[0.06667939978585281, 0.7731047409179111, 0.018790037522162163, 0.14142582177407392]",0.6847764847561019,42,0.6882166452854538,0.9990885848148874
690,4,4,1,0,2,0.718662232987561,"{""42"": 0.7020399637186665, ""47"": 2.8423919581125398e-05, ""48"": 0.0008263877430605865, ""55"": 0.0003776321843413318, ""57"": 1.3081871293243855e-05, ""94"": 0.018827833340790315, ""96"": 3.5111704887208705e-05, ""104"": 0.00010633855779264838, ""106"": 0.277745226959587}","[0.019899807228160538, 0.007062648625824159, 0.25437531115845435, 0.718662232987561]",0.6895750608308167,42,0.7020399637186665,0.9986130240190438
691,1,1,1,0,5,0.614101969759484,"{""26"": 1.040886982545087e-05, ""42"": 0.6760059021951819, ""48"": 0.0016613274791016644, ""55"": 0.0005626732586903125, ""57"": 2.4647666459377235e-05, ""94"": 0.016508912097865733, ""103"": 0.00010989201026824255, ""104"": 0.0002594253833826091, ""106"": 0.3048568110392248}","[0.614101969759484, 0.1401448415373732, 0.03065759496819231, 0.21509559373495063]",0.7129539510946286,42,0.6760059021951819,0.9973716253322724
692,3,3,1,0,1,0.5486223432049044,"{""42"": 0.6046745494106087, ""44"": 8.726157882766575e-05, ""48"": 0.0015616958159555838, ""55"": 0.0009641499510939869, ""83"": 3.424402581049217e-05, ""94"": 0.0014439823437872544, ""104"": 0.00012513001888052718, ""106"": 0.39110898685503587}","[0.0808164904004139, 0.20700022666647516, 0.5486223432049044, 0.16356093972820662]",0.6998747900639957,42,0.6046745494106087,0.9973452320816002
693,3,3,1,0,6,0.602424871030874,"{""18"": 0.00015850671675407275, ""42"": 0.5166082200471653, ""44"": 0.0002433472332087411, ""48"": 0.0026979825599638733, ""55"": 0.0014354128995766188, ""94"": 0.0013101191773441274, ""103"": 0.0001448164787730844, ""106"": 0.4774015948872141}","[0.01862794025520629, 0.2597968285827646, 0.602424871030874, 0.11915036013115514]",0.7329378535636735,42,0.5166082200471653,0.9967077974943434
694,3,3,1,0,5,0.8046236836293669,"{""18"": 8.976465557453939e-05, ""19"": 2.343542469802059e-05, ""42"": 0.6937509254730694, ""44"": 0.0005513504792800097, ""48"": 0.0052339825288591196, ""55"": 0.0021568461523684456, ""94"": 0.0026582081459577476, ""106"": 0.2955354871401927}","[0.02646916129013044, 0.04354270519690523, 0.8046236836293669, 0.12536444988359752]",0.6756321398228398,42,0.6937509254730694,0.9945203951421212
695,1,1,1,0,2,0.552597802221226,"{""18"": 3.6614411651943075e-05, ""42"": 0.6634257669244207, ""44"": 0.0005538233122107718, ""48"": 0.00020443988165018694, ""55"": 0.0021186126320493714, ""94"": 0.0014343200564110239, ""103"": 0.00022448122507250258, ""106"": 0.3319691693824557, ""108"": 3.2772174077714534e-05}","[0.552597802221226, 0.3791187572656845, 0.048772242380997484, 0.01951119813209206]",0.6692188085277266,42,0.6634257669244207,0.9975135489389257
696,4,4,1,0,6,0.9219031208573878,"{""12"": 4.006712207323009e-05, ""42"": 0.6392676566333692, ""44"": 0.0010665359073401019, ""48"": 0.00035000263881988336, ""50"": 0.00017293058317844988, ""55"": 0.00497376807688229, ""94"": 0.0010071742621093158, ""103"": 0.0006824588160732389, ""106"": 0.35243940596015433}","[0.0351143216119671, 0.018195837509752857, 0.024786720020892203, 0.9219031208573878]",0.7038710526415366,42,0.6392676566333692,0.9966808306704058
697,1,1,1,0,3,0.4359864224435231,"{""42"": 0.6182294418214557, ""47"": 0.00026578076955085654, ""48"": 0.000149611934381146, ""55"": 0.006974214069700483, ""77"": 8.808315759953393e-05, ""94"": 0.0018883695331750887, ""103"": 0.0010972395309287823, ""106"": 0.37130725918320834}","[0.4359864224435231, 0.3453174032703833, 0.19808459433794354, 0.02061157994815018]",0.7234479212395708,42,0.6182294418214557,0.9965109150743645
698,2,2,1,0,6,0.9701503045378801,"{""35"": 7.03171247801854e-05, ""42"": 0.7419090745179306, ""47"": 0.0005497454429070027, ""55"": 0.004075317359603053, ""71"": 4.9102060201541836e-11, ""94"": 0.0031793734606280484, ""103"": 0.0007964463227960551, ""106"": 0.24941972572225302}","[0.01701135518315094, 0.9701503045378801, 0.007935272073143441, 0.004903068205825436]",0.619022063721226,42,0.7419090745179306,0.9954041175997868
699,2,2,1,0,6,0.8625671634684565,"{""35"": 8.345092239297532e-05, ""42"": 0.702130173155881, ""47"": 0.0006774441001672532, ""55"": 0.00217142931053717, ""71"": 3.573079033685857e-10, ""94"": 0.004440093902403728, ""103"": 0.0003433203473886851, ""106"": 0.29013234161234647, ""112"": 2.1746291574760448e-05}","[0.100108071428138, 0.8625671634684565, 0.01423617089272296, 0.0230885942106824]",0.6533814265501632,42,0.702130173155881,0.9967026086706312
700,1,1,1,0,4,0.6588493691081413,"{""35"": 0.00016755643780390952, ""42"": 0.6691019327745101, ""47"": 0.00036173537210979417, ""48"": 0.00016234024072999152, ""55"": 0.00045108019409125687, ""94"": 0.002744953027658635, ""103"": 8.932150506566467e-05, ""106"": 0.3269066289690711, ""108"": 1.4451478959611222e-05}","[0.6588493691081413, 0.22494478104814183, 0.08751598857129277, 0.028689861272424202]",0.6607642893883003,42,0.6691019327745101,0.9987535147712399
701,3,3,1,0,6,0.9076101487910905,"{""35"": 0.00036313038987570976, ""42"": 0.6380774825698005, ""47"": 0.0003969460688256377, ""48"": 0.00021433990089713036, ""55"": 0.0006923969499131484, ""94"": 0.0009757331862251567, ""103"": 0.00017982425825502474, ""104"": 0.00010933314878056994, ""106"": 0.35899081352742723}","[0.05491769299366928, 0.016137933862897604, 0.9076101487910905, 0.021334224352342737]",0.6766018110704566,42,0.6380774825698005,0.9980440292834528
702,3,1,0,1,3,0.44168076351198204,"{""35"": 0.0001531473993659621, ""42"": 0.6166635440159381, ""47"": 2.068238195398728e-05, ""48"": 0.0003877219599498663, ""55"": 0.001061064775817772, ""79"": 5.539993281009753e-06, ""94"": 0.0018516283231397703, ""103"": 0.00025926388648693266, ""106"": 0.37959740726406654}","[0.4531895217279799, 0.05048351998409625, 0.44168076351198204, 0.05464619477594174]",0.6915479933139543,42,0.6166635440159381,0.9981125796031445
703,3,3,1,0,6,0.7717270547890027,"{""35"": 0.00037096859037013684, ""42"": 0.7116322919789871, ""48"": 0.000902545475022677, ""55"": 0.003161893153908899, ""57"": 0.00014929272049907577, ""94"": 0.00449965777382315, ""98"": 0.0002334898276073455, ""103"": 0.0007805895196811246, ""106"": 0.27826927096010035}","[0.04595947902436139, 0.12143724908893629, 0.7717270547890027, 0.060876217097699616]",0.6586730940084402,42,0.7116322919789871,0.9944012207129106
704,3,3,1,0,6,0.8998209011077603,"{""42"": 0.7854635825343508, ""48"": 0.0017722029463234667, ""55"": 0.0039643963045046075, ""71"": 0.00020396912905257703, ""72"": 0.00014710000606166487, ""94"": 0.007889312196886815, ""98"": 0.0004937922575648904, ""103"": 0.0010680392261617202, ""106"": 0.19899760539909342}","[0.0316823973686766, 0.005314015135475242, 0.8998209011077603, 0.06318268638808797]",0.5964015821435396,42,0.7854635825343508,0.992350500130331
705,4,4,1,0,6,0.5411268381224356,"{""42"": 0.7469162706914341, ""48"": 0.0006564451431756431, ""55"": 0.004986527987222776, ""81"": 2.4087602809109736e-05, ""91"": 0.0003095293013624437, ""94"": 0.007760892667416647, ""98"": 8.135827319775433e-05, ""103"": 0.0009511203795344606, ""106"": 0.23831376795384698}","[0.3670503671506962, 0.01761167952738026, 0.07421111519948799, 0.5411268381224356]",0.6388268028273227,42,0.7469162706914341,0.9929909313126977
706,4,4,1,0,6,0.6508679646003462,"{""42"": 0.9415415223830317, ""48"": 0.0002587547058770943, ""55"": 0.006639556814092169, ""86"": 7.678192941358609e-05, ""91"": 0.0008051995009523435, ""92"": 3.8550139082409755e-05, ""94"": 0.013597007842506835, ""103"": 0.0006327256390949788, ""106"": 0.036409901045948954}","[0.02681741010172216, 0.2831374637924193, 0.039177161505512266, 0.6508679646003462]",0.2827258758112131,42,0.9415415223830317,0.9915484312714875
707,3,3,1,0,6,0.8373738000654258,"{""24"": 1.0990938709722824e-05, ""42"": 0.9621324878898706, ""48"": 9.578855355925178e-05, ""55"": 0.007065963388759443, ""91"": 0.0004494631737541381, ""92"": 1.1631073861544435e-05, ""94"": 0.020980588145332303, ""103"": 0.0010181409081717447, ""106"": 0.008234945927981161}","[0.0926828625610308, 0.007575239589330407, 0.8373738000654258, 0.06236809778421289]",0.20435309331270696,42,0.9621324878898706,0.9913480219631841
708,2,2,1,0,6,0.9742947722683102,"{""32"": 6.174137702756488e-06, ""42"": 0.9576222629520642, ""48"": 7.082486772969842e-05, ""55"": 0.00965568097413962, ""91"": 0.00089363467469803, ""92"": 1.2350947236223637e-05, ""94"": 0.015562401418633248, ""103"": 0.0007992100723878356, ""106"": 0.015377459955408559}","[0.017868480220836275, 0.9742947722683102, 0.0035055156778323747, 0.004331231833021046]",0.22811830693121615,42,0.9576222629520642,0.988562124326106
709,1,1,1,0,2,0.42761006508464217,"{""32"": 9.526376301525437e-06, ""42"": 0.9429903017741623, ""48"": 0.00014317114826691894, ""55"": 0.005231157900822417, ""92"": 2.927121703173313e-05, ""94"": 0.022440028269074448, ""102"": 1.762651911147983e-05, ""103"": 0.00039545032850371, ""106"": 0.028743466466725456}","[0.42761006508464217, 0.24303629039213281, 0.2214192754505655, 0.10793436907265953]",0.2750304436655095,42,0.9429903017741623,0.9941737965099622
710,2,2,1,0,6,0.6451111356819524,"{""3"": 2.1473619890875395e-05, ""42"": 0.9405235029976244, ""48"": 0.00015217556205570132, ""55"": 0.010188240909917707, ""57"": 6.947819238864614e-05, ""92"": 3.189887074961601e-05, ""94"": 0.001545652463970057, ""103"": 0.0007706354279552101, ""106"": 0.04669694195544767}","[0.3328119973317543, 0.6451111356819524, 0.016216382166850684, 0.0058604848194424115]",0.26557526890110483,42,0.9405235029976244,0.9974086858629898
711,4,4,1,0,6,0.7919213812168241,"{""42"": 0.9364597946293998, ""48"": 0.0002307131815680386, ""50"": 4.978504076840087e-06, ""55"": 0.003827844217159654, ""57"": 4.694545939201628e-05, ""94"": 0.0021280799431021855, ""103"": 0.0005267079468775277, ""106"": 0.05677031888201405, ""110"": 4.617236410096913e-06}","[0.02534279664999645, 0.10467398404677042, 0.07806183808640894, 0.7919213812168241]",0.2652270268233334,42,0.9364597946293998,0.9970579577285734
712,3,3,1,0,3,0.5348703501432567,"{""42"": 0.9641608570551823, ""48"": 8.408977686550453e-05, ""55"": 0.004189441634658017, ""57"": 8.875459521590227e-05, ""65"": 7.660073918503483e-06, ""71"": 7.784257460220398e-05, ""94"": 0.004331073536476473, ""103"": 0.0005805060389559686, ""106"": 0.02647977471412514}","[0.0375597242069881, 0.008085774454996744, 0.5348703501432567, 0.41948415119475846]",0.18462400272850887,42,0.9641608570551823,0.9949717053057838
713,1,1,1,0,3,0.7866960386030819,"{""42"": 0.9529746239728379, ""47"": 5.956284721525252e-06, ""48"": 0.0001063674486079639, ""50"": 4.1303923754335515e-06, ""55"": 0.005356244125910636, ""57"": 3.2811427151672446e-05, ""94"": 0.005095742719671574, ""103"": 0.0006004371297929813, ""106"": 0.03582368649893033}","[0.7866960386030819, 0.02314424228081943, 0.17339754067622515, 0.016762178439873588]",0.22596556241137433,42,0.9529746239728379,0.9941545545976789
714,2,2,1,0,6,0.9010241782676909,"{""42"": 0.9572485601783947, ""48"": 0.00014920650847545795, ""50"": 9.972597328295498e-06, ""55"": 0.0014848384999833091, ""57"": 3.07546407439045e-05, ""71"": 3.0406627641593497e-05, ""94"": 0.008884116844655164, ""103"": 0.0003649192324035536, ""106"": 0.03179722487037402}","[0.05899182662051643, 0.9010241782676909, 0.0041040936153166905, 0.03587990149647602]",0.20806085510382122,42,0.9572485601783947,0.9979299018934239
715,1,1,1,0,3,0.8575820240360598,"{""42"": 0.9414475631426913, ""48"": 0.000248149104766673, ""55"": 0.0017137741414840525, ""71"": 7.649133250550398e-05, ""92"": 5.709595537889893e-05, ""94"": 0.013935095149271964, ""96"": 5.902279387485516e-06, ""103"": 0.00028339130357580845, ""106"": 0.04223253759093835}","[0.8575820240360598, 0.09006471511887877, 0.022800296566953624, 0.029552964278107982]",0.26664482952118546,42,0.9414475631426913,0.9976151958829016
716,1,1,1,0,5,0.8081753803266127,"{""42"": 0.9190323656911623, ""48"": 0.0003564866377992131, ""51"": 2.9596857258299716e-05, ""55"": 0.0029867083017208343, ""71"": 0.00015199366489059257, ""92"": 0.00011375924629866302, ""94"": 0.010746866708589408, ""103"": 0.00043537099206222835, ""106"": 0.06614685190021853}","[0.8081753803266127, 0.11619968925298643, 0.05408517642783216, 0.021539753992568758]",0.33220254294551094,42,0.9190323656911623,0.9959260842999702
717,2,2,1,0,6,0.7377947688694217,"{""42"": 0.9357153863628495, ""48"": 0.0005431668218947035, ""50"": 4.3774969417834e-05, ""55"": 0.00030634609965620986, ""92"": 0.00017082180933045713, ""94"": 0.01702258077094096, ""103"": 0.00016858502855719284, ""106"": 0.046022952089946625, ""109"": 6.386047406709238e-06}","[0.16448202581302576, 0.7377947688694217, 0.02258452816132051, 0.07513867715623199]",0.28322061046528246,42,0.9357153863628495,0.9987609192237371
718,3,3,1,0,6,0.7841388602889939,"{""26"": 8.491071266850196e-06, ""42"": 0.952465523863028, ""48"": 0.0007376348144148842, ""50"": 6.4509113435719096e-06, ""55"": 0.0006899707917503958, ""92"": 0.00033179603044644477, ""94"": 0.024770663837160697, ""103"": 0.00021430249914545068, ""106"": 0.020775166181443584}","[0.01459456402497695, 0.03212416171625763, 0.7841388602889939, 0.1691424139697715]",0.23346035867943715,42,0.952465523863028,0.9980113538816322
719,1,1,1,0,3,0.48452946539209624,"{""42"": 0.9423749738352182, ""48"": 0.0012781194049804984, ""50"": 1.2461783928985931e-05, ""55"": 0.0010505486955259473, ""92"": 0.0007181453672409681, ""94"": 0.032726588323277246, ""96"": 1.65016304130723e-05, ""103"": 0.0002729256271417278, ""106"": 0.02154973533227322}","[0.48452946539209624, 0.35870609491698563, 0.11348073215023212, 0.04328370754068591]",0.27401853588003267,42,0.9423749738352182,0.9966512974907686
720,2,2,1,0,6,0.7964616028709648,"{""42"": 0.9496199323617808, ""48"": 0.0014657608502281444, ""55"": 0.00012663140971546705, ""71"": 8.769326667265602e-12, ""92"": 0.0004787336166765109, ""94"": 0.0406696731008315, ""103"": 0.0001151900594726016, ""106"": 0.007512860025490661, ""113"": 1.1218567034952963e-05}","[0.09896607023940927, 0.7964616028709648, 0.01178823917482461, 0.09278408771480127]",0.23160415040578966,42,0.9496199323617808,0.9978024654881029
721,4,4,1,0,6,0.4597977574816546,"{""42"": 0.9667984409615821, ""48"": 0.0021822372553454788, ""55"": 4.534561799911619e-05, ""57"": 1.3936158200594874e-06, ""71"": 1.0319795158440376e-10, ""92"": 0.0010345149763803622, ""94"": 0.014775667611353228, ""103"": 5.460156488829365e-05, ""106"": 0.015107798293433306}","[0.02571128223182973, 0.4474905381837356, 0.06700042210278007, 0.4597977574816546]",0.17975115504951628,42,0.9667984409615821,0.9966819068663686
722,3,3,1,0,6,0.7638710346620212,"{""7"": 3.1226190976643424e-06, ""42"": 0.9473149433189547, ""48"": 0.004180690761861814, ""55"": 0.00011813761585296655, ""57"": 5.971547805828725e-06, ""92"": 0.000735899966854908, ""94"": 0.001380291385225318, ""103"": 0.00015248097181659015, ""106"": 0.04610846181253023}","[0.040000755499318884, 0.17386390371348842, 0.7638710346620212, 0.022264306125171482]",0.2329544151419311,42,0.9473149433189547,0.9976040958933468
723,1,1,1,0,6,0.8628513498617366,"{""22"": 4.275120669943347e-06, ""42"": 0.9640707875048586, ""48"": 0.004442818597597773, ""55"": 0.00020343149616036272, ""71"": 2.0383816958064503e-05, ""92"": 0.0014951616961870731, ""94"": 0.002964449281308722, ""103"": 0.0002432387708742313, ""106"": 0.026555453715385174}","[0.8628513498617366, 0.05509777795932977, 0.05527085479591673, 0.026780017383016826]",0.1867066375595634,42,0.9640707875048586,0.9950690598178416
724,2,2,1,0,6,0.8854844178213491,"{""0"": 1.8410583338476805e-06, ""42"": 0.9447029896871372, ""48"": 0.006008597325403327, ""50"": 2.995920244486143e-05, ""55"": 0.00042995999364343733, ""92"": 0.001569623981894583, ""94"": 0.002061192974576834, ""103"": 0.00048691250400784435, ""106"": 0.04470892327255794}","[0.019710719165511138, 0.8854844178213491, 0.02918032272630273, 0.06562454028683698]",0.2536726916947434,42,0.9447029896871372,0.9954205102850985
725,4,4,1,0,6,0.7410809479853891,"{""42"": 0.9166394490145158, ""48"": 0.008374625006995278, ""55"": 0.00012247653894215712, ""67"": 3.706765276876517e-05, ""92"": 0.0027765911855476143, ""94"": 0.0020874717565900263, ""96"": 5.0513722536883156e-06, ""103"": 9.739313942836896e-05, ""106"": 0.06985987433295839}","[0.13881338903454762, 0.02042033271146904, 0.09968533026859422, 0.7410809479853891]",0.3374234554854394,42,0.9166394490145158,0.9948739483544694
726,2,2,1,0,6,0.5313572815979187,"{""42"": 0.970612714527015, ""48"": 0.00025357483410598053, ""50"": 2.5962503548474994e-06, ""55"": 0.00021653755767224648, ""63"": 8.647268254361856e-06, ""92"": 0.0001340479233212261, ""94"": 0.004092178554164986, ""103"": 9.781103755257893e-05, ""106"": 0.024581892047558684}","[0.29224124523048617, 0.5313572815979187, 0.04127482262045001, 0.13512665055114503]",0.14870622574032558,42,0.970612714527015,0.9992867851287387
727,1,1,1,0,6,0.967117840576774,"{""42"": 0.9867506677531552, ""48"": 0.0003202638845497632, ""55"": 0.0005827521293108153, ""57"": 1.3486210110533971e-05, ""66"": 2.2280149975225103e-05, ""92"": 0.0002010666441782018, ""94"": 0.005892097418894615, ""103"": 0.00017482087473725212, ""106"": 0.006042564935088208}","[0.967117840576774, 0.022191816336580263, 0.0032129877193909856, 0.007477355367254818]",0.08481406799243638,42,0.9867506677531552,0.9986853301071381
728,2,4,0,1,3,0.4614352359763537,"{""41"": 3.134401651759076e-06, ""42"": 0.9772063732056514, ""48"": 0.0008032224758315971, ""50"": 3.359208703020634e-05, ""55"": 0.0006579059583516913, ""92"": 0.000529024494355606, ""94"": 0.009640391646842706, ""103"": 0.0002098489345762585, ""106"": 0.010916506795708715}","[0.0300082643040624, 0.4614352359763537, 0.026667306662277013, 0.4818891930573069]",0.1332944504490327,42,0.9772063732056514,0.9977632716482029
729,1,1,1,0,5,0.5045871593903343,"{""10"": 9.051720519049008e-06, ""42"": 0.9580222145185118, ""48"": 0.0026662100432926095, ""55"": 0.00043097155822545023, ""67"": 6.676088580754269e-05, ""92"": 0.002584809164723742, ""94"": 0.008803330149904646, ""103"": 0.00010680872966251757, ""106"": 0.027309843229352784}","[0.5045871593903343, 0.4240988645433015, 0.05431486540913969, 0.016999110657224602]",0.2173432337145232,42,0.9580222145185118,0.9941353878977692
730,3,3,1,0,3,0.9388049078081876,"{""42"": 0.9609673019460645, ""48"": 0.00411508442542752, ""50"": 5.0180162439725656e-05, ""58"": 1.668318895719659e-05, ""67"": 3.466940546211194e-11, ""92"": 0.0023713989989876355, ""94"": 0.012292861226629799, ""103"": 8.440138751807836e-05, ""106"": 0.020102088629306167}","[0.024304686675945975, 0.021378196914707513, 0.9388049078081876, 0.015512208601158888]",0.20928128856562184,42,0.9609673019460645,0.9933622518020004
731,1,1,1,0,4,0.6187447242104451,"{""42"": 0.9463816339588179, ""48"": 0.005766795233823144, ""50"": 6.128824302788357e-05, ""55"": 8.44840028842611e-05, ""64"": 2.419391060403086e-05, ""92"": 0.004224814877994658, ""94"": 0.018552495918202024, ""103"": 0.00012562162775411995, ""106"": 0.024778672226891854}","[0.6187447242104451, 0.2999847838556785, 0.06529100921060986, 0.01597948272326646]",0.2733520182132112,42,0.9463816339588179,0.9897128021039119
732,2,2,1,0,6,0.7253203988230708,"{""42"": 0.9464579906778495, ""44"": 4.5937485868402956e-05, ""48"": 0.007193723275202138, ""50"": 0.00013319722453409443, ""60"": 1.7451925565033958e-05, ""92"": 0.003213002242120824, ""94"": 0.012206134162236907, ""103"": 0.00019813387901790544, ""106"": 0.030534429127605067}","[0.1849506332607112, 0.7253203988230708, 0.05793436897787282, 0.0317945989383452]",0.26986212725643793,42,0.9464579906778495,0.9891985539676915
733,2,2,1,0,6,0.8351954057721671,"{""42"": 0.9572268431771696, ""44"": 1.3422310270566507e-05, ""48"": 0.008777824657365929, ""67"": 2.7010187672264787e-05, ""92"": 0.0025679786017704493, ""93"": 3.209605750378511e-05, ""94"": 0.016711664141463845, ""103"": 0.0003017623552058976, ""106"": 0.014341398511577874}","[0.10076445153861702, 0.8351954057721671, 0.007965787765413615, 0.056074354923802375]",0.23119440617399026,42,0.9572268431771696,0.9882799058302113
734,4,4,1,0,2,0.7081220216842784,"{""42"": 0.9490501373550979, ""48"": 0.012527078118565562, ""50"": 1.972937768486866e-06, ""51"": 6.342595414084114e-06, ""67"": 8.367999792376827e-05, ""92"": 0.004126526264772464, ""94"": 0.022726125344836114, ""103"": 0.000347792401956954, ""106"": 0.011130344983664933}","[0.00567128189902575, 0.007674849108433183, 0.27853184730826264, 0.7081220216842784]",0.2668756661320576,42,0.9490501373550979,0.9843033408184996
735,3,3,1,0,3,0.8591123189544283,"{""42"": 0.9537165351241581, ""48"": 0.006773274945204869, ""55"": 4.3542756925852404e-05, ""60"": 7.516389399340007e-06, ""67"": 0.00012245441341216163, ""92"": 0.002863819598356013, ""94"": 0.0239714928480275, ""103"": 0.00047731234866413194, ""106"": 0.012024051575852207}","[0.09492239286479488, 0.024880631721202022, 0.8591123189544283, 0.02108465645957469]",0.2436664260208493,42,0.9537165351241581,0.9897120795480377
736,4,4,1,0,2,0.4625755382115062,"{""42"": 0.9439804806072513, ""48"": 0.006446859385507214, ""55"": 0.00010768887041278326, ""67"": 5.648209694547012e-05, ""92"": 0.0040665134781318404, ""94"": 0.0327843960670175, ""103"": 0.0005566706739629949, ""106"": 0.011999904985606597, ""111"": 1.0038351643461886e-06}","[0.13354431356552143, 0.1402079344953773, 0.26367221372759514, 0.4625755382115062]",0.2801714209183496,42,0.9439804806072513,0.9887647816598754
737,1,1,1,0,6,0.5577400917678799,"{""42"": 0.9569006728330736, ""48"": 0.008341037345791263, ""49"": 1.839834439330541e-05, ""50"": 1.5243544206620878e-05, ""55"": 0.00015519627987501427, ""92"": 0.003869854133873026, ""94"": 0.016764501268326265, ""103"": 0.0005676790676704326, ""106"": 0.013367417182790414}","[0.5577400917678799, 0.12519536082775726, 0.2806149679322607, 0.03644957947210217]",0.23577184642278973,42,0.9569006728330736,0.9870325912841903
738,3,3,1,0,4,0.8879764665212379,"{""42"": 0.9675422134417959, ""43"": 2.621531064122126e-05, ""48"": 0.006965266856174323, ""55"": 0.00038810847613849323, ""71"": 4.666945399312076e-05, ""92"": 0.0008428424177730449, ""94"": 0.0009583042622079058, ""103"": 0.0012621917373968486, ""106"": 0.021968188043879282}","[0.03741559009402578, 0.058340628267189415, 0.8879764665212379, 0.016267315117547018]",0.175240574644224,42,0.9675422134417959,0.9964756683418494
739,2,2,1,0,6,0.534250711739031,"{""42"": 0.9587353410161533, ""48"": 0.006234697118448522, ""55"": 0.0008210422050317003, ""71"": 6.284910878467625e-05, ""92"": 0.0012677591021113494, ""94"": 0.0020996149715642853, ""98"": 3.5312054852451964e-05, ""103"": 0.0022713941401673785, ""106"": 0.028471990282886328}","[0.1135676609339691, 0.534250711739031, 0.33722197160229395, 0.014959655724705997]",0.2154189864270879,42,0.9587353410161533,0.9934420284174882
740,1,1,1,0,6,0.8345023411538979,"{""42"": 0.9687771155172897, ""48"": 0.009995045132911155, ""55"": 0.0009821790494031315, ""67"": 9.820971504642288e-06, ""92"": 0.0005905538349332123, ""94"": 0.003160721191091594, ""103"": 0.0009180157779117916, ""106"": 0.015563798820218093, ""110"": 2.7497047367166656e-06}","[0.8345023411538979, 0.017162784879626535, 0.1304450536877338, 0.017889820278741756]",0.17751052997093428,42,0.9687771155172897,0.994335959470419
741,3,3,1,0,6,0.8987659573364631,"{""42"": 0.9538936266986021, ""48"": 0.014670061571392182, ""50"": 2.264087927285646e-05, ""55"": 0.0009520044880273272, ""92"": 0.0006103573389247338, ""94"": 0.003973095476599783, ""103"": 0.0013145918813223132, ""106"": 0.024555226562653368, ""114"": 8.395103205143926e-06}","[0.010410311544989738, 0.03943167229902228, 0.8987659573364631, 0.05139205881952479]",0.2401512995355945,42,0.9538936266986021,0.9931189148326477
742,2,2,1,0,6,0.8509465089923178,"{""1"": 8.009202749786426e-07, ""42"": 0.9444997121453511, ""48"": 0.02088779401380899, ""55"": 0.0019033763330236029, ""71"": 2.0612448190160707e-05, ""92"": 0.0012441395309564177, ""94"": 0.0071101001513308535, ""103"": 0.0023287817929642865, ""106"": 0.022004682664099433}","[0.10511234080325489, 0.8509465089923178, 0.008350386325087852, 0.035590763879339314]",0.2884833780836238,42,0.9444997121453511,0.9873921888232595
743,1,1,1,0,3,0.4375997526657182,"{""42"": 0.9331630502798351, ""48"": 0.02738291640977636, ""55"": 0.0035723404445942193, ""62"": 7.107019712683885e-06, ""67"": 3.764964161850328e-05, ""92"": 0.0020495741954468768, ""94"": 0.011331624985187588, ""103"": 0.0030352072608467603, ""106"": 0.01942052976298207}","[0.4375997526657182, 0.28144486129201884, 0.027646912567293284, 0.2533084734749697]",0.3412630526071325,42,0.9331630502798351,0.9799664964525935
744,2,2,1,0,6,0.8192999110810114,"{""33"": 3.2785649285287206e-06, ""42"": 0.9309551039763754, ""48"": 0.02369445643959885, ""55"": 0.007983710318811272, ""57"": 8.68737654212485e-06, ""92"": 0.0028644869519382113, ""94"": 0.000574084534516783, ""103"": 0.006186622605579488, ""106"": 0.027729569231709203}","[0.1276340782269601, 0.8192999110810114, 0.04467377563268453, 0.00839223505934404]",0.34592377726082435,42,0.9309551039763754,0.9823791296476835
745,3,3,1,0,2,0.5393672715413175,"{""41"": 2.216968527665064e-06, ""42"": 0.9239306734367578, ""48"": 0.030224682651737642, ""55"": 0.00017916344787407412, ""67"": 2.1082718210463672e-05, ""92"": 0.002296995189223569, ""94"": 0.0005855830696566169, ""103"": 0.0004724038718508399, ""106"": 0.04228719864616123}","[0.22251411246473726, 0.034602192512610506, 0.5393672715413175, 0.20351642348133472]",0.33635910144864267,42,0.9239306734367578,0.9964425547346567
746,3,3,1,0,6,0.6972048736785137,"{""7"": 4.981689438817796e-06, ""42"": 0.9414940907022337, ""48"": 0.00018322387233471376, ""55"": 0.0002720375428884331, ""57"": 4.210889593325654e-06, ""92"": 0.00015880262952568098, ""94"": 0.000143067791483246, ""103"": 0.00021594576551285964, ""106"": 0.05752363911698925}","[0.1398677208105132, 0.012715759055618173, 0.6972048736785137, 0.15021164645535504]",0.22942340701778047,42,0.9414940907022337,0.9992897673621113
747,3,3,1,0,6,0.5507219861238427,"{""42"": 0.9237320158321868, ""48"": 6.281885131013642e-06, ""55"": 0.000501173625053452, ""84"": 7.79867124899297e-06, ""91"": 2.863102327436906e-05, ""92"": 2.9538162932815173e-05, ""94"": 8.154797018139918e-05, ""103"": 0.00014230224650922863, ""106"": 0.07547071058348197}","[0.09869958960212225, 0.038973842888178824, 0.5507219861238427, 0.3116045813858562]",0.2749107268362764,42,0.9237320158321868,0.9997039000407222
748,4,4,1,0,6,0.8139879332778969,"{""36"": 2.626486378066311e-06, ""42"": 0.9117514584955422, ""55"": 0.0005984094573301333, ""71"": 4.526509861360445e-05, ""91"": 4.6374925298271625e-05, ""92"": 6.386853113819443e-06, ""94"": 4.627199927529969e-05, ""103"": 0.00011481131213979102, ""106"": 0.08738839537230877}","[0.009878274502140337, 0.1375660256016133, 0.03856776661834949, 0.8139879332778969]",0.30420466557497783,42,0.9117514584955422,0.9997382633251811
