mode,iSub,iSession,iTrial,text,un_pro,un_pro_items,un_pro_count,unprocessed_category,n_constraints,matched_rules,A,b,fidelity,fidelity_status,style_tags
region,102,1,78,腿长，尾巴适中，脖子略微长于头。,['脖子略微长于头'],脖子略微长于头,1,other_unparsed,3,"['general_case', 'general_case']","[[0.0, 0.0, -1.0, 0.0], [0.0, 0.0, 0.0, -1.0], [0.0, 0.0, 0.0, 1.0]]","[-0.5, -0.25, 0.75]",1.0,ok,"['direct_absolute', 'comparison']"
region,102,1,79,腿长，尾巴长，脖子略微长于头。,['脖子略微长于头'],脖子略微长于头,1,other_unparsed,2,"['general_case', 'general_case']","[[0.0, 0.0, -1.0, 0.0], [0.0, 0.0, 0.0, -1.0]]","[-0.5, -0.5]",1.0,ok,"['direct_absolute', 'comparison']"
region,102,1,84,脖子略微短于头，腿适中，尾巴适中。,['脖子略微短于头'],脖子略微短于头,1,other_unparsed,4,"['general_case', 'general_case']","[[0.0, 0.0, -1.0, 0.0], [0.0, 0.0, 1.0, 0.0], [0.0, 0.0, 0.0, -1.0], [0.0, 0.0, 0.0, 1.0]]","[-0.25, 0.75, -0.25, 0.75]",1.0,ok,"['direct_absolute', 'comparison']"
region,102,1,91,脖子短于头，腿和尾巴都比它们短。,['腿和尾巴都比它们短'],腿和尾巴都比它们短,1,other_unparsed,1,['comparison'],"[[1.0, -1.0, 0.0, 0.0]]",[-0.0],1.0,ok,"['direct_absolute', 'comparison']"
region,102,1,109,脖子微短于头，腿适中，尾巴短。,['脖子微短于头'],脖子微短于头,1,other_unparsed,3,"['general_case', 'general_case']","[[0.0, 0.0, -1.0, 0.0], [0.0, 0.0, 1.0, 0.0], [0.0, 0.0, 0.0, 1.0]]","[-0.25, 0.75, 0.5]",1.0,ok,"['direct_absolute', 'comparison']"
region,102,1,138,脖子比头短，腿和尾巴差不多，都适中。,['都适中'],都适中,1,other_unparsed,3,"['comparison', 'equality']","[[1.0, -1.0, 0.0, 0.0], [0.0, 0.0, 1.0, -1.0], [0.0, 0.0, -1.0, 1.0]]","[-0.0, 0.1, 0.1]",1.0,ok,"['direct_absolute', 'comparison', 'equality']"
region,102,1,149,脖子比头长，但是是最短的两个。,['但是是最短的两个'],但是是最短的两个,1,other_unparsed,1,['comparison'],"[[-1.0, 1.0, 0.0, 0.0]]",[-0.0],1.0,ok,"['direct_absolute', 'superlative', 'comparison']"
region,102,1,150,脖子比头长，但是是最短的两个。,['但是是最短的两个'],但是是最短的两个,1,other_unparsed,1,['comparison'],"[[-1.0, 1.0, 0.0, 0.0]]",[-0.0],1.0,ok,"['direct_absolute', 'superlative', 'comparison']"
region,102,1,157,脖子比头长，不确定是不是最短的两个。,['不确定是不是最短的两个'],不确定是不是最短的两个,1,meta_or_uncertain,1,['comparison'],"[[-1.0, 1.0, 0.0, 0.0]]",[-0.0],1.0,ok,"['meta', 'direct_absolute', 'superlative', 'comparison', 'negation']"
region,102,1,160,脖子比头长，但是是最短的两个。,['但是是最短的两个'],但是是最短的两个,1,other_unparsed,1,['comparison'],"[[-1.0, 1.0, 0.0, 0.0]]",[-0.0],1.0,ok,"['direct_absolute', 'superlative', 'comparison']"
region,102,1,172,脖子比头长，但是是最短的两个。,['但是是最短的两个'],但是是最短的两个,1,other_unparsed,1,['comparison'],"[[-1.0, 1.0, 0.0, 0.0]]",[-0.0],1.0,ok,"['direct_absolute', 'superlative', 'comparison']"
region,102,1,174,脖子比头长，但是是最长的两个。,['但是是最长的两个'],但是是最长的两个,1,other_unparsed,1,['comparison'],"[[-1.0, 1.0, 0.0, 0.0]]",[-0.0],1.0,ok,"['direct_absolute', 'superlative', 'comparison']"
region,102,1,176,脖子比头短，但是是最短的两个。,['但是是最短的两个'],但是是最短的两个,1,other_unparsed,1,['comparison'],"[[1.0, -1.0, 0.0, 0.0]]",[-0.0],1.0,ok,"['direct_absolute', 'superlative', 'comparison']"
region,102,1,178,脖子比头短，但是是最长的两个。,['但是是最长的两个'],但是是最长的两个,1,other_unparsed,1,['comparison'],"[[1.0, -1.0, 0.0, 0.0]]",[-0.0],1.0,ok,"['direct_absolute', 'superlative', 'comparison']"
region,102,1,179,脖子比头短，但是是最长的两个。,['但是是最长的两个'],但是是最长的两个,1,other_unparsed,1,['comparison'],"[[1.0, -1.0, 0.0, 0.0]]",[-0.0],1.0,ok,"['direct_absolute', 'superlative', 'comparison']"
region,102,1,182,脖子比头短，但都比尾巴短。,['但都比尾巴短'],但都比尾巴短,1,other_unparsed,1,['comparison'],"[[1.0, -1.0, 0.0, 0.0]]",[-0.0],1.0,ok,"['direct_absolute', 'comparison']"
region,102,1,184,脖子比头短，而且不是最长的两个。,['而且不是最长的两个'],而且不是最长的两个,1,other_unparsed,1,['comparison'],"[[1.0, -1.0, 0.0, 0.0]]",[-0.0],1.0,ok,"['direct_absolute', 'superlative', 'comparison', 'negation']"
region,102,1,186,脖子比头短，而且是最长的两个。,['而且是最长的两个'],而且是最长的两个,1,other_unparsed,1,['comparison'],"[[1.0, -1.0, 0.0, 0.0]]",[-0.0],1.0,ok,"['direct_absolute', 'superlative', 'comparison']"
region,102,1,197,脖子比头短，但是是最长的两个。,['但是是最长的两个'],但是是最长的两个,1,other_unparsed,1,['comparison'],"[[1.0, -1.0, 0.0, 0.0]]",[-0.0],1.0,ok,"['direct_absolute', 'superlative', 'comparison']"
region,102,1,199,脖子比头长，但都比较短。,['但都比较短'],但都比较短,1,other_unparsed,1,['comparison'],"[[-1.0, 1.0, 0.0, 0.0]]",[-0.0],1.0,ok,"['direct_absolute', 'comparison']"
region,102,1,201,脖子比头长，但是它们两个是最长的。,['但是它们两个是最长的'],但是它们两个是最长的,1,other_unparsed,1,['comparison'],"[[-1.0, 1.0, 0.0, 0.0]]",[-0.0],1.0,ok,"['direct_absolute', 'superlative', 'comparison']"
region,102,1,204,脖子比头短，它们两个是最长的。,['它们两个是最长的'],它们两个是最长的,1,other_unparsed,1,['comparison'],"[[1.0, -1.0, 0.0, 0.0]]",[-0.0],1.0,ok,"['direct_absolute', 'superlative', 'comparison']"
region,102,1,205,脖子比头短，它们两个是最长的。,['它们两个是最长的'],它们两个是最长的,1,other_unparsed,1,['comparison'],"[[1.0, -1.0, 0.0, 0.0]]",[-0.0],1.0,ok,"['direct_absolute', 'superlative', 'comparison']"
region,102,1,206,脖子比头短，它们两个是最长的。,['它们两个是最长的'],它们两个是最长的,1,other_unparsed,1,['comparison'],"[[1.0, -1.0, 0.0, 0.0]]",[-0.0],1.0,ok,"['direct_absolute', 'superlative', 'comparison']"
region,102,1,209,脖子短于头，但是它们的平均长度长于尾巴。,['但是它们的平均长度长于尾巴'],但是它们的平均长度长于尾巴,1,global_balance,1,['comparison'],"[[1.0, -1.0, 0.0, 0.0]]",[-0.0],1.0,ok,"['direct_absolute', 'comparison', 'equality']"
region,102,1,211,脖子长于头，但它们是最短的两个。,['但它们是最短的两个'],但它们是最短的两个,1,other_unparsed,1,['comparison'],"[[-1.0, 1.0, 0.0, 0.0]]",[-0.0],1.0,ok,"['direct_absolute', 'superlative', 'comparison']"
region,102,1,214,脖子短于头，但它们是最长的两个。,['但它们是最长的两个'],但它们是最长的两个,1,other_unparsed,1,['comparison'],"[[1.0, -1.0, 0.0, 0.0]]",[-0.0],1.0,ok,"['direct_absolute', 'superlative', 'comparison']"
region,102,1,218,脖子长于头，但它们是最小的两个。,['但它们是最小的两个'],但它们是最小的两个,1,other_unparsed,1,['comparison'],"[[-1.0, 1.0, 0.0, 0.0]]",[-0.0],1.0,ok,"['direct_absolute', 'superlative', 'comparison']"
region,102,1,219,脖子长于头，但它们是最大的两个。,['但它们是最大的两个'],但它们是最大的两个,1,other_unparsed,1,['comparison'],"[[-1.0, 1.0, 0.0, 0.0]]",[-0.0],1.0,ok,"['direct_absolute', 'superlative', 'comparison']"
region,102,1,222,脖子短于头，但它们是最小的两个。,['但它们是最小的两个'],但它们是最小的两个,1,other_unparsed,1,['comparison'],"[[1.0, -1.0, 0.0, 0.0]]",[-0.0],1.0,ok,"['direct_absolute', 'superlative', 'comparison']"
region,102,1,231,脖子短于头，但它们是最小的。,['但它们是最小的'],但它们是最小的,1,other_unparsed,1,['comparison'],"[[1.0, -1.0, 0.0, 0.0]]",[-0.0],1.0,ok,"['direct_absolute', 'superlative', 'comparison']"
region,102,1,237,脖子短于头，但是两个都很长。,['但是两个都很长'],但是两个都很长,1,other_unparsed,1,['comparison'],"[[1.0, -1.0, 0.0, 0.0]]",[-0.0],1.0,ok,"['direct_absolute', 'comparison']"
region,102,1,244,脖子短于头，但它们是最小的。,['但它们是最小的'],但它们是最小的,1,other_unparsed,1,['comparison'],"[[1.0, -1.0, 0.0, 0.0]]",[-0.0],1.0,ok,"['direct_absolute', 'superlative', 'comparison']"
region,102,1,251,脖子小于头，但它们是最大的。,['但它们是最大的'],但它们是最大的,1,other_unparsed,1,['comparison'],"[[1.0, -1.0, 0.0, 0.0]]",[-0.0],1.0,ok,"['superlative', 'comparison']"
region,102,1,275,两长两短。,['两长两短'],两长两短,1,count_abstract,0,[],[],[],,unsupported,"['direct_absolute', 'count_abstract']"
region,102,1,279,两长两中。,['两长两中'],两长两中,1,other_unparsed,0,[],[],[],,unsupported,['direct_absolute']
region,102,1,286,三长一中。,['三长一中'],三长一中,1,count_abstract,0,[],[],[],,unsupported,"['direct_absolute', 'count_abstract']"
region,102,1,298,脖子比头长，但是都长于腿。,['但是都长于腿'],但是都长于腿,1,other_unparsed,1,['comparison'],"[[-1.0, 1.0, 0.0, 0.0]]",[-0.0],1.0,ok,"['direct_absolute', 'comparison']"
region,102,1,299,脖子比头短，但是都长于腿。,['但是都长于腿'],但是都长于腿,1,other_unparsed,1,['comparison'],"[[1.0, -1.0, 0.0, 0.0]]",[-0.0],1.0,ok,"['direct_absolute', 'comparison']"
region,102,1,301,脖子比头短，但是都小于腿。,['但是都小于腿'],但是都小于腿,1,other_unparsed,1,['comparison'],"[[1.0, -1.0, 0.0, 0.0]]",[-0.0],1.0,ok,"['direct_absolute', 'comparison']"
region,102,1,303,脖子比头短，都大于腿。,['都大于腿'],都大于腿,1,other_unparsed,1,['comparison'],"[[1.0, -1.0, 0.0, 0.0]]",[-0.0],1.0,ok,"['direct_absolute', 'comparison']"
region,102,1,305,脖子比头长，都短于腿。,['都短于腿'],都短于腿,1,other_unparsed,1,['comparison'],"[[-1.0, 1.0, 0.0, 0.0]]",[-0.0],1.0,ok,"['direct_absolute', 'comparison']"
region,102,1,306,脖子比头长，都长于腿。,['都长于腿'],都长于腿,1,other_unparsed,1,['comparison'],"[[-1.0, 1.0, 0.0, 0.0]]",[-0.0],1.0,ok,"['direct_absolute', 'comparison']"
region,102,1,307,脖子比头短，都长于腿。,['都长于腿'],都长于腿,1,other_unparsed,1,['comparison'],"[[1.0, -1.0, 0.0, 0.0]]",[-0.0],1.0,ok,"['direct_absolute', 'comparison']"
region,102,1,308,脖子比头短，都长于腿。,['都长于腿'],都长于腿,1,other_unparsed,1,['comparison'],"[[1.0, -1.0, 0.0, 0.0]]",[-0.0],1.0,ok,"['direct_absolute', 'comparison']"
region,102,1,309,脖子比头长，都大于腿。,['都大于腿'],都大于腿,1,other_unparsed,1,['comparison'],"[[-1.0, 1.0, 0.0, 0.0]]",[-0.0],1.0,ok,"['direct_absolute', 'comparison']"
region,102,1,310,脖子比头短，都短于腿。,['都短于腿'],都短于腿,1,other_unparsed,1,['comparison'],"[[1.0, -1.0, 0.0, 0.0]]",[-0.0],1.0,ok,"['direct_absolute', 'comparison']"
region,102,1,311,脖子比头短，都短于腿。,['都短于腿'],都短于腿,1,other_unparsed,1,['comparison'],"[[1.0, -1.0, 0.0, 0.0]]",[-0.0],1.0,ok,"['direct_absolute', 'comparison']"
region,102,1,313,脖子比头短，都短于腿。,['都短于腿'],都短于腿,1,other_unparsed,1,['comparison'],"[[1.0, -1.0, 0.0, 0.0]]",[-0.0],1.0,ok,"['direct_absolute', 'comparison']"
region,103,1,4,尾巴很长，长于头和脖子，腿较短。,['长于头和脖子'],长于头和脖子,1,other_unparsed,2,"['general_case', 'general_case']","[[0.0, 0.0, 0.0, -1.0], [0.0, 0.0, 1.0, 0.0]]","[-0.5, 0.5]",1.0,ok,"['direct_absolute', 'comparison']"
region,103,1,5,腿极长，尾巴中等长度，长于头和脖子。,['长于头和脖子'],长于头和脖子,1,other_unparsed,3,"['general_case', 'general_case']","[[0.0, 0.0, -1.0, 0.0], [0.0, 0.0, 0.0, -1.0], [0.0, 0.0, 0.0, 1.0]]","[-0.5, -0.25, 0.75]",1.0,ok,"['direct_absolute', 'comparison']"
region,103,1,13,腿很长，脖子和头中等长度，长于较短的尾巴。,['长于较短的尾巴'],长于较短的尾巴,1,other_unparsed,5,"['general_case', 'general_case']","[[0.0, 0.0, -1.0, 0.0], [-1.0, 0.0, 0.0, 0.0], [1.0, 0.0, 0.0, 0.0], [0.0, -1.0, 0.0, 0.0], [0.0, 1.0, 0.0, 0.0]]","[-0.5, -0.25, 0.75, -0.25, 0.75]",1.0,ok,"['direct_absolute', 'comparison']"
region,103,1,21,腿较短，尾巴较长，长于头和脖子。,['长于头和脖子'],长于头和脖子,1,other_unparsed,2,"['general_case', 'general_case']","[[0.0, 0.0, 1.0, 0.0], [0.0, 0.0, 0.0, -1.0]]","[0.5, -0.5]",1.0,ok,"['direct_absolute', 'comparison']"
region,103,1,33,腿很短，脖子很长，长于尾巴，尾巴和头中等长度。,['长于尾巴'],长于尾巴,1,other_unparsed,6,"['general_case', 'general_case', 'general_case']","[[0.0, 0.0, 1.0, 0.0], [-1.0, 0.0, 0.0, 0.0], [0.0, 0.0, 0.0, -1.0], [0.0, 0.0, 0.0, 1.0], [0.0, -1.0, 0.0, 0.0], [0.0, 1.0, 0.0, 0.0]]","[0.5, -0.5, -0.25, 0.75, -0.25, 0.75]",1.0,ok,"['direct_absolute', 'comparison']"
region,103,1,35,尾巴很长，长于头和脖子，头、脖子、腿都很短。,['长于头和脖子'],长于头和脖子,1,other_unparsed,4,"['general_case', 'general_case']","[[0.0, 0.0, 0.0, -1.0], [0.0, 1.0, 0.0, 0.0], [1.0, 0.0, 0.0, 0.0], [0.0, 0.0, 1.0, 0.0]]","[-0.5, 0.5, 0.5, 0.5]",1.0,ok,"['direct_absolute', 'comparison']"
region,103,1,44,腿中等，头较长，尾巴较长，明显长于脖子。,['明显长于脖子'],明显长于脖子,1,other_unparsed,4,"['general_case', 'general_case', 'general_case']","[[0.0, 0.0, -1.0, 0.0], [0.0, 0.0, 1.0, 0.0], [0.0, -1.0, 0.0, 0.0], [0.0, 0.0, 0.0, -1.0]]","[-0.25, 0.75, -0.5, -0.5]",1.0,ok,"['direct_absolute', 'comparison']"
region,103,1,52,腿较长，脖子中等较长，长于尾巴。,['长于尾巴'],长于尾巴,1,other_unparsed,2,"['general_case', 'general_case']","[[0.0, 0.0, -1.0, 0.0], [-1.0, 0.0, 0.0, 0.0]]","[-0.5, -0.5]",1.0,ok,"['direct_absolute', 'comparison']"
region,103,1,95,头、脖子、尾巴都中等，略长一点，腿较短。,['略长一点'],略长一点,1,other_unparsed,7,"['general_case', 'general_case']","[[0.0, -1.0, 0.0, 0.0], [0.0, 1.0, 0.0, 0.0], [-1.0, 0.0, 0.0, 0.0], [1.0, 0.0, 0.0, 0.0], [0.0, 0.0, 0.0, -1.0], [0.0, 0.0, 0.0, 1.0], [0.0, 0.0, 1.0, 0.0]]","[-0.25, 0.75, -0.25, 0.75, -0.25, 0.75, 0.5]",1.0,ok,['direct_absolute']
region,103,1,143,尾巴很长，长于头和脖子，且腿中等偏短。,['长于头和脖子'],长于头和脖子,1,other_unparsed,2,"['general_case', 'general_case']","[[0.0, 0.0, 0.0, -1.0], [0.0, 0.0, 1.0, 0.0]]","[-0.5, 0.5]",1.0,ok,"['direct_absolute', 'comparison']"
region,103,1,185,尾巴较长，长于脖子和头。,['长于脖子和头'],长于脖子和头,1,other_unparsed,1,['general_case'],"[[0.0, 0.0, 0.0, -1.0]]",[-0.5],1.0,ok,"['direct_absolute', 'comparison']"
region,103,1,202,脖子和尾巴较长，长于头和腿。,['长于头和腿'],长于头和腿,1,other_unparsed,2,['general_case'],"[[-1.0, 0.0, 0.0, 0.0], [0.0, 0.0, 0.0, -1.0]]","[-0.5, -0.5]",0.5,mismatch,"['direct_absolute', 'comparison']"
region,104,1,109,头长，较均匀。,['较均匀'],较均匀,1,global_balance,1,['general_case'],"[[0.0, -1.0, 0.0, 0.0]]",[-0.5],1.0,ok,"['direct_absolute', 'equality']"
region,104,1,139,比较均匀。,['比较均匀'],比较均匀,1,global_balance,0,[],[],[],,unsupported,"['comparison', 'equality']"
region,105,1,17,腿短于阈值。,['腿短于阈值'],腿短于阈值,1,other_unparsed,0,[],[],[],,unsupported,"['direct_absolute', 'comparison']"
region,106,1,15,有两个部位一样长。,['有两个部位一样长'],有两个部位一样长,1,count_abstract,0,[],[],[],,unsupported,"['direct_absolute', 'equality', 'count_abstract']"
region,106,1,32,头离地面近。,['头离地面近'],头离地面近,1,other_unparsed,0,[],[],[],,unsupported,['other']
region,106,1,33,头离地面近。,['头离地面近'],头离地面近,1,other_unparsed,0,[],[],[],,unsupported,['other']
region,106,1,34,头离地面远。,['头离地面远'],头离地面远,1,other_unparsed,0,[],[],[],,unsupported,['other']
region,106,1,35,头距离地面比较近。,['头距离地面比较近'],头距离地面比较近,1,other_unparsed,0,[],[],[],,unsupported,['comparison']
region,106,1,55,腿不是最长的。,['腿不是最长的'],腿不是最长的,1,other_unparsed,0,[],[],[],,unsupported,"['direct_absolute', 'superlative', 'negation']"
region,106,1,58,腿不是最长的。,['腿不是最长的'],腿不是最长的,1,other_unparsed,0,[],[],[],,unsupported,"['direct_absolute', 'superlative', 'negation']"
region,106,1,105,点错了。,['点错了'],点错了,1,other_unparsed,0,[],[],[],,unsupported,['other']
region,106,1,170,下半身腿比上面的高。,['下半身腿比上面的高'],下半身腿比上面的高,1,body_geometry,0,[],[],[],,unsupported,['comparison']
region,106,1,171,腿离地面距离不如躯体最高点的距离高。,['腿离地面距离不如躯体最高点的距离高'],腿离地面距离不如躯体最高点的距离高,1,body_geometry,0,[],[],[],,unsupported,['superlative']
region,106,1,172,上面的高度小于下面。,['上面的高度小于下面'],上面的高度小于下面,1,body_geometry,0,[],[],[],,unsupported,['comparison']
region,106,1,173,上面的高度大于下面。,['上面的高度大于下面'],上面的高度大于下面,1,body_geometry,0,[],[],[],,unsupported,['comparison']
region,106,1,174,下面的部分更高一些。,['下面的部分更高一些'],下面的部分更高一些,1,body_geometry,0,[],[],[],,unsupported,['other']
region,106,1,175,下面的部分更高一些。,['下面的部分更高一些'],下面的部分更高一些,1,body_geometry,0,[],[],[],,unsupported,['other']
region,106,1,176,下面的部分高于上面。,['下面的部分高于上面'],下面的部分高于上面,1,body_geometry,0,[],[],[],,unsupported,['comparison']
region,106,1,177,下面的高度高于上面。,['下面的高度高于上面'],下面的高度高于上面,1,body_geometry,0,[],[],[],,unsupported,['comparison']
region,106,1,178,下面的高度比上面高。,['下面的高度比上面高'],下面的高度比上面高,1,body_geometry,0,[],[],[],,unsupported,['comparison']
region,106,1,179,躯体下方比上面高。,['躯体下方比上面高'],躯体下方比上面高,1,body_geometry,0,[],[],[],,unsupported,['comparison']
region,106,1,180,躯体下方没有上面高。,['躯体下方没有上面高'],躯体下方没有上面高,1,body_geometry,0,[],[],[],,unsupported,['negation']
region,106,1,181,躯体下方比上面高。,['躯体下方比上面高'],躯体下方比上面高,1,body_geometry,0,[],[],[],,unsupported,['comparison']
region,106,1,182,躯体下方没有上面高。,['躯体下方没有上面高'],躯体下方没有上面高,1,body_geometry,0,[],[],[],,unsupported,['negation']
region,106,1,183,躯体下方比上面高。,['躯体下方比上面高'],躯体下方比上面高,1,body_geometry,0,[],[],[],,unsupported,['comparison']
region,106,1,184,躯体下方比上面高。,['躯体下方比上面高'],躯体下方比上面高,1,body_geometry,0,[],[],[],,unsupported,['comparison']
region,106,1,185,躯体下方比上面高。,['躯体下方比上面高'],躯体下方比上面高,1,body_geometry,0,[],[],[],,unsupported,['comparison']
region,106,1,186,躯体下方比上面高。,['躯体下方比上面高'],躯体下方比上面高,1,body_geometry,0,[],[],[],,unsupported,['comparison']
region,106,1,187,躯体下方比上面高。,['躯体下方比上面高'],躯体下方比上面高,1,body_geometry,0,[],[],[],,unsupported,['comparison']
region,106,1,188,躯体下方没有上面高，腿太短。,['躯体下方没有上面高'],躯体下方没有上面高,1,body_geometry,1,['general_case'],"[[0.0, 0.0, 1.0, 0.0]]",[0.5],1.0,ok,"['direct_absolute', 'negation']"
region,106,1,190,躯体下方比上面高一些。,['躯体下方比上面高一些'],躯体下方比上面高一些,1,body_geometry,0,[],[],[],,unsupported,['comparison']
region,107,1,45,头和尾巴很长，脖子也挺长，但相对短一些，腿很短。,['但相对短一些'],但相对短一些,1,other_unparsed,4,"['general_case', 'general_case', 'general_case']","[[0.0, -1.0, 0.0, 0.0], [0.0, 0.0, 0.0, -1.0], [-1.0, 0.0, 0.0, 0.0], [0.0, 0.0, 1.0, 0.0]]","[-0.5, -0.5, -0.5, 0.5]",1.0,ok,['direct_absolute']
region,107,1,95,腿、脖子和头比例比较协调，尾巴短。,['腿、脖子和头比例比较协调'],腿、脖子和头比例比较协调,1,proportion_or_ratio,1,['general_case'],"[[0.0, 0.0, 0.0, 1.0]]",[0.5],0.0,mismatch,"['direct_absolute', 'comparison', 'group_sum']"
region,107,1,111,腿、脖子和头长度差不多，都不算很长。,['都不算很长'],都不算很长,1,other_unparsed,6,['equality'],"[[-1.0, 0.0, 1.0, 0.0], [1.0, 0.0, -1.0, 0.0], [0.0, -1.0, 1.0, 0.0], [0.0, 1.0, -1.0, 0.0], [1.0, -1.0, 0.0, 0.0], [-1.0, 1.0, 0.0, 0.0]]","[0.1, 0.1, 0.1, 0.1, 0.1, 0.1]",0.0,mismatch,"['direct_absolute', 'equality', 'negation']"
region,107,1,164,尾巴、腿、脖子和头长度差不多，都还挺长的。,['都还挺长的'],都还挺长的,1,other_unparsed,12,['equality'],"[[0.0, 0.0, -1.0, 1.0], [0.0, 0.0, 1.0, -1.0], [-1.0, 0.0, 0.0, 1.0], [1.0, 0.0, 0.0, -1.0], [0.0, -1.0, 0.0, 1.0], [0.0, 1.0, 0.0, -1.0], [-1.0, 0.0, 1.0, 0.0], [1.0, 0.0, -1.0, 0.0], [0.0, -1.0, 1.0, 0.0], [0.0, 1.0, -1.0, 0.0], [1.0, -1.0, 0.0, 0.0], [-1.0, 1.0, 0.0, 0.0]]","[0.1, 0.1, 0.1, 0.1, 0.1, 0.1, 0.1, 0.1, 0.1, 0.1, 0.1, 0.1]",0.0,mismatch,"['direct_absolute', 'equality']"
region,107,1,191,腿、脖子和头不算特别长，且长度相当。,['且长度相当'],且长度相当,1,global_balance,3,['general_case'],"[[0.0, 0.0, 1.0, 0.0], [1.0, 0.0, 0.0, 0.0], [0.0, 1.0, 0.0, 0.0]]","[0.5, 0.5, 0.5]",0.0,mismatch,"['direct_absolute', 'equality', 'negation']"
region,108,1,8,脖子和尾巴显著比腿长。,['脖子和尾巴显著比腿长'],脖子和尾巴显著比腿长,1,other_unparsed,0,[],[],[],,unsupported,"['direct_absolute', 'comparison']"
region,108,1,14,头和脖子显著比腿和尾巴长。,['头和脖子显著比腿和尾巴长'],头和脖子显著比腿和尾巴长,1,other_unparsed,0,[],[],[],,unsupported,"['direct_absolute', 'comparison']"
region,108,1,26,腿比脖子短，比尾巴长。,['比尾巴长'],比尾巴长,1,other_unparsed,1,['comparison'],"[[-1.0, 0.0, 1.0, 0.0]]",[-0.0],1.0,ok,"['direct_absolute', 'comparison']"
region,108,1,29,腿比脖子短，比头和尾巴长。,['比头和尾巴长'],比头和尾巴长,1,other_unparsed,1,['comparison'],"[[-1.0, 0.0, 1.0, 0.0]]",[-0.0],1.0,ok,"['direct_absolute', 'comparison']"
region,108,1,31,腿比脖子长，比尾巴短。,['比尾巴短'],比尾巴短,1,other_unparsed,1,['comparison'],"[[1.0, 0.0, -1.0, 0.0]]",[-0.0],1.0,ok,"['direct_absolute', 'comparison']"
region,108,1,42,腿比脖子短，比尾巴长。,['比尾巴长'],比尾巴长,1,other_unparsed,1,['comparison'],"[[-1.0, 0.0, 1.0, 0.0]]",[-0.0],1.0,ok,"['direct_absolute', 'comparison']"
region,108,1,53,腿比脖子和尾巴短，比头长。,['比头长'],比头长,1,other_unparsed,2,['comparison'],"[[-1.0, 0.0, 1.0, 0.0], [0.0, 0.0, 1.0, -1.0]]","[-0.0, -0.0]",1.0,ok,"['direct_absolute', 'comparison']"
region,108,1,54,腿比脖子和尾巴短，比头长。,['比头长'],比头长,1,other_unparsed,2,['comparison'],"[[-1.0, 0.0, 1.0, 0.0], [0.0, 0.0, 1.0, -1.0]]","[-0.0, -0.0]",1.0,ok,"['direct_absolute', 'comparison']"
region,108,1,164,腿比脖子短，比尾巴长。,['比尾巴长'],比尾巴长,1,other_unparsed,1,['comparison'],"[[-1.0, 0.0, 1.0, 0.0]]",[-0.0],1.0,ok,"['direct_absolute', 'comparison']"
region,108,1,166,腿比尾巴，腿比脖子短。,['腿比尾巴'],腿比尾巴,1,other_unparsed,1,['comparison'],"[[-1.0, 0.0, 1.0, 0.0]]",[-0.0],1.0,ok,"['direct_absolute', 'comparison']"
region,108,1,225,选错了。,['选错了'],选错了,1,meta_or_uncertain,0,[],[],[],,meta,['meta']
region,108,2,34,脖子不是最长的。,['脖子不是最长的'],脖子不是最长的,1,other_unparsed,0,[],[],[],,unsupported,"['direct_absolute', 'superlative', 'negation']"
region,108,2,35,脖子不是最长的。,['脖子不是最长的'],脖子不是最长的,1,other_unparsed,0,[],[],[],,unsupported,"['direct_absolute', 'superlative', 'negation']"
region,108,2,36,脖子不是最长的。,['脖子不是最长的'],脖子不是最长的,1,other_unparsed,0,[],[],[],,unsupported,"['direct_absolute', 'superlative', 'negation']"
region,108,2,37,脖子不是最长的。,['脖子不是最长的'],脖子不是最长的,1,other_unparsed,0,[],[],[],,unsupported,"['direct_absolute', 'superlative', 'negation']"
region,108,2,38,脖子不是最长的。,['脖子不是最长的'],脖子不是最长的,1,other_unparsed,0,[],[],[],,unsupported,"['direct_absolute', 'superlative', 'negation']"
region,108,2,39,脖子不是最长的。,['脖子不是最长的'],脖子不是最长的,1,other_unparsed,0,[],[],[],,unsupported,"['direct_absolute', 'superlative', 'negation']"
region,108,2,43,脖子不是最长的。,['脖子不是最长的'],脖子不是最长的,1,other_unparsed,0,[],[],[],,unsupported,"['direct_absolute', 'superlative', 'negation']"
region,108,2,44,脖子不是最长的。,['脖子不是最长的'],脖子不是最长的,1,other_unparsed,0,[],[],[],,unsupported,"['direct_absolute', 'superlative', 'negation']"
region,108,2,48,脖子不是最长的，腿是最长的。,['脖子不是最长的'],脖子不是最长的,1,other_unparsed,3,"['superlative', 'superlative', 'superlative']","[[1.0, 0.0, -1.0, 0.0], [0.0, 1.0, -1.0, 0.0], [0.0, 0.0, -1.0, 1.0]]","[-0.0, -0.0, -0.0]",1.0,ok,"['direct_absolute', 'superlative', 'negation']"
region,108,2,69,选错了。,['选错了'],选错了,1,meta_or_uncertain,0,[],[],[],,meta,['meta']
region,109,1,211,脖子，头较长，腿一般。,['脖子'],脖子,1,other_unparsed,3,"['general_case', 'general_case']","[[0.0, -1.0, 0.0, 0.0], [0.0, 0.0, -1.0, 0.0], [0.0, 0.0, 1.0, 0.0]]","[-0.5, -0.25, 0.75]",1.0,ok,['direct_absolute']
region,109,1,213,腿较长，脖子一般，头较小。,['头较小'],头较小,1,other_unparsed,3,"['general_case', 'general_case']","[[0.0, 0.0, -1.0, 0.0], [-1.0, 0.0, 0.0, 0.0], [1.0, 0.0, 0.0, 0.0]]","[-0.5, -0.25, 0.75]",1.0,ok,['direct_absolute']
region,110,1,169,头短，脖子腿，尾巴长。,['脖子腿'],脖子腿,1,other_unparsed,2,"['general_case', 'general_case']","[[0.0, 1.0, 0.0, 0.0], [0.0, 0.0, 0.0, -1.0]]","[0.5, -0.5]",1.0,ok,['direct_absolute']
region,111,1,18,腿短，尾巴、头、脖子长度相同。,['尾巴、头、脖子长度相同'],尾巴、头、脖子长度相同,1,other_unparsed,1,['general_case'],"[[0.0, 0.0, 1.0, 0.0]]",[0.5],1.0,ok,['direct_absolute']
region,112,1,29,尾巴和腿之间关系。,['尾巴和腿之间关系'],尾巴和腿之间关系,1,other_unparsed,0,[],[],[],,unsupported,['other']
region,112,1,34,尾巴比头长一点，比腿和脖子都短。,['比腿和脖子都短'],比腿和脖子都短,1,other_unparsed,1,['comparison'],"[[0.0, 1.0, 0.0, -1.0]]",[-0.0],1.0,ok,"['direct_absolute', 'comparison']"
region,112,1,37,尾巴跟腿之间的关系以及跟脖子的关系。,['尾巴跟腿之间的关系以及跟脖子的关系'],尾巴跟腿之间的关系以及跟脖子的关系,1,other_unparsed,0,[],[],[],,unsupported,['other']
region,112,1,39,尾巴跟脖子不一样长。,['尾巴跟脖子不一样长'],尾巴跟脖子不一样长,1,disjoint_inequality,0,[],[],[],,unsupported,"['direct_absolute', 'equality', 'negation']"
region,112,1,47,脖子和腿之间的关系。,['脖子和腿之间的关系'],脖子和腿之间的关系,1,other_unparsed,0,[],[],[],,unsupported,['other']
region,112,1,136,尾巴和头之间有交集。,['尾巴和头之间有交集'],尾巴和头之间有交集,1,other_unparsed,0,[],[],[],,unsupported,['other']
region,113,1,1,脖子比头长，头比腿长，腿比尾巴长，都有些长。,['都有些长'],都有些长,1,other_unparsed,3,"['comparison', 'comparison', 'comparison']","[[-1.0, 1.0, 0.0, 0.0], [0.0, -1.0, 1.0, 0.0], [0.0, 0.0, -1.0, 1.0]]","[-0.0, -0.0, -0.0]",1.0,ok,"['direct_absolute', 'comparison']"
region,113,1,3,尾巴比头长，都比较长，脖子和腿比较短，腿比脖子短。,['都比较长'],都比较长,1,other_unparsed,4,"['comparison', 'general_case', 'comparison']","[[0.0, 1.0, 0.0, -1.0], [1.0, 0.0, 0.0, 0.0], [0.0, 0.0, 1.0, 0.0], [-1.0, 0.0, 1.0, 0.0]]","[-0.0, 0.5, 0.5, -0.0]",1.0,ok,"['direct_absolute', 'comparison']"
region,113,1,4,头和腿一样长，都比较长，脖子和尾巴比较短。,['都比较长'],都比较长,1,other_unparsed,4,"['equality', 'general_case']","[[0.0, 1.0, -1.0, 0.0], [0.0, -1.0, 1.0, 0.0], [1.0, 0.0, 0.0, 0.0], [0.0, 0.0, 0.0, 1.0]]","[0.1, 0.1, 0.5, 0.5]",1.0,ok,"['direct_absolute', 'comparison', 'equality']"
region,113,1,13,头最长，尾巴最短，脖子和腿差不多长，都比较长。,['都比较长'],都比较长,1,other_unparsed,7,"['superlative', 'superlative', 'superlative', 'superlative', 'superlative', 'superlative', 'equality']","[[1.0, -1.0, 0.0, 0.0], [0.0, -1.0, 1.0, 0.0], [0.0, -1.0, 0.0, 1.0], [-1.0, 0.0, 0.0, 1.0], [0.0, 0.0, -1.0, 1.0], [1.0, 0.0, -1.0, 0.0], [-1.0, 0.0, 1.0, 0.0]]","[-0.0, -0.0, -0.0, -0.0, -0.0, 0.1, 0.1]",1.0,ok,"['direct_absolute', 'superlative', 'comparison', 'equality']"
region,113,1,20,尾巴比脖子长，但是都很短，脖子和腿很长，腿特别长。,['但是都很短'],但是都很短,1,other_unparsed,3,"['comparison', 'general_case', 'general_case']","[[1.0, 0.0, 0.0, -1.0], [-1.0, 0.0, 0.0, 0.0], [0.0, 0.0, -1.0, 0.0]]","[-0.0, -0.5, -0.5]",0.75,mismatch,"['direct_absolute', 'comparison']"
region,113,1,24,头和尾巴很长，脖子短一些，腿第二短，但也比较长。,['但也比较长'],但也比较长,1,other_unparsed,4,"['general_case', 'general_case', 'comparison']","[[0.0, -1.0, 0.0, 0.0], [0.0, 0.0, 0.0, -1.0], [1.0, 0.0, 0.0, 0.0], [1.0, 0.0, -1.0, 0.0]]","[-0.5, -0.5, 0.5, -0.0]",0.75,mismatch,"['direct_absolute', 'comparison', 'ranking']"
region,113,1,30,尾巴和腿很短，头比适中，脖子有些长。,['头比适中'],头比适中,1,other_unparsed,3,"['general_case', 'general_case']","[[0.0, 0.0, 0.0, 1.0], [0.0, 0.0, 1.0, 0.0], [-1.0, 0.0, 0.0, 0.0]]","[0.5, 0.5, -0.5]",1.0,ok,"['direct_absolute', 'comparison']"
region,113,1,38,尾巴最长，头最短，脖子和腿适中，比较长。,['比较长'],比较长,1,other_unparsed,9,"['superlative', 'superlative', 'superlative', 'superlative', 'superlative', 'superlative', 'general_case']","[[1.0, 0.0, 0.0, -1.0], [0.0, 1.0, 0.0, -1.0], [0.0, 0.0, 1.0, -1.0], [-1.0, 1.0, 0.0, 0.0], [0.0, 1.0, -1.0, 0.0], [-1.0, 0.0, 0.0, 0.0], [1.0, 0.0, 0.0, 0.0], [0.0, 0.0, -1.0, 0.0], [0.0, 0.0, 1.0, 0.0]]","[-0.0, -0.0, -0.0, -0.0, -0.0, -0.25, 0.75, -0.25, 0.75]",1.0,ok,"['direct_absolute', 'superlative', 'comparison']"
region,113,1,62,头和脖子差不多长，都很长，尾巴和腿比较短。,['都很长'],都很长,1,other_unparsed,4,"['equality', 'general_case']","[[-1.0, 1.0, 0.0, 0.0], [1.0, -1.0, 0.0, 0.0], [0.0, 0.0, 0.0, 1.0], [0.0, 0.0, 1.0, 0.0]]","[0.1, 0.1, 0.5, 0.5]",1.0,ok,"['direct_absolute', 'comparison', 'equality']"
region,113,1,66,头比脖子长，尾巴和腿适中，比较长。,['比较长'],比较长,1,other_unparsed,5,"['comparison', 'general_case']","[[1.0, -1.0, 0.0, 0.0], [0.0, 0.0, 0.0, -1.0], [0.0, 0.0, 0.0, 1.0], [0.0, 0.0, -1.0, 0.0], [0.0, 0.0, 1.0, 0.0]]","[-0.0, -0.25, 0.75, -0.25, 0.75]",1.0,ok,"['direct_absolute', 'comparison']"
region,113,1,80,头和脖子差不多长，都比较长，腿和尾巴很短。,['都比较长'],都比较长,1,other_unparsed,4,"['equality', 'general_case']","[[-1.0, 1.0, 0.0, 0.0], [1.0, -1.0, 0.0, 0.0], [0.0, 0.0, 1.0, 0.0], [0.0, 0.0, 0.0, 1.0]]","[0.1, 0.1, 0.5, 0.5]",1.0,ok,"['direct_absolute', 'comparison', 'equality']"
region,113,1,87,头比脖子长，尾巴和腿适中，短一些。,['短一些'],短一些,1,other_unparsed,5,"['comparison', 'general_case']","[[1.0, -1.0, 0.0, 0.0], [0.0, 0.0, 0.0, -1.0], [0.0, 0.0, 0.0, 1.0], [0.0, 0.0, -1.0, 0.0], [0.0, 0.0, 1.0, 0.0]]","[-0.0, -0.25, 0.75, -0.25, 0.75]",0.6,mismatch,"['direct_absolute', 'comparison']"
region,113,1,135,头比脖子长，都很长。,['都很长'],都很长,1,other_unparsed,1,['comparison'],"[[1.0, -1.0, 0.0, 0.0]]",[-0.0],1.0,ok,"['direct_absolute', 'comparison']"
region,113,1,136,头比脖子短，都有些短。,['都有些短'],都有些短,1,other_unparsed,1,['comparison'],"[[-1.0, 1.0, 0.0, 0.0]]",[-0.0],1.0,ok,"['direct_absolute', 'comparison']"
region,113,1,137,头比脖子长，都很长。,['都很长'],都很长,1,other_unparsed,1,['comparison'],"[[1.0, -1.0, 0.0, 0.0]]",[-0.0],1.0,ok,"['direct_absolute', 'comparison']"
region,113,1,218,不知道。,['不知道'],不知道,1,meta_or_uncertain,0,[],[],[],,meta,['meta']
region,113,1,252,脖子明显比头短。,['脖子明显比头短'],脖子明显比头短,1,other_unparsed,0,[],[],[],,unsupported,"['direct_absolute', 'comparison']"
region,113,1,262,脖子短，但是和头的长度差不多。,['但是和头的长度差不多'],但是和头的长度差不多,1,global_balance,1,['general_case'],"[[1.0, 0.0, 0.0, 0.0]]",[0.5],1.0,ok,"['direct_absolute', 'equality']"
region,113,1,293,脖子长，比头长。,['比头长'],比头长,1,other_unparsed,1,['general_case'],"[[-1.0, 0.0, 0.0, 0.0]]",[-0.5],1.0,ok,"['direct_absolute', 'comparison']"
region,113,1,294,脖子长，比头长。,['比头长'],比头长,1,other_unparsed,1,['general_case'],"[[-1.0, 0.0, 0.0, 0.0]]",[-0.5],1.0,ok,"['direct_absolute', 'comparison']"
region,113,1,304,脖子短，比头短。,['比头短'],比头短,1,other_unparsed,1,['general_case'],"[[1.0, 0.0, 0.0, 0.0]]",[0.5],1.0,ok,"['direct_absolute', 'comparison']"
region,113,1,307,脖子中等长度，比头短。,['比头短'],比头短,1,other_unparsed,2,['general_case'],"[[-1.0, 0.0, 0.0, 0.0], [1.0, 0.0, 0.0, 0.0]]","[-0.25, 0.75]",1.0,ok,"['direct_absolute', 'comparison']"
region,113,1,308,选错了。,['选错了'],选错了,1,meta_or_uncertain,0,[],[],[],,meta,['meta']
region,113,1,318,脖子长，比头长。,['比头长'],比头长,1,other_unparsed,1,['general_case'],"[[-1.0, 0.0, 0.0, 0.0]]",[-0.5],0.0,mismatch,"['direct_absolute', 'comparison']"
region,113,1,319,脖子长，比头短。,['比头短'],比头短,1,other_unparsed,1,['general_case'],"[[-1.0, 0.0, 0.0, 0.0]]",[-0.5],1.0,ok,"['direct_absolute', 'comparison']"
region,113,2,32,点错了。,['点错了'],点错了,1,other_unparsed,0,[],[],[],,unsupported,['other']
region,114,1,96,都不长。,['都不长'],都不长,1,other_unparsed,0,[],[],[],,unsupported,"['direct_absolute', 'negation']"
region,114,1,237,都差不多长。,['都差不多长'],都差不多长,1,global_balance,0,[],[],[],,unsupported,"['direct_absolute', 'equality']"
region,114,2,73,都差不多长。,['都差不多长'],都差不多长,1,global_balance,0,[],[],[],,unsupported,"['direct_absolute', 'equality']"
region,116,1,24,四个部位都比较长，其中腿最明显。,['其中腿最明显'],其中腿最明显,1,other_unparsed,4,['universal_quantifier'],"[[-1.0, 0.0, 0.0, 0.0], [0.0, -1.0, 0.0, 0.0], [0.0, 0.0, -1.0, 0.0], [0.0, 0.0, 0.0, -1.0]]","[-0.5, -0.5, -0.5, -0.5]",0.75,mismatch,"['direct_absolute', 'comparison']"
region,116,1,27,腿的长度最突出。,['腿的长度最突出'],腿的长度最突出,1,other_unparsed,0,[],[],[],,unsupported,['direct_absolute']
region,116,1,28,脖子的长度很突出。,['脖子的长度很突出'],脖子的长度很突出,1,other_unparsed,0,[],[],[],,unsupported,['direct_absolute']
region,116,1,36,腿和脖子都比较长，但腿是最明显的。,['但腿是最明显的'],但腿是最明显的,1,other_unparsed,2,['general_case'],"[[0.0, 0.0, -1.0, 0.0], [-1.0, 0.0, 0.0, 0.0]]","[-0.5, -0.5]",0.5,mismatch,"['direct_absolute', 'comparison']"
region,116,1,48,嗯，脖子比较长。,['嗯'],嗯,1,other_unparsed,1,['general_case'],"[[-1.0, 0.0, 0.0, 0.0]]",[-0.5],1.0,ok,"['direct_absolute', 'comparison']"
region,118,1,3,尾巴和腿都很短，尾巴在1/4到1/5之间，腿在1/4到1/5之间，但是脖子和头都比较长。,"['尾巴在1/4到1/5之间', '腿在1/4到1/5之间']",尾巴在1/4到1/5之间；腿在1/4到1/5之间,2,other_unparsed,4,"['general_case', 'general_case']","[[0.0, 0.0, 0.0, 1.0], [0.0, 0.0, 1.0, 0.0], [-1.0, 0.0, 0.0, 0.0], [0.0, -1.0, 0.0, 0.0]]","[0.5, 0.5, -0.5, -0.5]",0.5,mismatch,"['direct_absolute', 'comparison']"
region,118,1,4,头是最长的，脖子第二长，大概在最长长度的1/2，腿也是在它最大长度的1/2，尾巴比较短。,['大概在最长长度的1/2'],大概在最长长度的1/2,1,extreme_endpoint,6,"['superlative', 'superlative', 'superlative', 'body_ref', 'general_case']","[[1.0, -1.0, 0.0, 0.0], [0.0, -1.0, 1.0, 0.0], [0.0, -1.0, 0.0, 1.0], [0.0, 0.0, -1.0, 0.0], [0.0, 0.0, 1.0, 0.0], [0.0, 0.0, 0.0, 1.0]]","[-0.0, -0.0, -0.0, -0.4, 0.6, 0.5]",0.8,mismatch,"['direct_absolute', 'superlative', 'comparison', 'ranking']"
region,118,1,8,腿非常短，达到了最小长度，头比腿长，脖子也比腿长，尾巴也比腿长，尾巴达到了最长长度。,"['脖子也比腿长', '尾巴也比腿长']",脖子也比腿长；尾巴也比腿长,2,other_unparsed,3,"['general_case', 'general_case', 'comparison', 'general_case']","[[0.0, 0.0, 1.0, 0.0], [0.0, -1.0, 1.0, 0.0], [0.0, 0.0, 0.0, -1.0]]","[0.5, -0.0, -0.5]",1.0,ok,"['direct_absolute', 'superlative', 'comparison']"
region,118,1,9,尾巴、腿都非常长，达到了它们的最长长度，脖子也达到了最长长度，头是最短的，但也很长，可能是它自身最长长度的1/2。,['但也很长'],但也很长,1,other_unparsed,8,"['general_case', 'general_case', 'general_case', 'superlative', 'superlative', 'superlative', 'body_ref']","[[0.0, 0.0, 0.0, -1.0], [0.0, 0.0, -1.0, 0.0], [-1.0, 0.0, 0.0, 0.0], [-1.0, 1.0, 0.0, 0.0], [0.0, 1.0, -1.0, 0.0], [0.0, 1.0, 0.0, -1.0], [0.0, -1.0, 0.0, 0.0], [0.0, 1.0, 0.0, 0.0]]","[-0.5, -0.5, -0.5, -0.0, -0.0, -0.0, -0.4, 0.6]",0.8888888888888888,mismatch,"['direct_absolute', 'superlative']"
region,118,1,11,脖子最长，腿第二长，尾巴比较短，大概是它最长长度的1/3，头和尾巴差不多长。,['大概是它最长长度的1/3'],大概是它最长长度的1/3,1,extreme_endpoint,6,"['superlative', 'superlative', 'superlative', 'general_case', 'equality']","[[-1.0, 1.0, 0.0, 0.0], [-1.0, 0.0, 1.0, 0.0], [-1.0, 0.0, 0.0, 1.0], [0.0, 0.0, 0.0, 1.0], [0.0, 1.0, 0.0, -1.0], [0.0, -1.0, 0.0, 1.0]]","[-0.0, -0.0, -0.0, 0.5, 0.1, 0.1]",0.8,mismatch,"['direct_absolute', 'superlative', 'comparison', 'equality', 'ranking']"
region,118,1,13,头和尾巴一样长，都很长，脖子稍微比头和尾巴短一点，尾巴比腿长，脖子和腿差不多长。,"['都很长', '脖子稍微比头和尾巴短一点']",都很长；脖子稍微比头和尾巴短一点,2,other_unparsed,5,"['equality', 'comparison', 'equality']","[[0.0, 1.0, 0.0, -1.0], [0.0, -1.0, 0.0, 1.0], [0.0, 0.0, 1.0, -1.0], [1.0, 0.0, -1.0, 0.0], [-1.0, 0.0, 1.0, 0.0]]","[0.1, 0.1, -0.0, 0.1, 0.1]",0.3333333333333333,mismatch,"['direct_absolute', 'comparison', 'equality']"
region,118,1,21,腿非常短，是最短的部位，也是是它自身最短长度，尾巴是第二长的，头和脖子都比较长。,['是最短的部位'],是最短的部位,1,other_unparsed,4,"['general_case', 'general_case', 'comparison', 'general_case']","[[0.0, 0.0, 1.0, 0.0], [0.0, 0.0, 1.0, -1.0], [0.0, -1.0, 0.0, 0.0], [-1.0, 0.0, 0.0, 0.0]]","[0.5, -0.0, -0.5, -0.5]",0.8,mismatch,"['direct_absolute', 'superlative', 'comparison', 'ranking']"
region,118,1,26,头和脖子都是它们长度范围的1/2，头和脖子一样长，尾巴也非常长，腿也比较长，但没有达到最大长度。,['但没有达到最大长度'],但没有达到最大长度,1,extreme_endpoint,8,"['body_ref', 'body_ref', 'equality', 'general_case', 'general_case']","[[0.0, -1.0, 0.0, 0.0], [0.0, 1.0, 0.0, 0.0], [-1.0, 0.0, 0.0, 0.0], [1.0, 0.0, 0.0, 0.0], [-1.0, 1.0, 0.0, 0.0], [1.0, -1.0, 0.0, 0.0], [0.0, 0.0, 0.0, -1.0], [0.0, 0.0, -1.0, 0.0]]","[-0.4, 0.6, -0.4, 0.6, 0.1, 0.1, -0.5, -0.5]",0.8,mismatch,"['direct_absolute', 'superlative', 'comparison', 'equality', 'negation']"
region,118,1,32,尾巴、腿、脖子、头都挺长的，都差不多长。,['都差不多长'],都差不多长,1,global_balance,4,['general_case'],"[[0.0, 0.0, 0.0, -1.0], [0.0, 0.0, -1.0, 0.0], [-1.0, 0.0, 0.0, 0.0], [0.0, -1.0, 0.0, 0.0]]","[-0.5, -0.5, -0.5, -0.5]",0.5,mismatch,"['direct_absolute', 'equality']"
region,118,1,40,头短，脖子短，尾巴稍微长一点，是最长的部位，腿短。,['是最长的部位'],是最长的部位,1,other_unparsed,4,"['general_case', 'general_case', 'general_case', 'general_case']","[[0.0, 1.0, 0.0, 0.0], [1.0, 0.0, 0.0, 0.0], [0.0, 0.0, 0.0, -1.0], [0.0, 0.0, 1.0, 0.0]]","[0.5, 0.5, -0.5, 0.5]",1.0,ok,"['direct_absolute', 'superlative']"
region,118,1,42,头短，脖子短，尾巴最长，腿很短，是中等长度以下。,['是中等长度以下'],是中等长度以下,1,other_unparsed,6,"['general_case', 'general_case', 'superlative', 'superlative', 'superlative', 'general_case']","[[0.0, 1.0, 0.0, 0.0], [1.0, 0.0, 0.0, 0.0], [1.0, 0.0, 0.0, -1.0], [0.0, 1.0, 0.0, -1.0], [0.0, 0.0, 1.0, -1.0], [0.0, 0.0, 1.0, 0.0]]","[0.5, 0.5, -0.0, -0.0, -0.0, 0.5]",0.8333333333333334,mismatch,"['direct_absolute', 'superlative']"
region,118,1,52,头、脖子、尾巴、腿都很短，都差不多长度。,['都差不多长度'],都差不多长度,1,global_balance,4,['general_case'],"[[0.0, 1.0, 0.0, 0.0], [1.0, 0.0, 0.0, 0.0], [0.0, 0.0, 0.0, 1.0], [0.0, 0.0, 1.0, 0.0]]","[0.5, 0.5, 0.5, 0.5]",1.0,ok,"['direct_absolute', 'equality']"
region,118,1,87,头长，脖子长，腿长，尾巴长，都很长。,['都很长'],都很长,1,other_unparsed,4,"['general_case', 'general_case', 'general_case', 'general_case']","[[0.0, -1.0, 0.0, 0.0], [-1.0, 0.0, 0.0, 0.0], [0.0, 0.0, -1.0, 0.0], [0.0, 0.0, 0.0, -1.0]]","[-0.5, -0.5, -0.5, -0.5]",1.0,ok,['direct_absolute']
region,118,1,107,三个部位都很长。,['三个部位都很长'],三个部位都很长,1,count_abstract,0,[],[],[],,unsupported,"['direct_absolute', 'count_abstract']"
region,118,1,108,三个部位都很长，只有头是最短的。,['三个部位都很长'],三个部位都很长,1,count_abstract,7,"['superlative', 'superlative', 'superlative', 'exclusive_case', 'exclusive_case']","[[-1.0, 1.0, 0.0, 0.0], [0.0, 1.0, -1.0, 0.0], [0.0, 1.0, 0.0, -1.0], [0.0, 1.0, 0.0, 0.0], [-1.0, 0.0, 0.0, 0.0], [0.0, 0.0, -1.0, 0.0], [0.0, 0.0, 0.0, -1.0]]","[-0.0, -0.0, -0.0, 0.5, -0.5, -0.5, -0.5]",1.0,ok,"['direct_absolute', 'superlative', 'count_abstract']"
region,118,1,109,两个部位长，两个部位短。,"['两个部位长', '两个部位短']",两个部位长；两个部位短,2,count_abstract,0,[],[],[],,unsupported,"['direct_absolute', 'count_abstract']"
region,118,1,110,两个部位长，两个部位短。,"['两个部位长', '两个部位短']",两个部位长；两个部位短,2,count_abstract,0,[],[],[],,unsupported,"['direct_absolute', 'count_abstract']"
region,118,1,111,三个部位长，一个部位短。,"['三个部位长', '一个部位短']",三个部位长；一个部位短,2,count_abstract,0,[],[],[],,unsupported,"['direct_absolute', 'count_abstract']"
region,118,1,112,两个部位长，两个部位短。,"['两个部位长', '两个部位短']",两个部位长；两个部位短,2,count_abstract,0,[],[],[],,unsupported,"['direct_absolute', 'count_abstract']"
region,118,1,113,三个部位都很短。,['三个部位都很短'],三个部位都很短,1,count_abstract,0,[],[],[],,unsupported,"['direct_absolute', 'count_abstract']"
region,118,1,114,两个部位很长，两个部位很短。,"['两个部位很长', '两个部位很短']",两个部位很长；两个部位很短,2,count_abstract,0,[],[],[],,unsupported,"['direct_absolute', 'count_abstract']"
region,118,1,117,三个部位都很长。,['三个部位都很长'],三个部位都很长,1,count_abstract,0,[],[],[],,unsupported,"['direct_absolute', 'count_abstract']"
region,118,1,118,只有一个部位很长。,['只有一个部位很长'],只有一个部位很长,1,count_abstract,0,[],[],[],,unsupported,"['direct_absolute', 'count_abstract']"
region,118,1,119,两个部位很长。,['两个部位很长'],两个部位很长,1,count_abstract,0,[],[],[],,unsupported,"['direct_absolute', 'count_abstract']"
region,118,1,120,两个部位很长。,['两个部位很长'],两个部位很长,1,count_abstract,0,[],[],[],,unsupported,"['direct_absolute', 'count_abstract']"
region,118,1,121,三个部位长。,['三个部位长'],三个部位长,1,count_abstract,0,[],[],[],,unsupported,"['direct_absolute', 'count_abstract']"
region,118,1,122,三个部位长。,['三个部位长'],三个部位长,1,count_abstract,0,[],[],[],,unsupported,"['direct_absolute', 'count_abstract']"
region,118,1,123,三个部位很长。,['三个部位很长'],三个部位很长,1,count_abstract,0,[],[],[],,unsupported,"['direct_absolute', 'count_abstract']"
region,118,1,124,三个部位很长。,['三个部位很长'],三个部位很长,1,count_abstract,0,[],[],[],,unsupported,"['direct_absolute', 'count_abstract']"
region,118,1,125,三个部位很长。,['三个部位很长'],三个部位很长,1,count_abstract,0,[],[],[],,unsupported,"['direct_absolute', 'count_abstract']"
region,118,1,126,三个部位很长。,['三个部位很长'],三个部位很长,1,count_abstract,0,[],[],[],,unsupported,"['direct_absolute', 'count_abstract']"
region,118,1,127,两个部位很长。,['两个部位很长'],两个部位很长,1,count_abstract,0,[],[],[],,unsupported,"['direct_absolute', 'count_abstract']"
region,118,1,128,两个部位很长。,['两个部位很长'],两个部位很长,1,count_abstract,0,[],[],[],,unsupported,"['direct_absolute', 'count_abstract']"
region,118,1,129,只有一个部位很长。,['只有一个部位很长'],只有一个部位很长,1,count_abstract,0,[],[],[],,unsupported,"['direct_absolute', 'count_abstract']"
region,118,1,130,三个部位都很长。,['三个部位都很长'],三个部位都很长,1,count_abstract,0,[],[],[],,unsupported,"['direct_absolute', 'count_abstract']"
region,118,1,131,只有两个部位很长。,['只有两个部位很长'],只有两个部位很长,1,count_abstract,0,[],[],[],,unsupported,"['direct_absolute', 'count_abstract']"
region,118,1,132,只有一个部位很长。,['只有一个部位很长'],只有一个部位很长,1,count_abstract,0,[],[],[],,unsupported,"['direct_absolute', 'count_abstract']"
region,118,1,133,只有一个部位很长。,['只有一个部位很长'],只有一个部位很长,1,count_abstract,0,[],[],[],,unsupported,"['direct_absolute', 'count_abstract']"
region,118,1,134,三个部位很长。,['三个部位很长'],三个部位很长,1,count_abstract,0,[],[],[],,unsupported,"['direct_absolute', 'count_abstract']"
region,118,1,135,三个部位很长。,['三个部位很长'],三个部位很长,1,count_abstract,0,[],[],[],,unsupported,"['direct_absolute', 'count_abstract']"
region,118,1,136,三个部位很长。,['三个部位很长'],三个部位很长,1,count_abstract,0,[],[],[],,unsupported,"['direct_absolute', 'count_abstract']"
region,118,1,137,三个部位很长。,['三个部位很长'],三个部位很长,1,count_abstract,0,[],[],[],,unsupported,"['direct_absolute', 'count_abstract']"
region,118,1,138,三个部位很长。,['三个部位很长'],三个部位很长,1,count_abstract,0,[],[],[],,unsupported,"['direct_absolute', 'count_abstract']"
region,118,1,139,三个部位很长。,['三个部位很长'],三个部位很长,1,count_abstract,0,[],[],[],,unsupported,"['direct_absolute', 'count_abstract']"
region,118,1,140,只有一个部位很长。,['只有一个部位很长'],只有一个部位很长,1,count_abstract,0,[],[],[],,unsupported,"['direct_absolute', 'count_abstract']"
region,118,1,141,只有一个部位很长。,['只有一个部位很长'],只有一个部位很长,1,count_abstract,0,[],[],[],,unsupported,"['direct_absolute', 'count_abstract']"
region,118,1,142,只有一个部位很长。,['只有一个部位很长'],只有一个部位很长,1,count_abstract,0,[],[],[],,unsupported,"['direct_absolute', 'count_abstract']"
region,118,1,143,只有两个部位很长。,['只有两个部位很长'],只有两个部位很长,1,count_abstract,0,[],[],[],,unsupported,"['direct_absolute', 'count_abstract']"
region,118,1,144,三个部位很长。,['三个部位很长'],三个部位很长,1,count_abstract,0,[],[],[],,unsupported,"['direct_absolute', 'count_abstract']"
region,118,1,145,两个部位很长。,['两个部位很长'],两个部位很长,1,count_abstract,0,[],[],[],,unsupported,"['direct_absolute', 'count_abstract']"
region,118,1,146,两个部位很长。,['两个部位很长'],两个部位很长,1,count_abstract,0,[],[],[],,unsupported,"['direct_absolute', 'count_abstract']"
region,118,1,147,一个部位很长。,['一个部位很长'],一个部位很长,1,count_abstract,0,[],[],[],,unsupported,"['direct_absolute', 'count_abstract']"
region,118,1,148,一个部位很长。,['一个部位很长'],一个部位很长,1,count_abstract,0,[],[],[],,unsupported,"['direct_absolute', 'count_abstract']"
region,118,1,149,三个部位很长。,['三个部位很长'],三个部位很长,1,count_abstract,0,[],[],[],,unsupported,"['direct_absolute', 'count_abstract']"
region,118,1,150,一个部位很长。,['一个部位很长'],一个部位很长,1,count_abstract,0,[],[],[],,unsupported,"['direct_absolute', 'count_abstract']"
region,118,1,151,三个部位很长。,['三个部位很长'],三个部位很长,1,count_abstract,0,[],[],[],,unsupported,"['direct_absolute', 'count_abstract']"
region,118,1,152,三个部位很长。,['三个部位很长'],三个部位很长,1,count_abstract,0,[],[],[],,unsupported,"['direct_absolute', 'count_abstract']"
region,118,1,153,一个部位很长。,['一个部位很长'],一个部位很长,1,count_abstract,0,[],[],[],,unsupported,"['direct_absolute', 'count_abstract']"
region,118,1,154,三个部位很长。,['三个部位很长'],三个部位很长,1,count_abstract,0,[],[],[],,unsupported,"['direct_absolute', 'count_abstract']"
region,118,1,155,一个部位很长。,['一个部位很长'],一个部位很长,1,count_abstract,0,[],[],[],,unsupported,"['direct_absolute', 'count_abstract']"
region,118,1,156,三个部位很长。,['三个部位很长'],三个部位很长,1,count_abstract,0,[],[],[],,unsupported,"['direct_absolute', 'count_abstract']"
region,118,1,159,只有两个部位很长。,['只有两个部位很长'],只有两个部位很长,1,count_abstract,0,[],[],[],,unsupported,"['direct_absolute', 'count_abstract']"
region,118,1,160,三个部位很长。,['三个部位很长'],三个部位很长,1,count_abstract,0,[],[],[],,unsupported,"['direct_absolute', 'count_abstract']"
region,118,1,248,按错了。,['按错了'],按错了,1,other_unparsed,0,[],[],[],,unsupported,['other']
region,118,1,256,尾巴比较大。,['尾巴比较大'],尾巴比较大,1,other_unparsed,0,[],[],[],,unsupported,['comparison']
region,119,1,16,脖子和腿长度差异比较大。,['脖子和腿长度差异比较大'],脖子和腿长度差异比较大,1,other_unparsed,0,[],[],[],,unsupported,"['direct_absolute', 'comparison']"
region,119,1,34,超过两个部位长于躯干。,['超过两个部位长于躯干'],超过两个部位长于躯干,1,"count_abstract, body_geometry",0,[],[],[],,unsupported,"['direct_absolute', 'comparison', 'body_ref', 'count_abstract']"
region,119,1,35,只有一个部位长于躯干。,['只有一个部位长于躯干'],只有一个部位长于躯干,1,"count_abstract, body_geometry",0,[],[],[],,unsupported,"['direct_absolute', 'comparison', 'body_ref', 'count_abstract']"
region,119,2,46,头不是最长。,['头不是最长'],头不是最长,1,other_unparsed,0,[],[],[],,unsupported,"['direct_absolute', 'superlative', 'negation']"
region,119,2,47,头不是最长。,['头不是最长'],头不是最长,1,other_unparsed,0,[],[],[],,unsupported,"['direct_absolute', 'superlative', 'negation']"
region,119,2,48,头不是最长。,['头不是最长'],头不是最长,1,other_unparsed,0,[],[],[],,unsupported,"['direct_absolute', 'superlative', 'negation']"
region,119,2,67,头没有长于腿。,['头没有长于腿'],头没有长于腿,1,other_unparsed,0,[],[],[],,unsupported,"['direct_absolute', 'comparison', 'negation']"
region,119,2,69,脖子没有长于尾巴。,['脖子没有长于尾巴'],脖子没有长于尾巴,1,other_unparsed,0,[],[],[],,unsupported,"['direct_absolute', 'comparison', 'negation']"
region,119,2,96,有三个部位比较长。,['有三个部位比较长'],有三个部位比较长,1,count_abstract,0,[],[],[],,unsupported,"['direct_absolute', 'comparison', 'count_abstract']"
region,119,2,97,有两个部位长于中间值。,['有两个部位长于中间值'],有两个部位长于中间值,1,count_abstract,0,[],[],[],,unsupported,"['direct_absolute', 'comparison', 'count_abstract']"
region,119,2,98,有两个部位长于中间值。,['有两个部位长于中间值'],有两个部位长于中间值,1,count_abstract,0,[],[],[],,unsupported,"['direct_absolute', 'comparison', 'count_abstract']"
region,119,2,99,一个部位长于中间值。,['一个部位长于中间值'],一个部位长于中间值,1,count_abstract,0,[],[],[],,unsupported,"['direct_absolute', 'comparison', 'count_abstract']"
region,119,2,100,两个部位长于中间值。,['两个部位长于中间值'],两个部位长于中间值,1,count_abstract,0,[],[],[],,unsupported,"['direct_absolute', 'comparison', 'count_abstract']"
region,119,2,101,一个部位长于中间值。,['一个部位长于中间值'],一个部位长于中间值,1,count_abstract,0,[],[],[],,unsupported,"['direct_absolute', 'comparison', 'count_abstract']"
region,119,2,102,两个部位长于中间值。,['两个部位长于中间值'],两个部位长于中间值,1,count_abstract,0,[],[],[],,unsupported,"['direct_absolute', 'comparison', 'count_abstract']"
region,119,2,103,两个部位长于中间值。,['两个部位长于中间值'],两个部位长于中间值,1,count_abstract,0,[],[],[],,unsupported,"['direct_absolute', 'comparison', 'count_abstract']"
region,119,2,111,腿不是最长。,['腿不是最长'],腿不是最长,1,other_unparsed,0,[],[],[],,unsupported,"['direct_absolute', 'superlative', 'negation']"
region,119,2,145,脖子比中间值长。,['脖子比中间值长'],脖子比中间值长,1,other_unparsed,0,[],[],[],,unsupported,"['direct_absolute', 'comparison']"
region,119,2,146,头比中间值长。,['头比中间值长'],头比中间值长,1,other_unparsed,0,[],[],[],,unsupported,"['direct_absolute', 'comparison']"
region,119,2,147,脖子比中间值长。,['脖子比中间值长'],脖子比中间值长,1,other_unparsed,0,[],[],[],,unsupported,"['direct_absolute', 'comparison']"
region,119,2,148,腿比中间值长。,['腿比中间值长'],腿比中间值长,1,other_unparsed,0,[],[],[],,unsupported,"['direct_absolute', 'comparison']"
region,119,2,149,两个部位比中间值长。,['两个部位比中间值长'],两个部位比中间值长,1,count_abstract,0,[],[],[],,unsupported,"['direct_absolute', 'comparison', 'count_abstract']"
region,119,2,150,两个部位比中间值长。,['两个部位比中间值长'],两个部位比中间值长,1,count_abstract,0,[],[],[],,unsupported,"['direct_absolute', 'comparison', 'count_abstract']"
region,119,2,151,两个部位比中间值长。,['两个部位比中间值长'],两个部位比中间值长,1,count_abstract,0,[],[],[],,unsupported,"['direct_absolute', 'comparison', 'count_abstract']"
region,119,2,152,两个部位比中间值长。,['两个部位比中间值长'],两个部位比中间值长,1,count_abstract,0,[],[],[],,unsupported,"['direct_absolute', 'comparison', 'count_abstract']"
region,119,2,153,一个部位比中间值长。,['一个部位比中间值长'],一个部位比中间值长,1,count_abstract,0,[],[],[],,unsupported,"['direct_absolute', 'comparison', 'count_abstract']"
region,119,2,154,一个部位比中间值长。,['一个部位比中间值长'],一个部位比中间值长,1,count_abstract,0,[],[],[],,unsupported,"['direct_absolute', 'comparison', 'count_abstract']"
region,119,2,156,腿长于中间值。,['腿长于中间值'],腿长于中间值,1,other_unparsed,0,[],[],[],,unsupported,"['direct_absolute', 'comparison']"
region,119,2,157,腿不是最短。,['腿不是最短'],腿不是最短,1,other_unparsed,0,[],[],[],,unsupported,"['direct_absolute', 'superlative', 'negation']"
region,119,2,158,腿不是最短。,['腿不是最短'],腿不是最短,1,other_unparsed,0,[],[],[],,unsupported,"['direct_absolute', 'superlative', 'negation']"
region,119,2,159,腿不是最短。,['腿不是最短'],腿不是最短,1,other_unparsed,0,[],[],[],,unsupported,"['direct_absolute', 'superlative', 'negation']"
region,119,2,161,腿不是最短。,['腿不是最短'],腿不是最短,1,other_unparsed,0,[],[],[],,unsupported,"['direct_absolute', 'superlative', 'negation']"
region,119,2,162,腿不是最短。,['腿不是最短'],腿不是最短,1,other_unparsed,0,[],[],[],,unsupported,"['direct_absolute', 'superlative', 'negation']"
region,119,2,164,头不是最长。,['头不是最长'],头不是最长,1,other_unparsed,0,[],[],[],,unsupported,"['direct_absolute', 'superlative', 'negation']"
region,119,2,165,头不是最长。,['头不是最长'],头不是最长,1,other_unparsed,0,[],[],[],,unsupported,"['direct_absolute', 'superlative', 'negation']"
region,119,2,166,头不是最长。,['头不是最长'],头不是最长,1,other_unparsed,0,[],[],[],,unsupported,"['direct_absolute', 'superlative', 'negation']"
region,119,2,168,头不是最长。,['头不是最长'],头不是最长,1,other_unparsed,0,[],[],[],,unsupported,"['direct_absolute', 'superlative', 'negation']"
region,119,2,169,头不是最长。,['头不是最长'],头不是最长,1,other_unparsed,0,[],[],[],,unsupported,"['direct_absolute', 'superlative', 'negation']"
region,119,2,170,头不是最长。,['头不是最长'],头不是最长,1,other_unparsed,0,[],[],[],,unsupported,"['direct_absolute', 'superlative', 'negation']"
region,119,2,173,头不是最长。,['头不是最长'],头不是最长,1,other_unparsed,0,[],[],[],,unsupported,"['direct_absolute', 'superlative', 'negation']"
region,119,2,174,头不是最长。,['头不是最长'],头不是最长,1,other_unparsed,0,[],[],[],,unsupported,"['direct_absolute', 'superlative', 'negation']"
region,119,2,176,头不是最长。,['头不是最长'],头不是最长,1,other_unparsed,0,[],[],[],,unsupported,"['direct_absolute', 'superlative', 'negation']"
region,119,2,180,超过两个部位短于躯干。,['超过两个部位短于躯干'],超过两个部位短于躯干,1,"count_abstract, body_geometry",0,[],[],[],,unsupported,"['direct_absolute', 'comparison', 'body_ref', 'count_abstract']"
region,119,2,181,都短于躯干。,['都短于躯干'],都短于躯干,1,body_geometry,0,[],[],[],,unsupported,"['direct_absolute', 'comparison', 'body_ref']"
region,119,2,182,超过两个等于躯干。,['超过两个等于躯干'],超过两个等于躯干,1,body_geometry,0,[],[],[],,unsupported,"['comparison', 'equality', 'body_ref']"
region,119,2,183,大部分长于躯干。,['大部分长于躯干'],大部分长于躯干,1,body_geometry,0,[],[],[],,unsupported,"['direct_absolute', 'comparison', 'body_ref']"
region,119,2,193,尾巴和脖子不是最短的。,['尾巴和脖子不是最短的'],尾巴和脖子不是最短的,1,other_unparsed,0,[],[],[],,unsupported,"['direct_absolute', 'superlative', 'negation']"
region,119,2,215,三个部位长于中间值。,['三个部位长于中间值'],三个部位长于中间值,1,count_abstract,0,[],[],[],,unsupported,"['direct_absolute', 'comparison', 'count_abstract']"
region,119,2,246,头不是最长。,['头不是最长'],头不是最长,1,other_unparsed,0,[],[],[],,unsupported,"['direct_absolute', 'superlative', 'negation']"
region,119,2,247,头不是最长。,['头不是最长'],头不是最长,1,other_unparsed,0,[],[],[],,unsupported,"['direct_absolute', 'superlative', 'negation']"
region,119,2,267,有一个部位长于中间值。,['有一个部位长于中间值'],有一个部位长于中间值,1,count_abstract,0,[],[],[],,unsupported,"['direct_absolute', 'comparison', 'count_abstract']"
region,119,2,268,有两个部位长于中间值。,['有两个部位长于中间值'],有两个部位长于中间值,1,count_abstract,0,[],[],[],,unsupported,"['direct_absolute', 'comparison', 'count_abstract']"
region,119,2,269,少于两个部位长于中间值。,['少于两个部位长于中间值'],少于两个部位长于中间值,1,count_abstract,0,[],[],[],,unsupported,"['direct_absolute', 'comparison', 'count_abstract']"
region,119,2,272,脖子长于中间值。,['脖子长于中间值'],脖子长于中间值,1,other_unparsed,0,[],[],[],,unsupported,"['direct_absolute', 'comparison']"
region,119,2,273,腿和尾巴长于中间值。,['腿和尾巴长于中间值'],腿和尾巴长于中间值,1,other_unparsed,0,[],[],[],,unsupported,"['direct_absolute', 'comparison']"
region,119,2,280,有两个部位长于躯干。,['有两个部位长于躯干'],有两个部位长于躯干,1,"count_abstract, body_geometry",0,[],[],[],,unsupported,"['direct_absolute', 'comparison', 'body_ref', 'count_abstract']"
region,119,2,281,有一个部位长于躯干。,['有一个部位长于躯干'],有一个部位长于躯干,1,"count_abstract, body_geometry",0,[],[],[],,unsupported,"['direct_absolute', 'comparison', 'body_ref', 'count_abstract']"
region,119,2,282,有三个部位长于躯干。,['有三个部位长于躯干'],有三个部位长于躯干,1,"count_abstract, body_geometry",0,[],[],[],,unsupported,"['direct_absolute', 'comparison', 'body_ref', 'count_abstract']"
region,119,2,283,有三个部位长于躯干。,['有三个部位长于躯干'],有三个部位长于躯干,1,"count_abstract, body_geometry",0,[],[],[],,unsupported,"['direct_absolute', 'comparison', 'body_ref', 'count_abstract']"
region,119,2,284,有一个部位长于躯干。,['有一个部位长于躯干'],有一个部位长于躯干,1,"count_abstract, body_geometry",0,[],[],[],,unsupported,"['direct_absolute', 'comparison', 'body_ref', 'count_abstract']"
region,119,2,285,有两个部位长于躯干。,['有两个部位长于躯干'],有两个部位长于躯干,1,"count_abstract, body_geometry",0,[],[],[],,unsupported,"['direct_absolute', 'comparison', 'body_ref', 'count_abstract']"
region,119,2,286,有三个部位长于躯干。,['有三个部位长于躯干'],有三个部位长于躯干,1,"count_abstract, body_geometry",0,[],[],[],,unsupported,"['direct_absolute', 'comparison', 'body_ref', 'count_abstract']"
region,119,2,287,没有部位长于躯干。,['没有部位长于躯干'],没有部位长于躯干,1,"count_abstract, body_geometry",0,[],[],[],,unsupported,"['direct_absolute', 'comparison', 'body_ref', 'negation']"
region,119,2,288,有三个部位长于躯干。,['有三个部位长于躯干'],有三个部位长于躯干,1,"count_abstract, body_geometry",0,[],[],[],,unsupported,"['direct_absolute', 'comparison', 'body_ref', 'count_abstract']"
region,119,2,289,有一个部位长长于躯干。,['有一个部位长长于躯干'],有一个部位长长于躯干,1,"count_abstract, body_geometry",0,[],[],[],,unsupported,"['direct_absolute', 'comparison', 'body_ref', 'count_abstract']"
region,119,2,290,有两个部位长于躯干。,['有两个部位长于躯干'],有两个部位长于躯干,1,"count_abstract, body_geometry",0,[],[],[],,unsupported,"['direct_absolute', 'comparison', 'body_ref', 'count_abstract']"
region,119,2,291,有两个部位长于躯干。,['有两个部位长于躯干'],有两个部位长于躯干,1,"count_abstract, body_geometry",0,[],[],[],,unsupported,"['direct_absolute', 'comparison', 'body_ref', 'count_abstract']"
region,119,2,292,有三个部位长于躯干。,['有三个部位长于躯干'],有三个部位长于躯干,1,"count_abstract, body_geometry",0,[],[],[],,unsupported,"['direct_absolute', 'comparison', 'body_ref', 'count_abstract']"
region,119,2,293,有一个部位长于躯干。,['有一个部位长于躯干'],有一个部位长于躯干,1,"count_abstract, body_geometry",0,[],[],[],,unsupported,"['direct_absolute', 'comparison', 'body_ref', 'count_abstract']"
region,119,2,294,没有部位长于躯干。,['没有部位长于躯干'],没有部位长于躯干,1,"count_abstract, body_geometry",0,[],[],[],,unsupported,"['direct_absolute', 'comparison', 'body_ref', 'negation']"
region,119,2,295,有一个部位长于躯干。,['有一个部位长于躯干'],有一个部位长于躯干,1,"count_abstract, body_geometry",0,[],[],[],,unsupported,"['direct_absolute', 'comparison', 'body_ref', 'count_abstract']"
region,119,2,296,有一个部位长于躯干。,['有一个部位长于躯干'],有一个部位长于躯干,1,"count_abstract, body_geometry",0,[],[],[],,unsupported,"['direct_absolute', 'comparison', 'body_ref', 'count_abstract']"
region,119,2,297,没有部位长于躯干。,['没有部位长于躯干'],没有部位长于躯干,1,"count_abstract, body_geometry",0,[],[],[],,unsupported,"['direct_absolute', 'comparison', 'body_ref', 'negation']"
region,119,2,298,有一个部位长于躯干。,['有一个部位长于躯干'],有一个部位长于躯干,1,"count_abstract, body_geometry",0,[],[],[],,unsupported,"['direct_absolute', 'comparison', 'body_ref', 'count_abstract']"
region,119,2,299,有一个部位长于躯干。,['有一个部位长于躯干'],有一个部位长于躯干,1,"count_abstract, body_geometry",0,[],[],[],,unsupported,"['direct_absolute', 'comparison', 'body_ref', 'count_abstract']"
region,119,2,300,有三个部位长于躯干。,['有三个部位长于躯干'],有三个部位长于躯干,1,"count_abstract, body_geometry",0,[],[],[],,unsupported,"['direct_absolute', 'comparison', 'body_ref', 'count_abstract']"
region,119,2,301,有一个部位长于躯干。,['有一个部位长于躯干'],有一个部位长于躯干,1,"count_abstract, body_geometry",0,[],[],[],,unsupported,"['direct_absolute', 'comparison', 'body_ref', 'count_abstract']"
region,119,2,302,有一个部位长于躯干。,['有一个部位长于躯干'],有一个部位长于躯干,1,"count_abstract, body_geometry",0,[],[],[],,unsupported,"['direct_absolute', 'comparison', 'body_ref', 'count_abstract']"
region,119,2,303,有两个部位长于躯干。,['有两个部位长于躯干'],有两个部位长于躯干,1,"count_abstract, body_geometry",0,[],[],[],,unsupported,"['direct_absolute', 'comparison', 'body_ref', 'count_abstract']"
region,119,2,304,有一个部位长于躯干。,['有一个部位长于躯干'],有一个部位长于躯干,1,"count_abstract, body_geometry",0,[],[],[],,unsupported,"['direct_absolute', 'comparison', 'body_ref', 'count_abstract']"
region,119,2,305,有一个部位长于躯干。,['有一个部位长于躯干'],有一个部位长于躯干,1,"count_abstract, body_geometry",0,[],[],[],,unsupported,"['direct_absolute', 'comparison', 'body_ref', 'count_abstract']"
region,119,2,306,有三个部位长于躯干。,['有三个部位长于躯干'],有三个部位长于躯干,1,"count_abstract, body_geometry",0,[],[],[],,unsupported,"['direct_absolute', 'comparison', 'body_ref', 'count_abstract']"
region,119,2,307,有两个部位长于躯干。,['有两个部位长于躯干'],有两个部位长于躯干,1,"count_abstract, body_geometry",0,[],[],[],,unsupported,"['direct_absolute', 'comparison', 'body_ref', 'count_abstract']"
region,119,2,308,有一个部位长于躯干。,['有一个部位长于躯干'],有一个部位长于躯干,1,"count_abstract, body_geometry",0,[],[],[],,unsupported,"['direct_absolute', 'comparison', 'body_ref', 'count_abstract']"
region,119,2,309,有一个部位长于躯干。,['有一个部位长于躯干'],有一个部位长于躯干,1,"count_abstract, body_geometry",0,[],[],[],,unsupported,"['direct_absolute', 'comparison', 'body_ref', 'count_abstract']"
region,119,2,310,有两个部位长于躯干。,['有两个部位长于躯干'],有两个部位长于躯干,1,"count_abstract, body_geometry",0,[],[],[],,unsupported,"['direct_absolute', 'comparison', 'body_ref', 'count_abstract']"
region,119,3,10,腿短于中间值。,['腿短于中间值'],腿短于中间值,1,other_unparsed,0,[],[],[],,unsupported,"['direct_absolute', 'comparison']"
region,119,3,11,腿长于中间值。,['腿长于中间值'],腿长于中间值,1,other_unparsed,0,[],[],[],,unsupported,"['direct_absolute', 'comparison']"
region,119,3,12,腿长于中间值。,['腿长于中间值'],腿长于中间值,1,other_unparsed,0,[],[],[],,unsupported,"['direct_absolute', 'comparison']"
region,119,3,13,腿长于中间值。,['腿长于中间值'],腿长于中间值,1,other_unparsed,0,[],[],[],,unsupported,"['direct_absolute', 'comparison']"
region,119,3,14,头短于中间值。,['头短于中间值'],头短于中间值,1,other_unparsed,0,[],[],[],,unsupported,"['direct_absolute', 'comparison']"
region,119,3,15,头长于中间值。,['头长于中间值'],头长于中间值,1,other_unparsed,0,[],[],[],,unsupported,"['direct_absolute', 'comparison']"
region,119,3,16,头长于中间值。,['头长于中间值'],头长于中间值,1,other_unparsed,0,[],[],[],,unsupported,"['direct_absolute', 'comparison']"
region,119,3,17,头短于中间值。,['头短于中间值'],头短于中间值,1,other_unparsed,0,[],[],[],,unsupported,"['direct_absolute', 'comparison']"
region,119,3,18,头长于中间值。,['头长于中间值'],头长于中间值,1,other_unparsed,0,[],[],[],,unsupported,"['direct_absolute', 'comparison']"
region,119,3,19,头长于中间值。,['头长于中间值'],头长于中间值,1,other_unparsed,0,[],[],[],,unsupported,"['direct_absolute', 'comparison']"
region,119,3,20,头短于中间值。,['头短于中间值'],头短于中间值,1,other_unparsed,0,[],[],[],,unsupported,"['direct_absolute', 'comparison']"
region,119,3,21,头短于中间值。,['头短于中间值'],头短于中间值,1,other_unparsed,0,[],[],[],,unsupported,"['direct_absolute', 'comparison']"
region,119,3,22,头短于中间值。,['头短于中间值'],头短于中间值,1,other_unparsed,0,[],[],[],,unsupported,"['direct_absolute', 'comparison']"
region,119,3,23,头短于中间值。,['头短于中间值'],头短于中间值,1,other_unparsed,0,[],[],[],,unsupported,"['direct_absolute', 'comparison']"
region,119,3,24,头长于中间值。,['头长于中间值'],头长于中间值,1,other_unparsed,0,[],[],[],,unsupported,"['direct_absolute', 'comparison']"
region,119,3,25,头长于中间值。,['头长于中间值'],头长于中间值,1,other_unparsed,0,[],[],[],,unsupported,"['direct_absolute', 'comparison']"
region,119,3,26,头短于中间值。,['头短于中间值'],头短于中间值,1,other_unparsed,0,[],[],[],,unsupported,"['direct_absolute', 'comparison']"
region,119,3,27,头短于中间值。,['头短于中间值'],头短于中间值,1,other_unparsed,0,[],[],[],,unsupported,"['direct_absolute', 'comparison']"
region,119,3,28,头短于中间值。,['头短于中间值'],头短于中间值,1,other_unparsed,0,[],[],[],,unsupported,"['direct_absolute', 'comparison']"
region,119,3,29,头短于中间值。,['头短于中间值'],头短于中间值,1,other_unparsed,0,[],[],[],,unsupported,"['direct_absolute', 'comparison']"
region,119,3,30,头短于中间值。,['头短于中间值'],头短于中间值,1,other_unparsed,0,[],[],[],,unsupported,"['direct_absolute', 'comparison']"
region,119,3,31,头短于中间值。,['头短于中间值'],头短于中间值,1,other_unparsed,0,[],[],[],,unsupported,"['direct_absolute', 'comparison']"
region,119,3,32,头短于中间值。,['头短于中间值'],头短于中间值,1,other_unparsed,0,[],[],[],,unsupported,"['direct_absolute', 'comparison']"
region,119,3,33,头长于中间值。,['头长于中间值'],头长于中间值,1,other_unparsed,0,[],[],[],,unsupported,"['direct_absolute', 'comparison']"
region,119,3,34,头短于中间值。,['头短于中间值'],头短于中间值,1,other_unparsed,0,[],[],[],,unsupported,"['direct_absolute', 'comparison']"
region,119,3,35,头短于中间值。,['头短于中间值'],头短于中间值,1,other_unparsed,0,[],[],[],,unsupported,"['direct_absolute', 'comparison']"
region,119,3,36,头长于中间值。,['头长于中间值'],头长于中间值,1,other_unparsed,0,[],[],[],,unsupported,"['direct_absolute', 'comparison']"
region,119,3,37,头长于中间值。,['头长于中间值'],头长于中间值,1,other_unparsed,0,[],[],[],,unsupported,"['direct_absolute', 'comparison']"
region,119,3,38,头短于中间值。,['头短于中间值'],头短于中间值,1,other_unparsed,0,[],[],[],,unsupported,"['direct_absolute', 'comparison']"
region,119,3,39,头短于中间值。,['头短于中间值'],头短于中间值,1,other_unparsed,0,[],[],[],,unsupported,"['direct_absolute', 'comparison']"
region,119,3,40,头长于中间值。,['头长于中间值'],头长于中间值,1,other_unparsed,0,[],[],[],,unsupported,"['direct_absolute', 'comparison']"
region,119,3,41,头短于中间值。,['头短于中间值'],头短于中间值,1,other_unparsed,0,[],[],[],,unsupported,"['direct_absolute', 'comparison']"
region,119,3,42,头短于中间值。,['头短于中间值'],头短于中间值,1,other_unparsed,0,[],[],[],,unsupported,"['direct_absolute', 'comparison']"
region,119,3,43,头长于中间值。,['头长于中间值'],头长于中间值,1,other_unparsed,0,[],[],[],,unsupported,"['direct_absolute', 'comparison']"
region,119,3,44,头短于中间值。,['头短于中间值'],头短于中间值,1,other_unparsed,0,[],[],[],,unsupported,"['direct_absolute', 'comparison']"
region,119,3,45,头长于中间值。,['头长于中间值'],头长于中间值,1,other_unparsed,0,[],[],[],,unsupported,"['direct_absolute', 'comparison']"
region,119,3,46,头短于中间值。,['头短于中间值'],头短于中间值,1,other_unparsed,0,[],[],[],,unsupported,"['direct_absolute', 'comparison']"
region,119,3,47,头短于中间值。,['头短于中间值'],头短于中间值,1,other_unparsed,0,[],[],[],,unsupported,"['direct_absolute', 'comparison']"
region,119,3,48,头长于中间值。,['头长于中间值'],头长于中间值,1,other_unparsed,0,[],[],[],,unsupported,"['direct_absolute', 'comparison']"
region,119,3,49,头长于中间值。,['头长于中间值'],头长于中间值,1,other_unparsed,0,[],[],[],,unsupported,"['direct_absolute', 'comparison']"
region,119,3,50,头短于中间值。,['头短于中间值'],头短于中间值,1,other_unparsed,0,[],[],[],,unsupported,"['direct_absolute', 'comparison']"
region,119,3,51,头短于中间值。,['头短于中间值'],头短于中间值,1,other_unparsed,0,[],[],[],,unsupported,"['direct_absolute', 'comparison']"
region,119,3,52,头长于中间值。,['头长于中间值'],头长于中间值,1,other_unparsed,0,[],[],[],,unsupported,"['direct_absolute', 'comparison']"
region,119,3,53,头长于中间值。,['头长于中间值'],头长于中间值,1,other_unparsed,0,[],[],[],,unsupported,"['direct_absolute', 'comparison']"
region,119,3,54,头长于中间值。,['头长于中间值'],头长于中间值,1,other_unparsed,0,[],[],[],,unsupported,"['direct_absolute', 'comparison']"
region,119,3,55,头短于中间值。,['头短于中间值'],头短于中间值,1,other_unparsed,0,[],[],[],,unsupported,"['direct_absolute', 'comparison']"
region,119,3,56,头长于中间值。,['头长于中间值'],头长于中间值,1,other_unparsed,0,[],[],[],,unsupported,"['direct_absolute', 'comparison']"
region,119,3,57,头短于中间值。,['头短于中间值'],头短于中间值,1,other_unparsed,0,[],[],[],,unsupported,"['direct_absolute', 'comparison']"
region,119,3,58,头短于中间值。,['头短于中间值'],头短于中间值,1,other_unparsed,0,[],[],[],,unsupported,"['direct_absolute', 'comparison']"
region,119,3,59,头短于中间值。,['头短于中间值'],头短于中间值,1,other_unparsed,0,[],[],[],,unsupported,"['direct_absolute', 'comparison']"
region,119,3,60,头短于中间值。,['头短于中间值'],头短于中间值,1,other_unparsed,0,[],[],[],,unsupported,"['direct_absolute', 'comparison']"
region,119,3,61,头长于中间值。,['头长于中间值'],头长于中间值,1,other_unparsed,0,[],[],[],,unsupported,"['direct_absolute', 'comparison']"
region,119,3,62,头长于中间值。,['头长于中间值'],头长于中间值,1,other_unparsed,0,[],[],[],,unsupported,"['direct_absolute', 'comparison']"
region,119,3,63,头长于中间值。,['头长于中间值'],头长于中间值,1,other_unparsed,0,[],[],[],,unsupported,"['direct_absolute', 'comparison']"
region,119,3,64,头长于中间值。,['头长于中间值'],头长于中间值,1,other_unparsed,0,[],[],[],,unsupported,"['direct_absolute', 'comparison']"
region,119,3,65,头长于中间值。,['头长于中间值'],头长于中间值,1,other_unparsed,0,[],[],[],,unsupported,"['direct_absolute', 'comparison']"
region,119,3,66,头长于中间值。,['头长于中间值'],头长于中间值,1,other_unparsed,0,[],[],[],,unsupported,"['direct_absolute', 'comparison']"
region,119,3,67,头长于中间值。,['头长于中间值'],头长于中间值,1,other_unparsed,0,[],[],[],,unsupported,"['direct_absolute', 'comparison']"
region,119,3,68,头长于中间值。,['头长于中间值'],头长于中间值,1,other_unparsed,0,[],[],[],,unsupported,"['direct_absolute', 'comparison']"
region,119,3,69,头长于中间值。,['头长于中间值'],头长于中间值,1,other_unparsed,0,[],[],[],,unsupported,"['direct_absolute', 'comparison']"
region,119,3,70,头长于中间值。,['头长于中间值'],头长于中间值,1,other_unparsed,0,[],[],[],,unsupported,"['direct_absolute', 'comparison']"
region,119,3,71,头长于中间值。,['头长于中间值'],头长于中间值,1,other_unparsed,0,[],[],[],,unsupported,"['direct_absolute', 'comparison']"
region,119,3,72,头短于中间值。,['头短于中间值'],头短于中间值,1,other_unparsed,0,[],[],[],,unsupported,"['direct_absolute', 'comparison']"
region,119,3,73,头短于中间值。,['头短于中间值'],头短于中间值,1,other_unparsed,0,[],[],[],,unsupported,"['direct_absolute', 'comparison']"
region,119,3,74,头短于中间值。,['头短于中间值'],头短于中间值,1,other_unparsed,0,[],[],[],,unsupported,"['direct_absolute', 'comparison']"
region,119,3,75,头长于中间值。,['头长于中间值'],头长于中间值,1,other_unparsed,0,[],[],[],,unsupported,"['direct_absolute', 'comparison']"
region,119,3,76,头长于中间值。,['头长于中间值'],头长于中间值,1,other_unparsed,0,[],[],[],,unsupported,"['direct_absolute', 'comparison']"
region,119,3,77,头短于中间值。,['头短于中间值'],头短于中间值,1,other_unparsed,0,[],[],[],,unsupported,"['direct_absolute', 'comparison']"
region,119,3,78,头短于中间值。,['头短于中间值'],头短于中间值,1,other_unparsed,0,[],[],[],,unsupported,"['direct_absolute', 'comparison']"
region,119,3,79,头长于中间值。,['头长于中间值'],头长于中间值,1,other_unparsed,0,[],[],[],,unsupported,"['direct_absolute', 'comparison']"
region,119,3,80,头长于中间值。,['头长于中间值'],头长于中间值,1,other_unparsed,0,[],[],[],,unsupported,"['direct_absolute', 'comparison']"
region,119,3,81,头短于中间值。,['头短于中间值'],头短于中间值,1,other_unparsed,0,[],[],[],,unsupported,"['direct_absolute', 'comparison']"
region,119,3,82,头短于中间值。,['头短于中间值'],头短于中间值,1,other_unparsed,0,[],[],[],,unsupported,"['direct_absolute', 'comparison']"
region,119,3,83,头短于中间值。,['头短于中间值'],头短于中间值,1,other_unparsed,0,[],[],[],,unsupported,"['direct_absolute', 'comparison']"
region,119,3,84,头长于中间值。,['头长于中间值'],头长于中间值,1,other_unparsed,0,[],[],[],,unsupported,"['direct_absolute', 'comparison']"
region,119,3,85,头短于中间值。,['头短于中间值'],头短于中间值,1,other_unparsed,0,[],[],[],,unsupported,"['direct_absolute', 'comparison']"
region,119,3,86,头长于中间值。,['头长于中间值'],头长于中间值,1,other_unparsed,0,[],[],[],,unsupported,"['direct_absolute', 'comparison']"
region,119,3,87,头短于中间值。,['头短于中间值'],头短于中间值,1,other_unparsed,0,[],[],[],,unsupported,"['direct_absolute', 'comparison']"
region,119,3,88,头短于中间值。,['头短于中间值'],头短于中间值,1,other_unparsed,0,[],[],[],,unsupported,"['direct_absolute', 'comparison']"
region,119,3,89,头短于中间值。,['头短于中间值'],头短于中间值,1,other_unparsed,0,[],[],[],,unsupported,"['direct_absolute', 'comparison']"
region,119,3,90,头长于中间值。,['头长于中间值'],头长于中间值,1,other_unparsed,0,[],[],[],,unsupported,"['direct_absolute', 'comparison']"
region,119,3,91,头短于中间值。,['头短于中间值'],头短于中间值,1,other_unparsed,0,[],[],[],,unsupported,"['direct_absolute', 'comparison']"
region,119,3,92,头短于中间值。,['头短于中间值'],头短于中间值,1,other_unparsed,0,[],[],[],,unsupported,"['direct_absolute', 'comparison']"
region,119,3,93,头短于中间值。,['头短于中间值'],头短于中间值,1,other_unparsed,0,[],[],[],,unsupported,"['direct_absolute', 'comparison']"
region,119,3,94,头短于中间值。,['头短于中间值'],头短于中间值,1,other_unparsed,0,[],[],[],,unsupported,"['direct_absolute', 'comparison']"
region,119,3,95,头长于中间值。,['头长于中间值'],头长于中间值,1,other_unparsed,0,[],[],[],,unsupported,"['direct_absolute', 'comparison']"
region,119,3,96,头长于中间值。,['头长于中间值'],头长于中间值,1,other_unparsed,0,[],[],[],,unsupported,"['direct_absolute', 'comparison']"
region,119,3,97,头长于中间值。,['头长于中间值'],头长于中间值,1,other_unparsed,0,[],[],[],,unsupported,"['direct_absolute', 'comparison']"
region,119,3,98,头长于中间值。,['头长于中间值'],头长于中间值,1,other_unparsed,0,[],[],[],,unsupported,"['direct_absolute', 'comparison']"
region,119,3,99,头短于中间值。,['头短于中间值'],头短于中间值,1,other_unparsed,0,[],[],[],,unsupported,"['direct_absolute', 'comparison']"
region,119,3,100,头长于中间值。,['头长于中间值'],头长于中间值,1,other_unparsed,0,[],[],[],,unsupported,"['direct_absolute', 'comparison']"
region,119,3,101,头短于中间值。,['头短于中间值'],头短于中间值,1,other_unparsed,0,[],[],[],,unsupported,"['direct_absolute', 'comparison']"
region,119,3,102,头长于中间值。,['头长于中间值'],头长于中间值,1,other_unparsed,0,[],[],[],,unsupported,"['direct_absolute', 'comparison']"
region,119,3,103,头短于中间值。,['头短于中间值'],头短于中间值,1,other_unparsed,0,[],[],[],,unsupported,"['direct_absolute', 'comparison']"
region,119,3,104,头短于中间值。,['头短于中间值'],头短于中间值,1,other_unparsed,0,[],[],[],,unsupported,"['direct_absolute', 'comparison']"
region,119,3,105,头长于中间值。,['头长于中间值'],头长于中间值,1,other_unparsed,0,[],[],[],,unsupported,"['direct_absolute', 'comparison']"
region,119,3,106,头长于中间值。,['头长于中间值'],头长于中间值,1,other_unparsed,0,[],[],[],,unsupported,"['direct_absolute', 'comparison']"
region,119,3,107,头长于中间值。,['头长于中间值'],头长于中间值,1,other_unparsed,0,[],[],[],,unsupported,"['direct_absolute', 'comparison']"
region,119,3,108,头长于中间值。,['头长于中间值'],头长于中间值,1,other_unparsed,0,[],[],[],,unsupported,"['direct_absolute', 'comparison']"
region,119,3,109,头长于中间值。,['头长于中间值'],头长于中间值,1,other_unparsed,0,[],[],[],,unsupported,"['direct_absolute', 'comparison']"
region,119,3,110,头短于中间值。,['头短于中间值'],头短于中间值,1,other_unparsed,0,[],[],[],,unsupported,"['direct_absolute', 'comparison']"
region,119,3,111,头短于中间值。,['头短于中间值'],头短于中间值,1,other_unparsed,0,[],[],[],,unsupported,"['direct_absolute', 'comparison']"
region,119,3,112,头长于中间值。,['头长于中间值'],头长于中间值,1,other_unparsed,0,[],[],[],,unsupported,"['direct_absolute', 'comparison']"
region,119,3,113,头长于中间值。,['头长于中间值'],头长于中间值,1,other_unparsed,0,[],[],[],,unsupported,"['direct_absolute', 'comparison']"
region,119,3,114,头短于中间值。,['头短于中间值'],头短于中间值,1,other_unparsed,0,[],[],[],,unsupported,"['direct_absolute', 'comparison']"
region,119,3,115,头长于中间值。,['头长于中间值'],头长于中间值,1,other_unparsed,0,[],[],[],,unsupported,"['direct_absolute', 'comparison']"
region,119,3,116,头短于中间值。,['头短于中间值'],头短于中间值,1,other_unparsed,0,[],[],[],,unsupported,"['direct_absolute', 'comparison']"
region,119,3,117,头短于中间值。,['头短于中间值'],头短于中间值,1,other_unparsed,0,[],[],[],,unsupported,"['direct_absolute', 'comparison']"
region,119,3,118,头短于中间值。,['头短于中间值'],头短于中间值,1,other_unparsed,0,[],[],[],,unsupported,"['direct_absolute', 'comparison']"
region,119,3,119,头短于中间值。,['头短于中间值'],头短于中间值,1,other_unparsed,0,[],[],[],,unsupported,"['direct_absolute', 'comparison']"
region,119,3,120,头短于中间值。,['头短于中间值'],头短于中间值,1,other_unparsed,0,[],[],[],,unsupported,"['direct_absolute', 'comparison']"
region,119,3,121,头短于中间值。,['头短于中间值'],头短于中间值,1,other_unparsed,0,[],[],[],,unsupported,"['direct_absolute', 'comparison']"
region,119,3,122,头短于中间值。,['头短于中间值'],头短于中间值,1,other_unparsed,0,[],[],[],,unsupported,"['direct_absolute', 'comparison']"
region,119,3,123,头长于中间值。,['头长于中间值'],头长于中间值,1,other_unparsed,0,[],[],[],,unsupported,"['direct_absolute', 'comparison']"
region,119,3,124,头短于中间值。,['头短于中间值'],头短于中间值,1,other_unparsed,0,[],[],[],,unsupported,"['direct_absolute', 'comparison']"
region,119,3,125,头短于中间值。,['头短于中间值'],头短于中间值,1,other_unparsed,0,[],[],[],,unsupported,"['direct_absolute', 'comparison']"
region,119,3,126,头长于中间值。,['头长于中间值'],头长于中间值,1,other_unparsed,0,[],[],[],,unsupported,"['direct_absolute', 'comparison']"
region,119,3,127,头短于中间值。,['头短于中间值'],头短于中间值,1,other_unparsed,0,[],[],[],,unsupported,"['direct_absolute', 'comparison']"
region,119,3,128,头长于中间值。,['头长于中间值'],头长于中间值,1,other_unparsed,0,[],[],[],,unsupported,"['direct_absolute', 'comparison']"
region,120,1,2,脖子非常长，跟躯干差不多。,['跟躯干差不多'],跟躯干差不多,1,"body_geometry, global_balance",1,['general_case'],"[[-1.0, 0.0, 0.0, 0.0]]",[-0.5],1.0,ok,"['direct_absolute', 'equality', 'body_ref']"
region,120,1,5,头比较长，和躯干差不多。,['和躯干差不多'],和躯干差不多,1,"body_geometry, global_balance",1,['general_case'],"[[0.0, -1.0, 0.0, 0.0]]",[-0.5],1.0,ok,"['direct_absolute', 'comparison', 'equality', 'body_ref']"
region,120,1,6,腿比较长，长于头和尾巴。,['长于头和尾巴'],长于头和尾巴,1,other_unparsed,1,['general_case'],"[[0.0, 0.0, -1.0, 0.0]]",[-0.5],1.0,ok,"['direct_absolute', 'comparison']"
region,120,1,9,脖子比较长，跟腿差不多，也跟躯干差不多。,"['跟腿差不多', '也跟躯干差不多']",跟腿差不多；也跟躯干差不多,2,"body_geometry, global_balance",1,['general_case'],"[[-1.0, 0.0, 0.0, 0.0]]",[-0.5],0.0,mismatch,"['direct_absolute', 'comparison', 'equality', 'body_ref']"
region,120,1,13,脖子比较长，长于头。,['长于头'],长于头,1,other_unparsed,1,['general_case'],"[[-1.0, 0.0, 0.0, 0.0]]",[-0.5],1.0,ok,"['direct_absolute', 'comparison']"
region,120,1,25,五个部位的长度都差不多。,['五个部位的长度都差不多'],五个部位的长度都差不多,1,global_balance,0,[],[],[],,unsupported,"['direct_absolute', 'equality']"
region,120,1,26,头明显长于其他四个部位。,['头明显长于其他四个部位'],头明显长于其他四个部位,1,other_reference,0,[],[],[],,unsupported,"['direct_absolute', 'comparison']"
region,120,1,28,头明显长于其他部位。,['头明显长于其他部位'],头明显长于其他部位,1,other_reference,0,[],[],[],,unsupported,"['direct_absolute', 'comparison']"
region,120,1,33,头明显长于其他部位。,['头明显长于其他部位'],头明显长于其他部位,1,other_reference,0,[],[],[],,unsupported,"['direct_absolute', 'comparison']"
region,120,1,35,腿明显短于其他部位。,['腿明显短于其他部位'],腿明显短于其他部位,1,other_reference,0,[],[],[],,unsupported,"['direct_absolute', 'comparison']"
region,120,1,36,腿明显短于其他部位。,['腿明显短于其他部位'],腿明显短于其他部位,1,other_reference,0,[],[],[],,unsupported,"['direct_absolute', 'comparison']"
region,120,1,41,尾巴和脖子长度不一样。,['尾巴和脖子长度不一样'],尾巴和脖子长度不一样,1,disjoint_inequality,0,[],[],[],,unsupported,"['direct_absolute', 'equality', 'negation']"
region,120,1,42,脖子和尾巴的长度不一样。,['脖子和尾巴的长度不一样'],脖子和尾巴的长度不一样,1,disjoint_inequality,0,[],[],[],,unsupported,"['direct_absolute', 'equality', 'negation']"
region,120,1,43,脖子和尾巴的长度不一样。,['脖子和尾巴的长度不一样'],脖子和尾巴的长度不一样,1,disjoint_inequality,0,[],[],[],,unsupported,"['direct_absolute', 'equality', 'negation']"
region,120,1,58,头和尾巴加起来短于脖子和躯干，也短于脖子和腿。,['也短于脖子和腿'],也短于脖子和腿,1,other_unparsed,4,"['group_sum', 'body_ref', 'body_ref', 'body_ref']","[[-1.0, 1.0, 0.0, 1.0], [0.0, 1.0, 0.0, 0.0], [0.0, 0.0, 0.0, 1.0], [1.0, 0.0, 0.0, 0.0]]","[-0.0, 0.5, 0.5, 0.5]",1.0,ok,"['direct_absolute', 'comparison', 'body_ref', 'group_sum']"
region,120,1,59,脖子明显短于其他四个部位。,['脖子明显短于其他四个部位'],脖子明显短于其他四个部位,1,other_reference,0,[],[],[],,unsupported,"['direct_absolute', 'comparison']"
region,120,1,63,头和尾巴长度大于脖子和腿的长度。,['头和尾巴长度大于脖子和腿的长度'],头和尾巴长度大于脖子和腿的长度,1,other_unparsed,0,[],[],[],,unsupported,"['direct_absolute', 'comparison']"
region,120,1,74,头比较长的，长于尾巴，脖子长于腿。,['长于尾巴'],长于尾巴,1,other_unparsed,2,"['general_case', 'comparison']","[[0.0, -1.0, 0.0, 0.0], [-1.0, 0.0, 1.0, 0.0]]","[-0.5, -0.0]",0.5,mismatch,"['direct_absolute', 'comparison']"
region,120,1,107,脖子明显长于其他的四个部位。,['脖子明显长于其他的四个部位'],脖子明显长于其他的四个部位,1,other_reference,0,[],[],[],,unsupported,"['direct_absolute', 'comparison']"
region,120,1,109,脖子明显短于其他部位。,['脖子明显短于其他部位'],脖子明显短于其他部位,1,other_reference,0,[],[],[],,unsupported,"['direct_absolute', 'comparison']"
region,120,1,153,有奇数个部位长于躯干。,['有奇数个部位长于躯干'],有奇数个部位长于躯干,1,"count_abstract, body_geometry",0,[],[],[],,unsupported,"['direct_absolute', 'comparison', 'body_ref', 'count_abstract']"
region,120,1,154,有奇数个部位长于躯干。,['有奇数个部位长于躯干'],有奇数个部位长于躯干,1,"count_abstract, body_geometry",0,[],[],[],,unsupported,"['direct_absolute', 'comparison', 'body_ref', 'count_abstract']"
region,120,1,155,有奇数个部位长于躯干。,['有奇数个部位长于躯干'],有奇数个部位长于躯干,1,"count_abstract, body_geometry",0,[],[],[],,unsupported,"['direct_absolute', 'comparison', 'body_ref', 'count_abstract']"
region,120,1,156,有偶数个部位长于躯干。,['有偶数个部位长于躯干'],有偶数个部位长于躯干,1,"count_abstract, body_geometry",0,[],[],[],,unsupported,"['direct_absolute', 'comparison', 'body_ref', 'count_abstract']"
region,120,1,157,有偶数个部位长于躯干。,['有偶数个部位长于躯干'],有偶数个部位长于躯干,1,"count_abstract, body_geometry",0,[],[],[],,unsupported,"['direct_absolute', 'comparison', 'body_ref', 'count_abstract']"
region,120,1,158,有偶数个部位长于躯干。,['有偶数个部位长于躯干'],有偶数个部位长于躯干,1,"count_abstract, body_geometry",0,[],[],[],,unsupported,"['direct_absolute', 'comparison', 'body_ref', 'count_abstract']"
region,120,1,159,有奇数个部位长于躯干。,['有奇数个部位长于躯干'],有奇数个部位长于躯干,1,"count_abstract, body_geometry",0,[],[],[],,unsupported,"['direct_absolute', 'comparison', 'body_ref', 'count_abstract']"
region,120,1,186,脖子明显短于其他部位。,['脖子明显短于其他部位'],脖子明显短于其他部位,1,other_reference,0,[],[],[],,unsupported,"['direct_absolute', 'comparison']"
region,120,1,310,点错了。,['点错了'],点错了,1,other_unparsed,0,[],[],[],,unsupported,['other']
region,121,1,21,脖子和腿差别比较大。,['脖子和腿差别比较大'],脖子和腿差别比较大,1,other_unparsed,0,[],[],[],,unsupported,['comparison']
region,121,1,127,头比脖子长，腿远远长于头和脖子，尾巴较短。,['腿远远长于头和脖子'],腿远远长于头和脖子,1,other_unparsed,2,"['comparison', 'general_case']","[[1.0, -1.0, 0.0, 0.0], [0.0, 0.0, 0.0, 1.0]]","[-0.0, 0.5]",1.0,ok,"['direct_absolute', 'comparison']"
region,121,1,140,头脖子，尾巴，头脖子腿差不多，尾巴较短。,"['头脖子', '尾巴']",头脖子；尾巴,2,other_unparsed,7,"['equality', 'general_case']","[[-1.0, 1.0, 0.0, 0.0], [1.0, -1.0, 0.0, 0.0], [0.0, 1.0, -1.0, 0.0], [0.0, -1.0, 1.0, 0.0], [1.0, 0.0, -1.0, 0.0], [-1.0, 0.0, 1.0, 0.0], [0.0, 0.0, 0.0, 1.0]]","[0.1, 0.1, 0.1, 0.1, 0.1, 0.1, 0.5]",0.0,mismatch,"['direct_absolute', 'equality']"
region,121,1,145,头比脖子长一点。腿和尾巴差不多，都很短。,['都很短'],都很短,1,other_unparsed,3,"['comparison', 'equality']","[[1.0, -1.0, 0.0, 0.0], [0.0, 0.0, 1.0, -1.0], [0.0, 0.0, -1.0, 1.0]]","[-0.0, 0.1, 0.1]",0.5,mismatch,"['direct_absolute', 'comparison', 'equality']"
region,121,1,207,头比脖子短，腿和尾巴差不多，都很长。,['都很长'],都很长,1,other_unparsed,3,"['comparison', 'equality']","[[-1.0, 1.0, 0.0, 0.0], [0.0, 0.0, 1.0, -1.0], [0.0, 0.0, -1.0, 1.0]]","[-0.0, 0.1, 0.1]",0.5,mismatch,"['direct_absolute', 'comparison', 'equality']"
region,121,1,212,头比脖子短，腿比尾巴，差不多。,"['腿比尾巴', '差不多']",腿比尾巴；差不多,2,global_balance,1,['comparison'],"[[-1.0, 1.0, 0.0, 0.0]]",[-0.0],1.0,ok,"['direct_absolute', 'comparison', 'equality']"
region,121,1,237,头和脖子差不多，都比较长，腿较短。,['都比较长'],都比较长,1,other_unparsed,3,"['equality', 'general_case']","[[-1.0, 1.0, 0.0, 0.0], [1.0, -1.0, 0.0, 0.0], [0.0, 0.0, 1.0, 0.0]]","[0.1, 0.1, 0.5]",1.0,ok,"['direct_absolute', 'comparison', 'equality']"
region,121,1,246,头在躯干下方。,['头在躯干下方'],头在躯干下方,1,body_geometry,0,[],[],[],,unsupported,['body_ref']
region,121,1,289,头在躯干的上方。,['头在躯干的上方'],头在躯干的上方,1,body_geometry,0,[],[],[],,unsupported,['body_ref']
region,121,1,291,头在躯干上方，腿比较长。,['头在躯干上方'],头在躯干上方,1,body_geometry,1,['general_case'],"[[0.0, 0.0, -1.0, 0.0]]",[-0.5],1.0,ok,"['direct_absolute', 'comparison', 'body_ref']"
region,121,1,292,头在躯干下方，腿比较短。,['头在躯干下方'],头在躯干下方,1,body_geometry,1,['general_case'],"[[0.0, 0.0, 1.0, 0.0]]",[0.5],1.0,ok,"['direct_absolute', 'comparison', 'body_ref']"
region,121,1,293,头在躯干上方，腿比较短。,['头在躯干上方'],头在躯干上方,1,body_geometry,1,['general_case'],"[[0.0, 0.0, 1.0, 0.0]]",[0.5],1.0,ok,"['direct_absolute', 'comparison', 'body_ref']"
region,121,1,294,头在躯干上方，腿比较长。,['头在躯干上方'],头在躯干上方,1,body_geometry,1,['general_case'],"[[0.0, 0.0, -1.0, 0.0]]",[-0.5],1.0,ok,"['direct_absolute', 'comparison', 'body_ref']"
region,121,1,295,头在躯干上方，腿比较长，尾巴很短。,['头在躯干上方'],头在躯干上方,1,body_geometry,2,"['general_case', 'general_case']","[[0.0, 0.0, -1.0, 0.0], [0.0, 0.0, 0.0, 1.0]]","[-0.5, 0.5]",1.0,ok,"['direct_absolute', 'comparison', 'body_ref']"
region,121,1,296,头在躯干上方，腿比较长。,['头在躯干上方'],头在躯干上方,1,body_geometry,1,['general_case'],"[[0.0, 0.0, -1.0, 0.0]]",[-0.5],1.0,ok,"['direct_absolute', 'comparison', 'body_ref']"
region,121,1,297,头在躯干下方，腿较短。,['头在躯干下方'],头在躯干下方,1,body_geometry,1,['general_case'],"[[0.0, 0.0, 1.0, 0.0]]",[0.5],1.0,ok,"['direct_absolute', 'body_ref']"
region,121,1,298,头在躯干上方，腿较长。,['头在躯干上方'],头在躯干上方,1,body_geometry,1,['general_case'],"[[0.0, 0.0, -1.0, 0.0]]",[-0.5],1.0,ok,"['direct_absolute', 'body_ref']"
region,121,1,299,头在躯干上方，腿较短。,['头在躯干上方'],头在躯干上方,1,body_geometry,1,['general_case'],"[[0.0, 0.0, 1.0, 0.0]]",[0.5],1.0,ok,"['direct_absolute', 'body_ref']"
region,121,1,300,头在躯干下方，腿较长。,['头在躯干下方'],头在躯干下方,1,body_geometry,1,['general_case'],"[[0.0, 0.0, -1.0, 0.0]]",[-0.5],1.0,ok,"['direct_absolute', 'body_ref']"
region,121,2,30,腿不是所有部位里最短的。,['腿不是所有部位里最短的'],腿不是所有部位里最短的,1,count_abstract,0,[],[],[],,unsupported,"['direct_absolute', 'superlative', 'negation']"
region,121,2,34,腿不是所有部位里最短的。,['腿不是所有部位里最短的'],腿不是所有部位里最短的,1,count_abstract,0,[],[],[],,unsupported,"['direct_absolute', 'superlative', 'negation']"
region,121,2,35,腿不是所有部位里最短的。,['腿不是所有部位里最短的'],腿不是所有部位里最短的,1,count_abstract,0,[],[],[],,unsupported,"['direct_absolute', 'superlative', 'negation']"
region,121,2,36,腿不是所有部位里最短的。,['腿不是所有部位里最短的'],腿不是所有部位里最短的,1,count_abstract,0,[],[],[],,unsupported,"['direct_absolute', 'superlative', 'negation']"
region,121,2,38,头不是所有部位里最短的。,['头不是所有部位里最短的'],头不是所有部位里最短的,1,count_abstract,0,[],[],[],,unsupported,"['direct_absolute', 'superlative', 'negation']"
region,121,2,39,头不是所有部位里最短的。,['头不是所有部位里最短的'],头不是所有部位里最短的,1,count_abstract,0,[],[],[],,unsupported,"['direct_absolute', 'superlative', 'negation']"
region,121,2,56,腿不是最短的部位。,['腿不是最短的部位'],腿不是最短的部位,1,other_unparsed,0,[],[],[],,unsupported,"['direct_absolute', 'superlative', 'negation']"
region,121,2,57,腿不是最短的部位。,['腿不是最短的部位'],腿不是最短的部位,1,other_unparsed,0,[],[],[],,unsupported,"['direct_absolute', 'superlative', 'negation']"
region,123,1,25,腿长，脖子，尾巴、腿都偏短。,['脖子'],脖子,1,other_unparsed,3,"['general_case', 'general_case']","[[0.0, 0.0, -1.0, 0.0], [0.0, 0.0, 0.0, 1.0], [0.0, 0.0, 1.0, 0.0]]","[-0.5, 0.5, 0.5]",0.6666666666666666,mismatch,['direct_absolute']
region,123,1,60,腿短，脖，脖子和头长，尾巴短。,['脖子'],脖子,1,other_unparsed,4,"['general_case', 'general_case', 'general_case']","[[0.0, 0.0, 1.0, 0.0], [-1.0, 0.0, 0.0, 0.0], [0.0, -1.0, 0.0, 0.0], [0.0, 0.0, 0.0, 1.0]]","[0.5, -0.5, -0.5, 0.5]",0.75,mismatch,['direct_absolute']
region,123,1,73,头、脖子、腿、尾巴、躯干这些部位的长度进行描述，但不一定用的是这几个词语，且可能会涉及到这几个部位之间的比较，包括大小和长短关系。,"['头、脖子、腿、尾巴、躯干这些部位的长度进行描述', '但不一定用的是这几个词语', '且可能会涉及到这几个部位之间的比较', '包括大小和长短关系']",头、脖子、腿、尾巴、躯干这些部位的长度进行描述；但不一定用的是这几个词语；且可能会涉及到这几个部位之间的比较；包括大小和长短关系,4,"count_abstract, body_geometry",0,[],[],[],,unsupported,"['direct_absolute', 'comparison', 'body_ref']"
region,123,1,91,腿和头。头短，尾巴和脖子长。,['腿和头'],腿和头,1,other_unparsed,3,"['general_case', 'general_case']","[[0.0, 1.0, 0.0, 0.0], [0.0, 0.0, 0.0, -1.0], [-1.0, 0.0, 0.0, 0.0]]","[0.5, -0.5, -0.5]",1.0,ok,['direct_absolute']
region,123,2,63,头和脖外，头和腿长。,['头和脖子外'],头和脖子外,1,other_unparsed,2,['general_case'],"[[0.0, -1.0, 0.0, 0.0], [0.0, 0.0, -1.0, 0.0]]","[-0.5, -0.5]",1.0,ok,['direct_absolute']
region,123,2,86,头，脖子，腿，尾巴长。,"['头', '脖子', '腿']",头；脖子；腿,3,other_unparsed,1,['general_case'],"[[0.0, 0.0, 0.0, -1.0]]",[-0.5],1.0,ok,['direct_absolute']
region,123,2,105,头，腿长。,['头'],头,1,other_unparsed,1,['general_case'],"[[0.0, 0.0, -1.0, 0.0]]",[-0.5],1.0,ok,['direct_absolute']
region,125,1,8,头长，脖子较短，腿短，尾巴较短，头、脖子、尾巴均比腿长。,['头、脖子、尾巴均比腿长'],头、脖子、尾巴均比腿长,1,other_unparsed,4,"['general_case', 'general_case', 'general_case', 'general_case']","[[0.0, -1.0, 0.0, 0.0], [1.0, 0.0, 0.0, 0.0], [0.0, 0.0, 1.0, 0.0], [0.0, 0.0, 0.0, 1.0]]","[-0.5, 0.5, 0.5, 0.5]",1.0,ok,"['direct_absolute', 'comparison']"
region,125,1,39,头短，脖子较短，腿较短，尾巴短，整体看起来比较短小。,['整体看起来比较短小'],整体看起来比较短小,1,other_unparsed,4,"['general_case', 'general_case', 'general_case', 'general_case']","[[0.0, 1.0, 0.0, 0.0], [1.0, 0.0, 0.0, 0.0], [0.0, 0.0, 1.0, 0.0], [0.0, 0.0, 0.0, 1.0]]","[0.5, 0.5, 0.5, 0.5]",1.0,ok,"['direct_absolute', 'comparison']"
region,125,1,40,头长，脖子长，腿较长，尾巴长，脖子比腿长一点，头和脖子占的比重比较大。,['头和脖子占的比重比较大'],头和脖子占的比重比较大,1,other_unparsed,5,"['general_case', 'general_case', 'general_case', 'general_case', 'comparison']","[[0.0, -1.0, 0.0, 0.0], [-1.0, 0.0, 0.0, 0.0], [0.0, 0.0, -1.0, 0.0], [0.0, 0.0, 0.0, -1.0], [-1.0, 0.0, 1.0, 0.0]]","[-0.5, -0.5, -0.5, -0.5, -0.0]",0.8,mismatch,"['direct_absolute', 'comparison']"
region,125,1,42,头长，脖子长，腿长，尾巴短，头和脖子的比重比较大，脖子比腿长一点。,['头和脖子的比重比较大'],头和脖子的比重比较大,1,other_unparsed,5,"['general_case', 'general_case', 'general_case', 'general_case', 'comparison']","[[0.0, -1.0, 0.0, 0.0], [-1.0, 0.0, 0.0, 0.0], [0.0, 0.0, -1.0, 0.0], [0.0, 0.0, 0.0, 1.0], [-1.0, 0.0, 1.0, 0.0]]","[-0.5, -0.5, -0.5, 0.5, -0.0]",1.0,ok,"['direct_absolute', 'comparison']"
region,125,1,43,头长，脖子短，腿短，尾巴较短，整体看起来比较短小。,['整体看起来比较短小'],整体看起来比较短小,1,other_unparsed,4,"['general_case', 'general_case', 'general_case', 'general_case']","[[0.0, -1.0, 0.0, 0.0], [1.0, 0.0, 0.0, 0.0], [0.0, 0.0, 1.0, 0.0], [0.0, 0.0, 0.0, 1.0]]","[-0.5, 0.5, 0.5, 0.5]",1.0,ok,"['direct_absolute', 'comparison']"
region,125,1,50,头短，脖子较长，腿较长，尾巴较短，整体看起来比较修长。,['整体看起来比较修长'],整体看起来比较修长,1,other_unparsed,4,"['general_case', 'general_case', 'general_case', 'general_case']","[[0.0, 1.0, 0.0, 0.0], [-1.0, 0.0, 0.0, 0.0], [0.0, 0.0, -1.0, 0.0], [0.0, 0.0, 0.0, 1.0]]","[0.5, -0.5, -0.5, 0.5]",1.0,ok,"['direct_absolute', 'comparison']"
region,125,1,51,头长度适中，脖子短，腿短，尾巴较短，整体看起来比较短小。,['整体看起来比较短小'],整体看起来比较短小,1,other_unparsed,5,"['general_case', 'general_case', 'general_case', 'general_case']","[[0.0, -1.0, 0.0, 0.0], [0.0, 1.0, 0.0, 0.0], [1.0, 0.0, 0.0, 0.0], [0.0, 0.0, 1.0, 0.0], [0.0, 0.0, 0.0, 1.0]]","[-0.25, 0.75, 0.5, 0.5, 0.5]",1.0,ok,"['direct_absolute', 'comparison']"
region,125,1,58,腿长度适中，头和脖子比较长，尾巴长度适中，在整体比例中腿显得比较短。,['在整体比例中腿显得比较短'],在整体比例中腿显得比较短,1,proportion_or_ratio,6,"['general_case', 'general_case', 'general_case']","[[0.0, 0.0, -1.0, 0.0], [0.0, 0.0, 1.0, 0.0], [0.0, -1.0, 0.0, 0.0], [-1.0, 0.0, 0.0, 0.0], [0.0, 0.0, 0.0, -1.0], [0.0, 0.0, 0.0, 1.0]]","[-0.25, 0.75, -0.5, -0.5, -0.25, 0.75]",0.8333333333333334,mismatch,"['direct_absolute', 'comparison', 'group_sum']"
region,125,1,92,腿非常短，几乎是最短。,['几乎是最短'],几乎是最短,1,other_unparsed,1,['general_case'],"[[0.0, 0.0, 1.0, 0.0]]",[0.5],1.0,ok,"['direct_absolute', 'superlative']"
region,125,1,93,腿很长，基本是最长。,['基本是最长'],基本是最长,1,other_unparsed,1,['general_case'],"[[0.0, 0.0, -1.0, 0.0]]",[-0.5],1.0,ok,"['direct_absolute', 'superlative']"
region,125,1,95,腿非常短，基本是最短。,['基本是最短'],基本是最短,1,other_unparsed,1,['general_case'],"[[0.0, 0.0, 1.0, 0.0]]",[0.5],1.0,ok,"['direct_absolute', 'superlative']"
region,125,1,101,腿很长，基本是最长。,['基本是最长'],基本是最长,1,other_unparsed,1,['general_case'],"[[0.0, 0.0, -1.0, 0.0]]",[-0.5],1.0,ok,"['direct_absolute', 'superlative']"
region,125,1,102,腿长度适中，脖子比腿更长，整体很修长。,['整体很修长'],整体很修长,1,other_unparsed,3,"['general_case', 'comparison']","[[0.0, 0.0, -1.0, 0.0], [0.0, 0.0, 1.0, 0.0], [-1.0, 0.0, 1.0, 0.0]]","[-0.25, 0.75, -0.0]",1.0,ok,"['direct_absolute', 'comparison']"
region,125,1,109,腿非常短，几乎是最短。,['几乎是最短'],几乎是最短,1,other_unparsed,1,['general_case'],"[[0.0, 0.0, 1.0, 0.0]]",[0.5],1.0,ok,"['direct_absolute', 'superlative']"
region,125,1,114,腿很短，几乎是最短。,['几乎是最短'],几乎是最短,1,other_unparsed,1,['general_case'],"[[0.0, 0.0, 1.0, 0.0]]",[0.5],1.0,ok,"['direct_absolute', 'superlative']"
region,125,1,121,腿非常长，基本是最长。,['基本是最长'],基本是最长,1,other_unparsed,1,['general_case'],"[[0.0, 0.0, -1.0, 0.0]]",[-0.5],1.0,ok,"['direct_absolute', 'superlative']"
region,127,1,17,腿和头比较长，脖子后尾巴稍微短，一点。,['一点'],一点,1,other_unparsed,4,"['general_case', 'general_case']","[[0.0, 0.0, -1.0, 0.0], [0.0, -1.0, 0.0, 0.0], [1.0, 0.0, 0.0, 0.0], [0.0, 0.0, 0.0, 1.0]]","[-0.5, -0.5, 0.5, 0.5]",0.5,mismatch,"['direct_absolute', 'comparison']"
region,127,1,90,差不多，都一样长。,"['差不多', '都一样长']",差不多；都一样长,2,other_unparsed,0,[],[],[],,unsupported,"['direct_absolute', 'equality']"
region,129,1,6,头朝左。,['头朝左'],头朝左,1,other_unparsed,0,[],[],[],,unsupported,['other']
region,129,1,20,头朝左。,['头朝左'],头朝左,1,other_unparsed,0,[],[],[],,unsupported,['other']
region,129,1,23,头和尾巴不一样长。,['头和尾巴不一样长'],头和尾巴不一样长,1,disjoint_inequality,0,[],[],[],,unsupported,"['direct_absolute', 'equality', 'negation']"
region,129,1,24,头和尾巴不一样长。,['头和尾巴不一样长'],头和尾巴不一样长,1,disjoint_inequality,0,[],[],[],,unsupported,"['direct_absolute', 'equality', 'negation']"
region,129,1,26,尾巴和脖子不一样长。,['尾巴和脖子不一样长'],尾巴和脖子不一样长,1,disjoint_inequality,0,[],[],[],,unsupported,"['direct_absolute', 'equality', 'negation']"
region,129,1,27,尾巴和脖子不一样长。,['尾巴和脖子不一样长'],尾巴和脖子不一样长,1,disjoint_inequality,0,[],[],[],,unsupported,"['direct_absolute', 'equality', 'negation']"
region,129,1,32,一个部位很长。,['一个部位很长'],一个部位很长,1,count_abstract,0,[],[],[],,unsupported,"['direct_absolute', 'count_abstract']"
region,129,1,33,一个部位很长。,['一个部位很长'],一个部位很长,1,count_abstract,0,[],[],[],,unsupported,"['direct_absolute', 'count_abstract']"
region,129,1,34,一个部位很短。,['一个部位很短'],一个部位很短,1,count_abstract,0,[],[],[],,unsupported,"['direct_absolute', 'count_abstract']"
region,129,1,36,一个部位很长。,['一个部位很长'],一个部位很长,1,count_abstract,0,[],[],[],,unsupported,"['direct_absolute', 'count_abstract']"
region,129,1,37,一个部位很长。,['一个部位很长'],一个部位很长,1,count_abstract,0,[],[],[],,unsupported,"['direct_absolute', 'count_abstract']"
region,129,1,38,一个部位很长。,['一个部位很长'],一个部位很长,1,count_abstract,0,[],[],[],,unsupported,"['direct_absolute', 'count_abstract']"
region,129,1,39,一个部位很长。,['一个部位很长'],一个部位很长,1,count_abstract,0,[],[],[],,unsupported,"['direct_absolute', 'count_abstract']"
region,129,1,43,一个部位很长。,['一个部位很长'],一个部位很长,1,count_abstract,0,[],[],[],,unsupported,"['direct_absolute', 'count_abstract']"
region,129,1,44,一个部位很长。,['一个部位很长'],一个部位很长,1,count_abstract,0,[],[],[],,unsupported,"['direct_absolute', 'count_abstract']"
region,129,1,46,一个部位很长。,['一个部位很长'],一个部位很长,1,count_abstract,0,[],[],[],,unsupported,"['direct_absolute', 'count_abstract']"
region,129,1,48,一个部位很长。,['一个部位很长'],一个部位很长,1,count_abstract,0,[],[],[],,unsupported,"['direct_absolute', 'count_abstract']"
region,129,1,54,尾巴和脖子不一样长。,['尾巴和脖子不一样长'],尾巴和脖子不一样长,1,disjoint_inequality,0,[],[],[],,unsupported,"['direct_absolute', 'equality', 'negation']"
region,129,1,55,尾巴和脖子不一样长。,['尾巴和脖子不一样长'],尾巴和脖子不一样长,1,disjoint_inequality,0,[],[],[],,unsupported,"['direct_absolute', 'equality', 'negation']"
region,129,1,57,尾巴和脖子不一样长。,['尾巴和脖子不一样长'],尾巴和脖子不一样长,1,disjoint_inequality,0,[],[],[],,unsupported,"['direct_absolute', 'equality', 'negation']"
region,129,1,58,尾巴和脖子不一样长。,['尾巴和脖子不一样长'],尾巴和脖子不一样长,1,disjoint_inequality,0,[],[],[],,unsupported,"['direct_absolute', 'equality', 'negation']"
region,129,1,59,有两个部位一样长。,['有两个部位一样长'],有两个部位一样长,1,count_abstract,0,[],[],[],,unsupported,"['direct_absolute', 'equality', 'count_abstract']"
region,129,1,60,有两个部位一样长。,['有两个部位一样长'],有两个部位一样长,1,count_abstract,0,[],[],[],,unsupported,"['direct_absolute', 'equality', 'count_abstract']"
region,129,1,61,有两个部位一样长。,['有两个部位一样长'],有两个部位一样长,1,count_abstract,0,[],[],[],,unsupported,"['direct_absolute', 'equality', 'count_abstract']"
region,129,1,62,有两个部位一样长。,['有两个部位一样长'],有两个部位一样长,1,count_abstract,0,[],[],[],,unsupported,"['direct_absolute', 'equality', 'count_abstract']"
region,129,1,63,没有两个部位一样长。,['没有两个部位一样长'],没有两个部位一样长,1,count_abstract,0,[],[],[],,unsupported,"['direct_absolute', 'equality', 'count_abstract', 'negation']"
region,129,1,64,有两个部位一样长。,['有两个部位一样长'],有两个部位一样长,1,count_abstract,0,[],[],[],,unsupported,"['direct_absolute', 'equality', 'count_abstract']"
region,129,1,66,有两个部位一样长。,['有两个部位一样长'],有两个部位一样长,1,count_abstract,0,[],[],[],,unsupported,"['direct_absolute', 'equality', 'count_abstract']"
region,129,1,67,没有两个部位一样长。,['没有两个部位一样长'],没有两个部位一样长,1,count_abstract,0,[],[],[],,unsupported,"['direct_absolute', 'equality', 'count_abstract', 'negation']"
region,129,1,89,头在腿之上。,['头在腿之上'],头在腿之上,1,body_geometry,0,[],[],[],,unsupported,['other']
region,129,1,91,头在腿之上。,['头在腿之上'],头在腿之上,1,body_geometry,0,[],[],[],,unsupported,['other']
region,129,1,92,头在腿上。,['头在腿上'],头在腿上,1,other_unparsed,0,[],[],[],,unsupported,['other']
region,129,1,93,头在腿上。,['头在腿上'],头在腿上,1,other_unparsed,0,[],[],[],,unsupported,['other']
region,129,1,94,低头。,['低头'],低头,1,other_unparsed,0,[],[],[],,unsupported,['other']
region,129,1,95,低头。,['低头'],低头,1,other_unparsed,0,[],[],[],,unsupported,['other']
region,129,1,96,抬头。,['抬头'],抬头,1,other_unparsed,0,[],[],[],,unsupported,['other']
region,129,1,97,低头。,['低头'],低头,1,other_unparsed,0,[],[],[],,unsupported,['other']
region,129,1,98,低头。,['低头'],低头,1,other_unparsed,0,[],[],[],,unsupported,['other']
region,129,1,100,腿短，低头。,['低头'],低头,1,other_unparsed,1,['general_case'],"[[0.0, 0.0, 1.0, 0.0]]",[0.5],1.0,ok,['direct_absolute']
region,129,1,101,头在腿之上。,['头在腿之上'],头在腿之上,1,body_geometry,0,[],[],[],,unsupported,['other']
region,129,1,108,头在躯干之下。,['头在躯干之下'],头在躯干之下,1,body_geometry,0,[],[],[],,unsupported,['body_ref']
region,129,1,110,头在躯干之上。,['头在躯干之上'],头在躯干之上,1,body_geometry,0,[],[],[],,unsupported,['body_ref']
region,129,1,111,头在躯干之下。,['头在躯干之下'],头在躯干之下,1,body_geometry,0,[],[],[],,unsupported,['body_ref']
region,129,1,112,头在躯干之上。,['头在躯干之上'],头在躯干之上,1,body_geometry,0,[],[],[],,unsupported,['body_ref']
region,129,1,113,头在躯干之上。,['头在躯干之上'],头在躯干之上,1,body_geometry,0,[],[],[],,unsupported,['body_ref']
region,129,1,114,头在躯干之下。,['头在躯干之下'],头在躯干之下,1,body_geometry,0,[],[],[],,unsupported,['body_ref']
region,129,1,116,头在躯干之下。,['头在躯干之下'],头在躯干之下,1,body_geometry,0,[],[],[],,unsupported,['body_ref']
region,129,1,117,头在躯干之下。,['头在躯干之下'],头在躯干之下,1,body_geometry,0,[],[],[],,unsupported,['body_ref']
region,129,1,118,头在躯干之下。,['头在躯干之下'],头在躯干之下,1,body_geometry,0,[],[],[],,unsupported,['body_ref']
region,129,1,119,头在躯干之下。,['头在躯干之下'],头在躯干之下,1,body_geometry,0,[],[],[],,unsupported,['body_ref']
region,129,1,121,头在躯干之下。,['头在躯干之下'],头在躯干之下,1,body_geometry,0,[],[],[],,unsupported,['body_ref']
region,129,1,122,头在躯干之下。,['头在躯干之下'],头在躯干之下,1,body_geometry,0,[],[],[],,unsupported,['body_ref']
region,129,1,126,头在躯干之上。,['头在躯干之上'],头在躯干之上,1,body_geometry,0,[],[],[],,unsupported,['body_ref']
region,129,1,130,有一个部位比躯干长。,['有一个部位比躯干长'],有一个部位比躯干长,1,"count_abstract, body_geometry",0,[],[],[],,unsupported,"['direct_absolute', 'comparison', 'body_ref', 'count_abstract']"
region,129,1,131,有一个部位比躯干长。,['有一个部位比躯干长'],有一个部位比躯干长,1,"count_abstract, body_geometry",0,[],[],[],,unsupported,"['direct_absolute', 'comparison', 'body_ref', 'count_abstract']"
region,129,1,155,尾巴和脖子不一样长。,['尾巴和脖子不一样长'],尾巴和脖子不一样长,1,disjoint_inequality,0,[],[],[],,unsupported,"['direct_absolute', 'equality', 'negation']"
region,129,1,158,四个部位和躯干都不一样长。,['四个部位和躯干都不一样长'],四个部位和躯干都不一样长,1,"body_geometry, disjoint_inequality",0,[],[],[],,unsupported,"['direct_absolute', 'equality', 'body_ref', 'negation']"
region,129,1,159,四个部位和躯干都不一样长。,['四个部位和躯干都不一样长'],四个部位和躯干都不一样长,1,"body_geometry, disjoint_inequality",0,[],[],[],,unsupported,"['direct_absolute', 'equality', 'body_ref', 'negation']"
region,129,1,160,四个部位和躯干都不一样长。,['四个部位和躯干都不一样长'],四个部位和躯干都不一样长,1,"body_geometry, disjoint_inequality",0,[],[],[],,unsupported,"['direct_absolute', 'equality', 'body_ref', 'negation']"
region,129,1,165,脖子和尾巴不一样长。,['脖子和尾巴不一样长'],脖子和尾巴不一样长,1,disjoint_inequality,0,[],[],[],,unsupported,"['direct_absolute', 'equality', 'negation']"
region,129,1,166,脖子尾巴不一样长。,['脖子尾巴不一样长'],脖子尾巴不一样长,1,disjoint_inequality,0,[],[],[],,unsupported,"['direct_absolute', 'equality', 'negation']"
region,129,1,171,腿和躯干不一样长。,['腿和躯干不一样长'],腿和躯干不一样长,1,"body_geometry, disjoint_inequality",0,[],[],[],,unsupported,"['direct_absolute', 'equality', 'body_ref', 'negation']"
region,130,1,8,头和脖子都比腿短。,['头和脖子都比腿短'],头和脖子都比腿短,1,other_unparsed,0,[],[],[],,unsupported,"['direct_absolute', 'comparison']"
region,130,1,20,比例看起来不是很协调。,['比例看起来不是很协调'],比例看起来不是很协调,1,proportion_or_ratio,0,[],[],[],,unsupported,"['comparison', 'group_sum', 'negation']"
region,130,1,29,头身比例不协调。,['头身比例不协调'],头身比例不协调,1,proportion_or_ratio,0,[],[],[],,unsupported,"['comparison', 'group_sum']"
region,130,1,30,头身比例比较协调。,['头身比例比较协调'],头身比例比较协调,1,proportion_or_ratio,0,[],[],[],,unsupported,"['comparison', 'group_sum']"
region,130,1,31,头身比例比较协调。,['头身比例比较协调'],头身比例比较协调,1,proportion_or_ratio,0,[],[],[],,unsupported,"['comparison', 'group_sum']"
region,130,1,32,头身比例比较协调。,['头身比例比较协调'],头身比例比较协调,1,proportion_or_ratio,0,[],[],[],,unsupported,"['comparison', 'group_sum']"
region,130,1,33,头身比例比较协调。,['头身比例比较协调'],头身比例比较协调,1,proportion_or_ratio,0,[],[],[],,unsupported,"['comparison', 'group_sum']"
region,130,1,34,头身比例不协调。,['头身比例不协调'],头身比例不协调,1,proportion_or_ratio,0,[],[],[],,unsupported,"['comparison', 'group_sum']"
region,130,1,35,头身比例不协调。,['头身比例不协调'],头身比例不协调,1,proportion_or_ratio,0,[],[],[],,unsupported,"['comparison', 'group_sum']"
region,130,1,36,头身比例比较协调。,['头身比例比较协调'],头身比例比较协调,1,proportion_or_ratio,0,[],[],[],,unsupported,"['comparison', 'group_sum']"
region,130,1,37,头身比例不协调。,['头身比例不协调'],头身比例不协调,1,proportion_or_ratio,0,[],[],[],,unsupported,"['comparison', 'group_sum']"
region,130,1,113,像爬行类的动物。,['像爬行类的动物'],像爬行类的动物,1,other_unparsed,0,[],[],[],,unsupported,['other']
region,130,1,114,像爬行类的动物。,['像爬行类的动物'],像爬行类的动物,1,other_unparsed,0,[],[],[],,unsupported,['other']
region,130,1,122,像直立行走的动物。,['像直立行走的动物'],像直立行走的动物,1,other_unparsed,0,[],[],[],,unsupported,['other']
region,130,1,180,腿和尾巴都比脖子长。,['腿和尾巴都比脖子长'],腿和尾巴都比脖子长,1,other_unparsed,0,[],[],[],,unsupported,"['direct_absolute', 'comparison']"
region,130,1,184,头和尾巴都比脖子长。,['头和尾巴都比脖子长'],头和尾巴都比脖子长,1,other_unparsed,0,[],[],[],,unsupported,"['direct_absolute', 'comparison']"
region,130,1,244,腿和尾巴都比脖子长。,['腿和尾巴都比脖子长'],腿和尾巴都比脖子长,1,other_unparsed,0,[],[],[],,unsupported,"['direct_absolute', 'comparison']"
region,130,1,245,腿和尾巴都比脖子长。,['腿和尾巴都比脖子长'],腿和尾巴都比脖子长,1,other_unparsed,0,[],[],[],,unsupported,"['direct_absolute', 'comparison']"
region,130,1,248,腿和尾巴都比脖子长。,['腿和尾巴都比脖子长'],腿和尾巴都比脖子长,1,other_unparsed,0,[],[],[],,unsupported,"['direct_absolute', 'comparison']"
region,130,1,250,腿和尾巴都比脖子长。,['腿和尾巴都比脖子长'],腿和尾巴都比脖子长,1,other_unparsed,0,[],[],[],,unsupported,"['direct_absolute', 'comparison']"
region,130,1,252,腿和尾巴都比脖子长。,['腿和尾巴都比脖子长'],腿和尾巴都比脖子长,1,other_unparsed,0,[],[],[],,unsupported,"['direct_absolute', 'comparison']"
region,130,1,253,腿和尾巴都比脖子长。,['腿和尾巴都比脖子长'],腿和尾巴都比脖子长,1,other_unparsed,0,[],[],[],,unsupported,"['direct_absolute', 'comparison']"
region,130,1,256,腿和尾巴都比脖子长。,['腿和尾巴都比脖子长'],腿和尾巴都比脖子长,1,other_unparsed,0,[],[],[],,unsupported,"['direct_absolute', 'comparison']"
region,130,1,258,腿和尾巴都比脖子长。,['腿和尾巴都比脖子长'],腿和尾巴都比脖子长,1,other_unparsed,0,[],[],[],,unsupported,"['direct_absolute', 'comparison']"
region,130,1,260,腿和尾巴都比脖子长。,['腿和尾巴都比脖子长'],腿和尾巴都比脖子长,1,other_unparsed,0,[],[],[],,unsupported,"['direct_absolute', 'comparison']"
region,130,1,261,腿和尾巴都比脖子长。,['腿和尾巴都比脖子长'],腿和尾巴都比脖子长,1,other_unparsed,0,[],[],[],,unsupported,"['direct_absolute', 'comparison']"
region,130,1,262,腿和尾巴都比脖子长。,['腿和尾巴都比脖子长'],腿和尾巴都比脖子长,1,other_unparsed,0,[],[],[],,unsupported,"['direct_absolute', 'comparison']"
region,130,1,264,腿和尾巴都比脖子长。,['腿和尾巴都比脖子长'],腿和尾巴都比脖子长,1,other_unparsed,0,[],[],[],,unsupported,"['direct_absolute', 'comparison']"
region,130,1,268,腿和尾巴都比脖子长。,['腿和尾巴都比脖子长'],腿和尾巴都比脖子长,1,other_unparsed,0,[],[],[],,unsupported,"['direct_absolute', 'comparison']"
region,130,1,269,腿和尾巴都比脖子长。,['腿和尾巴都比脖子长'],腿和尾巴都比脖子长,1,other_unparsed,0,[],[],[],,unsupported,"['direct_absolute', 'comparison']"
region,130,1,272,腿和尾巴都比脖子长。,['腿和尾巴都比脖子长'],腿和尾巴都比脖子长,1,other_unparsed,0,[],[],[],,unsupported,"['direct_absolute', 'comparison']"
region,130,1,276,腿和尾巴都比脖子短。,['腿和尾巴都比脖子短'],腿和尾巴都比脖子短,1,other_unparsed,0,[],[],[],,unsupported,"['direct_absolute', 'comparison']"
region,130,1,280,尾巴和腿都比脖子短。,['尾巴和腿都比脖子短'],尾巴和腿都比脖子短,1,other_unparsed,0,[],[],[],,unsupported,"['direct_absolute', 'comparison']"
region,130,1,281,尾巴和腿都比脖子短。,['尾巴和腿都比脖子短'],尾巴和腿都比脖子短,1,other_unparsed,0,[],[],[],,unsupported,"['direct_absolute', 'comparison']"
region,130,1,282,尾巴和腿都比脖子短。,['尾巴和腿都比脖子短'],尾巴和腿都比脖子短,1,other_unparsed,0,[],[],[],,unsupported,"['direct_absolute', 'comparison']"
region,130,1,284,尾巴和腿都比脖子短。,['尾巴和腿都比脖子短'],尾巴和腿都比脖子短,1,other_unparsed,0,[],[],[],,unsupported,"['direct_absolute', 'comparison']"
region,130,1,285,尾巴和腿都比脖子短。,['尾巴和腿都比脖子短'],尾巴和腿都比脖子短,1,other_unparsed,0,[],[],[],,unsupported,"['direct_absolute', 'comparison']"
region,130,1,288,腿和尾巴都比脖子短。,['腿和尾巴都比脖子短'],腿和尾巴都比脖子短,1,other_unparsed,0,[],[],[],,unsupported,"['direct_absolute', 'comparison']"
region,131,1,15,体型看上去很大，各个部位都很长。,['体型看上去很大'],体型看上去很大,1,vague_size,4,['universal_quantifier'],"[[-1.0, 0.0, 0.0, 0.0], [0.0, -1.0, 0.0, 0.0], [0.0, 0.0, -1.0, 0.0], [0.0, 0.0, 0.0, -1.0]]","[-0.5, -0.5, -0.5, -0.5]",1.0,ok,['direct_absolute']
region,131,1,24,朝左侧，尾巴很短。,['朝左侧'],朝左侧,1,other_unparsed,1,['general_case'],"[[0.0, 0.0, 0.0, 1.0]]",[0.5],1.0,ok,['direct_absolute']
region,131,1,25,尾巴很长，朝右侧。,['朝右侧'],朝右侧,1,other_unparsed,1,['general_case'],"[[0.0, 0.0, 0.0, -1.0]]",[-0.5],1.0,ok,['direct_absolute']
region,131,1,27,朝左边。,['朝左边'],朝左边,1,other_unparsed,0,[],[],[],,unsupported,['other']
region,131,1,41,腿比头长，朝左边。,['朝左边'],朝左边,1,other_unparsed,1,['comparison'],"[[0.0, 1.0, -1.0, 0.0]]",[-0.0],1.0,ok,"['direct_absolute', 'comparison']"
region,131,1,42,腿比头长，朝右边。,['朝右边'],朝右边,1,other_unparsed,1,['comparison'],"[[0.0, 1.0, -1.0, 0.0]]",[-0.0],1.0,ok,"['direct_absolute', 'comparison']"
region,131,1,43,腿比头短，朝左边。,['朝左边'],朝左边,1,other_unparsed,1,['comparison'],"[[0.0, -1.0, 1.0, 0.0]]",[-0.0],0.0,mismatch,"['direct_absolute', 'comparison']"
region,131,1,47,腿比头长，朝右边。,['朝右边'],朝右边,1,other_unparsed,1,['comparison'],"[[0.0, 1.0, -1.0, 0.0]]",[-0.0],1.0,ok,"['direct_absolute', 'comparison']"
region,131,1,48,腿比头短，朝右边。,['朝右边'],朝右边,1,other_unparsed,1,['comparison'],"[[0.0, -1.0, 1.0, 0.0]]",[-0.0],1.0,ok,"['direct_absolute', 'comparison']"
region,131,1,51,朝左边。,['朝左边'],朝左边,1,other_unparsed,0,[],[],[],,unsupported,['other']
region,131,1,52,朝右边。,['朝右边'],朝右边,1,other_unparsed,0,[],[],[],,unsupported,['other']
region,131,1,53,朝左边。,['朝左边'],朝左边,1,other_unparsed,0,[],[],[],,unsupported,['other']
region,131,1,54,朝右边。,['朝右边'],朝右边,1,other_unparsed,0,[],[],[],,unsupported,['other']
region,131,1,55,朝右边，腿长。,['朝右边'],朝右边,1,other_unparsed,1,['general_case'],"[[0.0, 0.0, -1.0, 0.0]]",[-0.5],1.0,ok,['direct_absolute']
region,131,1,56,朝左边，头长。,['朝左边'],朝左边,1,other_unparsed,1,['general_case'],"[[0.0, -1.0, 0.0, 0.0]]",[-0.5],1.0,ok,['direct_absolute']
region,131,1,57,朝左边，腿长，头长。,['朝左边'],朝左边,1,other_unparsed,2,"['general_case', 'general_case']","[[0.0, 0.0, -1.0, 0.0], [0.0, -1.0, 0.0, 0.0]]","[-0.5, -0.5]",0.5,mismatch,['direct_absolute']
region,131,1,63,腿短，不均匀。,['不均匀'],不均匀,1,global_balance,1,['general_case'],"[[0.0, 0.0, 1.0, 0.0]]",[0.5],1.0,ok,"['direct_absolute', 'equality']"
region,131,1,64,各部位分布均匀，都很长。,['都很长'],都很长,1,other_unparsed,12,['equality'],"[[1.0, -1.0, 0.0, 0.0], [-1.0, 1.0, 0.0, 0.0], [1.0, 0.0, -1.0, 0.0], [-1.0, 0.0, 1.0, 0.0], [1.0, 0.0, 0.0, -1.0], [-1.0, 0.0, 0.0, 1.0], [0.0, 1.0, -1.0, 0.0], [0.0, -1.0, 1.0, 0.0], [0.0, 1.0, 0.0, -1.0], [0.0, -1.0, 0.0, 1.0], [0.0, 0.0, 1.0, -1.0], [0.0, 0.0, -1.0, 1.0]]","[0.1, 0.1, 0.1, 0.1, 0.1, 0.1, 0.1, 0.1, 0.1, 0.1, 0.1, 0.1]",0.0,mismatch,"['direct_absolute', 'equality']"
region,131,1,65,它像一个小型的动物。,['它像一个小型的动物'],它像一个小型的动物,1,other_unparsed,0,[],[],[],,unsupported,['other']
region,131,1,66,它像一个大型的动物。,['它像一个大型的动物'],它像一个大型的动物,1,other_unparsed,0,[],[],[],,unsupported,['other']
region,131,1,67,它像一个小型的动物。,['它像一个小型的动物'],它像一个小型的动物,1,other_unparsed,0,[],[],[],,unsupported,['other']
region,131,1,68,头长，腿很长，分布均匀。,['分布均匀'],分布均匀,1,global_balance,2,"['general_case', 'general_case']","[[0.0, -1.0, 0.0, 0.0], [0.0, 0.0, -1.0, 0.0]]","[-0.5, -0.5]",0.0,mismatch,"['direct_absolute', 'equality']"
region,131,1,69,体型比较大且分布均匀。,['体型比较大且分布均匀'],体型比较大且分布均匀,1,"global_balance, vague_size",0,[],[],[],,unsupported,"['comparison', 'equality']"
region,131,1,70,体型分布的不均匀。,['体型分布的不均匀'],体型分布的不均匀,1,"global_balance, vague_size",0,[],[],[],,unsupported,['equality']
region,131,1,71,体型分布的不均匀。,['体型分布的不均匀'],体型分布的不均匀,1,"global_balance, vague_size",0,[],[],[],,unsupported,['equality']
region,131,1,72,体型分布的还算均匀，头很长。,['体型分布的还算均匀'],体型分布的还算均匀,1,"global_balance, vague_size",1,['general_case'],"[[0.0, -1.0, 0.0, 0.0]]",[-0.5],1.0,ok,"['direct_absolute', 'equality']"
region,131,1,73,腿很长，分布得很均匀。,['分布得很均匀'],分布得很均匀,1,global_balance,1,['general_case'],"[[0.0, 0.0, -1.0, 0.0]]",[-0.5],1.0,ok,"['direct_absolute', 'equality']"
region,131,1,74,体型分布的很均匀。,['体型分布的很均匀'],体型分布的很均匀,1,"global_balance, vague_size",0,[],[],[],,unsupported,['equality']
region,131,1,75,体型分布的很均匀。,['体型分布的很均匀'],体型分布的很均匀,1,"global_balance, vague_size",0,[],[],[],,unsupported,['equality']
region,131,1,76,体型分布得很均匀。,['体型分布得很均匀'],体型分布得很均匀,1,"global_balance, vague_size",0,[],[],[],,unsupported,['equality']
region,131,1,77,体型分布的很均匀。,['体型分布的很均匀'],体型分布的很均匀,1,"global_balance, vague_size",0,[],[],[],,unsupported,['equality']
region,131,1,79,体型分布的不均匀。,['体型分布的不均匀'],体型分布的不均匀,1,"global_balance, vague_size",0,[],[],[],,unsupported,['equality']
region,131,1,80,体型分布得不均匀。,['体型分布得不均匀'],体型分布得不均匀,1,"global_balance, vague_size",0,[],[],[],,unsupported,['equality']
region,131,1,81,体型分布的不均匀。,['体型分布的不均匀'],体型分布的不均匀,1,"global_balance, vague_size",0,[],[],[],,unsupported,['equality']
region,131,1,82,体型分布的不均匀，且方向是朝左。,"['体型分布的不均匀', '且方向是朝左']",体型分布的不均匀；且方向是朝左,2,"global_balance, vague_size",0,[],[],[],,unsupported,['equality']
region,131,1,83,腿很长，个子很高。,['个子很高'],个子很高,1,other_unparsed,1,['general_case'],"[[0.0, 0.0, -1.0, 0.0]]",[-0.5],1.0,ok,['direct_absolute']
region,131,1,84,腿很长，尾巴很短，像一条狗。,['像一条狗'],像一条狗,1,other_unparsed,2,"['general_case', 'general_case']","[[0.0, 0.0, -1.0, 0.0], [0.0, 0.0, 0.0, 1.0]]","[-0.5, 0.5]",1.0,ok,['direct_absolute']
region,131,1,130,尾巴长，腿短，是个大型动物。,['是个大型动物'],是个大型动物,1,other_unparsed,2,"['general_case', 'general_case']","[[0.0, 0.0, 0.0, -1.0], [0.0, 0.0, 1.0, 0.0]]","[-0.5, 0.5]",0.5,mismatch,['direct_absolute']
region,131,1,131,是个大型动物。,['是个大型动物'],是个大型动物,1,other_unparsed,0,[],[],[],,unsupported,['other']
region,132,1,93,尾巴不是最长的。,['尾巴不是最长的'],尾巴不是最长的,1,other_unparsed,0,[],[],[],,unsupported,"['direct_absolute', 'superlative', 'negation']"
region,132,1,118,尾巴不是最短的。,['尾巴不是最短的'],尾巴不是最短的,1,other_unparsed,0,[],[],[],,unsupported,"['direct_absolute', 'superlative', 'negation']"
region,132,1,144,尾巴不是最短的。,['尾巴不是最短的'],尾巴不是最短的,1,other_unparsed,0,[],[],[],,unsupported,"['direct_absolute', 'superlative', 'negation']"
region,132,1,145,尾巴不是最短的。,['尾巴不是最短的'],尾巴不是最短的,1,other_unparsed,0,[],[],[],,unsupported,"['direct_absolute', 'superlative', 'negation']"
region,132,1,146,尾巴不是最短的。,['尾巴不是最短的'],尾巴不是最短的,1,other_unparsed,0,[],[],[],,unsupported,"['direct_absolute', 'superlative', 'negation']"
region,132,1,147,尾巴不是最短的。,['尾巴不是最短的'],尾巴不是最短的,1,other_unparsed,0,[],[],[],,unsupported,"['direct_absolute', 'superlative', 'negation']"
region,132,1,149,尾巴不是最短的。,['尾巴不是最短的'],尾巴不是最短的,1,other_unparsed,0,[],[],[],,unsupported,"['direct_absolute', 'superlative', 'negation']"
region,132,1,151,尾巴不是最短的。,['尾巴不是最短的'],尾巴不是最短的,1,other_unparsed,0,[],[],[],,unsupported,"['direct_absolute', 'superlative', 'negation']"
region,132,1,152,尾巴不是最长的。,['尾巴不是最长的'],尾巴不是最长的,1,other_unparsed,0,[],[],[],,unsupported,"['direct_absolute', 'superlative', 'negation']"
region,132,1,153,尾巴不是最长的。,['尾巴不是最长的'],尾巴不是最长的,1,other_unparsed,0,[],[],[],,unsupported,"['direct_absolute', 'superlative', 'negation']"
region,132,1,154,尾巴不是最短的。,['尾巴不是最短的'],尾巴不是最短的,1,other_unparsed,0,[],[],[],,unsupported,"['direct_absolute', 'superlative', 'negation']"
region,132,2,14,尾巴短于某个数值。,['尾巴短于某个数值'],尾巴短于某个数值,1,other_unparsed,0,[],[],[],,unsupported,"['direct_absolute', 'comparison']"
region,132,2,15,尾巴短于某个数值。,['尾巴短于某个数值'],尾巴短于某个数值,1,other_unparsed,0,[],[],[],,unsupported,"['direct_absolute', 'comparison']"
region,132,2,16,尾巴长于某个数值。,['尾巴长于某个数值'],尾巴长于某个数值,1,other_unparsed,0,[],[],[],,unsupported,"['direct_absolute', 'comparison']"
region,202,1,209,选错了。,['选错了'],选错了,1,meta_or_uncertain,0,[],[],[],,meta,['meta']
region,203,1,15,身体各个部位都很匀称。,['身体各个部位都很匀称'],身体各个部位都很匀称,1,"body_geometry, global_balance",0,[],[],[],,unsupported,['body_ref']
region,203,1,30,腿很长，颈部也很短。,['颈部也很短'],颈部也很短,1,other_unparsed,1,['general_case'],"[[0.0, 0.0, -1.0, 0.0]]",[-0.5],1.0,ok,['direct_absolute']
region,203,1,37,腿很长，头很短，脖子和尾巴长度对称。,['脖子和尾巴长度对称'],脖子和尾巴长度对称,1,other_unparsed,2,"['general_case', 'general_case']","[[0.0, 0.0, -1.0, 0.0], [0.0, 1.0, 0.0, 0.0]]","[-0.5, 0.5]",1.0,ok,['direct_absolute']
region,203,1,97,头和尾巴均长于脖子，腿很短。,['头和尾巴均长于脖子'],头和尾巴均长于脖子,1,other_unparsed,1,['general_case'],"[[0.0, 0.0, 1.0, 0.0]]",[0.5],1.0,ok,"['direct_absolute', 'comparison']"
region,203,1,109,脖子长于头和尾巴，但都它们都很长，腿很短。,['但都它们都很长'],但都它们都很长,1,other_unparsed,3,"['comparison', 'general_case']","[[-1.0, 1.0, 0.0, 0.0], [-1.0, 0.0, 0.0, 1.0], [0.0, 0.0, 1.0, 0.0]]","[-0.0, -0.0, 0.5]",1.0,ok,"['direct_absolute', 'comparison']"
region,203,1,137,头和尾巴很长，长于脖子，长于腿。,"['长于脖子', '长于腿']",长于脖子；长于腿,2,other_unparsed,2,['general_case'],"[[0.0, -1.0, 0.0, 0.0], [0.0, 0.0, 0.0, -1.0]]","[-0.5, -0.5]",1.0,ok,"['direct_absolute', 'comparison']"
region,203,1,155,尾巴很长，头最短，躯干中等。,['躯干中等'],躯干中等,1,body_geometry,4,"['general_case', 'superlative', 'superlative', 'superlative']","[[0.0, 0.0, 0.0, -1.0], [-1.0, 1.0, 0.0, 0.0], [0.0, 1.0, -1.0, 0.0], [0.0, 1.0, 0.0, -1.0]]","[-0.5, -0.0, -0.0, -0.0]",1.0,ok,"['direct_absolute', 'superlative', 'body_ref']"
region,203,1,303,腿很长，尾巴很短，体很长，体中等。,"['体很长', '体中等']",体很长；体中等,2,other_unparsed,2,"['general_case', 'general_case']","[[0.0, 0.0, -1.0, 0.0], [0.0, 0.0, 0.0, 1.0]]","[-0.5, 0.5]",1.0,ok,['direct_absolute']
region,203,2,28,所有部位都中等偏长，中等偏短。,['中等偏短'],中等偏短,1,other_unparsed,4,['universal_quantifier'],"[[-1.0, 0.0, 0.0, 0.0], [0.0, -1.0, 0.0, 0.0], [0.0, 0.0, -1.0, 0.0], [0.0, 0.0, 0.0, -1.0]]","[-0.5, -0.5, -0.5, -0.5]",0.5,mismatch,['direct_absolute']
region,203,2,112,选错了。,['选错了'],选错了,1,meta_or_uncertain,0,[],[],[],,meta,['meta']
region,204,1,1,头、脖子、尾巴都很长，腿比它们稍微短一点。,['腿比它们稍微短一点'],腿比它们稍微短一点,1,other_unparsed,3,['general_case'],"[[0.0, -1.0, 0.0, 0.0], [-1.0, 0.0, 0.0, 0.0], [0.0, 0.0, 0.0, -1.0]]","[-0.5, -0.5, -0.5]",1.0,ok,"['direct_absolute', 'comparison']"
region,204,1,113,头和尾巴都比脖子长。,['头和尾巴都比脖子长'],头和尾巴都比脖子长,1,other_unparsed,0,[],[],[],,unsupported,"['direct_absolute', 'comparison']"
region,204,1,130,四个部位几乎一样长，都挺长。,['都挺长'],都挺长,1,other_unparsed,12,['equality'],"[[1.0, -1.0, 0.0, 0.0], [-1.0, 1.0, 0.0, 0.0], [1.0, 0.0, -1.0, 0.0], [-1.0, 0.0, 1.0, 0.0], [1.0, 0.0, 0.0, -1.0], [-1.0, 0.0, 0.0, 1.0], [0.0, 1.0, -1.0, 0.0], [0.0, -1.0, 1.0, 0.0], [0.0, 1.0, 0.0, -1.0], [0.0, -1.0, 0.0, 1.0], [0.0, 0.0, 1.0, -1.0], [0.0, 0.0, -1.0, 1.0]]","[0.1, 0.1, 0.1, 0.1, 0.1, 0.1, 0.1, 0.1, 0.1, 0.1, 0.1, 0.1]",0.0,mismatch,"['direct_absolute', 'equality']"
region,204,1,159,脖子很长，头很小。,['头很小'],头很小,1,vague_size,1,['general_case'],"[[-1.0, 0.0, 0.0, 0.0]]",[-0.5],1.0,ok,['direct_absolute']
region,204,1,179,头很小，尾巴很长，脖子也很长。,['头很小'],头很小,1,vague_size,2,"['general_case', 'general_case']","[[0.0, 0.0, 0.0, -1.0], [-1.0, 0.0, 0.0, 0.0]]","[-0.5, -0.5]",1.0,ok,['direct_absolute']
region,204,1,186,头和尾巴比较短，脖子和腿长，选错了。,['选错了'],选错了,1,meta_or_uncertain,4,"['general_case', 'general_case']","[[0.0, 1.0, 0.0, 0.0], [0.0, 0.0, 0.0, 1.0], [-1.0, 0.0, 0.0, 0.0], [0.0, 0.0, -1.0, 0.0]]","[0.5, 0.5, -0.5, -0.5]",0.75,mismatch,"['meta', 'direct_absolute', 'comparison']"
region,204,1,187,尾巴相当短，腿相当长。,['腿相当长'],腿相当长,1,global_balance,1,['general_case'],"[[0.0, 0.0, 0.0, 1.0]]",[0.5],1.0,ok,"['direct_absolute', 'equality']"
region,204,1,203,四个部位都比较长，长度都差不多。,['长度都差不多'],长度都差不多,1,global_balance,4,['universal_quantifier'],"[[-1.0, 0.0, 0.0, 0.0], [0.0, -1.0, 0.0, 0.0], [0.0, 0.0, -1.0, 0.0], [0.0, 0.0, 0.0, -1.0]]","[-0.5, -0.5, -0.5, -0.5]",1.0,ok,"['direct_absolute', 'comparison', 'equality']"
region,204,1,223,头比尾巴长，脖子也比尾巴长。,['脖子也比尾巴长'],脖子也比尾巴长,1,other_unparsed,1,['comparison'],"[[0.0, -1.0, 0.0, 1.0]]",[-0.0],1.0,ok,"['direct_absolute', 'comparison']"
region,204,1,241,头很长，腿差不多正好。,['腿差不多正好'],腿差不多正好,1,other_unparsed,1,['general_case'],"[[0.0, -1.0, 0.0, 0.0]]",[-0.5],1.0,ok,"['direct_absolute', 'equality']"
region,204,1,259,尾巴不比脖子长。,['尾巴不比脖子长'],尾巴不比脖子长,1,other_unparsed,0,[],[],[],,unsupported,"['direct_absolute', 'comparison']"
region,204,1,276,头短，脖子长，脖子和躯干差不多。,['脖子和躯干差不多'],脖子和躯干差不多,1,"body_geometry, global_balance",2,"['general_case', 'general_case']","[[0.0, 1.0, 0.0, 0.0], [-1.0, 0.0, 0.0, 0.0]]","[0.5, -0.5]",1.0,ok,"['direct_absolute', 'equality', 'body_ref']"
region,204,1,311,头长，腿长，很均衡。,['很均衡'],很均衡,1,global_balance,2,"['general_case', 'general_case']","[[0.0, -1.0, 0.0, 0.0], [0.0, 0.0, -1.0, 0.0]]","[-0.5, -0.5]",1.0,ok,"['direct_absolute', 'equality']"
region,204,2,91,头短，脖子差不多刚好。,['脖子差不多刚好'],脖子差不多刚好,1,other_unparsed,1,['general_case'],"[[0.0, 1.0, 0.0, 0.0]]",[0.5],1.0,ok,"['direct_absolute', 'equality']"
region,205,1,126,头、脖子和腿，差不多长。,"['头、脖子和腿', '差不多长']",头、脖子和腿；差不多长,2,global_balance,0,[],[],[],,unsupported,"['direct_absolute', 'equality']"
region,205,2,224,腿，头最长。,['腿'],腿,1,other_unparsed,3,"['superlative', 'superlative', 'superlative']","[[1.0, -1.0, 0.0, 0.0], [0.0, -1.0, 1.0, 0.0], [0.0, -1.0, 0.0, 1.0]]","[-0.0, -0.0, -0.0]",1.0,ok,"['direct_absolute', 'superlative']"
region,205,2,235,腿，尾巴最长。,['腿'],腿,1,other_unparsed,3,"['superlative', 'superlative', 'superlative']","[[1.0, 0.0, 0.0, -1.0], [0.0, 1.0, 0.0, -1.0], [0.0, 0.0, 1.0, -1.0]]","[-0.0, -0.0, -0.0]",0.6666666666666666,mismatch,"['direct_absolute', 'superlative']"
region,205,3,7,腿，脖子最长。,['腿'],腿,1,other_unparsed,3,"['superlative', 'superlative', 'superlative']","[[-1.0, 1.0, 0.0, 0.0], [-1.0, 0.0, 1.0, 0.0], [-1.0, 0.0, 0.0, 1.0]]","[-0.0, -0.0, -0.0]",0.6666666666666666,mismatch,"['direct_absolute', 'superlative']"
region,206,1,8,脖子很短，腿、尾巴，头很长。,['腿、尾巴'],腿、尾巴,1,other_unparsed,2,"['general_case', 'general_case']","[[1.0, 0.0, 0.0, 0.0], [0.0, -1.0, 0.0, 0.0]]","[0.5, -0.5]",0.5,mismatch,['direct_absolute']
region,206,1,27,头和脖子。,['头和脖子'],头和脖子,1,other_unparsed,0,[],[],[],,unsupported,['other']
region,206,1,92,短长。,['短长'],短长,1,other_unparsed,0,[],[],[],,unsupported,['direct_absolute']
region,206,1,101,较为等长。,['较为等长'],较为等长,1,other_unparsed,0,[],[],[],,unsupported,"['direct_absolute', 'equality']"
region,206,1,158,较为均衡。,['较为均衡'],较为均衡,1,global_balance,0,[],[],[],,unsupported,['equality']
region,206,2,7,头和尾巴比较长，尾巴，腿比较短，脖子也很长。,['尾巴'],尾巴,1,other_unparsed,4,"['general_case', 'general_case', 'general_case']","[[0.0, -1.0, 0.0, 0.0], [0.0, 0.0, 0.0, -1.0], [0.0, 0.0, 1.0, 0.0], [-1.0, 0.0, 0.0, 0.0]]","[-0.5, -0.5, 0.5, -0.5]",0.5,mismatch,"['direct_absolute', 'comparison']"
region,206,2,51,头和脖子都比腿短。,['头和脖子都比腿短'],头和脖子都比腿短,1,other_unparsed,0,[],[],[],,unsupported,"['direct_absolute', 'comparison']"
region,206,2,64,像食蚁兽，脖子很长。,['像食蚁兽'],像食蚁兽,1,other_unparsed,1,['general_case'],"[[-1.0, 0.0, 0.0, 0.0]]",[-0.5],0.0,mismatch,['direct_absolute']
region,206,2,65,腿比较短，像小狗。,['像小狗'],像小狗,1,other_unparsed,1,['general_case'],"[[0.0, 0.0, 1.0, 0.0]]",[0.5],1.0,ok,"['direct_absolute', 'comparison']"
region,206,2,86,像小狗一样。,['像小狗一样'],像小狗一样,1,other_unparsed,0,[],[],[],,unsupported,['equality']
region,206,2,92,像食蚁兽。,['像食蚁兽'],像食蚁兽,1,other_unparsed,0,[],[],[],,unsupported,['other']
region,206,2,144,像小狗。,['像小狗'],像小狗,1,other_unparsed,0,[],[],[],,unsupported,['other']
region,206,3,35,脖子比头长，腿也比尾巴长。,['腿也比尾巴长'],腿也比尾巴长,1,other_unparsed,1,['comparison'],"[[-1.0, 1.0, 0.0, 0.0]]",[-0.0],1.0,ok,"['direct_absolute', 'comparison']"
region,206,3,37,脖子比头长，腿也比尾巴长。,['腿也比尾巴长'],腿也比尾巴长,1,other_unparsed,1,['comparison'],"[[-1.0, 1.0, 0.0, 0.0]]",[-0.0],1.0,ok,"['direct_absolute', 'comparison']"
region,206,3,82,脖子比头短，腿也比尾巴短。,['腿也比尾巴短'],腿也比尾巴短,1,other_unparsed,1,['comparison'],"[[1.0, -1.0, 0.0, 0.0]]",[-0.0],1.0,ok,"['direct_absolute', 'comparison']"
region,206,3,85,脖子比头短，腿也比尾巴短。,['腿也比尾巴短'],腿也比尾巴短,1,other_unparsed,1,['comparison'],"[[1.0, -1.0, 0.0, 0.0]]",[-0.0],1.0,ok,"['direct_absolute', 'comparison']"
region,206,3,127,腿和脖子，腿比较短，脖子比较长，头比较短。,['腿和脖子'],腿和脖子,1,other_unparsed,3,"['general_case', 'general_case', 'general_case']","[[0.0, 0.0, 1.0, 0.0], [-1.0, 0.0, 0.0, 0.0], [0.0, 1.0, 0.0, 0.0]]","[0.5, -0.5, 0.5]",1.0,ok,"['direct_absolute', 'comparison']"
region,206,3,184,脖子很长，比头长，腿比尾巴长。,['比头长'],比头长,1,other_unparsed,2,"['general_case', 'comparison']","[[-1.0, 0.0, 0.0, 0.0], [0.0, 0.0, -1.0, 1.0]]","[-0.5, -0.0]",0.5,mismatch,"['direct_absolute', 'comparison']"
region,206,3,281,脖子和头比，脖子很短，腿比尾巴要长。,['脖子和头比'],脖子和头比,1,other_unparsed,2,"['general_case', 'comparison']","[[1.0, 0.0, 0.0, 0.0], [0.0, 0.0, -1.0, 1.0]]","[0.5, -0.0]",1.0,ok,"['direct_absolute', 'comparison']"
region,206,3,305,脖子比头略长，腿比尾巴略长，它们都很长。,['它们都很长'],它们都很长,1,other_unparsed,2,"['comparison', 'comparison']","[[-1.0, 1.0, 0.0, 0.0], [0.0, 0.0, -1.0, 1.0]]","[-0.0, -0.0]",0.5,mismatch,"['direct_absolute', 'comparison']"
region,206,4,32,头明显比脖子长，腿和尾巴都很长。,['头明显比脖子长'],头明显比脖子长,1,other_unparsed,2,['general_case'],"[[0.0, 0.0, -1.0, 0.0], [0.0, 0.0, 0.0, -1.0]]","[-0.5, -0.5]",0.5,mismatch,"['direct_absolute', 'comparison']"
region,206,4,74,头和脖子都比较小，腿很长。,['头和脖子都比较小'],头和脖子都比较小,1,vague_size,1,['general_case'],"[[0.0, 0.0, -1.0, 0.0]]",[-0.5],1.0,ok,"['direct_absolute', 'comparison']"
region,206,5,119,腿很短，头和脖子，较为长。,"['头和脖子', '较为长']",头和脖子；较为长,2,other_unparsed,1,['general_case'],"[[0.0, 0.0, 1.0, 0.0]]",[0.5],1.0,ok,['direct_absolute']
region,207,1,8,四个部位长度相仿。,['四个部位长度相仿'],四个部位长度相仿,1,other_unparsed,0,[],[],[],,unsupported,['direct_absolute']
region,207,1,34,尾巴最长，其他三个部位一样长，都比较长。,['都比较长'],都比较长,1,other_unparsed,9,"['superlative', 'superlative', 'superlative', 'equality']","[[1.0, 0.0, 0.0, -1.0], [0.0, 1.0, 0.0, -1.0], [0.0, 0.0, 1.0, -1.0], [1.0, -1.0, 0.0, 0.0], [-1.0, 1.0, 0.0, 0.0], [1.0, 0.0, -1.0, 0.0], [-1.0, 0.0, 1.0, 0.0], [0.0, 1.0, -1.0, 0.0], [0.0, -1.0, 1.0, 0.0]]","[-0.0, -0.0, -0.0, 0.1, 0.1, 0.1, 0.1, 0.1, 0.1]",0.75,mismatch,"['direct_absolute', 'superlative', 'comparison', 'equality', 'count_abstract']"
region,207,1,40,头和脖子一样长，都是最长的，其他两个比较短。,['都是最长的'],都是最长的,1,other_unparsed,4,"['equality', 'complement']","[[-1.0, 1.0, 0.0, 0.0], [1.0, -1.0, 0.0, 0.0], [0.0, 0.0, 1.0, 0.0], [0.0, 0.0, 0.0, 1.0]]","[0.1, 0.1, 0.5, 0.5]",1.0,ok,"['direct_absolute', 'superlative', 'comparison', 'equality']"
region,207,1,63,四个部位长度差不多，都比较长。,['都比较长'],都比较长,1,other_unparsed,12,['equality'],"[[1.0, -1.0, 0.0, 0.0], [-1.0, 1.0, 0.0, 0.0], [1.0, 0.0, -1.0, 0.0], [-1.0, 0.0, 1.0, 0.0], [1.0, 0.0, 0.0, -1.0], [-1.0, 0.0, 0.0, 1.0], [0.0, 1.0, -1.0, 0.0], [0.0, -1.0, 1.0, 0.0], [0.0, 1.0, 0.0, -1.0], [0.0, -1.0, 0.0, 1.0], [0.0, 0.0, 1.0, -1.0], [0.0, 0.0, -1.0, 1.0]]","[0.1, 0.1, 0.1, 0.1, 0.1, 0.1, 0.1, 0.1, 0.1, 0.1, 0.1, 0.1]",0.0,mismatch,"['direct_absolute', 'comparison', 'equality']"
region,207,1,101,四个部位都比较长，长度接近。,['长度接近'],长度接近,1,other_unparsed,4,['universal_quantifier'],"[[-1.0, 0.0, 0.0, 0.0], [0.0, -1.0, 0.0, 0.0], [0.0, 0.0, -1.0, 0.0], [0.0, 0.0, 0.0, -1.0]]","[-0.5, -0.5, -0.5, -0.5]",1.0,ok,"['direct_absolute', 'comparison', 'equality']"
region,207,1,114,四个部位长度差不多，都比较长。,['都比较长'],都比较长,1,other_unparsed,12,['equality'],"[[1.0, -1.0, 0.0, 0.0], [-1.0, 1.0, 0.0, 0.0], [1.0, 0.0, -1.0, 0.0], [-1.0, 0.0, 1.0, 0.0], [1.0, 0.0, 0.0, -1.0], [-1.0, 0.0, 0.0, 1.0], [0.0, 1.0, -1.0, 0.0], [0.0, -1.0, 1.0, 0.0], [0.0, 1.0, 0.0, -1.0], [0.0, -1.0, 0.0, 1.0], [0.0, 0.0, 1.0, -1.0], [0.0, 0.0, -1.0, 1.0]]","[0.1, 0.1, 0.1, 0.1, 0.1, 0.1, 0.1, 0.1, 0.1, 0.1, 0.1, 0.1]",0.0,mismatch,"['direct_absolute', 'comparison', 'equality']"
region,207,1,134,脖子非常长，四个部位都比较长，体型很大。,['体型很大'],体型很大,1,vague_size,4,"['general_case', 'universal_quantifier']","[[-1.0, 0.0, 0.0, 0.0], [0.0, -1.0, 0.0, 0.0], [0.0, 0.0, -1.0, 0.0], [0.0, 0.0, 0.0, -1.0]]","[-0.5, -0.5, -0.5, -0.5]",1.0,ok,"['direct_absolute', 'comparison']"
region,207,1,136,头最长，腿和尾巴也很长，和头比较接近，脖子很短。,['和头比较接近'],和头比较接近,1,other_unparsed,6,"['superlative', 'superlative', 'superlative', 'general_case', 'general_case']","[[1.0, -1.0, 0.0, 0.0], [0.0, -1.0, 1.0, 0.0], [0.0, -1.0, 0.0, 1.0], [0.0, 0.0, -1.0, 0.0], [0.0, 0.0, 0.0, -1.0], [1.0, 0.0, 0.0, 0.0]]","[-0.0, -0.0, -0.0, -0.5, -0.5, 0.5]",1.0,ok,"['direct_absolute', 'superlative', 'comparison', 'equality']"
region,207,1,145,四个部位都比较长，体型比较大。,['体型比较大'],体型比较大,1,vague_size,4,['universal_quantifier'],"[[-1.0, 0.0, 0.0, 0.0], [0.0, -1.0, 0.0, 0.0], [0.0, 0.0, -1.0, 0.0], [0.0, 0.0, 0.0, -1.0]]","[-0.5, -0.5, -0.5, -0.5]",1.0,ok,"['direct_absolute', 'comparison']"
region,207,1,151,头和脖子都非常长，体型比较大。,['体型比较大'],体型比较大,1,vague_size,2,['general_case'],"[[0.0, -1.0, 0.0, 0.0], [-1.0, 0.0, 0.0, 0.0]]","[-0.5, -0.5]",1.0,ok,"['direct_absolute', 'comparison']"
region,207,1,152,头、尾巴和腿都非常长，脖子明显比这三个短。,['脖子明显比这三个短'],脖子明显比这三个短,1,other_unparsed,3,['general_case'],"[[0.0, -1.0, 0.0, 0.0], [0.0, 0.0, 0.0, -1.0], [0.0, 0.0, -1.0, 0.0]]","[-0.5, -0.5, -0.5]",1.0,ok,"['direct_absolute', 'comparison']"
region,207,1,157,四个部位都很长，体型很大。,['体型很大'],体型很大,1,vague_size,4,['universal_quantifier'],"[[-1.0, 0.0, 0.0, 0.0], [0.0, -1.0, 0.0, 0.0], [0.0, 0.0, -1.0, 0.0], [0.0, 0.0, 0.0, -1.0]]","[-0.5, -0.5, -0.5, -0.5]",0.75,mismatch,['direct_absolute']
region,207,1,160,头、脖子和腿都很长，体型相对比较大。,['体型相对比较大'],体型相对比较大,1,vague_size,3,['general_case'],"[[0.0, -1.0, 0.0, 0.0], [-1.0, 0.0, 0.0, 0.0], [0.0, 0.0, -1.0, 0.0]]","[-0.5, -0.5, -0.5]",1.0,ok,"['direct_absolute', 'comparison']"
region,207,1,166,尾巴很长，和前三个部位长度差不多。,['和前三个部位长度差不多'],和前三个部位长度差不多,1,"count_abstract, global_balance",1,['general_case'],"[[0.0, 0.0, 0.0, -1.0]]",[-0.5],1.0,ok,"['direct_absolute', 'equality', 'count_abstract']"
region,207,1,177,脖子最长，体型相对比较小。,['体型相对比较小'],体型相对比较小,1,vague_size,3,"['superlative', 'superlative', 'superlative']","[[-1.0, 1.0, 0.0, 0.0], [-1.0, 0.0, 1.0, 0.0], [-1.0, 0.0, 0.0, 1.0]]","[-0.0, -0.0, -0.0]",1.0,ok,"['direct_absolute', 'superlative', 'comparison']"
region,207,1,184,四个部位都很长，体型很大。,['体型很大'],体型很大,1,vague_size,4,['universal_quantifier'],"[[-1.0, 0.0, 0.0, 0.0], [0.0, -1.0, 0.0, 0.0], [0.0, 0.0, -1.0, 0.0], [0.0, 0.0, 0.0, -1.0]]","[-0.5, -0.5, -0.5, -0.5]",0.75,mismatch,['direct_absolute']
region,207,1,187,脖子最长，体型比较大。,['体型比较大'],体型比较大,1,vague_size,3,"['superlative', 'superlative', 'superlative']","[[-1.0, 1.0, 0.0, 0.0], [-1.0, 0.0, 1.0, 0.0], [-1.0, 0.0, 0.0, 1.0]]","[-0.0, -0.0, -0.0]",1.0,ok,"['direct_absolute', 'superlative', 'comparison']"
region,207,1,188,除了头，都非常长，体型很大。,['体型很大'],体型很大,1,vague_size,4,"['exclusion', 'exclusion']","[[-1.0, 0.0, 0.0, 0.0], [0.0, 0.0, -1.0, 0.0], [0.0, 0.0, 0.0, -1.0], [0.0, 1.0, 0.0, 0.0]]","[-0.5, -0.5, -0.5, 0.5]",1.0,ok,['direct_absolute']
region,207,1,195,四个部位都很长，体型很大。,['体型很大'],体型很大,1,vague_size,4,['universal_quantifier'],"[[-1.0, 0.0, 0.0, 0.0], [0.0, -1.0, 0.0, 0.0], [0.0, 0.0, -1.0, 0.0], [0.0, 0.0, 0.0, -1.0]]","[-0.5, -0.5, -0.5, -0.5]",1.0,ok,['direct_absolute']
region,207,1,198,四个部位都很长，体型非常大。,['体型非常大'],体型非常大,1,vague_size,4,['universal_quantifier'],"[[-1.0, 0.0, 0.0, 0.0], [0.0, -1.0, 0.0, 0.0], [0.0, 0.0, -1.0, 0.0], [0.0, 0.0, 0.0, -1.0]]","[-0.5, -0.5, -0.5, -0.5]",0.5,mismatch,['direct_absolute']
region,207,1,199,脖子和腿都很长，体型很大。,['体型很大'],体型很大,1,vague_size,2,['general_case'],"[[-1.0, 0.0, 0.0, 0.0], [0.0, 0.0, -1.0, 0.0]]","[-0.5, -0.5]",1.0,ok,['direct_absolute']
region,207,1,206,脖子最长，体型很大。,['体型很大'],体型很大,1,vague_size,3,"['superlative', 'superlative', 'superlative']","[[-1.0, 1.0, 0.0, 0.0], [-1.0, 0.0, 1.0, 0.0], [-1.0, 0.0, 0.0, 1.0]]","[-0.0, -0.0, -0.0]",1.0,ok,"['direct_absolute', 'superlative']"
region,207,1,210,四个部位都很长，体型很大。,['体型很大'],体型很大,1,vague_size,4,['universal_quantifier'],"[[-1.0, 0.0, 0.0, 0.0], [0.0, -1.0, 0.0, 0.0], [0.0, 0.0, -1.0, 0.0], [0.0, 0.0, 0.0, -1.0]]","[-0.5, -0.5, -0.5, -0.5]",1.0,ok,['direct_absolute']
region,207,1,247,头和腿很长，比脖子长。,['比脖子长'],比脖子长,1,other_unparsed,2,['general_case'],"[[0.0, -1.0, 0.0, 0.0], [0.0, 0.0, -1.0, 0.0]]","[-0.5, -0.5]",0.5,mismatch,"['direct_absolute', 'comparison']"
region,207,2,4,脖子明显比头长很多。,['脖子明显比头长很多'],脖子明显比头长很多,1,other_unparsed,0,[],[],[],,unsupported,"['direct_absolute', 'comparison']"
region,207,2,6,脖子最长，比头长很多。,['比头长很多'],比头长很多,1,other_unparsed,3,"['superlative', 'superlative', 'superlative']","[[-1.0, 1.0, 0.0, 0.0], [-1.0, 0.0, 1.0, 0.0], [-1.0, 0.0, 0.0, 1.0]]","[-0.0, -0.0, -0.0]",1.0,ok,"['direct_absolute', 'superlative', 'comparison']"
region,207,3,106,脖子长比头要长一点。,['脖子长比头要长一点'],脖子长比头要长一点,1,other_unparsed,0,[],[],[],,unsupported,"['direct_absolute', 'comparison']"
region,208,1,9,腿偏短，脖子、尾巴和头都偏长，一样长。,['一样长'],一样长,1,other_unparsed,4,"['general_case', 'general_case']","[[0.0, 0.0, 1.0, 0.0], [-1.0, 0.0, 0.0, 0.0], [0.0, 0.0, 0.0, -1.0], [0.0, -1.0, 0.0, 0.0]]","[0.5, -0.5, -0.5, -0.5]",1.0,ok,"['direct_absolute', 'equality']"
region,208,1,32,脖子很长，尾巴稍短一些，腿和腿一样长。,['腿和腿一样长'],腿和腿一样长,1,other_unparsed,2,"['general_case', 'general_case']","[[-1.0, 0.0, 0.0, 0.0], [0.0, 0.0, 0.0, 1.0]]","[-0.5, 0.5]",1.0,ok,"['direct_absolute', 'equality']"
region,208,1,38,头和，四个部位都长。,['头和'],头和,1,other_unparsed,4,['universal_quantifier'],"[[-1.0, 0.0, 0.0, 0.0], [0.0, -1.0, 0.0, 0.0], [0.0, 0.0, -1.0, 0.0], [0.0, 0.0, 0.0, -1.0]]","[-0.5, -0.5, -0.5, -0.5]",0.75,mismatch,['direct_absolute']
region,208,1,71,四者都很短，尤其是腿很短。,['四者都很短'],四者都很短,1,other_unparsed,1,['general_case'],"[[0.0, 0.0, 1.0, 0.0]]",[0.5],1.0,ok,['direct_absolute']
region,208,1,85,头和尾巴，头和脖子较短，腿和尾巴长。,['头和尾巴'],头和尾巴,1,other_unparsed,4,"['general_case', 'general_case']","[[0.0, 1.0, 0.0, 0.0], [1.0, 0.0, 0.0, 0.0], [0.0, 0.0, -1.0, 0.0], [0.0, 0.0, 0.0, -1.0]]","[0.5, 0.5, -0.5, -0.5]",1.0,ok,['direct_absolute']
region,208,1,92,头短，脖，脖子、腿和尾巴都长。,['脖子'],脖子,1,other_unparsed,4,"['general_case', 'general_case']","[[0.0, 1.0, 0.0, 0.0], [-1.0, 0.0, 0.0, 0.0], [0.0, 0.0, -1.0, 0.0], [0.0, 0.0, 0.0, -1.0]]","[0.5, -0.5, -0.5, -0.5]",1.0,ok,['direct_absolute']
region,208,1,111,四者都比较长。,['四者都比较长'],四者都比较长,1,other_unparsed,0,[],[],[],,unsupported,"['direct_absolute', 'comparison']"
region,208,1,113,四者都很长。,['四者都很长'],四者都很长,1,other_unparsed,0,[],[],[],,unsupported,['direct_absolute']
region,208,1,114,四者有三个很长。,['四者有三个很长'],四者有三个很长,1,other_unparsed,0,[],[],[],,unsupported,['direct_absolute']
region,208,1,120,四者都较短。,['四者都较短'],四者都较短,1,other_unparsed,0,[],[],[],,unsupported,['direct_absolute']
region,208,1,160,我真的不知道，没什么区别。,"['我真的不知道', '没什么区别']",我真的不知道；没什么区别,2,meta_or_uncertain,0,[],[],[],,unsupported,['meta']
region,208,1,172,三个长，一个短。,"['三个长', '一个短']",三个长；一个短,2,other_unparsed,0,[],[],[],,unsupported,['direct_absolute']
region,208,1,177,四者都很长。,['四者都很长'],四者都很长,1,other_unparsed,0,[],[],[],,unsupported,['direct_absolute']
region,208,1,182,四者都差不多长。,['四者都差不多长'],四者都差不多长,1,global_balance,0,[],[],[],,unsupported,"['direct_absolute', 'equality']"
region,208,1,195,四者均匀的很长。,['四者均匀的很长'],四者均匀的很长,1,global_balance,0,[],[],[],,unsupported,"['direct_absolute', 'equality']"
region,208,1,209,就都挺长。,['就都挺长'],就都挺长,1,other_unparsed,0,[],[],[],,unsupported,['direct_absolute']
region,208,1,210,就都挺短。,['就都挺短'],就都挺短,1,other_unparsed,0,[],[],[],,unsupported,['direct_absolute']
region,208,1,244,长度比较均匀。,['长度比较均匀'],长度比较均匀,1,global_balance,0,[],[],[],,unsupported,"['direct_absolute', 'comparison', 'equality']"
region,208,1,283,均匀的长。,['均匀的长'],均匀的长,1,global_balance,0,[],[],[],,unsupported,"['direct_absolute', 'equality']"
region,208,1,284,头和脖子，较短。,"['头和脖子', '较短']",头和脖子；较短,2,other_unparsed,0,[],[],[],,unsupported,['direct_absolute']
region,208,1,289,都非常短。,['都非常短'],都非常短,1,other_unparsed,0,[],[],[],,unsupported,['direct_absolute']
region,208,1,297,两长两短。,['两长两短'],两长两短,1,count_abstract,0,[],[],[],,unsupported,"['direct_absolute', 'count_abstract']"
region,209,1,18,所有部位都是中等偏长，而且长度差不多。,['而且长度差不多'],而且长度差不多,1,global_balance,4,['universal_quantifier'],"[[-1.0, 0.0, 0.0, 0.0], [0.0, -1.0, 0.0, 0.0], [0.0, 0.0, -1.0, 0.0], [0.0, 0.0, 0.0, -1.0]]","[-0.5, -0.5, -0.5, -0.5]",1.0,ok,"['direct_absolute', 'equality']"
region,209,1,21,脖子很长，头，中等长度，尾巴和腿比较短。,"['头', '中等长度']",头；中等长度,2,other_unparsed,3,"['general_case', 'general_case']","[[-1.0, 0.0, 0.0, 0.0], [0.0, 0.0, 0.0, 1.0], [0.0, 0.0, 1.0, 0.0]]","[-0.5, 0.5, 0.5]",1.0,ok,"['direct_absolute', 'comparison']"
region,209,1,40,头、脖子、腿都长尾巴，中等长度。,['中等长度'],中等长度,1,other_unparsed,4,['general_case'],"[[0.0, -1.0, 0.0, 0.0], [-1.0, 0.0, 0.0, 0.0], [0.0, 0.0, -1.0, 0.0], [0.0, 0.0, 0.0, -1.0]]","[-0.5, -0.5, -0.5, -0.5]",1.0,ok,['direct_absolute']
region,209,1,58,头、脖子和腿，尾巴长，短。,"['头、脖子和腿', '短']",头、脖子和腿；短,2,other_unparsed,1,['general_case'],"[[0.0, 0.0, 0.0, -1.0]]",[-0.5],0.0,mismatch,['direct_absolute']
region,209,1,78,所有部位都是中等长度，而且都差不多长。,['而且都差不多长'],而且都差不多长,1,global_balance,8,['universal_quantifier'],"[[-1.0, 0.0, 0.0, 0.0], [1.0, 0.0, 0.0, 0.0], [0.0, -1.0, 0.0, 0.0], [0.0, 1.0, 0.0, 0.0], [0.0, 0.0, -1.0, 0.0], [0.0, 0.0, 1.0, 0.0], [0.0, 0.0, 0.0, -1.0], [0.0, 0.0, 0.0, 1.0]]","[-0.25, 0.75, -0.25, 0.75, -0.25, 0.75, -0.25, 0.75]",1.0,ok,"['direct_absolute', 'equality']"
region,209,1,88,头和尾巴长，脖子和腿短，头明显比脖子长。,['头明显比脖子长'],头明显比脖子长,1,other_unparsed,4,"['general_case', 'general_case']","[[0.0, -1.0, 0.0, 0.0], [0.0, 0.0, 0.0, -1.0], [1.0, 0.0, 0.0, 0.0], [0.0, 0.0, 1.0, 0.0]]","[-0.5, -0.5, 0.5, 0.5]",1.0,ok,"['direct_absolute', 'comparison']"
region,209,1,90,头长，尾巴长，脖子和腿中等偏短，头明显比脖子长。,['头明显比脖子长'],头明显比脖子长,1,other_unparsed,4,"['general_case', 'general_case', 'general_case']","[[0.0, -1.0, 0.0, 0.0], [0.0, 0.0, 0.0, -1.0], [1.0, 0.0, 0.0, 0.0], [0.0, 0.0, 1.0, 0.0]]","[-0.5, -0.5, 0.5, 0.5]",1.0,ok,"['direct_absolute', 'comparison']"
region,209,1,107,头和脖子，所有部位都差不多长，其中头和脖子长度接近，并且是中等偏长。,"['头和脖子', '并且是中等偏长']",头和脖子；并且是中等偏长,2,other_unparsed,12,"['equality', 'equality']","[[1.0, -1.0, 0.0, 0.0], [-1.0, 1.0, 0.0, 0.0], [1.0, 0.0, -1.0, 0.0], [-1.0, 0.0, 1.0, 0.0], [1.0, 0.0, 0.0, -1.0], [-1.0, 0.0, 0.0, 1.0], [0.0, 1.0, -1.0, 0.0], [0.0, -1.0, 1.0, 0.0], [0.0, 1.0, 0.0, -1.0], [0.0, -1.0, 0.0, 1.0], [0.0, 0.0, 1.0, -1.0], [0.0, 0.0, -1.0, 1.0]]","[0.1, 0.1, 0.1, 0.1, 0.1, 0.1, 0.1, 0.1, 0.1, 0.1, 0.1, 0.1]",0.0,mismatch,"['direct_absolute', 'equality']"
region,209,1,117,腿长，头短，脖子和尾巴中等，并且接近。,['并且接近'],并且接近,1,other_unparsed,6,"['general_case', 'general_case', 'general_case']","[[0.0, 0.0, -1.0, 0.0], [0.0, 1.0, 0.0, 0.0], [-1.0, 0.0, 0.0, 0.0], [1.0, 0.0, 0.0, 0.0], [0.0, 0.0, 0.0, -1.0], [0.0, 0.0, 0.0, 1.0]]","[-0.5, 0.5, -0.25, 0.75, -0.25, 0.75]",1.0,ok,"['direct_absolute', 'equality']"
region,209,1,135,脖子、腿、尾巴长，头中等偏短，头明显比脖子短。,['头明显比脖子短'],头明显比脖子短,1,other_unparsed,4,"['general_case', 'general_case']","[[-1.0, 0.0, 0.0, 0.0], [0.0, 0.0, -1.0, 0.0], [0.0, 0.0, 0.0, -1.0], [0.0, 1.0, 0.0, 0.0]]","[-0.5, -0.5, -0.5, 0.5]",1.0,ok,"['direct_absolute', 'comparison']"
region,209,1,139,头和尾巴中等偏长，脖子和腿短，头明显比脖子长。,['头明显比脖子长'],头明显比脖子长,1,other_unparsed,4,"['general_case', 'general_case']","[[0.0, -1.0, 0.0, 0.0], [0.0, 0.0, 0.0, -1.0], [1.0, 0.0, 0.0, 0.0], [0.0, 0.0, 1.0, 0.0]]","[-0.5, -0.5, 0.5, 0.5]",0.75,mismatch,"['direct_absolute', 'comparison']"
region,209,1,141,头最长，脖子中等，尾巴和腿短，头明显比脖子长。,['头明显比脖子长'],头明显比脖子长,1,other_unparsed,7,"['superlative', 'superlative', 'superlative', 'general_case', 'general_case']","[[1.0, -1.0, 0.0, 0.0], [0.0, -1.0, 1.0, 0.0], [0.0, -1.0, 0.0, 1.0], [-1.0, 0.0, 0.0, 0.0], [1.0, 0.0, 0.0, 0.0], [0.0, 0.0, 0.0, 1.0], [0.0, 0.0, 1.0, 0.0]]","[-0.0, -0.0, -0.0, -0.25, 0.75, 0.5, 0.5]",1.0,ok,"['direct_absolute', 'superlative', 'comparison']"
region,209,1,144,头长，脖子短，腿和尾巴中等，头明显比脖子长。,['头明显比脖子长'],头明显比脖子长,1,other_unparsed,6,"['general_case', 'general_case', 'general_case']","[[0.0, -1.0, 0.0, 0.0], [1.0, 0.0, 0.0, 0.0], [0.0, 0.0, -1.0, 0.0], [0.0, 0.0, 1.0, 0.0], [0.0, 0.0, 0.0, -1.0], [0.0, 0.0, 0.0, 1.0]]","[-0.5, 0.5, -0.25, 0.75, -0.25, 0.75]",0.8333333333333334,mismatch,"['direct_absolute', 'comparison']"
region,209,1,152,头最长，脖子短，腿和尾巴中等，头明显比脖子长。,['头明显比脖子长'],头明显比脖子长,1,other_unparsed,8,"['superlative', 'superlative', 'superlative', 'general_case', 'general_case']","[[1.0, -1.0, 0.0, 0.0], [0.0, -1.0, 1.0, 0.0], [0.0, -1.0, 0.0, 1.0], [1.0, 0.0, 0.0, 0.0], [0.0, 0.0, -1.0, 0.0], [0.0, 0.0, 1.0, 0.0], [0.0, 0.0, 0.0, -1.0], [0.0, 0.0, 0.0, 1.0]]","[-0.0, -0.0, -0.0, 0.5, -0.25, 0.75, -0.25, 0.75]",1.0,ok,"['direct_absolute', 'superlative', 'comparison']"
region,209,1,153,头最长，腿和尾巴中等偏长，脖子短，头明显比脖子长。,['头明显比脖子长'],头明显比脖子长,1,other_unparsed,6,"['superlative', 'superlative', 'superlative', 'general_case', 'general_case']","[[1.0, -1.0, 0.0, 0.0], [0.0, -1.0, 1.0, 0.0], [0.0, -1.0, 0.0, 1.0], [0.0, 0.0, -1.0, 0.0], [0.0, 0.0, 0.0, -1.0], [1.0, 0.0, 0.0, 0.0]]","[-0.0, -0.0, -0.0, -0.5, -0.5, 0.5]",1.0,ok,"['direct_absolute', 'superlative', 'comparison']"
region,209,1,156,腿长，头短，脖子和尾巴中等，腿明显比尾巴长。,['腿明显比尾巴长'],腿明显比尾巴长,1,other_unparsed,6,"['general_case', 'general_case', 'general_case']","[[0.0, 0.0, -1.0, 0.0], [0.0, 1.0, 0.0, 0.0], [-1.0, 0.0, 0.0, 0.0], [1.0, 0.0, 0.0, 0.0], [0.0, 0.0, 0.0, -1.0], [0.0, 0.0, 0.0, 1.0]]","[-0.5, 0.5, -0.25, 0.75, -0.25, 0.75]",1.0,ok,"['direct_absolute', 'comparison']"
region,209,1,157,头最长，腿中等，脖子和尾巴短，头明显比脖子长。,['头明显比脖子长'],头明显比脖子长,1,other_unparsed,7,"['superlative', 'superlative', 'superlative', 'general_case', 'general_case']","[[1.0, -1.0, 0.0, 0.0], [0.0, -1.0, 1.0, 0.0], [0.0, -1.0, 0.0, 1.0], [0.0, 0.0, -1.0, 0.0], [0.0, 0.0, 1.0, 0.0], [1.0, 0.0, 0.0, 0.0], [0.0, 0.0, 0.0, 1.0]]","[-0.0, -0.0, -0.0, -0.25, 0.75, 0.5, 0.5]",1.0,ok,"['direct_absolute', 'superlative', 'comparison']"
region,209,1,160,头和尾巴长，脖子和腿短，头明显比脖子长。,['头明显比脖子长'],头明显比脖子长,1,other_unparsed,4,"['general_case', 'general_case']","[[0.0, -1.0, 0.0, 0.0], [0.0, 0.0, 0.0, -1.0], [1.0, 0.0, 0.0, 0.0], [0.0, 0.0, 1.0, 0.0]]","[-0.5, -0.5, 0.5, 0.5]",1.0,ok,"['direct_absolute', 'comparison']"
region,209,1,163,头最长，脖子、腿中等，尾巴短，头明显比脖子长。,['头明显比脖子长'],头明显比脖子长,1,other_unparsed,8,"['superlative', 'superlative', 'superlative', 'general_case', 'general_case']","[[1.0, -1.0, 0.0, 0.0], [0.0, -1.0, 1.0, 0.0], [0.0, -1.0, 0.0, 1.0], [-1.0, 0.0, 0.0, 0.0], [1.0, 0.0, 0.0, 0.0], [0.0, 0.0, -1.0, 0.0], [0.0, 0.0, 1.0, 0.0], [0.0, 0.0, 0.0, 1.0]]","[-0.0, -0.0, -0.0, -0.25, 0.75, -0.25, 0.75, 0.5]",1.0,ok,"['direct_absolute', 'superlative', 'comparison']"
region,209,1,169,头长，脖子短，头、腿、尾巴中等长度，头明显比脖子长。,['头明显比脖子长'],头明显比脖子长,1,other_unparsed,8,"['general_case', 'general_case', 'general_case']","[[0.0, -1.0, 0.0, 0.0], [1.0, 0.0, 0.0, 0.0], [0.0, -1.0, 0.0, 0.0], [0.0, 1.0, 0.0, 0.0], [0.0, 0.0, -1.0, 0.0], [0.0, 0.0, 1.0, 0.0], [0.0, 0.0, 0.0, -1.0], [0.0, 0.0, 0.0, 1.0]]","[-0.5, 0.5, -0.25, 0.75, -0.25, 0.75, -0.25, 0.75]",0.875,mismatch,"['direct_absolute', 'comparison']"
region,209,1,186,头最长，尾巴中等，脖子中等偏短，腿短，头明显比脖子长。,['头明显比脖子长'],头明显比脖子长,1,other_unparsed,7,"['superlative', 'superlative', 'superlative', 'general_case', 'general_case', 'general_case']","[[1.0, -1.0, 0.0, 0.0], [0.0, -1.0, 1.0, 0.0], [0.0, -1.0, 0.0, 1.0], [0.0, 0.0, 0.0, -1.0], [0.0, 0.0, 0.0, 1.0], [1.0, 0.0, 0.0, 0.0], [0.0, 0.0, 1.0, 0.0]]","[-0.0, -0.0, -0.0, -0.25, 0.75, 0.5, 0.5]",1.0,ok,"['direct_absolute', 'superlative', 'comparison']"
region,209,1,190,腿长，脖子长，头和尾巴短，腿明显比尾巴长。,['腿明显比尾巴长'],腿明显比尾巴长,1,other_unparsed,4,"['general_case', 'general_case', 'general_case']","[[0.0, 0.0, -1.0, 0.0], [-1.0, 0.0, 0.0, 0.0], [0.0, 1.0, 0.0, 0.0], [0.0, 0.0, 0.0, 1.0]]","[-0.5, -0.5, 0.5, 0.5]",1.0,ok,"['direct_absolute', 'comparison']"
region,209,1,191,脖子长，腿长，头中等，尾巴短，腿明显比尾巴长。,['腿明显比尾巴长'],腿明显比尾巴长,1,other_unparsed,5,"['general_case', 'general_case', 'general_case', 'general_case']","[[-1.0, 0.0, 0.0, 0.0], [0.0, 0.0, -1.0, 0.0], [0.0, -1.0, 0.0, 0.0], [0.0, 1.0, 0.0, 0.0], [0.0, 0.0, 0.0, 1.0]]","[-0.5, -0.5, -0.25, 0.75, 0.5]",1.0,ok,"['direct_absolute', 'comparison']"
region,209,1,198,头最长，脖子短，腿和尾巴中等，头明显比脖子长。,['头明显比脖子长'],头明显比脖子长,1,other_unparsed,8,"['superlative', 'superlative', 'superlative', 'general_case', 'general_case']","[[1.0, -1.0, 0.0, 0.0], [0.0, -1.0, 1.0, 0.0], [0.0, -1.0, 0.0, 1.0], [1.0, 0.0, 0.0, 0.0], [0.0, 0.0, -1.0, 0.0], [0.0, 0.0, 1.0, 0.0], [0.0, 0.0, 0.0, -1.0], [0.0, 0.0, 0.0, 1.0]]","[-0.0, -0.0, -0.0, 0.5, -0.25, 0.75, -0.25, 0.75]",1.0,ok,"['direct_absolute', 'superlative', 'comparison']"
region,209,1,201,头最长，腿中等，脖子和尾巴短，头明显比脖子长。,['头明显比脖子长'],头明显比脖子长,1,other_unparsed,7,"['superlative', 'superlative', 'superlative', 'general_case', 'general_case']","[[1.0, -1.0, 0.0, 0.0], [0.0, -1.0, 1.0, 0.0], [0.0, -1.0, 0.0, 1.0], [0.0, 0.0, -1.0, 0.0], [0.0, 0.0, 1.0, 0.0], [1.0, 0.0, 0.0, 0.0], [0.0, 0.0, 0.0, 1.0]]","[-0.0, -0.0, -0.0, -0.25, 0.75, 0.5, 0.5]",1.0,ok,"['direct_absolute', 'superlative', 'comparison']"
region,209,1,272,腿长，尾巴，中等偏短。,"['尾巴', '中等偏短']",尾巴；中等偏短,2,other_unparsed,1,['general_case'],"[[0.0, 0.0, -1.0, 0.0]]",[-0.5],1.0,ok,['direct_absolute']
region,209,1,320,脖子长，头中等，总体来说比较长。,['总体来说比较长'],总体来说比较长,1,other_unparsed,3,"['general_case', 'general_case']","[[-1.0, 0.0, 0.0, 0.0], [0.0, -1.0, 0.0, 0.0], [0.0, 1.0, 0.0, 0.0]]","[-0.5, -0.25, 0.75]",1.0,ok,"['direct_absolute', 'comparison']"
region,209,2,124,头长，脖子中等，偏长。,['偏长'],偏长,1,other_unparsed,3,"['general_case', 'general_case']","[[0.0, -1.0, 0.0, 0.0], [-1.0, 0.0, 0.0, 0.0], [1.0, 0.0, 0.0, 0.0]]","[-0.5, -0.25, 0.75]",1.0,ok,['direct_absolute']
region,210,1,29,有三个部位几乎一样长。,['有三个部位几乎一样长'],有三个部位几乎一样长,1,count_abstract,0,[],[],[],,unsupported,"['direct_absolute', 'equality', 'count_abstract']"
region,210,1,30,有两个部位几乎一样长。,['有两个部位几乎一样长'],有两个部位几乎一样长,1,count_abstract,0,[],[],[],,unsupported,"['direct_absolute', 'equality', 'count_abstract']"
region,210,1,32,又有两个部位一样长。,['又有两个部位一样长'],又有两个部位一样长,1,count_abstract,0,[],[],[],,unsupported,"['direct_absolute', 'equality', 'count_abstract']"
region,210,1,38,有两个部位几乎一样长。,['有两个部位几乎一样长'],有两个部位几乎一样长,1,count_abstract,0,[],[],[],,unsupported,"['direct_absolute', 'equality', 'count_abstract']"
region,210,1,39,躯干是最长。,['躯干是最长'],躯干是最长,1,body_geometry,0,[],[],[],,unsupported,"['direct_absolute', 'superlative', 'body_ref']"
region,210,1,40,有两个部位一样长。,['有两个部位一样长'],有两个部位一样长,1,count_abstract,0,[],[],[],,unsupported,"['direct_absolute', 'equality', 'count_abstract']"
region,210,1,58,几个部位都比躯干短。,['几个部位都比躯干短'],几个部位都比躯干短,1,"count_abstract, body_geometry",0,[],[],[],,unsupported,"['direct_absolute', 'comparison', 'body_ref']"
region,210,1,64,有三个部位一样长。,['有三个部位一样长'],有三个部位一样长,1,count_abstract,0,[],[],[],,unsupported,"['direct_absolute', 'equality', 'count_abstract']"
region,210,1,73,躯干是最长。,['躯干是最长'],躯干是最长,1,body_geometry,0,[],[],[],,unsupported,"['direct_absolute', 'superlative', 'body_ref']"
region,210,1,75,躯干最长。,['躯干最长'],躯干最长,1,body_geometry,0,[],[],[],,unsupported,"['direct_absolute', 'superlative', 'body_ref']"
region,210,1,78,躯干最长。,['躯干最长'],躯干最长,1,body_geometry,0,[],[],[],,unsupported,"['direct_absolute', 'superlative', 'body_ref']"
region,210,1,81,躯干最长。,['躯干最长'],躯干最长,1,body_geometry,0,[],[],[],,unsupported,"['direct_absolute', 'superlative', 'body_ref']"
region,210,1,86,两个部位一样长。,['两个部位一样长'],两个部位一样长,1,count_abstract,0,[],[],[],,unsupported,"['direct_absolute', 'equality', 'count_abstract']"
region,210,1,90,两个部位一样长。,['两个部位一样长'],两个部位一样长,1,count_abstract,0,[],[],[],,unsupported,"['direct_absolute', 'equality', 'count_abstract']"
region,210,1,93,两个部位一样长。,['两个部位一样长'],两个部位一样长,1,count_abstract,0,[],[],[],,unsupported,"['direct_absolute', 'equality', 'count_abstract']"
region,210,1,106,有三个部位几乎一样长。,['有三个部位几乎一样长'],有三个部位几乎一样长,1,count_abstract,0,[],[],[],,unsupported,"['direct_absolute', 'equality', 'count_abstract']"
region,210,1,108,有三个部位几乎一样长。,['有三个部位几乎一样长'],有三个部位几乎一样长,1,count_abstract,0,[],[],[],,unsupported,"['direct_absolute', 'equality', 'count_abstract']"
region,210,1,127,两部位一样长。,['两部位一样长'],两部位一样长,1,other_unparsed,0,[],[],[],,unsupported,"['direct_absolute', 'equality']"
region,210,1,135,有两个部位几乎一样长。,['有两个部位几乎一样长'],有两个部位几乎一样长,1,count_abstract,0,[],[],[],,unsupported,"['direct_absolute', 'equality', 'count_abstract']"
region,210,1,137,有三个部位比躯干长。,['有三个部位比躯干长'],有三个部位比躯干长,1,"count_abstract, body_geometry",0,[],[],[],,unsupported,"['direct_absolute', 'comparison', 'body_ref', 'count_abstract']"
region,210,1,138,有两个部位几乎一样长。,['有两个部位几乎一样长'],有两个部位几乎一样长,1,count_abstract,0,[],[],[],,unsupported,"['direct_absolute', 'equality', 'count_abstract']"
region,210,1,141,有两个部位几乎一样长。,['有两个部位几乎一样长'],有两个部位几乎一样长,1,count_abstract,0,[],[],[],,unsupported,"['direct_absolute', 'equality', 'count_abstract']"
region,210,1,142,有三个部位几乎一样长。,['有三个部位几乎一样长'],有三个部位几乎一样长,1,count_abstract,0,[],[],[],,unsupported,"['direct_absolute', 'equality', 'count_abstract']"
region,210,1,144,有两个部位几乎一样长。,['有两个部位几乎一样长'],有两个部位几乎一样长,1,count_abstract,0,[],[],[],,unsupported,"['direct_absolute', 'equality', 'count_abstract']"
region,210,1,161,三个部位明显长。,['三个部位明显长'],三个部位明显长,1,count_abstract,0,[],[],[],,unsupported,"['direct_absolute', 'count_abstract']"
region,210,1,164,两个部位几乎一样长。,['两个部位几乎一样长'],两个部位几乎一样长,1,count_abstract,0,[],[],[],,unsupported,"['direct_absolute', 'equality', 'count_abstract']"
region,210,1,167,有两个部位几乎一样长。,['有两个部位几乎一样长'],有两个部位几乎一样长,1,count_abstract,0,[],[],[],,unsupported,"['direct_absolute', 'equality', 'count_abstract']"
region,210,1,170,三个部位几乎一样长。,['三个部位几乎一样长'],三个部位几乎一样长,1,count_abstract,0,[],[],[],,unsupported,"['direct_absolute', 'equality', 'count_abstract']"
region,210,1,179,两个部位一样长。,['两个部位一样长'],两个部位一样长,1,count_abstract,0,[],[],[],,unsupported,"['direct_absolute', 'equality', 'count_abstract']"
region,210,1,180,两个部位一样长。,['两个部位一样长'],两个部位一样长,1,count_abstract,0,[],[],[],,unsupported,"['direct_absolute', 'equality', 'count_abstract']"
region,210,1,190,三个部位几乎一样长。,['三个部位几乎一样长'],三个部位几乎一样长,1,count_abstract,0,[],[],[],,unsupported,"['direct_absolute', 'equality', 'count_abstract']"
region,210,1,193,有三个部位几乎一样长。,['有三个部位几乎一样长'],有三个部位几乎一样长,1,count_abstract,0,[],[],[],,unsupported,"['direct_absolute', 'equality', 'count_abstract']"
region,210,1,210,有三个部位一样长。,['有三个部位一样长'],有三个部位一样长,1,count_abstract,0,[],[],[],,unsupported,"['direct_absolute', 'equality', 'count_abstract']"
region,210,1,223,三个部位几乎一样长。,['三个部位几乎一样长'],三个部位几乎一样长,1,count_abstract,0,[],[],[],,unsupported,"['direct_absolute', 'equality', 'count_abstract']"
region,210,1,224,三个部位几乎一样长。,['三个部位几乎一样长'],三个部位几乎一样长,1,count_abstract,0,[],[],[],,unsupported,"['direct_absolute', 'equality', 'count_abstract']"
region,210,1,235,几个部位几乎一样长。,['几个部位几乎一样长'],几个部位几乎一样长,1,count_abstract,0,[],[],[],,unsupported,"['direct_absolute', 'equality']"
region,210,1,241,三个部位几乎一样长。,['三个部位几乎一样长'],三个部位几乎一样长,1,count_abstract,0,[],[],[],,unsupported,"['direct_absolute', 'equality', 'count_abstract']"
region,210,1,255,有两个部位一样长。,['有两个部位一样长'],有两个部位一样长,1,count_abstract,0,[],[],[],,unsupported,"['direct_absolute', 'equality', 'count_abstract']"
region,210,1,257,有三个部位几乎一样长。,['有三个部位几乎一样长'],有三个部位几乎一样长,1,count_abstract,0,[],[],[],,unsupported,"['direct_absolute', 'equality', 'count_abstract']"
region,210,1,259,有两个部位几乎一样长。,['有两个部位几乎一样长'],有两个部位几乎一样长,1,count_abstract,0,[],[],[],,unsupported,"['direct_absolute', 'equality', 'count_abstract']"
region,210,1,260,有三个部位几乎一样长。,['有三个部位几乎一样长'],有三个部位几乎一样长,1,count_abstract,0,[],[],[],,unsupported,"['direct_absolute', 'equality', 'count_abstract']"
region,210,1,262,有三个部位几乎一样长。,['有三个部位几乎一样长'],有三个部位几乎一样长,1,count_abstract,0,[],[],[],,unsupported,"['direct_absolute', 'equality', 'count_abstract']"
region,210,1,264,有两个部位几乎一样长。,['有两个部位几乎一样长'],有两个部位几乎一样长,1,count_abstract,0,[],[],[],,unsupported,"['direct_absolute', 'equality', 'count_abstract']"
region,210,1,272,有三个部位几乎一样长。,['有三个部位几乎一样长'],有三个部位几乎一样长,1,count_abstract,0,[],[],[],,unsupported,"['direct_absolute', 'equality', 'count_abstract']"
region,210,1,277,有三个部位几乎一样长。,['有三个部位几乎一样长'],有三个部位几乎一样长,1,count_abstract,0,[],[],[],,unsupported,"['direct_absolute', 'equality', 'count_abstract']"
region,210,1,278,三个部位长度相似。,['三个部位长度相似'],三个部位长度相似,1,count_abstract,0,[],[],[],,unsupported,"['direct_absolute', 'equality', 'count_abstract']"
region,210,1,285,有三个部位几乎一样长。,['有三个部位几乎一样长'],有三个部位几乎一样长,1,count_abstract,0,[],[],[],,unsupported,"['direct_absolute', 'equality', 'count_abstract']"
region,210,1,290,三个部位几乎一样长。,['三个部位几乎一样长'],三个部位几乎一样长,1,count_abstract,0,[],[],[],,unsupported,"['direct_absolute', 'equality', 'count_abstract']"
region,210,1,299,有两个部位长得相似。,['有两个部位长得相似'],有两个部位长得相似,1,count_abstract,0,[],[],[],,unsupported,"['direct_absolute', 'equality', 'count_abstract']"
region,210,1,303,两部位长相似。,['两部位长相似'],两部位长相似,1,other_unparsed,0,[],[],[],,unsupported,"['direct_absolute', 'equality']"
region,210,1,310,三个部位几乎一样长。,['三个部位几乎一样长'],三个部位几乎一样长,1,count_abstract,0,[],[],[],,unsupported,"['direct_absolute', 'equality', 'count_abstract']"
region,210,1,314,三个部位几乎一样长。,['三个部位几乎一样长'],三个部位几乎一样长,1,count_abstract,0,[],[],[],,unsupported,"['direct_absolute', 'equality', 'count_abstract']"
region,210,1,317,三个部位几乎一样长。,['三个部位几乎一样长'],三个部位几乎一样长,1,count_abstract,0,[],[],[],,unsupported,"['direct_absolute', 'equality', 'count_abstract']"
region,210,2,9,两个部位几乎一样长。,['两个部位几乎一样长'],两个部位几乎一样长,1,count_abstract,0,[],[],[],,unsupported,"['direct_absolute', 'equality', 'count_abstract']"
region,210,2,32,头和腿几乎一样长，而且最短。,['而且最短'],而且最短,1,other_unparsed,2,['equality'],"[[0.0, 1.0, -1.0, 0.0], [0.0, -1.0, 1.0, 0.0]]","[0.1, 0.1]",0.0,mismatch,"['direct_absolute', 'superlative', 'equality']"
region,210,2,36,脖子和尾巴，几乎一样长。,"['脖子和尾巴', '几乎一样长']",脖子和尾巴；几乎一样长,2,other_unparsed,0,[],[],[],,unsupported,"['direct_absolute', 'equality']"
region,210,2,39,脖子。,['脖子'],脖子,1,other_unparsed,0,[],[],[],,unsupported,['other']
region,210,2,51,有三个部位几乎一样长。,['有三个部位几乎一样长'],有三个部位几乎一样长,1,count_abstract,0,[],[],[],,unsupported,"['direct_absolute', 'equality', 'count_abstract']"
region,210,2,64,三个部位几乎一样长。,['三个部位几乎一样长'],三个部位几乎一样长,1,count_abstract,0,[],[],[],,unsupported,"['direct_absolute', 'equality', 'count_abstract']"
region,210,2,76,两个部位几乎一样长。,['两个部位几乎一样长'],两个部位几乎一样长,1,count_abstract,0,[],[],[],,unsupported,"['direct_absolute', 'equality', 'count_abstract']"
region,210,2,78,三个部位几乎一样长。,['三个部位几乎一样长'],三个部位几乎一样长,1,count_abstract,0,[],[],[],,unsupported,"['direct_absolute', 'equality', 'count_abstract']"
region,210,2,101,头，第三长。,"['头', '第三长']",头；第三长,2,"count_abstract, ordinal_or_secondary",0,[],[],[],,unsupported,"['direct_absolute', 'ranking', 'count_abstract']"
region,210,2,112,两个部位几乎一样长。,['两个部位几乎一样长'],两个部位几乎一样长,1,count_abstract,0,[],[],[],,unsupported,"['direct_absolute', 'equality', 'count_abstract']"
region,210,2,116,两个部位几乎一样长。,['两个部位几乎一样长'],两个部位几乎一样长,1,count_abstract,0,[],[],[],,unsupported,"['direct_absolute', 'equality', 'count_abstract']"
region,210,2,158,头，头比脖子短。,['头'],头,1,other_unparsed,1,['comparison'],"[[-1.0, 1.0, 0.0, 0.0]]",[-0.0],1.0,ok,"['direct_absolute', 'comparison']"
region,210,2,199,有三个部位一样长。,['有三个部位一样长'],有三个部位一样长,1,count_abstract,0,[],[],[],,unsupported,"['direct_absolute', 'equality', 'count_abstract']"
region,210,2,214,两两长度一样。,['两两长度一样'],两两长度一样,1,other_unparsed,0,[],[],[],,unsupported,"['direct_absolute', 'equality']"
region,210,2,217,两两长度一样。,['两两长度一样'],两两长度一样,1,other_unparsed,0,[],[],[],,unsupported,"['direct_absolute', 'equality']"
region,210,2,242,都差不多长。,['都差不多长'],都差不多长,1,global_balance,0,[],[],[],,unsupported,"['direct_absolute', 'equality']"
region,210,2,244,两两一样长。,['两两一样长'],两两一样长,1,other_unparsed,0,[],[],[],,unsupported,"['direct_absolute', 'equality']"
region,210,2,272,三个部位一样长。,['三个部位一样长'],三个部位一样长,1,count_abstract,0,[],[],[],,unsupported,"['direct_absolute', 'equality', 'count_abstract']"
region,210,2,278,三个部位一样长。,['三个部位一样长'],三个部位一样长,1,count_abstract,0,[],[],[],,unsupported,"['direct_absolute', 'equality', 'count_abstract']"
region,210,2,312,都差不多长。,['都差不多长'],都差不多长,1,global_balance,0,[],[],[],,unsupported,"['direct_absolute', 'equality']"
region,210,3,2,有三个部位都一样长。,['有三个部位都一样长'],有三个部位都一样长,1,count_abstract,0,[],[],[],,unsupported,"['direct_absolute', 'equality', 'count_abstract']"
region,210,3,10,长度两两相似。,['长度两两相似'],长度两两相似,1,other_unparsed,0,[],[],[],,unsupported,"['direct_absolute', 'equality']"
region,210,3,23,有三个部位一样长。,['有三个部位一样长'],有三个部位一样长,1,count_abstract,0,[],[],[],,unsupported,"['direct_absolute', 'equality', 'count_abstract']"
region,210,3,31,几个部位长度差别不大。,['几个部位长度差别不大'],几个部位长度差别不大,1,count_abstract,0,[],[],[],,unsupported,['direct_absolute']
region,210,3,51,有三个部位一样长。,['有三个部位一样长'],有三个部位一样长,1,count_abstract,0,[],[],[],,unsupported,"['direct_absolute', 'equality', 'count_abstract']"
region,210,3,80,有两个部位长度一样。,['有两个部位长度一样'],有两个部位长度一样,1,count_abstract,0,[],[],[],,unsupported,"['direct_absolute', 'equality', 'count_abstract']"
region,210,3,82,三个部位长度一样。,['三个部位长度一样'],三个部位长度一样,1,count_abstract,0,[],[],[],,unsupported,"['direct_absolute', 'equality', 'count_abstract']"
region,210,3,83,三个部位长度一样。,['三个部位长度一样'],三个部位长度一样,1,count_abstract,0,[],[],[],,unsupported,"['direct_absolute', 'equality', 'count_abstract']"
region,210,3,102,头和尾巴一样长，都是最长。,['都是最长'],都是最长,1,other_unparsed,2,['equality'],"[[0.0, 1.0, 0.0, -1.0], [0.0, -1.0, 0.0, 1.0]]","[0.1, 0.1]",1.0,ok,"['direct_absolute', 'superlative', 'equality']"
region,210,3,108,有三个部位一样长。,['有三个部位一样长'],有三个部位一样长,1,count_abstract,0,[],[],[],,unsupported,"['direct_absolute', 'equality', 'count_abstract']"
region,210,3,118,长度两两相似。,['长度两两相似'],长度两两相似,1,other_unparsed,0,[],[],[],,unsupported,"['direct_absolute', 'equality']"
region,210,3,120,三个部位长度一样。,['三个部位长度一样'],三个部位长度一样,1,count_abstract,0,[],[],[],,unsupported,"['direct_absolute', 'equality', 'count_abstract']"
region,210,3,122,三个部位长度一样。,['三个部位长度一样'],三个部位长度一样,1,count_abstract,0,[],[],[],,unsupported,"['direct_absolute', 'equality', 'count_abstract']"
region,210,3,145,几个部位长度相差不大。,['几个部位长度相差不大'],几个部位长度相差不大,1,count_abstract,0,[],[],[],,unsupported,['direct_absolute']
region,210,3,146,腿，头和尾巴一样长。,['腿'],腿,1,other_unparsed,2,['equality'],"[[0.0, 1.0, 0.0, -1.0], [0.0, -1.0, 0.0, 1.0]]","[0.1, 0.1]",1.0,ok,"['direct_absolute', 'equality']"
region,210,3,162,两两长度相似。,['两两长度相似'],两两长度相似,1,other_unparsed,0,[],[],[],,unsupported,"['direct_absolute', 'equality']"
region,210,3,168,头，尾巴最短。,['头'],头,1,other_unparsed,3,"['superlative', 'superlative', 'superlative']","[[-1.0, 0.0, 0.0, 1.0], [0.0, -1.0, 0.0, 1.0], [0.0, 0.0, -1.0, 1.0]]","[-0.0, -0.0, -0.0]",0.3333333333333333,mismatch,"['direct_absolute', 'superlative']"
region,210,3,172,有三个部位长度一致。,['有三个部位长度一致'],有三个部位长度一致,1,count_abstract,0,[],[],[],,unsupported,"['direct_absolute', 'equality', 'count_abstract']"
region,210,3,189,有三个部位长度一样。,['有三个部位长度一样'],有三个部位长度一样,1,count_abstract,0,[],[],[],,unsupported,"['direct_absolute', 'equality', 'count_abstract']"
region,210,3,190,有三个部位长度一样。,['有三个部位长度一样'],有三个部位长度一样,1,count_abstract,0,[],[],[],,unsupported,"['direct_absolute', 'equality', 'count_abstract']"
region,210,3,196,几个部位的长度差不多。,['几个部位的长度差不多'],几个部位的长度差不多,1,"count_abstract, global_balance",0,[],[],[],,unsupported,"['direct_absolute', 'equality']"
region,210,3,199,脖子、尾巴、腿的长度，一样。,"['脖子、尾巴、腿的长度', '一样']",脖子、尾巴、腿的长度；一样,2,other_unparsed,0,[],[],[],,unsupported,"['direct_absolute', 'equality']"
region,210,3,207,有三个部位长度一样。,['有三个部位长度一样'],有三个部位长度一样,1,count_abstract,0,[],[],[],,unsupported,"['direct_absolute', 'equality', 'count_abstract']"
region,210,3,210,有三个部位长度一样。,['有三个部位长度一样'],有三个部位长度一样,1,count_abstract,0,[],[],[],,unsupported,"['direct_absolute', 'equality', 'count_abstract']"
region,210,3,216,有三个部位长度一样。,['有三个部位长度一样'],有三个部位长度一样,1,count_abstract,0,[],[],[],,unsupported,"['direct_absolute', 'equality', 'count_abstract']"
region,210,3,229,长度差不多。,['长度差不多'],长度差不多,1,global_balance,0,[],[],[],,unsupported,"['direct_absolute', 'equality']"
region,210,3,236,有三个部位长度一样。,['有三个部位长度一样'],有三个部位长度一样,1,count_abstract,0,[],[],[],,unsupported,"['direct_absolute', 'equality', 'count_abstract']"
region,210,4,9,头和尾巴长度一样，都最短，腿第二短，脖子很长。,['都最短'],都最短,1,other_unparsed,3,"['equality', 'general_case']","[[0.0, 1.0, 0.0, -1.0], [0.0, -1.0, 0.0, 1.0], [-1.0, 0.0, 0.0, 0.0]]","[0.1, 0.1, -0.5]",1.0,ok,"['direct_absolute', 'superlative', 'equality', 'ranking']"
region,210,4,51,三个部位长度相似。,['三个部位长度相似'],三个部位长度相似,1,count_abstract,0,[],[],[],,unsupported,"['direct_absolute', 'equality', 'count_abstract']"
region,210,4,79,长度相似，脖子最短。,['长度相似'],长度相似,1,other_unparsed,3,"['superlative', 'superlative', 'superlative']","[[1.0, -1.0, 0.0, 0.0], [1.0, 0.0, -1.0, 0.0], [1.0, 0.0, 0.0, -1.0]]","[-0.0, -0.0, -0.0]",1.0,ok,"['direct_absolute', 'superlative', 'equality']"
region,210,4,82,三个部位，长最长，尾巴最短。,"['三个部位', '长最长']",三个部位；长最长,2,count_abstract,3,"['superlative', 'superlative', 'superlative']","[[-1.0, 0.0, 0.0, 1.0], [0.0, -1.0, 0.0, 1.0], [0.0, 0.0, -1.0, 1.0]]","[-0.0, -0.0, -0.0]",1.0,ok,"['direct_absolute', 'superlative', 'count_abstract']"
region,210,4,83,三个部位相似，腿最短。,['三个部位相似'],三个部位相似,1,count_abstract,3,"['superlative', 'superlative', 'superlative']","[[-1.0, 0.0, 1.0, 0.0], [0.0, -1.0, 1.0, 0.0], [0.0, 0.0, 1.0, -1.0]]","[-0.0, -0.0, -0.0]",1.0,ok,"['direct_absolute', 'superlative', 'equality', 'count_abstract']"
region,210,4,84,三个部位相似，脖子最长。,['三个部位相似'],三个部位相似,1,count_abstract,3,"['superlative', 'superlative', 'superlative']","[[-1.0, 1.0, 0.0, 0.0], [-1.0, 0.0, 1.0, 0.0], [-1.0, 0.0, 0.0, 1.0]]","[-0.0, -0.0, -0.0]",1.0,ok,"['direct_absolute', 'superlative', 'equality', 'count_abstract']"
region,210,4,140,几个部位长度一样。,['几个部位长度一样'],几个部位长度一样,1,count_abstract,0,[],[],[],,unsupported,"['direct_absolute', 'equality']"
region,210,4,198,有三个部位几乎一样长。,['有三个部位几乎一样长'],有三个部位几乎一样长,1,count_abstract,0,[],[],[],,unsupported,"['direct_absolute', 'equality', 'count_abstract']"
region,210,4,216,有三个部位长度一样。,['有三个部位长度一样'],有三个部位长度一样,1,count_abstract,0,[],[],[],,unsupported,"['direct_absolute', 'equality', 'count_abstract']"
region,210,4,294,头。,['头'],头,1,other_unparsed,0,[],[],[],,unsupported,['other']
region,210,4,300,三个部位一样长，头最小。,['三个部位一样长'],三个部位一样长,1,count_abstract,3,"['superlative', 'superlative', 'superlative']","[[-1.0, 1.0, 0.0, 0.0], [0.0, 1.0, -1.0, 0.0], [0.0, 1.0, 0.0, -1.0]]","[-0.0, -0.0, -0.0]",1.0,ok,"['direct_absolute', 'superlative', 'equality', 'count_abstract']"
region,210,5,14,头和脖子，腿和尾巴比较短。,['头和脖子'],头和脖子,1,other_unparsed,2,['general_case'],"[[0.0, 0.0, 1.0, 0.0], [0.0, 0.0, 0.0, 1.0]]","[0.5, 0.5]",1.0,ok,"['direct_absolute', 'comparison']"
region,210,5,16,四个部位都很长，且几乎一样长。,['且几乎一样长'],且几乎一样长,1,other_unparsed,4,['universal_quantifier'],"[[-1.0, 0.0, 0.0, 0.0], [0.0, -1.0, 0.0, 0.0], [0.0, 0.0, -1.0, 0.0], [0.0, 0.0, 0.0, -1.0]]","[-0.5, -0.5, -0.5, -0.5]",1.0,ok,"['direct_absolute', 'equality']"
region,210,5,33,尾巴非常短，其他部位都，也比较短。,"['其他部位都', '也比较短']",其他部位都；也比较短,2,other_reference,1,['general_case'],"[[0.0, 0.0, 0.0, 1.0]]",[0.5],1.0,ok,"['direct_absolute', 'comparison']"
region,210,5,51,都是中等长度。,['都是中等长度'],都是中等长度,1,other_unparsed,0,[],[],[],,unsupported,['direct_absolute']
region,210,5,74,各部位都差不多，较短，尾巴最短。,['较短'],较短,1,other_unparsed,15,"['equality', 'superlative', 'superlative', 'superlative']","[[1.0, -1.0, 0.0, 0.0], [-1.0, 1.0, 0.0, 0.0], [1.0, 0.0, -1.0, 0.0], [-1.0, 0.0, 1.0, 0.0], [1.0, 0.0, 0.0, -1.0], [-1.0, 0.0, 0.0, 1.0], [0.0, 1.0, -1.0, 0.0], [0.0, -1.0, 1.0, 0.0], [0.0, 1.0, 0.0, -1.0], [0.0, -1.0, 0.0, 1.0], [0.0, 0.0, 1.0, -1.0], [0.0, 0.0, -1.0, 1.0], [-1.0, 0.0, 0.0, 1.0], [0.0, -1.0, 0.0, 1.0], [0.0, 0.0, -1.0, 1.0]]","[0.1, 0.1, 0.1, 0.1, 0.1, 0.1, 0.1, 0.1, 0.1, 0.1, 0.1, 0.1, -0.0, -0.0, -0.0]",0.75,mismatch,"['direct_absolute', 'superlative', 'equality']"
region,210,5,77,腿和尾巴很长，另两个部位非常短。,['另两个部位非常短'],另两个部位非常短,1,count_abstract,2,['general_case'],"[[0.0, 0.0, -1.0, 0.0], [0.0, 0.0, 0.0, -1.0]]","[-0.5, -0.5]",1.0,ok,"['direct_absolute', 'count_abstract']"
region,210,5,134,头。,['头'],头,1,other_unparsed,0,[],[],[],,unsupported,['other']
region,210,5,155,头比较长，脖子，尾巴最短。,['脖子'],脖子,1,other_unparsed,4,"['general_case', 'superlative', 'superlative', 'superlative']","[[0.0, -1.0, 0.0, 0.0], [-1.0, 0.0, 0.0, 1.0], [0.0, -1.0, 0.0, 1.0], [0.0, 0.0, -1.0, 1.0]]","[-0.5, -0.0, -0.0, -0.0]",1.0,ok,"['direct_absolute', 'superlative', 'comparison']"
region,210,5,316,选错了。,['选错了'],选错了,1,meta_or_uncertain,0,[],[],[],,meta,['meta']
region,211,1,1,头最长，比脖子和尾巴都长。,['比脖子和尾巴都长'],比脖子和尾巴都长,1,other_unparsed,3,"['superlative', 'superlative', 'superlative']","[[1.0, -1.0, 0.0, 0.0], [0.0, -1.0, 1.0, 0.0], [0.0, -1.0, 0.0, 1.0]]","[-0.0, -0.0, -0.0]",0.6666666666666666,mismatch,"['direct_absolute', 'superlative', 'comparison']"
region,211,1,55,头，和腿基本一样长。,"['头', '和腿基本一样长']",头；和腿基本一样长,2,other_unparsed,0,[],[],[],,unsupported,"['direct_absolute', 'equality']"
region,211,1,57,头和脖子，尾巴和腿中有三个是一样长。,['头和脖子'],头和脖子,1,other_unparsed,2,['equality'],"[[0.0, 0.0, -1.0, 1.0], [0.0, 0.0, 1.0, -1.0]]","[0.1, 0.1]",1.0,ok,"['direct_absolute', 'equality']"
region,211,2,175,头和尾巴都比较长，一样长，腿也比较长。,['一样长'],一样长,1,other_unparsed,3,"['general_case', 'general_case']","[[0.0, -1.0, 0.0, 0.0], [0.0, 0.0, 0.0, -1.0], [0.0, 0.0, -1.0, 0.0]]","[-0.5, -0.5, -0.5]",1.0,ok,"['direct_absolute', 'comparison', 'equality']"
region,211,3,57,四个部位长度差不多，比较长。,['比较长'],比较长,1,other_unparsed,12,['equality'],"[[1.0, -1.0, 0.0, 0.0], [-1.0, 1.0, 0.0, 0.0], [1.0, 0.0, -1.0, 0.0], [-1.0, 0.0, 1.0, 0.0], [1.0, 0.0, 0.0, -1.0], [-1.0, 0.0, 0.0, 1.0], [0.0, 1.0, -1.0, 0.0], [0.0, -1.0, 1.0, 0.0], [0.0, 1.0, 0.0, -1.0], [0.0, -1.0, 0.0, 1.0], [0.0, 0.0, 1.0, -1.0], [0.0, 0.0, -1.0, 1.0]]","[0.1, 0.1, 0.1, 0.1, 0.1, 0.1, 0.1, 0.1, 0.1, 0.1, 0.1, 0.1]",0.0,mismatch,"['direct_absolute', 'comparison', 'equality']"
region,211,3,58,都不太长，只有腿最短。,['都不太长'],都不太长,1,other_unparsed,7,"['superlative', 'superlative', 'superlative', 'exclusive_case', 'exclusive_case']","[[-1.0, 0.0, 1.0, 0.0], [0.0, -1.0, 1.0, 0.0], [0.0, 0.0, 1.0, -1.0], [0.0, 0.0, 1.0, 0.0], [-1.0, 0.0, 0.0, 0.0], [0.0, -1.0, 0.0, 0.0], [0.0, 0.0, 0.0, -1.0]]","[-0.0, -0.0, -0.0, 0.5, -0.5, -0.5, -0.5]",0.5714285714285714,mismatch,"['direct_absolute', 'superlative', 'negation']"
region,212,1,6,四个部位的长度较均等。,['四个部位的长度较均等'],四个部位的长度较均等,1,global_balance,0,[],[],[],,unsupported,['direct_absolute']
region,212,1,8,四个部位长度较均等。,['四个部位长度较均等'],四个部位长度较均等,1,global_balance,0,[],[],[],,unsupported,['direct_absolute']
region,212,1,9,四个部位均等。,['四个部位均等'],四个部位均等,1,global_balance,0,[],[],[],,unsupported,['other']
region,212,1,41,四个部位长度较均等。,['四个部位长度较均等'],四个部位长度较均等,1,global_balance,0,[],[],[],,unsupported,['direct_absolute']
region,212,1,57,四个部位长度较均等。,['四个部位长度较均等'],四个部位长度较均等,1,global_balance,0,[],[],[],,unsupported,['direct_absolute']
region,212,1,61,四个部位较均等。,['四个部位较均等'],四个部位较均等,1,global_balance,0,[],[],[],,unsupported,['other']
region,212,1,65,四个部位较均等。,['四个部位较均等'],四个部位较均等,1,global_balance,0,[],[],[],,unsupported,['other']
region,212,1,68,四个部位较均等。,['四个部位较均等'],四个部位较均等,1,global_balance,0,[],[],[],,unsupported,['other']
region,212,1,72,四个部位较均等。,['四个部位较均等'],四个部位较均等,1,global_balance,0,[],[],[],,unsupported,['other']
region,212,1,85,四个部位都很小。,['四个部位都很小'],四个部位都很小,1,vague_size,0,[],[],[],,unsupported,['other']
region,212,1,93,四个部位较均等。,['四个部位较均等'],四个部位较均等,1,global_balance,0,[],[],[],,unsupported,['other']
region,212,1,119,四个部位较均等。,['四个部位较均等'],四个部位较均等,1,global_balance,0,[],[],[],,unsupported,['other']
region,212,1,124,四个部位较均等。,['四个部位较均等'],四个部位较均等,1,global_balance,0,[],[],[],,unsupported,['other']
region,212,1,125,四个部位较均等，腿较短。,['四个部位较均等'],四个部位较均等,1,global_balance,1,['general_case'],"[[0.0, 0.0, 1.0, 0.0]]",[0.5],1.0,ok,['direct_absolute']
region,212,1,126,四个部位较均等。,['四个部位较均等'],四个部位较均等,1,global_balance,0,[],[],[],,unsupported,['other']
region,212,1,130,四个部位较均等。,['四个部位较均等'],四个部位较均等,1,global_balance,0,[],[],[],,unsupported,['other']
region,212,1,155,四个部位较均等。,['四个部位较均等'],四个部位较均等,1,global_balance,0,[],[],[],,unsupported,['other']
region,212,1,160,四个部位较均等。,['四个部位较均等'],四个部位较均等,1,global_balance,0,[],[],[],,unsupported,['other']
region,212,1,161,四个部位较均等。,['四个部位较均等'],四个部位较均等,1,global_balance,0,[],[],[],,unsupported,['other']
region,212,1,182,四个部位较匀称。,['四个部位较匀称'],四个部位较匀称,1,global_balance,0,[],[],[],,unsupported,['other']
region,212,1,196,四个部位较均等。,['四个部位较均等'],四个部位较均等,1,global_balance,0,[],[],[],,unsupported,['other']
region,212,1,197,四个部位较均等。,['四个部位较均等'],四个部位较均等,1,global_balance,0,[],[],[],,unsupported,['other']
region,212,1,200,四个部位较均等。,['四个部位较均等'],四个部位较均等,1,global_balance,0,[],[],[],,unsupported,['other']
region,212,1,204,四个部位较均等。,['四个部位较均等'],四个部位较均等,1,global_balance,0,[],[],[],,unsupported,['other']
region,212,1,207,四个部位较均等。,['四个部位较均等'],四个部位较均等,1,global_balance,0,[],[],[],,unsupported,['other']
region,212,1,236,四个部位较为匀称。,['四个部位较为匀称'],四个部位较为匀称,1,global_balance,0,[],[],[],,unsupported,['other']
region,212,1,242,四个部位较匀称。,['四个部位较匀称'],四个部位较匀称,1,global_balance,0,[],[],[],,unsupported,['other']
region,212,1,246,四个部位较匀称。,['四个部位较匀称'],四个部位较匀称,1,global_balance,0,[],[],[],,unsupported,['other']
region,212,1,255,四个部位较匀称。,['四个部位较匀称'],四个部位较匀称,1,global_balance,0,[],[],[],,unsupported,['other']
region,212,1,259,四个部位较匀称。,['四个部位较匀称'],四个部位较匀称,1,global_balance,0,[],[],[],,unsupported,['other']
region,212,1,274,四个部位较为匀称。,['四个部位较为匀称'],四个部位较为匀称,1,global_balance,0,[],[],[],,unsupported,['other']
region,212,1,278,四个部位较为匀称。,['四个部位较为匀称'],四个部位较为匀称,1,global_balance,0,[],[],[],,unsupported,['other']
region,212,2,24,四个部位较匀称。,['四个部位较匀称'],四个部位较匀称,1,global_balance,0,[],[],[],,unsupported,['other']
region,212,2,225,脖子和尾巴都比腿短。,['脖子和尾巴都比腿短'],脖子和尾巴都比腿短,1,other_unparsed,0,[],[],[],,unsupported,"['direct_absolute', 'comparison']"
region,212,2,226,脖子和尾巴都比腿长。,['脖子和尾巴都比腿长'],脖子和尾巴都比腿长,1,other_unparsed,0,[],[],[],,unsupported,"['direct_absolute', 'comparison']"
region,212,2,228,脖子和尾巴都比腿长。,['脖子和尾巴都比腿长'],脖子和尾巴都比腿长,1,other_unparsed,0,[],[],[],,unsupported,"['direct_absolute', 'comparison']"
region,212,2,243,脖子和尾巴一样长，比腿长。,['比腿长'],比腿长,1,other_unparsed,2,['equality'],"[[1.0, 0.0, 0.0, -1.0], [-1.0, 0.0, 0.0, 1.0]]","[0.1, 0.1]",0.0,mismatch,"['direct_absolute', 'comparison', 'equality']"
region,212,2,293,腿长，上身短。,['上身短'],上身短,1,other_unparsed,1,['general_case'],"[[0.0, 0.0, -1.0, 0.0]]",[-0.5],1.0,ok,['direct_absolute']
region,212,2,294,上身长，腿短。,['上身长'],上身长,1,other_unparsed,1,['general_case'],"[[0.0, 0.0, 1.0, 0.0]]",[0.5],1.0,ok,['direct_absolute']
region,212,3,254,脖子比尾巴长，比头长。,['比头长'],比头长,1,other_unparsed,1,['comparison'],"[[-1.0, 0.0, 0.0, 1.0]]",[-0.0],1.0,ok,"['direct_absolute', 'comparison']"
region,212,3,255,脖子和尾巴短，比头长。,['比头长'],比头长,1,other_unparsed,2,['general_case'],"[[1.0, 0.0, 0.0, 0.0], [0.0, 0.0, 0.0, 1.0]]","[0.5, 0.5]",1.0,ok,"['direct_absolute', 'comparison']"
region,212,3,256,脖子比尾巴短，比头长。,['比头长'],比头长,1,other_unparsed,1,['comparison'],"[[1.0, 0.0, 0.0, -1.0]]",[-0.0],1.0,ok,"['direct_absolute', 'comparison']"
region,212,3,257,尾巴比脖子短，比头短。,['比头短'],比头短,1,other_unparsed,1,['comparison'],"[[-1.0, 0.0, 0.0, 1.0]]",[-0.0],1.0,ok,"['direct_absolute', 'comparison']"
region,212,3,258,尾巴比脖子长，比头长。,['比头长'],比头长,1,other_unparsed,1,['comparison'],"[[1.0, 0.0, 0.0, -1.0]]",[-0.0],1.0,ok,"['direct_absolute', 'comparison']"
region,212,3,259,尾巴比脖子短，比头长。,['比头长'],比头长,1,other_unparsed,1,['comparison'],"[[-1.0, 0.0, 0.0, 1.0]]",[-0.0],1.0,ok,"['direct_absolute', 'comparison']"
region,212,3,260,尾巴比脖子长，比头短。,['比头短'],比头短,1,other_unparsed,1,['comparison'],"[[1.0, 0.0, 0.0, -1.0]]",[-0.0],1.0,ok,"['direct_absolute', 'comparison']"
region,212,3,261,尾巴比脖子长，比头长。,['比头长'],比头长,1,other_unparsed,1,['comparison'],"[[1.0, 0.0, 0.0, -1.0]]",[-0.0],1.0,ok,"['direct_absolute', 'comparison']"
region,212,3,262,尾巴比脖子短，比头短。,['比头短'],比头短,1,other_unparsed,1,['comparison'],"[[-1.0, 0.0, 0.0, 1.0]]",[-0.0],1.0,ok,"['direct_absolute', 'comparison']"
region,212,3,263,尾巴比脖子长，比头短。,['比头短'],比头短,1,other_unparsed,1,['comparison'],"[[1.0, 0.0, 0.0, -1.0]]",[-0.0],1.0,ok,"['direct_absolute', 'comparison']"
region,212,3,264,尾巴比脖子短，比头长。,['比头长'],比头长,1,other_unparsed,1,['comparison'],"[[-1.0, 0.0, 0.0, 1.0]]",[-0.0],1.0,ok,"['direct_absolute', 'comparison']"
region,212,3,265,尾巴比脖子短，比头短。,['比头短'],比头短,1,other_unparsed,1,['comparison'],"[[-1.0, 0.0, 0.0, 1.0]]",[-0.0],0.0,mismatch,"['direct_absolute', 'comparison']"
region,212,3,269,脖子比尾巴短，比头短。,['比头短'],比头短,1,other_unparsed,1,['comparison'],"[[1.0, 0.0, 0.0, -1.0]]",[-0.0],1.0,ok,"['direct_absolute', 'comparison']"
region,212,3,270,尾巴比头短，比脖子短。,['比脖子短'],比脖子短,1,other_unparsed,1,['comparison'],"[[0.0, -1.0, 0.0, 1.0]]",[-0.0],1.0,ok,"['direct_absolute', 'comparison']"
region,212,3,271,尾巴比脖子长，比头长。,['比头长'],比头长,1,other_unparsed,1,['comparison'],"[[1.0, 0.0, 0.0, -1.0]]",[-0.0],1.0,ok,"['direct_absolute', 'comparison']"
region,212,3,272,尾巴比脖子长，比头长。,['比头长'],比头长,1,other_unparsed,1,['comparison'],"[[1.0, 0.0, 0.0, -1.0]]",[-0.0],1.0,ok,"['direct_absolute', 'comparison']"
region,212,3,316,尾巴比躯干短，比脖子短。,['比脖子短'],比脖子短,1,other_unparsed,1,['body_ref'],"[[0.0, 0.0, 0.0, 1.0]]",[0.5],1.0,ok,"['direct_absolute', 'comparison', 'body_ref']"
region,212,3,318,尾巴比躯干短，比脖子短。,['比脖子短'],比脖子短,1,other_unparsed,1,['body_ref'],"[[0.0, 0.0, 0.0, 1.0]]",[0.5],1.0,ok,"['direct_absolute', 'comparison', 'body_ref']"
region,212,3,319,尾巴比躯干短，比脖子长。,['比脖子长'],比脖子长,1,other_unparsed,1,['body_ref'],"[[0.0, 0.0, 0.0, 1.0]]",[0.5],1.0,ok,"['direct_absolute', 'comparison', 'body_ref']"
region,212,4,86,尾巴比脖子短，比头长。,['比头长'],比头长,1,other_unparsed,1,['comparison'],"[[-1.0, 0.0, 0.0, 1.0]]",[-0.0],1.0,ok,"['direct_absolute', 'comparison']"
region,212,4,87,尾巴比脖子短，比头短。,['比头短'],比头短,1,other_unparsed,1,['comparison'],"[[-1.0, 0.0, 0.0, 1.0]]",[-0.0],1.0,ok,"['direct_absolute', 'comparison']"
region,212,4,88,尾巴比脖子长，比头长。,['比头长'],比头长,1,other_unparsed,1,['comparison'],"[[1.0, 0.0, 0.0, -1.0]]",[-0.0],1.0,ok,"['direct_absolute', 'comparison']"
region,212,4,89,尾巴比脖子短，比头短。,['比头短'],比头短,1,other_unparsed,1,['comparison'],"[[-1.0, 0.0, 0.0, 1.0]]",[-0.0],1.0,ok,"['direct_absolute', 'comparison']"
region,212,4,90,尾巴比脖子短，比头短。,['比头短'],比头短,1,other_unparsed,1,['comparison'],"[[-1.0, 0.0, 0.0, 1.0]]",[-0.0],1.0,ok,"['direct_absolute', 'comparison']"
region,212,4,91,尾巴比脖子长，比头长。,['比头长'],比头长,1,other_unparsed,1,['comparison'],"[[1.0, 0.0, 0.0, -1.0]]",[-0.0],1.0,ok,"['direct_absolute', 'comparison']"
region,212,4,92,尾巴比脖子长，比头长。,['比头长'],比头长,1,other_unparsed,1,['comparison'],"[[1.0, 0.0, 0.0, -1.0]]",[-0.0],1.0,ok,"['direct_absolute', 'comparison']"
region,212,4,93,头比脖子长，比尾巴短。,['比尾巴短'],比尾巴短,1,other_unparsed,1,['comparison'],"[[1.0, -1.0, 0.0, 0.0]]",[-0.0],1.0,ok,"['direct_absolute', 'comparison']"
region,212,4,94,脖子比头长，比尾巴长。,['比尾巴长'],比尾巴长,1,other_unparsed,1,['comparison'],"[[-1.0, 1.0, 0.0, 0.0]]",[-0.0],1.0,ok,"['direct_absolute', 'comparison']"
region,212,4,95,脖子比头长，比尾巴短。,['比尾巴短'],比尾巴短,1,other_unparsed,1,['comparison'],"[[-1.0, 1.0, 0.0, 0.0]]",[-0.0],1.0,ok,"['direct_absolute', 'comparison']"
region,212,4,96,脖子比头短，比尾巴短。,['比尾巴短'],比尾巴短,1,other_unparsed,1,['comparison'],"[[1.0, -1.0, 0.0, 0.0]]",[-0.0],1.0,ok,"['direct_absolute', 'comparison']"
region,212,4,97,脖子比头短，比尾巴短。,['比尾巴短'],比尾巴短,1,other_unparsed,1,['comparison'],"[[1.0, -1.0, 0.0, 0.0]]",[-0.0],1.0,ok,"['direct_absolute', 'comparison']"
region,212,4,98,脖子比头短，比尾巴短。,['比尾巴短'],比尾巴短,1,other_unparsed,1,['comparison'],"[[1.0, -1.0, 0.0, 0.0]]",[-0.0],1.0,ok,"['direct_absolute', 'comparison']"
region,212,4,99,脖子比头长，比尾巴长。,['比尾巴长'],比尾巴长,1,other_unparsed,1,['comparison'],"[[-1.0, 1.0, 0.0, 0.0]]",[-0.0],1.0,ok,"['direct_absolute', 'comparison']"
region,212,4,100,脖子比头长，比尾巴短。,['比尾巴短'],比尾巴短,1,other_unparsed,1,['comparison'],"[[-1.0, 1.0, 0.0, 0.0]]",[-0.0],1.0,ok,"['direct_absolute', 'comparison']"
region,212,4,101,脖子比头短，比尾巴短。,['比尾巴短'],比尾巴短,1,other_unparsed,1,['comparison'],"[[1.0, -1.0, 0.0, 0.0]]",[-0.0],1.0,ok,"['direct_absolute', 'comparison']"
region,212,4,102,脖子比头长，比腿长，比尾巴长。,"['比腿长', '比尾巴长']",比腿长；比尾巴长,2,other_unparsed,1,['comparison'],"[[-1.0, 1.0, 0.0, 0.0]]",[-0.0],1.0,ok,"['direct_absolute', 'comparison']"
region,212,4,103,脖子比头长，比尾巴长。,['比尾巴长'],比尾巴长,1,other_unparsed,1,['comparison'],"[[-1.0, 1.0, 0.0, 0.0]]",[-0.0],1.0,ok,"['direct_absolute', 'comparison']"
region,212,4,104,脖子比头长，比尾巴短。,['比尾巴短'],比尾巴短,1,other_unparsed,1,['comparison'],"[[-1.0, 1.0, 0.0, 0.0]]",[-0.0],1.0,ok,"['direct_absolute', 'comparison']"
region,212,4,105,脖子比头短，比尾巴短。,['比尾巴短'],比尾巴短,1,other_unparsed,1,['comparison'],"[[1.0, -1.0, 0.0, 0.0]]",[-0.0],1.0,ok,"['direct_absolute', 'comparison']"
region,212,4,106,脖子比头长，比尾巴长。,['比尾巴长'],比尾巴长,1,other_unparsed,1,['comparison'],"[[-1.0, 1.0, 0.0, 0.0]]",[-0.0],1.0,ok,"['direct_absolute', 'comparison']"
region,212,4,107,脖子比头短，比尾巴长。,['比尾巴长'],比尾巴长,1,other_unparsed,1,['comparison'],"[[1.0, -1.0, 0.0, 0.0]]",[-0.0],1.0,ok,"['direct_absolute', 'comparison']"
region,212,4,108,脖子比腿和尾巴短，比头短。,['比头短'],比头短,1,other_unparsed,2,['comparison'],"[[1.0, 0.0, -1.0, 0.0], [1.0, 0.0, 0.0, -1.0]]","[-0.0, -0.0]",1.0,ok,"['direct_absolute', 'comparison']"
region,212,4,109,脖子比头长，比尾巴长。,['比尾巴长'],比尾巴长,1,other_unparsed,1,['comparison'],"[[-1.0, 1.0, 0.0, 0.0]]",[-0.0],1.0,ok,"['direct_absolute', 'comparison']"
region,212,4,110,脖子比头短，比尾巴短。,['比尾巴短'],比尾巴短,1,other_unparsed,1,['comparison'],"[[1.0, -1.0, 0.0, 0.0]]",[-0.0],1.0,ok,"['direct_absolute', 'comparison']"
region,212,4,137,头比脖子短，比尾巴长。,['比尾巴长'],比尾巴长,1,other_unparsed,1,['comparison'],"[[-1.0, 1.0, 0.0, 0.0]]",[-0.0],1.0,ok,"['direct_absolute', 'comparison']"
region,212,4,138,头比脖子短，比尾巴短。,['比尾巴短'],比尾巴短,1,other_unparsed,1,['comparison'],"[[-1.0, 1.0, 0.0, 0.0]]",[-0.0],1.0,ok,"['direct_absolute', 'comparison']"
region,212,4,139,头比脖子短，比尾巴短。,['比尾巴短'],比尾巴短,1,other_unparsed,1,['comparison'],"[[-1.0, 1.0, 0.0, 0.0]]",[-0.0],1.0,ok,"['direct_absolute', 'comparison']"
region,212,4,140,头比脖子长，比尾巴短。,['比尾巴短'],比尾巴短,1,other_unparsed,1,['comparison'],"[[1.0, -1.0, 0.0, 0.0]]",[-0.0],1.0,ok,"['direct_absolute', 'comparison']"
region,212,4,141,头比脖子长，比尾巴长。,['比尾巴长'],比尾巴长,1,other_unparsed,1,['comparison'],"[[1.0, -1.0, 0.0, 0.0]]",[-0.0],1.0,ok,"['direct_absolute', 'comparison']"
region,212,4,142,头比脖子长，比尾巴短。,['比尾巴短'],比尾巴短,1,other_unparsed,1,['comparison'],"[[1.0, -1.0, 0.0, 0.0]]",[-0.0],1.0,ok,"['direct_absolute', 'comparison']"
region,212,4,143,头比脖子长，比腿长。,['比腿长'],比腿长,1,other_unparsed,1,['comparison'],"[[1.0, -1.0, 0.0, 0.0]]",[-0.0],1.0,ok,"['direct_absolute', 'comparison']"
region,212,4,144,头比脖子长，比尾巴长。,['比尾巴长'],比尾巴长,1,other_unparsed,1,['comparison'],"[[1.0, -1.0, 0.0, 0.0]]",[-0.0],1.0,ok,"['direct_absolute', 'comparison']"
region,212,4,145,头比脖子短，比尾巴短。,['比尾巴短'],比尾巴短,1,other_unparsed,1,['comparison'],"[[-1.0, 1.0, 0.0, 0.0]]",[-0.0],1.0,ok,"['direct_absolute', 'comparison']"
region,212,4,146,头比脖子短，比尾巴短。,['比尾巴短'],比尾巴短,1,other_unparsed,1,['comparison'],"[[-1.0, 1.0, 0.0, 0.0]]",[-0.0],1.0,ok,"['direct_absolute', 'comparison']"
region,212,4,147,头比脖子长，比尾巴短。,['比尾巴短'],比尾巴短,1,other_unparsed,1,['comparison'],"[[1.0, -1.0, 0.0, 0.0]]",[-0.0],1.0,ok,"['direct_absolute', 'comparison']"
region,212,4,148,头比脖子长，比尾巴短。,['比尾巴短'],比尾巴短,1,other_unparsed,1,['comparison'],"[[1.0, -1.0, 0.0, 0.0]]",[-0.0],1.0,ok,"['direct_absolute', 'comparison']"
region,212,4,149,头比脖子长，比尾巴长。,['比尾巴长'],比尾巴长,1,other_unparsed,1,['comparison'],"[[1.0, -1.0, 0.0, 0.0]]",[-0.0],1.0,ok,"['direct_absolute', 'comparison']"
region,212,4,150,头比脖子长，比尾巴长。,['比尾巴长'],比尾巴长,1,other_unparsed,1,['comparison'],"[[1.0, -1.0, 0.0, 0.0]]",[-0.0],1.0,ok,"['direct_absolute', 'comparison']"
region,212,4,151,头比脖子短，比尾巴短。,['比尾巴短'],比尾巴短,1,other_unparsed,1,['comparison'],"[[-1.0, 1.0, 0.0, 0.0]]",[-0.0],1.0,ok,"['direct_absolute', 'comparison']"
region,212,4,152,头比脖子短，比尾巴短。,['比尾巴短'],比尾巴短,1,other_unparsed,1,['comparison'],"[[-1.0, 1.0, 0.0, 0.0]]",[-0.0],1.0,ok,"['direct_absolute', 'comparison']"
region,212,4,153,头比脖子长，比尾巴长。,['比尾巴长'],比尾巴长,1,other_unparsed,1,['comparison'],"[[1.0, -1.0, 0.0, 0.0]]",[-0.0],1.0,ok,"['direct_absolute', 'comparison']"
region,212,4,154,头比脖子短，比尾巴短。,['比尾巴短'],比尾巴短,1,other_unparsed,1,['comparison'],"[[-1.0, 1.0, 0.0, 0.0]]",[-0.0],1.0,ok,"['direct_absolute', 'comparison']"
region,212,4,155,头比脖子短，比尾巴短。,['比尾巴短'],比尾巴短,1,other_unparsed,1,['comparison'],"[[-1.0, 1.0, 0.0, 0.0]]",[-0.0],1.0,ok,"['direct_absolute', 'comparison']"
region,212,4,161,头比脖子短，比尾巴长。,['比尾巴长'],比尾巴长,1,other_unparsed,1,['comparison'],"[[-1.0, 1.0, 0.0, 0.0]]",[-0.0],1.0,ok,"['direct_absolute', 'comparison']"
region,212,4,162,头比脖子短，比尾巴短。,['比尾巴短'],比尾巴短,1,other_unparsed,1,['comparison'],"[[-1.0, 1.0, 0.0, 0.0]]",[-0.0],0.0,mismatch,"['direct_absolute', 'comparison']"
region,212,4,163,头比脖子长，比尾巴短。,['比尾巴短'],比尾巴短,1,other_unparsed,1,['comparison'],"[[1.0, -1.0, 0.0, 0.0]]",[-0.0],1.0,ok,"['direct_absolute', 'comparison']"
region,212,4,164,头比脖子短，比尾巴短。,['比尾巴短'],比尾巴短,1,other_unparsed,1,['comparison'],"[[-1.0, 1.0, 0.0, 0.0]]",[-0.0],1.0,ok,"['direct_absolute', 'comparison']"
region,212,4,165,腿比脖子长，比尾巴长。,['比尾巴长'],比尾巴长,1,other_unparsed,1,['comparison'],"[[1.0, 0.0, -1.0, 0.0]]",[-0.0],1.0,ok,"['direct_absolute', 'comparison']"
region,212,4,166,头比脖子长，比尾巴短。,['比尾巴短'],比尾巴短,1,other_unparsed,1,['comparison'],"[[1.0, -1.0, 0.0, 0.0]]",[-0.0],1.0,ok,"['direct_absolute', 'comparison']"
region,212,4,167,头比脖子短，比尾巴长。,['比尾巴长'],比尾巴长,1,other_unparsed,1,['comparison'],"[[-1.0, 1.0, 0.0, 0.0]]",[-0.0],1.0,ok,"['direct_absolute', 'comparison']"
region,212,4,168,头比脖子长，比尾巴长。,['比尾巴长'],比尾巴长,1,other_unparsed,1,['comparison'],"[[1.0, -1.0, 0.0, 0.0]]",[-0.0],1.0,ok,"['direct_absolute', 'comparison']"
region,212,4,169,腿比脖子长，比尾巴短。,['比尾巴短'],比尾巴短,1,other_unparsed,1,['comparison'],"[[1.0, 0.0, -1.0, 0.0]]",[-0.0],1.0,ok,"['direct_absolute', 'comparison']"
region,212,4,170,腿比脖子短，比尾巴短。,['比尾巴短'],比尾巴短,1,other_unparsed,1,['comparison'],"[[-1.0, 0.0, 1.0, 0.0]]",[-0.0],1.0,ok,"['direct_absolute', 'comparison']"
region,212,4,171,腿比脖子长，比尾巴短。,['比尾巴短'],比尾巴短,1,other_unparsed,1,['comparison'],"[[1.0, 0.0, -1.0, 0.0]]",[-0.0],1.0,ok,"['direct_absolute', 'comparison']"
region,212,4,172,腿比脖子长，比尾巴长。,['比尾巴长'],比尾巴长,1,other_unparsed,1,['comparison'],"[[1.0, 0.0, -1.0, 0.0]]",[-0.0],1.0,ok,"['direct_absolute', 'comparison']"
region,212,4,173,腿比脖子短，比尾巴短。,['比尾巴短'],比尾巴短,1,other_unparsed,1,['comparison'],"[[-1.0, 0.0, 1.0, 0.0]]",[-0.0],1.0,ok,"['direct_absolute', 'comparison']"
region,212,4,174,腿比脖子短，比尾巴短。,['比尾巴短'],比尾巴短,1,other_unparsed,1,['comparison'],"[[-1.0, 0.0, 1.0, 0.0]]",[-0.0],1.0,ok,"['direct_absolute', 'comparison']"
region,212,4,175,腿比脖子长，比尾巴长。,['比尾巴长'],比尾巴长,1,other_unparsed,1,['comparison'],"[[1.0, 0.0, -1.0, 0.0]]",[-0.0],1.0,ok,"['direct_absolute', 'comparison']"
region,212,4,176,腿比脖子短，比尾巴短。,['比尾巴短'],比尾巴短,1,other_unparsed,1,['comparison'],"[[-1.0, 0.0, 1.0, 0.0]]",[-0.0],1.0,ok,"['direct_absolute', 'comparison']"
region,212,4,177,腿比脖子长，比尾巴长。,['比尾巴长'],比尾巴长,1,other_unparsed,1,['comparison'],"[[1.0, 0.0, -1.0, 0.0]]",[-0.0],1.0,ok,"['direct_absolute', 'comparison']"
region,212,4,178,腿比脖子短，比尾巴长。,['比尾巴长'],比尾巴长,1,other_unparsed,1,['comparison'],"[[-1.0, 0.0, 1.0, 0.0]]",[-0.0],1.0,ok,"['direct_absolute', 'comparison']"
region,212,4,179,腿比尾巴短，比脖子短。,['比脖子短'],比脖子短,1,other_unparsed,1,['comparison'],"[[0.0, 0.0, 1.0, -1.0]]",[-0.0],1.0,ok,"['direct_absolute', 'comparison']"
region,212,4,190,脖子比尾巴短，比腿长。,['比腿长'],比腿长,1,other_unparsed,1,['comparison'],"[[1.0, 0.0, 0.0, -1.0]]",[-0.0],1.0,ok,"['direct_absolute', 'comparison']"
region,212,4,191,脖子比尾巴短，比腿长。,['比腿长'],比腿长,1,other_unparsed,1,['comparison'],"[[1.0, 0.0, 0.0, -1.0]]",[-0.0],1.0,ok,"['direct_absolute', 'comparison']"
region,212,4,192,脖子比尾巴短，比腿短。,['比腿短'],比腿短,1,other_unparsed,1,['comparison'],"[[1.0, 0.0, 0.0, -1.0]]",[-0.0],1.0,ok,"['direct_absolute', 'comparison']"
region,212,4,194,头比脖子短，比尾巴长。,['比尾巴长'],比尾巴长,1,other_unparsed,1,['comparison'],"[[-1.0, 1.0, 0.0, 0.0]]",[-0.0],1.0,ok,"['direct_absolute', 'comparison']"
region,212,4,195,头比脖子长，比尾巴长。,['比尾巴长'],比尾巴长,1,other_unparsed,1,['comparison'],"[[1.0, -1.0, 0.0, 0.0]]",[-0.0],1.0,ok,"['direct_absolute', 'comparison']"
region,212,6,72,尾巴长，头低。,['头低'],头低,1,other_unparsed,1,['general_case'],"[[0.0, 0.0, 0.0, -1.0]]",[-0.5],1.0,ok,['direct_absolute']
region,212,6,73,尾巴短，头位置高。,['头位置高'],头位置高,1,other_unparsed,1,['general_case'],"[[0.0, 0.0, 0.0, 1.0]]",[0.5],1.0,ok,['direct_absolute']
region,212,6,74,尾巴长，头的位置低。,['头的位置低'],头的位置低,1,other_unparsed,1,['general_case'],"[[0.0, 0.0, 0.0, -1.0]]",[-0.5],1.0,ok,['direct_absolute']
region,212,6,75,尾巴长，头的位置高。,['头的位置高'],头的位置高,1,other_unparsed,1,['general_case'],"[[0.0, 0.0, 0.0, -1.0]]",[-0.5],1.0,ok,['direct_absolute']
region,212,6,76,尾巴长，头的位置高。,['头的位置高'],头的位置高,1,other_unparsed,1,['general_case'],"[[0.0, 0.0, 0.0, -1.0]]",[-0.5],1.0,ok,['direct_absolute']
region,212,6,77,尾巴长，头的位置高。,['头的位置高'],头的位置高,1,other_unparsed,1,['general_case'],"[[0.0, 0.0, 0.0, -1.0]]",[-0.5],1.0,ok,['direct_absolute']
region,212,6,78,尾巴长，头的位置低。,['头的位置低'],头的位置低,1,other_unparsed,1,['general_case'],"[[0.0, 0.0, 0.0, -1.0]]",[-0.5],1.0,ok,['direct_absolute']
region,212,6,79,尾巴短，头的位置低。,['头的位置低'],头的位置低,1,other_unparsed,1,['general_case'],"[[0.0, 0.0, 0.0, 1.0]]",[0.5],1.0,ok,['direct_absolute']
region,212,6,80,尾巴长，头的位置低。,['头的位置低'],头的位置低,1,other_unparsed,1,['general_case'],"[[0.0, 0.0, 0.0, -1.0]]",[-0.5],1.0,ok,['direct_absolute']
region,212,6,81,尾巴长，头的位置高。,['头的位置高'],头的位置高,1,other_unparsed,1,['general_case'],"[[0.0, 0.0, 0.0, -1.0]]",[-0.5],1.0,ok,['direct_absolute']
region,213,1,56,四部位差不多长。,['四部位差不多长'],四部位差不多长,1,global_balance,0,[],[],[],,unsupported,"['direct_absolute', 'equality']"
region,213,1,91,头长，脖子长，尾巴长，腿和尾巴。,['腿和尾巴'],腿和尾巴,1,other_unparsed,3,"['general_case', 'general_case', 'general_case']","[[0.0, -1.0, 0.0, 0.0], [-1.0, 0.0, 0.0, 0.0], [0.0, 0.0, 0.0, -1.0]]","[-0.5, -0.5, -0.5]",0.0,mismatch,['direct_absolute']
region,213,1,99,头和尾巴都比脖子长。,['头和尾巴都比脖子长'],头和尾巴都比脖子长,1,other_unparsed,0,[],[],[],,unsupported,"['direct_absolute', 'comparison']"
region,213,1,131,头比尾巴短，比脖子短。,['比脖子短'],比脖子短,1,other_unparsed,1,['comparison'],"[[0.0, 1.0, 0.0, -1.0]]",[-0.0],1.0,ok,"['direct_absolute', 'comparison']"
region,213,2,24,腿比躯干长，头不比脖子短。,['头不比脖子短'],头不比脖子短,1,other_unparsed,1,['body_ref'],"[[0.0, 0.0, -1.0, 0.0]]",[-0.5],1.0,ok,"['direct_absolute', 'comparison', 'body_ref']"
region,213,2,42,腿较长，头和脖子均长于尾巴。,['头和脖子均长于尾巴'],头和脖子均长于尾巴,1,other_unparsed,1,['general_case'],"[[0.0, 0.0, -1.0, 0.0]]",[-0.5],1.0,ok,"['direct_absolute', 'comparison']"
region,213,2,43,腿较短，头和尾巴均长于脖子。,['头和尾巴均长于脖子'],头和尾巴均长于脖子,1,other_unparsed,1,['general_case'],"[[0.0, 0.0, 1.0, 0.0]]",[0.5],1.0,ok,"['direct_absolute', 'comparison']"
region,213,2,44,腿较短，头和尾巴均长于脖子。,['头和尾巴均长于脖子'],头和尾巴均长于脖子,1,other_unparsed,1,['general_case'],"[[0.0, 0.0, 1.0, 0.0]]",[0.5],1.0,ok,"['direct_absolute', 'comparison']"
region,213,2,65,头和尾巴比较长，长于脖子。,['长于脖子'],长于脖子,1,other_unparsed,2,['general_case'],"[[0.0, -1.0, 0.0, 0.0], [0.0, 0.0, 0.0, -1.0]]","[-0.5, -0.5]",1.0,ok,"['direct_absolute', 'comparison']"
region,213,2,297,脖子比头长，脖子不是最长。,['脖子不是最长'],脖子不是最长,1,other_unparsed,1,['comparison'],"[[-1.0, 1.0, 0.0, 0.0]]",[-0.0],1.0,ok,"['direct_absolute', 'superlative', 'comparison', 'negation']"
region,213,2,298,头比脖子长，头不是最长。,['头不是最长'],头不是最长,1,other_unparsed,1,['comparison'],"[[1.0, -1.0, 0.0, 0.0]]",[-0.0],1.0,ok,"['direct_absolute', 'superlative', 'comparison', 'negation']"
region,213,2,300,头比脖子长，脖子不是最短。,['脖子不是最短'],脖子不是最短,1,other_unparsed,1,['comparison'],"[[1.0, -1.0, 0.0, 0.0]]",[-0.0],1.0,ok,"['direct_absolute', 'superlative', 'comparison', 'negation']"
region,213,2,301,脖子比头长，脖子不是最长。,['脖子不是最长'],脖子不是最长,1,other_unparsed,1,['comparison'],"[[-1.0, 1.0, 0.0, 0.0]]",[-0.0],1.0,ok,"['direct_absolute', 'superlative', 'comparison', 'negation']"
region,213,2,305,有三个部位比较长。,['有三个部位比较长'],有三个部位比较长,1,count_abstract,0,[],[],[],,unsupported,"['direct_absolute', 'comparison', 'count_abstract']"
region,213,2,306,有两个部位比较长。,['有两个部位比较长'],有两个部位比较长,1,count_abstract,0,[],[],[],,unsupported,"['direct_absolute', 'comparison', 'count_abstract']"
region,213,2,308,有一个部位比较长。,['有一个部位比较长'],有一个部位比较长,1,count_abstract,0,[],[],[],,unsupported,"['direct_absolute', 'comparison', 'count_abstract']"
region,213,2,309,有两个部位比较长。,['有两个部位比较长'],有两个部位比较长,1,count_abstract,0,[],[],[],,unsupported,"['direct_absolute', 'comparison', 'count_abstract']"
region,213,2,310,有两个部位比较长。,['有两个部位比较长'],有两个部位比较长,1,count_abstract,0,[],[],[],,unsupported,"['direct_absolute', 'comparison', 'count_abstract']"
region,213,2,311,有三个部位比较长。,['有三个部位比较长'],有三个部位比较长,1,count_abstract,0,[],[],[],,unsupported,"['direct_absolute', 'comparison', 'count_abstract']"
region,213,2,312,有两个部位比较长。,['有两个部位比较长'],有两个部位比较长,1,count_abstract,0,[],[],[],,unsupported,"['direct_absolute', 'comparison', 'count_abstract']"
region,213,2,314,有两个部位比较长。,['有两个部位比较长'],有两个部位比较长,1,count_abstract,0,[],[],[],,unsupported,"['direct_absolute', 'comparison', 'count_abstract']"
region,213,2,315,有一个部位比较长。,['有一个部位比较长'],有一个部位比较长,1,count_abstract,0,[],[],[],,unsupported,"['direct_absolute', 'comparison', 'count_abstract']"
region,213,2,316,有三个部位比较长。,['有三个部位比较长'],有三个部位比较长,1,count_abstract,0,[],[],[],,unsupported,"['direct_absolute', 'comparison', 'count_abstract']"
region,213,2,317,有两个部位比较长。,['有两个部位比较长'],有两个部位比较长,1,count_abstract,0,[],[],[],,unsupported,"['direct_absolute', 'comparison', 'count_abstract']"
region,213,2,318,有两个部位比较长。,['有两个部位比较长'],有两个部位比较长,1,count_abstract,0,[],[],[],,unsupported,"['direct_absolute', 'comparison', 'count_abstract']"
region,213,3,81,头明显比脖子长，尾巴比较长。,['头明显比脖子长'],头明显比脖子长,1,other_unparsed,1,['general_case'],"[[0.0, 0.0, 0.0, -1.0]]",[-0.5],1.0,ok,"['direct_absolute', 'comparison']"
region,213,3,161,腿和脖子都比尾巴长。,['腿和脖子都比尾巴长'],腿和脖子都比尾巴长,1,other_unparsed,0,[],[],[],,unsupported,"['direct_absolute', 'comparison']"
region,213,3,167,腿比较长，头和脖子无明显差距。,['头和脖子无明显差距'],头和脖子无明显差距,1,other_unparsed,1,['general_case'],"[[0.0, 0.0, -1.0, 0.0]]",[-0.5],0.0,mismatch,"['direct_absolute', 'comparison']"
region,213,4,17,脖子显著比头长。,['脖子显著比头长'],脖子显著比头长,1,other_unparsed,0,[],[],[],,unsupported,"['direct_absolute', 'comparison']"
region,213,4,18,头显著比脖子长。,['头显著比脖子长'],头显著比脖子长,1,other_unparsed,0,[],[],[],,unsupported,"['direct_absolute', 'comparison']"
region,213,4,171,腿比较长，头和脖子，四个部位都比较短。,['头和脖子'],头和脖子,1,other_unparsed,5,"['general_case', 'universal_quantifier']","[[0.0, 0.0, -1.0, 0.0], [1.0, 0.0, 0.0, 0.0], [0.0, 1.0, 0.0, 0.0], [0.0, 0.0, 1.0, 0.0], [0.0, 0.0, 0.0, 1.0]]","[-0.5, 0.5, 0.5, 0.5, 0.5]",0.8,mismatch,"['direct_absolute', 'comparison']"
region,214,1,44,腿长，脖，脖子中等长度，尾巴略长，头略短。,['脖子'],脖子,1,other_unparsed,5,"['general_case', 'general_case', 'general_case', 'general_case']","[[0.0, 0.0, -1.0, 0.0], [-1.0, 0.0, 0.0, 0.0], [1.0, 0.0, 0.0, 0.0], [0.0, 0.0, 0.0, -1.0], [0.0, 1.0, 0.0, 0.0]]","[-0.5, -0.25, 0.75, -0.5, 0.5]",1.0,ok,['direct_absolute']
region,214,1,60,头，和，腿、头和腿略短，其他中等长度。,"['头', '和']",头；和,2,other_unparsed,6,"['general_case', 'complement']","[[0.0, 0.0, 1.0, 0.0], [0.0, 1.0, 0.0, 0.0], [-1.0, 0.0, 0.0, 0.0], [1.0, 0.0, 0.0, 0.0], [0.0, 0.0, 0.0, -1.0], [0.0, 0.0, 0.0, 1.0]]","[0.5, 0.5, -0.25, 0.75, -0.25, 0.75]",1.0,ok,['direct_absolute']
region,214,1,97,选错了。,['选错了'],选错了,1,meta_or_uncertain,0,[],[],[],,meta,['meta']
region,214,1,131,选错了。,['选错了'],选错了,1,meta_or_uncertain,0,[],[],[],,meta,['meta']
region,214,1,148,选错了。,['选错了'],选错了,1,meta_or_uncertain,0,[],[],[],,meta,['meta']
region,214,1,166,选错了。,['选错了'],选错了,1,meta_or_uncertain,0,[],[],[],,meta,['meta']
region,214,1,188,头，脖子特别长，腿特别短。,['头'],头,1,other_unparsed,2,"['general_case', 'general_case']","[[-1.0, 0.0, 0.0, 0.0], [0.0, 0.0, 1.0, 0.0]]","[-0.5, 0.5]",1.0,ok,['direct_absolute']
region,214,1,249,选错了。,['选错了'],选错了,1,meta_or_uncertain,0,[],[],[],,meta,['meta']
region,214,1,311,选错了。,['选错了'],选错了,1,meta_or_uncertain,0,[],[],[],,meta,['meta']
region,214,2,27,选错了。,['选错了'],选错了,1,meta_or_uncertain,0,[],[],[],,meta,['meta']
region,214,2,35,差不多。,['差不多'],差不多,1,global_balance,0,[],[],[],,unsupported,['equality']
region,214,2,53,选错了。,['选错了'],选错了,1,meta_or_uncertain,0,[],[],[],,meta,['meta']
region,214,2,110,差不多。,['差不多'],差不多,1,global_balance,0,[],[],[],,unsupported,['equality']
region,214,2,173,选错了。,['选错了'],选错了,1,meta_or_uncertain,0,[],[],[],,meta,['meta']
region,214,2,175,选错了。,['选错了'],选错了,1,meta_or_uncertain,0,[],[],[],,meta,['meta']
region,214,2,184,是长。,['是长'],是长,1,other_unparsed,0,[],[],[],,unsupported,['direct_absolute']
region,214,2,199,选错了。,['选错了'],选错了,1,meta_or_uncertain,0,[],[],[],,meta,['meta']
region,214,2,203,选错了。,['选错了'],选错了,1,meta_or_uncertain,0,[],[],[],,meta,['meta']
region,214,2,218,选错了。,['选错了'],选错了,1,meta_or_uncertain,0,[],[],[],,meta,['meta']
region,214,2,279,选错了。,['选错了'],选错了,1,meta_or_uncertain,0,[],[],[],,meta,['meta']
region,214,2,281,选错了。,['选错了'],选错了,1,meta_or_uncertain,0,[],[],[],,meta,['meta']
region,214,2,312,选错了。,['选错了'],选错了,1,meta_or_uncertain,0,[],[],[],,meta,['meta']
region,214,3,99,选错了。,['选错了'],选错了,1,meta_or_uncertain,0,[],[],[],,meta,['meta']
region,214,3,139,三个中等，尾巴短。,['三个中等'],三个中等,1,other_unparsed,1,['general_case'],"[[0.0, 0.0, 0.0, 1.0]]",[0.5],1.0,ok,['direct_absolute']
region,214,3,172,选错了。,['选错了'],选错了,1,meta_or_uncertain,0,[],[],[],,meta,['meta']
region,214,3,180,腿，最短。,"['腿', '最短']",腿；最短,2,other_unparsed,0,[],[],[],,unsupported,"['direct_absolute', 'superlative']"
region,214,3,189,差距不大。,['差距不大'],差距不大,1,other_unparsed,0,[],[],[],,unsupported,['other']
region,214,3,196,选错了。,['选错了'],选错了,1,meta_or_uncertain,0,[],[],[],,meta,['meta']
region,214,3,220,两长两短。,['两长两短'],两长两短,1,count_abstract,0,[],[],[],,unsupported,"['direct_absolute', 'count_abstract']"
region,214,3,221,两长两短。,['两长两短'],两长两短,1,count_abstract,0,[],[],[],,unsupported,"['direct_absolute', 'count_abstract']"
region,214,3,222,两长两短。,['两长两短'],两长两短,1,count_abstract,0,[],[],[],,unsupported,"['direct_absolute', 'count_abstract']"
region,214,3,277,选错了。,['选错了'],选错了,1,meta_or_uncertain,0,[],[],[],,meta,['meta']
region,214,3,294,选错了。,['选错了'],选错了,1,meta_or_uncertain,0,[],[],[],,meta,['meta']
region,214,4,18,差不多。,['差不多'],差不多,1,global_balance,0,[],[],[],,unsupported,['equality']
region,214,4,21,选错了。,['选错了'],选错了,1,meta_or_uncertain,0,[],[],[],,meta,['meta']
region,214,4,43,选错了。,['选错了'],选错了,1,meta_or_uncertain,0,[],[],[],,meta,['meta']
region,214,4,81,选错了。,['选错了'],选错了,1,meta_or_uncertain,0,[],[],[],,meta,['meta']
region,214,4,94,选错了。,['选错了'],选错了,1,meta_or_uncertain,0,[],[],[],,meta,['meta']
region,214,4,98,选错了。,['选错了'],选错了,1,meta_or_uncertain,0,[],[],[],,meta,['meta']
region,214,4,149,选错了。,['选错了'],选错了,1,meta_or_uncertain,0,[],[],[],,meta,['meta']
region,214,4,167,选错了。,['选错了'],选错了,1,meta_or_uncertain,0,[],[],[],,meta,['meta']
region,214,4,197,选错了。,['选错了'],选错了,1,meta_or_uncertain,0,[],[],[],,meta,['meta']
region,214,4,284,选错了。,['选错了'],选错了,1,meta_or_uncertain,0,[],[],[],,meta,['meta']
region,214,5,41,选错了。,['选错了'],选错了,1,meta_or_uncertain,0,[],[],[],,meta,['meta']
region,214,5,120,选错了。,['选错了'],选错了,1,meta_or_uncertain,0,[],[],[],,meta,['meta']
region,214,5,175,选错了。,['选错了'],选错了,1,meta_or_uncertain,0,[],[],[],,meta,['meta']
region,214,5,189,选错了。,['选错了'],选错了,1,meta_or_uncertain,0,[],[],[],,meta,['meta']
region,214,5,232,选错了。,['选错了'],选错了,1,meta_or_uncertain,0,[],[],[],,meta,['meta']
region,214,5,246,四个部位都还行。,['四个部位都还行'],四个部位都还行,1,other_unparsed,0,[],[],[],,unsupported,['other']
region,214,5,265,选错了。,['选错了'],选错了,1,meta_or_uncertain,0,[],[],[],,meta,['meta']
region,214,5,280,选错了。,['选错了'],选错了,1,meta_or_uncertain,0,[],[],[],,meta,['meta']
region,214,5,295,选错了。,['选错了'],选错了,1,meta_or_uncertain,0,[],[],[],,meta,['meta']
region,214,6,186,选错了。,['选错了'],选错了,1,meta_or_uncertain,0,[],[],[],,meta,['meta']
region,215,1,17,头和尾巴的长度超过腿。,['头和尾巴的长度超过腿'],头和尾巴的长度超过腿,1,other_unparsed,0,[],[],[],,unsupported,"['direct_absolute', 'comparison']"
region,215,2,35,三个部位长。,['三个部位长'],三个部位长,1,count_abstract,0,[],[],[],,unsupported,"['direct_absolute', 'count_abstract']"
region,215,2,50,三个部位长。,['三个部位长'],三个部位长,1,count_abstract,0,[],[],[],,unsupported,"['direct_absolute', 'count_abstract']"
region,215,2,51,三个部位长，一个部位短。,"['三个部位长', '一个部位短']",三个部位长；一个部位短,2,count_abstract,0,[],[],[],,unsupported,"['direct_absolute', 'count_abstract']"
region,215,2,52,两个部位长，两个部位短。,"['两个部位长', '两个部位短']",两个部位长；两个部位短,2,count_abstract,0,[],[],[],,unsupported,"['direct_absolute', 'count_abstract']"
region,215,2,57,三个部位长，一个部位短。,"['三个部位长', '一个部位短']",三个部位长；一个部位短,2,count_abstract,0,[],[],[],,unsupported,"['direct_absolute', 'count_abstract']"
region,215,2,58,三个部位长，一个部位短。,"['三个部位长', '一个部位短']",三个部位长；一个部位短,2,count_abstract,0,[],[],[],,unsupported,"['direct_absolute', 'count_abstract']"
region,215,2,59,三个部位短，一个部位长。,"['三个部位短', '一个部位长']",三个部位短；一个部位长,2,count_abstract,0,[],[],[],,unsupported,"['direct_absolute', 'count_abstract']"
region,215,2,62,两个部位长，两个部位短。,"['两个部位长', '两个部位短']",两个部位长；两个部位短,2,count_abstract,0,[],[],[],,unsupported,"['direct_absolute', 'count_abstract']"
region,215,2,63,两个部位长，两个部位短。,"['两个部位长', '两个部位短']",两个部位长；两个部位短,2,count_abstract,0,[],[],[],,unsupported,"['direct_absolute', 'count_abstract']"
region,215,2,64,三个部位长，一个部位短。,"['三个部位长', '一个部位短']",三个部位长；一个部位短,2,count_abstract,0,[],[],[],,unsupported,"['direct_absolute', 'count_abstract']"
region,215,2,86,三个部位短，一个部位长。,"['三个部位短', '一个部位长']",三个部位短；一个部位长,2,count_abstract,0,[],[],[],,unsupported,"['direct_absolute', 'count_abstract']"
region,215,2,87,两个部位长，两个部位短。,"['两个部位长', '两个部位短']",两个部位长；两个部位短,2,count_abstract,0,[],[],[],,unsupported,"['direct_absolute', 'count_abstract']"
region,215,2,173,两长两短。,['两长两短'],两长两短,1,count_abstract,0,[],[],[],,unsupported,"['direct_absolute', 'count_abstract']"
region,215,2,174,两长两短。,['两长两短'],两长两短,1,count_abstract,0,[],[],[],,unsupported,"['direct_absolute', 'count_abstract']"
region,215,2,175,三长一短。,['三长一短'],三长一短,1,count_abstract,0,[],[],[],,unsupported,"['direct_absolute', 'count_abstract']"
region,215,2,176,三长一短，头最短。,['三长一短'],三长一短,1,count_abstract,3,"['superlative', 'superlative', 'superlative']","[[-1.0, 1.0, 0.0, 0.0], [0.0, 1.0, -1.0, 0.0], [0.0, 1.0, 0.0, -1.0]]","[-0.0, -0.0, -0.0]",1.0,ok,"['direct_absolute', 'superlative', 'count_abstract']"
region,215,2,183,只有一个部位长。,['只有一个部位长'],只有一个部位长,1,count_abstract,0,[],[],[],,unsupported,"['direct_absolute', 'count_abstract']"
region,215,2,184,三个部位长。,['三个部位长'],三个部位长,1,count_abstract,0,[],[],[],,unsupported,"['direct_absolute', 'count_abstract']"
region,215,2,185,两个部位长。,['两个部位长'],两个部位长,1,count_abstract,0,[],[],[],,unsupported,"['direct_absolute', 'count_abstract']"
region,215,2,187,只有一个部位长。,['只有一个部位长'],只有一个部位长,1,count_abstract,0,[],[],[],,unsupported,"['direct_absolute', 'count_abstract']"
region,215,2,188,三个部位长。,['三个部位长'],三个部位长,1,count_abstract,0,[],[],[],,unsupported,"['direct_absolute', 'count_abstract']"
region,215,2,189,三个部位长。,['三个部位长'],三个部位长,1,count_abstract,0,[],[],[],,unsupported,"['direct_absolute', 'count_abstract']"
region,215,2,193,两个部位长。,['两个部位长'],两个部位长,1,count_abstract,0,[],[],[],,unsupported,"['direct_absolute', 'count_abstract']"
region,215,2,194,三个部位长。,['三个部位长'],三个部位长,1,count_abstract,0,[],[],[],,unsupported,"['direct_absolute', 'count_abstract']"
region,215,2,195,两个部位长。,['两个部位长'],两个部位长,1,count_abstract,0,[],[],[],,unsupported,"['direct_absolute', 'count_abstract']"
region,215,2,225,两个部位长，两个部位短。,"['两个部位长', '两个部位短']",两个部位长；两个部位短,2,count_abstract,0,[],[],[],,unsupported,"['direct_absolute', 'count_abstract']"
region,215,2,229,一个部位长，三个部位短。,"['一个部位长', '三个部位短']",一个部位长；三个部位短,2,count_abstract,0,[],[],[],,unsupported,"['direct_absolute', 'count_abstract']"
region,215,2,231,三个部位长，一个部位短。,"['三个部位长', '一个部位短']",三个部位长；一个部位短,2,count_abstract,0,[],[],[],,unsupported,"['direct_absolute', 'count_abstract']"
region,215,2,232,两个部位长，两个部位短。,"['两个部位长', '两个部位短']",两个部位长；两个部位短,2,count_abstract,0,[],[],[],,unsupported,"['direct_absolute', 'count_abstract']"
region,215,2,233,两个部位长，两个部位短。,"['两个部位长', '两个部位短']",两个部位长；两个部位短,2,count_abstract,0,[],[],[],,unsupported,"['direct_absolute', 'count_abstract']"
region,215,2,236,三个部位长，一个部位短。,"['三个部位长', '一个部位短']",三个部位长；一个部位短,2,count_abstract,0,[],[],[],,unsupported,"['direct_absolute', 'count_abstract']"
region,215,2,237,三个部位短，一个部位长。,"['三个部位短', '一个部位长']",三个部位短；一个部位长,2,count_abstract,0,[],[],[],,unsupported,"['direct_absolute', 'count_abstract']"
region,215,2,238,三长一短。,['三长一短'],三长一短,1,count_abstract,0,[],[],[],,unsupported,"['direct_absolute', 'count_abstract']"
region,215,2,239,三短一长。,['三短一长'],三短一长,1,other_unparsed,0,[],[],[],,unsupported,['direct_absolute']
region,215,2,240,三长一短。,['三长一短'],三长一短,1,count_abstract,0,[],[],[],,unsupported,"['direct_absolute', 'count_abstract']"
region,215,2,280,腿和尾巴都长，头和脖子不一样长。,['头和脖子不一样长'],头和脖子不一样长,1,disjoint_inequality,2,['general_case'],"[[0.0, 0.0, -1.0, 0.0], [0.0, 0.0, 0.0, -1.0]]","[-0.5, -0.5]",1.0,ok,"['direct_absolute', 'equality', 'negation']"
region,215,2,282,腿和尾巴不一样长，头比脖子长。,['腿和尾巴不一样长'],腿和尾巴不一样长,1,disjoint_inequality,1,['comparison'],"[[1.0, -1.0, 0.0, 0.0]]",[-0.0],1.0,ok,"['direct_absolute', 'comparison', 'equality', 'negation']"
region,215,2,284,腿和尾巴不一样，头和脖子不一样长。,"['腿和尾巴不一样', '头和脖子不一样长']",腿和尾巴不一样；头和脖子不一样长,2,disjoint_inequality,0,[],[],[],,unsupported,"['direct_absolute', 'equality', 'negation']"
region,216,1,24,头、脖子、腿都很长，尾巴中等，微微偏短。,['微微偏短'],微微偏短,1,other_unparsed,5,"['general_case', 'general_case']","[[0.0, -1.0, 0.0, 0.0], [-1.0, 0.0, 0.0, 0.0], [0.0, 0.0, -1.0, 0.0], [0.0, 0.0, 0.0, -1.0], [0.0, 0.0, 0.0, 1.0]]","[-0.5, -0.5, -0.5, -0.25, 0.75]",1.0,ok,['direct_absolute']
region,216,1,105,每个部位。,['每个部位'],每个部位,1,other_unparsed,0,[],[],[],,unsupported,['other']
region,216,1,294,尾巴和腿都一样长，偏短。,['偏短'],偏短,1,other_unparsed,2,['equality'],"[[0.0, 0.0, -1.0, 1.0], [0.0, 0.0, 1.0, -1.0]]","[0.1, 0.1]",1.0,ok,"['direct_absolute', 'equality']"
region,216,1,319,尾巴和腿差不多长，偏短。,['偏短'],偏短,1,other_unparsed,2,['equality'],"[[0.0, 0.0, -1.0, 1.0], [0.0, 0.0, 1.0, -1.0]]","[0.1, 0.1]",1.0,ok,"['direct_absolute', 'equality']"
region,216,2,37,腿和尾巴一样长，偏长。,['偏长'],偏长,1,other_unparsed,2,['equality'],"[[0.0, 0.0, 1.0, -1.0], [0.0, 0.0, -1.0, 1.0]]","[0.1, 0.1]",1.0,ok,"['direct_absolute', 'equality']"
region,216,2,73,尾巴比腿长，也比脖子长。,['也比脖子长'],也比脖子长,1,other_unparsed,1,['comparison'],"[[0.0, 0.0, 1.0, -1.0]]",[-0.0],1.0,ok,"['direct_absolute', 'comparison']"
region,216,2,83,脖子比腿，腿和尾巴长。,['脖子比腿'],脖子比腿,1,other_unparsed,2,['general_case'],"[[0.0, 0.0, -1.0, 0.0], [0.0, 0.0, 0.0, -1.0]]","[-0.5, -0.5]",0.0,mismatch,"['direct_absolute', 'comparison']"
region,216,2,115,尾巴最长，比腿长也比脖子长。,['比腿长也比脖子长'],比腿长也比脖子长,1,other_unparsed,3,"['superlative', 'superlative', 'superlative']","[[1.0, 0.0, 0.0, -1.0], [0.0, 1.0, 0.0, -1.0], [0.0, 0.0, 1.0, -1.0]]","[-0.0, -0.0, -0.0]",0.6666666666666666,mismatch,"['direct_absolute', 'superlative', 'comparison']"
region,216,2,121,尾巴和腿差不多长，都比脖子长。,['都比脖子长'],都比脖子长,1,other_unparsed,2,['equality'],"[[0.0, 0.0, -1.0, 1.0], [0.0, 0.0, 1.0, -1.0]]","[0.1, 0.1]",0.0,mismatch,"['direct_absolute', 'comparison', 'equality']"
region,216,2,122,尾巴和腿差不多长，都比脖子长。,['都比脖子长'],都比脖子长,1,other_unparsed,2,['equality'],"[[0.0, 0.0, -1.0, 1.0], [0.0, 0.0, 1.0, -1.0]]","[0.1, 0.1]",1.0,ok,"['direct_absolute', 'comparison', 'equality']"
region,216,2,141,腿最长，尾巴最短，脖子居中。,['脖子居中'],脖子居中,1,other_unparsed,5,"['superlative', 'superlative', 'superlative', 'superlative', 'superlative', 'superlative']","[[1.0, 0.0, -1.0, 0.0], [0.0, 1.0, -1.0, 0.0], [0.0, 0.0, -1.0, 1.0], [-1.0, 0.0, 0.0, 1.0], [0.0, -1.0, 0.0, 1.0]]","[-0.0, -0.0, -0.0, -0.0, -0.0]",1.0,ok,"['direct_absolute', 'superlative']"
region,216,2,206,脖子和尾巴都挺，腿都挺长。,['脖子和尾巴都挺'],脖子和尾巴都挺,1,other_unparsed,1,['general_case'],"[[0.0, 0.0, -1.0, 0.0]]",[-0.5],0.0,mismatch,['direct_absolute']
region,216,2,214,都差不多长。,['都差不多长'],都差不多长,1,global_balance,0,[],[],[],,unsupported,"['direct_absolute', 'equality']"
region,216,2,252,尾巴最长，头和脖子都比尾巴短。,['头和脖子都比尾巴短'],头和脖子都比尾巴短,1,other_unparsed,3,"['superlative', 'superlative', 'superlative']","[[1.0, 0.0, 0.0, -1.0], [0.0, 1.0, 0.0, -1.0], [0.0, 0.0, 1.0, -1.0]]","[-0.0, -0.0, -0.0]",1.0,ok,"['direct_absolute', 'superlative', 'comparison']"
region,216,2,253,每个部分都挺长。,['每个部分都挺长'],每个部分都挺长,1,other_unparsed,0,[],[],[],,unsupported,['direct_absolute']
region,216,2,267,每个部分都差不多长。,['每个部分都差不多长'],每个部分都差不多长,1,global_balance,0,[],[],[],,unsupported,"['direct_absolute', 'equality']"
region,216,2,276,每个部分都短。,['每个部分都短'],每个部分都短,1,other_unparsed,0,[],[],[],,unsupported,['direct_absolute']
region,216,2,292,都差不多长，中等长度。,"['都差不多长', '中等长度']",都差不多长；中等长度,2,global_balance,0,[],[],[],,unsupported,"['direct_absolute', 'equality']"
region,217,1,226,由长到短是头和腿，脖子和尾巴。,['脖子和尾巴'],脖子和尾巴,1,other_unparsed,2,['general_case'],"[[0.0, 1.0, 0.0, 0.0], [0.0, 0.0, 1.0, 0.0]]","[0.5, 0.5]",0.0,mismatch,['direct_absolute']
region,217,1,240,由长到短是头、腿、脖子，尾巴。,['尾巴'],尾巴,1,other_unparsed,3,['general_case'],"[[0.0, 1.0, 0.0, 0.0], [0.0, 0.0, 1.0, 0.0], [1.0, 0.0, 0.0, 0.0]]","[0.5, 0.5, 0.5]",0.0,mismatch,['direct_absolute']
region,217,2,97,头比和脖子比较长。,['头比和脖子比较长'],头比和脖子比较长,1,other_unparsed,0,[],[],[],,unsupported,"['direct_absolute', 'comparison']"
region,217,4,74,尾巴长，有两个部位短。,['有两个部位短'],有两个部位短,1,count_abstract,1,['general_case'],"[[0.0, 0.0, 0.0, -1.0]]",[-0.5],1.0,ok,"['direct_absolute', 'count_abstract']"
region,217,4,75,尾巴长，有两个部位短。,['有两个部位短'],有两个部位短,1,count_abstract,1,['general_case'],"[[0.0, 0.0, 0.0, -1.0]]",[-0.5],0.0,mismatch,"['direct_absolute', 'count_abstract']"
region,217,4,126,都比躯干短。,['都比躯干短'],都比躯干短,1,body_geometry,0,[],[],[],,unsupported,"['direct_absolute', 'comparison', 'body_ref']"
region,218,1,44,头、脖子、腿、尾巴长度相近，且长度中等。,['且长度中等'],且长度中等,1,other_unparsed,12,['equality'],"[[-1.0, 1.0, 0.0, 0.0], [1.0, -1.0, 0.0, 0.0], [0.0, 1.0, -1.0, 0.0], [0.0, -1.0, 1.0, 0.0], [0.0, 1.0, 0.0, -1.0], [0.0, -1.0, 0.0, 1.0], [1.0, 0.0, -1.0, 0.0], [-1.0, 0.0, 1.0, 0.0], [1.0, 0.0, 0.0, -1.0], [-1.0, 0.0, 0.0, 1.0], [0.0, 0.0, 1.0, -1.0], [0.0, 0.0, -1.0, 1.0]]","[0.1, 0.1, 0.1, 0.1, 0.1, 0.1, 0.1, 0.1, 0.1, 0.1, 0.1, 0.1]",0.0,mismatch,"['direct_absolute', 'equality']"
region,218,1,92,头最长，脖子，腿较短，尾巴较长。,['脖子'],脖子,1,other_unparsed,5,"['superlative', 'superlative', 'superlative', 'general_case', 'general_case']","[[1.0, -1.0, 0.0, 0.0], [0.0, -1.0, 1.0, 0.0], [0.0, -1.0, 0.0, 1.0], [0.0, 0.0, 1.0, 0.0], [0.0, 0.0, 0.0, -1.0]]","[-0.0, -0.0, -0.0, 0.5, -0.5]",1.0,ok,"['direct_absolute', 'superlative']"
region,218,1,109,腿最短，脖子，尾巴较长。,['脖子'],脖子,1,other_unparsed,4,"['superlative', 'superlative', 'superlative', 'general_case']","[[-1.0, 0.0, 1.0, 0.0], [0.0, -1.0, 1.0, 0.0], [0.0, 0.0, 1.0, -1.0], [0.0, 0.0, 0.0, -1.0]]","[-0.0, -0.0, -0.0, -0.5]",1.0,ok,"['direct_absolute', 'superlative']"
region,218,1,128,头，尾巴最短，脖子和腿较长。,['头'],头,1,other_unparsed,5,"['superlative', 'superlative', 'superlative', 'general_case']","[[-1.0, 0.0, 0.0, 1.0], [0.0, -1.0, 0.0, 1.0], [0.0, 0.0, -1.0, 1.0], [-1.0, 0.0, 0.0, 0.0], [0.0, 0.0, -1.0, 0.0]]","[-0.0, -0.0, -0.0, -0.5, -0.5]",0.8,mismatch,"['direct_absolute', 'superlative']"
region,218,1,167,尾巴最短，体腿最长，最长。,['最长'],最长,1,other_unparsed,5,"['superlative', 'superlative', 'superlative', 'superlative', 'superlative', 'superlative']","[[-1.0, 0.0, 0.0, 1.0], [0.0, -1.0, 0.0, 1.0], [0.0, 0.0, -1.0, 1.0], [1.0, 0.0, -1.0, 0.0], [0.0, 1.0, -1.0, 0.0]]","[-0.0, -0.0, -0.0, -0.0, -0.0]",1.0,ok,"['direct_absolute', 'superlative']"
region,218,1,173,腿最长，头，尾巴较短。,['头'],头,1,other_unparsed,4,"['superlative', 'superlative', 'superlative', 'general_case']","[[1.0, 0.0, -1.0, 0.0], [0.0, 1.0, -1.0, 0.0], [0.0, 0.0, -1.0, 1.0], [0.0, 0.0, 0.0, 1.0]]","[-0.0, -0.0, -0.0, 0.5]",1.0,ok,"['direct_absolute', 'superlative']"
region,218,1,231,长度较相近且长度中等。,['长度较相近且长度中等'],长度较相近且长度中等,1,other_unparsed,0,[],[],[],,unsupported,"['direct_absolute', 'equality']"
region,218,1,272,脖子较长，腿，尾巴较长，头较短。,['腿'],腿,1,other_unparsed,3,"['general_case', 'general_case', 'general_case']","[[-1.0, 0.0, 0.0, 0.0], [0.0, 0.0, 0.0, -1.0], [0.0, 1.0, 0.0, 0.0]]","[-0.5, -0.5, 0.5]",0.6666666666666666,mismatch,['direct_absolute']
region,218,1,282,头最长，脖子，腿，稍短。,"['脖子', '腿', '稍短']",脖子；腿；稍短,3,other_unparsed,3,"['superlative', 'superlative', 'superlative']","[[1.0, -1.0, 0.0, 0.0], [0.0, -1.0, 1.0, 0.0], [0.0, -1.0, 0.0, 1.0]]","[-0.0, -0.0, -0.0]",1.0,ok,"['direct_absolute', 'superlative']"
region,218,1,293,头，腿较长。,['头'],头,1,other_unparsed,1,['general_case'],"[[0.0, 0.0, -1.0, 0.0]]",[-0.5],1.0,ok,['direct_absolute']
region,218,1,295,尾巴，头最长，腿较短。,['尾巴'],尾巴,1,other_unparsed,4,"['superlative', 'superlative', 'superlative', 'general_case']","[[1.0, -1.0, 0.0, 0.0], [0.0, -1.0, 1.0, 0.0], [0.0, -1.0, 0.0, 1.0], [0.0, 0.0, 1.0, 0.0]]","[-0.0, -0.0, -0.0, 0.5]",1.0,ok,"['direct_absolute', 'superlative']"
region,218,2,20,头最短，尾巴轻，尾巴较短，脖子较短。,['尾巴轻'],尾巴轻,1,other_unparsed,5,"['superlative', 'superlative', 'superlative', 'general_case', 'general_case']","[[-1.0, 1.0, 0.0, 0.0], [0.0, 1.0, -1.0, 0.0], [0.0, 1.0, 0.0, -1.0], [0.0, 0.0, 0.0, 1.0], [1.0, 0.0, 0.0, 0.0]]","[-0.0, -0.0, -0.0, 0.5, 0.5]",0.4,mismatch,"['direct_absolute', 'superlative']"
region,218,2,55,尾巴最短，其余部位较长，且几乎最长。,['且几乎最长'],且几乎最长,1,other_unparsed,6,"['superlative', 'superlative', 'superlative', 'complement']","[[-1.0, 0.0, 0.0, 1.0], [0.0, -1.0, 0.0, 1.0], [0.0, 0.0, -1.0, 1.0], [-1.0, 0.0, 0.0, 0.0], [0.0, -1.0, 0.0, 0.0], [0.0, 0.0, -1.0, 0.0]]","[-0.0, -0.0, -0.0, -0.5, -0.5, -0.5]",0.8333333333333334,mismatch,"['direct_absolute', 'superlative']"
region,218,2,65,腿最短，脖子、头、尾巴都较长，且几乎最长。,['且几乎最长'],且几乎最长,1,other_unparsed,6,"['superlative', 'superlative', 'superlative', 'general_case']","[[-1.0, 0.0, 1.0, 0.0], [0.0, -1.0, 1.0, 0.0], [0.0, 0.0, 1.0, -1.0], [-1.0, 0.0, 0.0, 0.0], [0.0, -1.0, 0.0, 0.0], [0.0, 0.0, 0.0, -1.0]]","[-0.0, -0.0, -0.0, -0.5, -0.5, -0.5]",1.0,ok,"['direct_absolute', 'superlative']"
region,218,2,75,脖子最短，其余部位都较长，且几乎最长。,['且几乎最长'],且几乎最长,1,other_unparsed,6,"['superlative', 'superlative', 'superlative', 'complement']","[[1.0, -1.0, 0.0, 0.0], [1.0, 0.0, -1.0, 0.0], [1.0, 0.0, 0.0, -1.0], [0.0, -1.0, 0.0, 0.0], [0.0, 0.0, -1.0, 0.0], [0.0, 0.0, 0.0, -1.0]]","[-0.0, -0.0, -0.0, -0.5, -0.5, -0.5]",1.0,ok,"['direct_absolute', 'superlative']"
region,218,2,90,脖子、头、尾巴达到较长，腿最短，最短。,['最短'],最短,1,other_unparsed,6,"['general_case', 'superlative', 'superlative', 'superlative']","[[-1.0, 0.0, 0.0, 0.0], [0.0, -1.0, 0.0, 0.0], [0.0, 0.0, 0.0, -1.0], [-1.0, 0.0, 1.0, 0.0], [0.0, -1.0, 1.0, 0.0], [0.0, 0.0, 1.0, -1.0]]","[-0.5, -0.5, -0.5, -0.0, -0.0, -0.0]",0.5,mismatch,"['direct_absolute', 'superlative']"
region,218,2,113,四个部位都较长，脖子最长，头，尾巴稍短。,['头'],头,1,other_unparsed,8,"['universal_quantifier', 'superlative', 'superlative', 'superlative', 'general_case']","[[-1.0, 0.0, 0.0, 0.0], [0.0, -1.0, 0.0, 0.0], [0.0, 0.0, -1.0, 0.0], [0.0, 0.0, 0.0, -1.0], [-1.0, 1.0, 0.0, 0.0], [-1.0, 0.0, 1.0, 0.0], [-1.0, 0.0, 0.0, 1.0], [0.0, 0.0, 0.0, 1.0]]","[-0.5, -0.5, -0.5, -0.5, -0.0, -0.0, -0.0, 0.5]",0.75,mismatch,"['direct_absolute', 'superlative']"
region,218,2,116,尾巴最长，其余部位较短，且几乎最短。,['且几乎最短'],且几乎最短,1,other_unparsed,6,"['superlative', 'superlative', 'superlative', 'complement']","[[1.0, 0.0, 0.0, -1.0], [0.0, 1.0, 0.0, -1.0], [0.0, 0.0, 1.0, -1.0], [1.0, 0.0, 0.0, 0.0], [0.0, 1.0, 0.0, 0.0], [0.0, 0.0, 1.0, 0.0]]","[-0.0, -0.0, -0.0, 0.5, 0.5, 0.5]",1.0,ok,"['direct_absolute', 'superlative']"
region,218,2,130,尾巴最长，腿稍短，头，脖子较短。,['头'],头,1,other_unparsed,5,"['superlative', 'superlative', 'superlative', 'general_case', 'general_case']","[[1.0, 0.0, 0.0, -1.0], [0.0, 1.0, 0.0, -1.0], [0.0, 0.0, 1.0, -1.0], [0.0, 0.0, 1.0, 0.0], [1.0, 0.0, 0.0, 0.0]]","[-0.0, -0.0, -0.0, 0.5, 0.5]",0.6,mismatch,"['direct_absolute', 'superlative']"
region,218,2,135,头和脖子较长，腿和尾巴较短，且最短。,['且最短'],且最短,1,other_unparsed,4,"['general_case', 'general_case']","[[0.0, -1.0, 0.0, 0.0], [-1.0, 0.0, 0.0, 0.0], [0.0, 0.0, 1.0, 0.0], [0.0, 0.0, 0.0, 1.0]]","[-0.5, -0.5, 0.5, 0.5]",0.75,mismatch,"['direct_absolute', 'superlative']"
region,218,2,143,脖子和尾巴，最长，头和腿最短。,"['脖子和尾巴', '最长']",脖子和尾巴；最长,2,other_unparsed,3,"['superlative', 'superlative', 'superlative']","[[-1.0, 0.0, 1.0, 0.0], [0.0, -1.0, 1.0, 0.0], [0.0, 0.0, 1.0, -1.0]]","[-0.0, -0.0, -0.0]",1.0,ok,"['direct_absolute', 'superlative']"
region,218,2,156,头和脖子较长，腿和尾巴较短，且几乎最短。,['且几乎最短'],且几乎最短,1,other_unparsed,4,"['general_case', 'general_case']","[[0.0, -1.0, 0.0, 0.0], [-1.0, 0.0, 0.0, 0.0], [0.0, 0.0, 1.0, 0.0], [0.0, 0.0, 0.0, 1.0]]","[-0.5, -0.5, 0.5, 0.5]",1.0,ok,"['direct_absolute', 'superlative']"
region,218,2,189,头最长，脖子、腿、尾巴较短，且几乎最短。,['且几乎最短'],且几乎最短,1,other_unparsed,6,"['superlative', 'superlative', 'superlative', 'general_case']","[[1.0, -1.0, 0.0, 0.0], [0.0, -1.0, 1.0, 0.0], [0.0, -1.0, 0.0, 1.0], [1.0, 0.0, 0.0, 0.0], [0.0, 0.0, 1.0, 0.0], [0.0, 0.0, 0.0, 1.0]]","[-0.0, -0.0, -0.0, 0.5, 0.5, 0.5]",1.0,ok,"['direct_absolute', 'superlative']"
region,218,2,225,头，尾巴较长，脖子稍短，腿最短。,['头'],头,1,other_unparsed,5,"['general_case', 'general_case', 'superlative', 'superlative', 'superlative']","[[0.0, 0.0, 0.0, -1.0], [1.0, 0.0, 0.0, 0.0], [-1.0, 0.0, 1.0, 0.0], [0.0, -1.0, 1.0, 0.0], [0.0, 0.0, 1.0, -1.0]]","[-0.5, 0.5, -0.0, -0.0, -0.0]",0.8,mismatch,"['direct_absolute', 'superlative']"
region,218,2,235,头达到最，头较长，脖子、尾巴较短，腿略长于脖子。,['头达到最'],头达到最,1,other_unparsed,4,"['general_case', 'general_case', 'comparison']","[[0.0, -1.0, 0.0, 0.0], [1.0, 0.0, 0.0, 0.0], [0.0, 0.0, 0.0, 1.0], [1.0, 0.0, -1.0, 0.0]]","[-0.5, 0.5, 0.5, -0.0]",1.0,ok,"['direct_absolute', 'comparison']"
region,218,2,236,腿最长，头略短，脖子略长于尾巴，且都较短。,['且都较短'],且都较短,1,other_unparsed,5,"['superlative', 'superlative', 'superlative', 'general_case', 'comparison']","[[1.0, 0.0, -1.0, 0.0], [0.0, 1.0, -1.0, 0.0], [0.0, 0.0, -1.0, 1.0], [0.0, 1.0, 0.0, 0.0], [-1.0, 0.0, 0.0, 1.0]]","[-0.0, -0.0, -0.0, 0.5, -0.0]",0.8,mismatch,"['direct_absolute', 'superlative', 'comparison']"
region,218,2,239,头达到头最长，脖子略短，腿短于尾巴，且都较短。,['且都较短'],且都较短,1,other_unparsed,3,"['general_case', 'general_case', 'comparison']","[[0.0, -1.0, 0.0, 0.0], [1.0, 0.0, 0.0, 0.0], [0.0, 0.0, 1.0, -1.0]]","[-0.5, 0.5, -0.0]",0.6666666666666666,mismatch,"['direct_absolute', 'superlative', 'comparison']"
region,218,3,8,脖子短，尾巴短，且都最短。,['且都最短'],且都最短,1,other_unparsed,2,"['general_case', 'general_case']","[[1.0, 0.0, 0.0, 0.0], [0.0, 0.0, 0.0, 1.0]]","[0.5, 0.5]",1.0,ok,"['direct_absolute', 'superlative']"
region,218,3,26,脖子最长，长于尾巴，腿稍短。,['长于尾巴'],长于尾巴,1,other_unparsed,4,"['superlative', 'superlative', 'superlative', 'general_case']","[[-1.0, 1.0, 0.0, 0.0], [-1.0, 0.0, 1.0, 0.0], [-1.0, 0.0, 0.0, 1.0], [0.0, 0.0, 1.0, 0.0]]","[-0.0, -0.0, -0.0, 0.5]",0.75,mismatch,"['direct_absolute', 'superlative', 'comparison']"
region,218,3,47,脖子、尾巴较长，且明显长于腿。,['且明显长于腿'],且明显长于腿,1,other_unparsed,2,['general_case'],"[[-1.0, 0.0, 0.0, 0.0], [0.0, 0.0, 0.0, -1.0]]","[-0.5, -0.5]",0.0,mismatch,"['direct_absolute', 'comparison']"
region,218,3,48,脖子最长，明显长于尾巴。,['明显长于尾巴'],明显长于尾巴,1,other_unparsed,3,"['superlative', 'superlative', 'superlative']","[[-1.0, 1.0, 0.0, 0.0], [-1.0, 0.0, 1.0, 0.0], [-1.0, 0.0, 0.0, 1.0]]","[-0.0, -0.0, -0.0]",1.0,ok,"['direct_absolute', 'superlative', 'comparison']"
region,218,3,68,脖子最长，明显长于尾巴。,['明显长于尾巴'],明显长于尾巴,1,other_unparsed,3,"['superlative', 'superlative', 'superlative']","[[-1.0, 1.0, 0.0, 0.0], [-1.0, 0.0, 1.0, 0.0], [-1.0, 0.0, 0.0, 1.0]]","[-0.0, -0.0, -0.0]",1.0,ok,"['direct_absolute', 'superlative', 'comparison']"
region,218,3,78,脖子最长，尾巴稍短，且明显长于腿。,['且明显长于腿'],且明显长于腿,1,other_unparsed,4,"['superlative', 'superlative', 'superlative', 'general_case']","[[-1.0, 1.0, 0.0, 0.0], [-1.0, 0.0, 1.0, 0.0], [-1.0, 0.0, 0.0, 1.0], [0.0, 0.0, 0.0, 1.0]]","[-0.0, -0.0, -0.0, 0.5]",0.75,mismatch,"['direct_absolute', 'superlative', 'comparison']"
region,218,3,86,脖子、尾巴较长，且明显长于腿。,['且明显长于腿'],且明显长于腿,1,other_unparsed,2,['general_case'],"[[-1.0, 0.0, 0.0, 0.0], [0.0, 0.0, 0.0, -1.0]]","[-0.5, -0.5]",0.0,mismatch,"['direct_absolute', 'comparison']"
region,218,3,93,脖子和尾巴都较短，明显短于腿。,['明显短于腿'],明显短于腿,1,other_unparsed,2,['general_case'],"[[1.0, 0.0, 0.0, 0.0], [0.0, 0.0, 0.0, 1.0]]","[0.5, 0.5]",1.0,ok,"['direct_absolute', 'comparison']"
region,218,3,94,脖子、腿较长，明显长于尾巴。,['明显长于尾巴'],明显长于尾巴,1,other_unparsed,2,['general_case'],"[[-1.0, 0.0, 0.0, 0.0], [0.0, 0.0, -1.0, 0.0]]","[-0.5, -0.5]",1.0,ok,"['direct_absolute', 'comparison']"
region,218,3,95,脖子最长，明显长于尾巴、腿。,['明显长于尾巴、腿'],明显长于尾巴、腿,1,other_unparsed,3,"['superlative', 'superlative', 'superlative']","[[-1.0, 1.0, 0.0, 0.0], [-1.0, 0.0, 1.0, 0.0], [-1.0, 0.0, 0.0, 1.0]]","[-0.0, -0.0, -0.0]",1.0,ok,"['direct_absolute', 'superlative', 'comparison']"
region,218,3,98,脖子和尾巴较短，明显短于腿和头。,['明显短于腿和头'],明显短于腿和头,1,other_unparsed,2,['general_case'],"[[1.0, 0.0, 0.0, 0.0], [0.0, 0.0, 0.0, 1.0]]","[0.5, 0.5]",1.0,ok,"['direct_absolute', 'comparison']"
region,218,3,101,四个部位都略长，长度相近。,['长度相近'],长度相近,1,other_unparsed,4,['universal_quantifier'],"[[-1.0, 0.0, 0.0, 0.0], [0.0, -1.0, 0.0, 0.0], [0.0, 0.0, -1.0, 0.0], [0.0, 0.0, 0.0, -1.0]]","[-0.5, -0.5, -0.5, -0.5]",0.5,mismatch,"['direct_absolute', 'equality']"
region,218,3,109,脖子长于尾巴，且明显长于腿。,['且明显长于腿'],且明显长于腿,1,other_unparsed,1,['comparison'],"[[-1.0, 0.0, 0.0, 1.0]]",[-0.0],1.0,ok,"['direct_absolute', 'comparison']"
region,218,3,110,脖子短于尾巴，两者都短于腿。,['两者都短于腿'],两者都短于腿,1,other_unparsed,1,['comparison'],"[[1.0, 0.0, 0.0, -1.0]]",[-0.0],1.0,ok,"['direct_absolute', 'comparison']"
region,218,3,114,脖子略长于尾巴，两者都明显短于腿。,['两者都明显短于腿'],两者都明显短于腿,1,other_unparsed,1,['comparison'],"[[-1.0, 0.0, 0.0, 1.0]]",[-0.0],1.0,ok,"['direct_absolute', 'comparison']"
region,218,3,116,尾巴明显长于其他三个部位。,['尾巴明显长于其他三个部位'],尾巴明显长于其他三个部位,1,"count_abstract, other_reference",0,[],[],[],,unsupported,"['direct_absolute', 'comparison', 'count_abstract']"
region,218,3,118,脖子和尾巴都较短，明显短于腿。,['明显短于腿'],明显短于腿,1,other_unparsed,2,['general_case'],"[[1.0, 0.0, 0.0, 0.0], [0.0, 0.0, 0.0, 1.0]]","[0.5, 0.5]",1.0,ok,"['direct_absolute', 'comparison']"
region,218,3,119,脖子和尾巴都较长，明显长于腿。,['明显长于腿'],明显长于腿,1,other_unparsed,2,['general_case'],"[[-1.0, 0.0, 0.0, 0.0], [0.0, 0.0, 0.0, -1.0]]","[-0.5, -0.5]",1.0,ok,"['direct_absolute', 'comparison']"
region,218,3,127,脖子明显长于尾巴，且长于腿。,['且长于腿'],且长于腿,1,other_unparsed,1,['comparison'],"[[-1.0, 0.0, 0.0, 1.0]]",[-0.0],1.0,ok,"['direct_absolute', 'comparison']"
region,218,3,129,脖子最短，尾巴略长于脖子，且都小于头。,['且都小于头'],且都小于头,1,other_unparsed,3,"['superlative', 'superlative', 'superlative', 'comparison']","[[1.0, -1.0, 0.0, 0.0], [1.0, 0.0, -1.0, 0.0], [1.0, 0.0, 0.0, -1.0]]","[-0.0, -0.0, -0.0]",1.0,ok,"['direct_absolute', 'superlative', 'comparison']"
region,218,3,136,四个部位都较短，且长度较相近。,['且长度较相近'],且长度较相近,1,other_unparsed,4,['universal_quantifier'],"[[1.0, 0.0, 0.0, 0.0], [0.0, 1.0, 0.0, 0.0], [0.0, 0.0, 1.0, 0.0], [0.0, 0.0, 0.0, 1.0]]","[0.5, 0.5, 0.5, 0.5]",1.0,ok,"['direct_absolute', 'equality']"
region,218,3,137,四个部位都较长，且长度较相近。,['且长度较相近'],且长度较相近,1,other_unparsed,4,['universal_quantifier'],"[[-1.0, 0.0, 0.0, 0.0], [0.0, -1.0, 0.0, 0.0], [0.0, 0.0, -1.0, 0.0], [0.0, 0.0, 0.0, -1.0]]","[-0.5, -0.5, -0.5, -0.5]",0.75,mismatch,"['direct_absolute', 'equality']"
region,218,3,138,脖子和尾巴长度明显长于头和腿。,['脖子和尾巴长度明显长于头和腿'],脖子和尾巴长度明显长于头和腿,1,other_unparsed,0,[],[],[],,unsupported,"['direct_absolute', 'comparison']"
region,218,3,145,头、尾巴长度明显长于脖子、腿。,['头、尾巴长度明显长于脖子、腿'],头、尾巴长度明显长于脖子、腿,1,other_unparsed,0,[],[],[],,unsupported,"['direct_absolute', 'comparison']"
region,218,3,150,脖子和尾巴都较长，明显长于腿。,['明显长于腿'],明显长于腿,1,other_unparsed,2,['general_case'],"[[-1.0, 0.0, 0.0, 0.0], [0.0, 0.0, 0.0, -1.0]]","[-0.5, -0.5]",1.0,ok,"['direct_absolute', 'comparison']"
region,218,3,151,头、尾巴长度明显长于脖子、腿。,['头、尾巴长度明显长于脖子、腿'],头、尾巴长度明显长于脖子、腿,1,other_unparsed,0,[],[],[],,unsupported,"['direct_absolute', 'comparison']"
region,218,3,153,脖子和腿长度明显长于尾巴。,['脖子和腿长度明显长于尾巴'],脖子和腿长度明显长于尾巴,1,other_unparsed,0,[],[],[],,unsupported,"['direct_absolute', 'comparison']"
region,218,3,154,脖子、尾巴长度明显长于腿。,['脖子、尾巴长度明显长于腿'],脖子、尾巴长度明显长于腿,1,other_unparsed,0,[],[],[],,unsupported,"['direct_absolute', 'comparison']"
region,218,3,155,脖子长度明显长于尾巴和腿。,['脖子长度明显长于尾巴和腿'],脖子长度明显长于尾巴和腿,1,other_unparsed,0,[],[],[],,unsupported,"['direct_absolute', 'comparison']"
region,218,3,156,脖子长度明显长于尾巴和腿。,['脖子长度明显长于尾巴和腿'],脖子长度明显长于尾巴和腿,1,other_unparsed,0,[],[],[],,unsupported,"['direct_absolute', 'comparison']"
region,218,3,157,尾巴长度明显长于脖子、腿。,['尾巴长度明显长于脖子、腿'],尾巴长度明显长于脖子、腿,1,other_unparsed,0,[],[],[],,unsupported,"['direct_absolute', 'comparison']"
region,218,3,164,四个部位都较长，且几乎最长。,['且几乎最长'],且几乎最长,1,other_unparsed,4,['universal_quantifier'],"[[-1.0, 0.0, 0.0, 0.0], [0.0, -1.0, 0.0, 0.0], [0.0, 0.0, -1.0, 0.0], [0.0, 0.0, 0.0, -1.0]]","[-0.5, -0.5, -0.5, -0.5]",1.0,ok,"['direct_absolute', 'superlative']"
region,218,3,165,脖子和尾巴都较长，明显长于腿。,['明显长于腿'],明显长于腿,1,other_unparsed,2,['general_case'],"[[-1.0, 0.0, 0.0, 0.0], [0.0, 0.0, 0.0, -1.0]]","[-0.5, -0.5]",1.0,ok,"['direct_absolute', 'comparison']"
region,218,3,166,脖子和尾巴都较长，明显长于腿，头最长。,['明显长于腿'],明显长于腿,1,other_unparsed,5,"['general_case', 'superlative', 'superlative', 'superlative']","[[-1.0, 0.0, 0.0, 0.0], [0.0, 0.0, 0.0, -1.0], [1.0, -1.0, 0.0, 0.0], [0.0, -1.0, 1.0, 0.0], [0.0, -1.0, 0.0, 1.0]]","[-0.5, -0.5, -0.0, -0.0, -0.0]",1.0,ok,"['direct_absolute', 'superlative', 'comparison']"
region,218,3,173,脖子略长于尾巴，且两者明显短于腿。,['且两者明显短于腿'],且两者明显短于腿,1,other_unparsed,1,['comparison'],"[[-1.0, 0.0, 0.0, 1.0]]",[-0.0],1.0,ok,"['direct_absolute', 'comparison']"
region,218,3,189,脖子和尾巴都较短，明显短于头。,['明显短于头'],明显短于头,1,other_unparsed,2,['general_case'],"[[1.0, 0.0, 0.0, 0.0], [0.0, 0.0, 0.0, 1.0]]","[0.5, 0.5]",1.0,ok,"['direct_absolute', 'comparison']"
region,218,3,193,脖子和尾巴都明显长于腿。,['脖子和尾巴都明显长于腿'],脖子和尾巴都明显长于腿,1,other_unparsed,0,[],[],[],,unsupported,"['direct_absolute', 'comparison']"
region,218,3,194,脖子、尾巴都明显短于腿，脖子略长。,['脖子、尾巴都明显短于腿'],脖子、尾巴都明显短于腿,1,other_unparsed,1,['general_case'],"[[-1.0, 0.0, 0.0, 0.0]]",[-0.5],0.0,mismatch,"['direct_absolute', 'comparison']"
region,218,3,203,脖子和尾巴明显略短于腿。,['脖子和尾巴明显略短于腿'],脖子和尾巴明显略短于腿,1,other_unparsed,0,[],[],[],,unsupported,"['direct_absolute', 'comparison']"
region,218,3,204,脖子长度明显短于尾巴，脖子也短于腿。,"['脖子长度明显短于尾巴', '脖子也短于腿']",脖子长度明显短于尾巴；脖子也短于腿,2,other_unparsed,0,[],[],[],,unsupported,"['direct_absolute', 'comparison']"
region,218,3,207,脖子和尾巴较长，明显长于腿。,['明显长于腿'],明显长于腿,1,other_unparsed,2,['general_case'],"[[-1.0, 0.0, 0.0, 0.0], [0.0, 0.0, 0.0, -1.0]]","[-0.5, -0.5]",1.0,ok,"['direct_absolute', 'comparison']"
region,218,3,208,脖子和尾巴较长，明显长于腿。,['明显长于腿'],明显长于腿,1,other_unparsed,2,['general_case'],"[[-1.0, 0.0, 0.0, 0.0], [0.0, 0.0, 0.0, -1.0]]","[-0.5, -0.5]",1.0,ok,"['direct_absolute', 'comparison']"
region,218,3,215,脖子和尾巴都较长，明显长于腿。,['明显长于腿'],明显长于腿,1,other_unparsed,2,['general_case'],"[[-1.0, 0.0, 0.0, 0.0], [0.0, 0.0, 0.0, -1.0]]","[-0.5, -0.5]",1.0,ok,"['direct_absolute', 'comparison']"
region,218,3,229,脖子和尾巴较短，明显短于腿。,['明显短于腿'],明显短于腿,1,other_unparsed,2,['general_case'],"[[1.0, 0.0, 0.0, 0.0], [0.0, 0.0, 0.0, 1.0]]","[0.5, 0.5]",1.0,ok,"['direct_absolute', 'comparison']"
region,218,3,250,尾巴略长于脖子，且都明显短于腿。,['且都明显短于腿'],且都明显短于腿,1,other_unparsed,1,['comparison'],"[[1.0, 0.0, 0.0, -1.0]]",[-0.0],1.0,ok,"['direct_absolute', 'comparison']"
region,218,3,283,脖子和尾巴，略长于腿，头最长。,"['脖子和尾巴', '略长于腿']",脖子和尾巴；略长于腿,2,other_unparsed,3,"['superlative', 'superlative', 'superlative']","[[1.0, -1.0, 0.0, 0.0], [0.0, -1.0, 1.0, 0.0], [0.0, -1.0, 0.0, 1.0]]","[-0.0, -0.0, -0.0]",1.0,ok,"['direct_absolute', 'superlative', 'comparison']"
region,218,3,285,头略长于其余三部位。,['头略长于其余三部位'],头略长于其余三部位,1,other_reference,0,[],[],[],,unsupported,"['direct_absolute', 'comparison']"
region,218,4,2,头明显长于其他三个部位。,['头明显长于其他三个部位'],头明显长于其他三个部位,1,"count_abstract, other_reference",0,[],[],[],,unsupported,"['direct_absolute', 'comparison', 'count_abstract']"
region,218,4,5,脖子和尾巴略短于腿，且都较长，长度相近。,"['且都较长', '长度相近']",且都较长；长度相近,2,other_unparsed,2,['comparison'],"[[1.0, 0.0, -1.0, 0.0], [0.0, 0.0, -1.0, 1.0]]","[-0.0, -0.0]",1.0,ok,"['direct_absolute', 'comparison', 'equality']"
region,218,4,6,脖子明显长于尾巴，尾巴长度约等于腿。,['尾巴长度约等于腿'],尾巴长度约等于腿,1,other_unparsed,1,['comparison'],"[[-1.0, 0.0, 0.0, 1.0]]",[-0.0],1.0,ok,"['direct_absolute', 'comparison', 'equality']"
region,218,4,25,脖子长度约等于腿，且明显长于尾巴。,"['脖子长度约等于腿', '且明显长于尾巴']",脖子长度约等于腿；且明显长于尾巴,2,other_unparsed,0,[],[],[],,unsupported,"['direct_absolute', 'comparison', 'equality']"
region,218,4,27,尾巴长度明显长于脖子。,['尾巴长度明显长于脖子'],尾巴长度明显长于脖子,1,other_unparsed,0,[],[],[],,unsupported,"['direct_absolute', 'comparison']"
region,218,4,28,尾巴长度明显长于脖子。,['尾巴长度明显长于脖子'],尾巴长度明显长于脖子,1,other_unparsed,0,[],[],[],,unsupported,"['direct_absolute', 'comparison']"
region,218,4,29,脖子和尾巴最长，明显长于腿。,['明显长于腿'],明显长于腿,1,other_unparsed,3,"['superlative', 'superlative', 'superlative']","[[1.0, 0.0, 0.0, -1.0], [0.0, 1.0, 0.0, -1.0], [0.0, 0.0, 1.0, -1.0]]","[-0.0, -0.0, -0.0]",1.0,ok,"['direct_absolute', 'superlative', 'comparison']"
region,218,4,32,尾巴、腿都较长，且略长于脖子。,['且略长于脖子'],且略长于脖子,1,other_unparsed,2,['general_case'],"[[0.0, 0.0, 0.0, -1.0], [0.0, 0.0, -1.0, 0.0]]","[-0.5, -0.5]",1.0,ok,"['direct_absolute', 'comparison']"
region,218,4,43,尾巴约等于腿，远长于脖子。,['远长于脖子'],远长于脖子,1,other_unparsed,2,['comparison'],"[[0.0, 0.0, -1.0, 1.0], [0.0, 0.0, 1.0, -1.0]]","[0.1, 0.1]",1.0,ok,"['direct_absolute', 'comparison', 'equality']"
region,218,4,52,尾巴和腿略长于脖子，且都较长。,['且都较长'],且都较长,1,other_unparsed,2,['comparison'],"[[1.0, 0.0, 0.0, -1.0], [1.0, 0.0, -1.0, 0.0]]","[-0.0, -0.0]",1.0,ok,"['direct_absolute', 'comparison']"
region,218,4,69,脖子、尾巴都长于腿。,['脖子、尾巴都长于腿'],脖子、尾巴都长于腿,1,other_unparsed,0,[],[],[],,unsupported,"['direct_absolute', 'comparison']"
region,218,4,72,头最长，脖子略长于尾巴，腿。,['腿'],腿,1,other_unparsed,4,"['superlative', 'superlative', 'superlative', 'comparison']","[[1.0, -1.0, 0.0, 0.0], [0.0, -1.0, 1.0, 0.0], [0.0, -1.0, 0.0, 1.0], [-1.0, 0.0, 0.0, 1.0]]","[-0.0, -0.0, -0.0, -0.0]",1.0,ok,"['direct_absolute', 'superlative', 'comparison']"
region,218,4,73,脖子、尾巴都短于腿。,['脖子、尾巴都短于腿'],脖子、尾巴都短于腿,1,other_unparsed,0,[],[],[],,unsupported,"['direct_absolute', 'comparison']"
region,218,4,74,脖子、尾巴都长于腿。,['脖子、尾巴都长于腿'],脖子、尾巴都长于腿,1,other_unparsed,0,[],[],[],,unsupported,"['direct_absolute', 'comparison']"
region,218,4,75,脖子和尾巴都短于腿。,['脖子和尾巴都短于腿'],脖子和尾巴都短于腿,1,other_unparsed,0,[],[],[],,unsupported,"['direct_absolute', 'comparison']"
region,218,4,76,脖子、尾巴都长于腿。,['脖子、尾巴都长于腿'],脖子、尾巴都长于腿,1,other_unparsed,0,[],[],[],,unsupported,"['direct_absolute', 'comparison']"
region,218,4,77,四个部位都较长，且尾巴微长于脖子。,['且尾巴微长于脖子'],且尾巴微长于脖子,1,other_unparsed,4,['universal_quantifier'],"[[-1.0, 0.0, 0.0, 0.0], [0.0, -1.0, 0.0, 0.0], [0.0, 0.0, -1.0, 0.0], [0.0, 0.0, 0.0, -1.0]]","[-0.5, -0.5, -0.5, -0.5]",1.0,ok,"['direct_absolute', 'comparison']"
region,218,4,99,脖子和尾巴明显长于腿，明显短于腿。,['明显短于腿'],明显短于腿,1,other_unparsed,2,['comparison'],"[[-1.0, 0.0, 1.0, 0.0], [0.0, 0.0, 1.0, -1.0]]","[-0.0, -0.0]",0.0,mismatch,"['direct_absolute', 'comparison']"
region,218,4,116,尾巴明显长于脖子，腿。,['腿'],腿,1,other_unparsed,1,['comparison'],"[[1.0, 0.0, 0.0, -1.0]]",[-0.0],1.0,ok,"['direct_absolute', 'comparison']"
region,218,4,127,脖子明显长于腿，略长于尾巴。,['略长于尾巴'],略长于尾巴,1,other_unparsed,1,['comparison'],"[[-1.0, 0.0, 1.0, 0.0]]",[-0.0],1.0,ok,"['direct_absolute', 'comparison']"
region,218,4,128,头明显长于脖子，略长于尾巴和腿。,['略长于尾巴和腿'],略长于尾巴和腿,1,other_unparsed,1,['comparison'],"[[1.0, -1.0, 0.0, 0.0]]",[-0.0],1.0,ok,"['direct_absolute', 'comparison']"
region,218,4,134,脖子长约等于腿，且明显大于尾巴。,"['脖子长约等于腿', '且明显大于尾巴']",脖子长约等于腿；且明显大于尾巴,2,other_unparsed,0,[],[],[],,unsupported,"['direct_absolute', 'comparison', 'equality']"
region,218,4,159,脖子明显长于腿，略长于尾巴。,['略长于尾巴'],略长于尾巴,1,other_unparsed,1,['comparison'],"[[-1.0, 0.0, 1.0, 0.0]]",[-0.0],1.0,ok,"['direct_absolute', 'comparison']"
region,218,4,160,脖子和尾巴都较短，明显短于头。,['明显短于头'],明显短于头,1,other_unparsed,2,['general_case'],"[[1.0, 0.0, 0.0, 0.0], [0.0, 0.0, 0.0, 1.0]]","[0.5, 0.5]",1.0,ok,"['direct_absolute', 'comparison']"
region,218,4,167,脖子和尾巴都较短，明显短于腿。,['明显短于腿'],明显短于腿,1,other_unparsed,2,['general_case'],"[[1.0, 0.0, 0.0, 0.0], [0.0, 0.0, 0.0, 1.0]]","[0.5, 0.5]",1.0,ok,"['direct_absolute', 'comparison']"
region,218,4,168,尾巴明显长于脖子，且长于腿。,['且长于腿'],且长于腿,1,other_unparsed,1,['comparison'],"[[1.0, 0.0, 0.0, -1.0]]",[-0.0],1.0,ok,"['direct_absolute', 'comparison']"
region,218,4,198,脖子和尾巴都明显长于腿。,['脖子和尾巴都明显长于腿'],脖子和尾巴都明显长于腿,1,other_unparsed,0,[],[],[],,unsupported,"['direct_absolute', 'comparison']"
region,218,4,199,尾巴明显长于头，且长于脖子和腿。,['且长于脖子和腿'],且长于脖子和腿,1,other_unparsed,1,['comparison'],"[[0.0, 1.0, 0.0, -1.0]]",[-0.0],1.0,ok,"['direct_absolute', 'comparison']"
region,218,4,235,脖子短于尾巴，且短于腿。,['且短于腿'],且短于腿,1,other_unparsed,1,['comparison'],"[[1.0, 0.0, 0.0, -1.0]]",[-0.0],1.0,ok,"['direct_absolute', 'comparison']"
region,218,4,282,尾巴明显长于其余三部位。,['尾巴明显长于其余三部位'],尾巴明显长于其余三部位,1,other_reference,0,[],[],[],,unsupported,"['direct_absolute', 'comparison']"
region,218,4,283,头明显长于其余三部位。,['头明显长于其余三部位'],头明显长于其余三部位,1,other_reference,0,[],[],[],,unsupported,"['direct_absolute', 'comparison']"
region,218,4,311,尾巴明显长于其余三部位。,['尾巴明显长于其余三部位'],尾巴明显长于其余三部位,1,other_reference,0,[],[],[],,unsupported,"['direct_absolute', 'comparison']"
region,218,4,312,脖子和尾巴明显短于其余部位。,['脖子和尾巴明显短于其余部位'],脖子和尾巴明显短于其余部位,1,other_reference,0,[],[],[],,unsupported,"['direct_absolute', 'comparison']"
region,218,4,314,腿略短于其余三部位。,['腿略短于其余三部位'],腿略短于其余三部位,1,other_reference,0,[],[],[],,unsupported,"['direct_absolute', 'comparison']"
region,219,1,63,比较均衡。,['比较均衡'],比较均衡,1,global_balance,0,[],[],[],,unsupported,"['comparison', 'equality']"
region,219,1,69,比较均衡。,['比较均衡'],比较均衡,1,global_balance,0,[],[],[],,unsupported,"['comparison', 'equality']"
region,219,1,75,比较均衡。,['比较均衡'],比较均衡,1,global_balance,0,[],[],[],,unsupported,"['comparison', 'equality']"
region,219,1,76,比较均衡。,['比较均衡'],比较均衡,1,global_balance,0,[],[],[],,unsupported,"['comparison', 'equality']"
region,219,1,78,比较均衡。,['比较均衡'],比较均衡,1,global_balance,0,[],[],[],,unsupported,"['comparison', 'equality']"
region,219,1,84,头比较大。,['头比较大'],头比较大,1,other_unparsed,0,[],[],[],,unsupported,['comparison']
region,219,1,93,头和尾巴。,['头和尾巴'],头和尾巴,1,other_unparsed,0,[],[],[],,unsupported,['other']
region,219,1,98,比较均衡，头有点儿短。,['比较均衡'],比较均衡,1,global_balance,1,['general_case'],"[[0.0, 1.0, 0.0, 0.0]]",[0.5],1.0,ok,"['direct_absolute', 'comparison', 'equality']"
region,219,1,102,头长，脖子短，腿还行。,['腿还行'],腿还行,1,other_unparsed,2,"['general_case', 'general_case']","[[0.0, -1.0, 0.0, 0.0], [1.0, 0.0, 0.0, 0.0]]","[-0.5, 0.5]",1.0,ok,['direct_absolute']
region,219,1,107,头还行，腿很短。,['头还行'],头还行,1,other_unparsed,1,['general_case'],"[[0.0, 0.0, 1.0, 0.0]]",[0.5],1.0,ok,['direct_absolute']
region,219,1,124,头和尾巴。,['头和尾巴'],头和尾巴,1,other_unparsed,0,[],[],[],,unsupported,['other']
region,219,1,160,比较均衡。,['比较均衡'],比较均衡,1,global_balance,0,[],[],[],,unsupported,"['comparison', 'equality']"
region,219,1,189,比较均衡。,['比较均衡'],比较均衡,1,global_balance,0,[],[],[],,unsupported,"['comparison', 'equality']"
region,219,1,195,都比较均衡，脖子和尾巴短。,['都比较均衡'],都比较均衡,1,global_balance,2,['general_case'],"[[1.0, 0.0, 0.0, 0.0], [0.0, 0.0, 0.0, 1.0]]","[0.5, 0.5]",0.0,mismatch,"['direct_absolute', 'comparison', 'equality']"
region,219,1,221,比较均衡，尾巴有点长。,['比较均衡'],比较均衡,1,global_balance,1,['general_case'],"[[0.0, 0.0, 0.0, -1.0]]",[-0.5],1.0,ok,"['direct_absolute', 'comparison', 'equality']"
region,219,1,256,比较均衡。,['比较均衡'],比较均衡,1,global_balance,0,[],[],[],,unsupported,"['comparison', 'equality']"
region,219,1,264,比较均衡，脖子有点儿短。,['比较均衡'],比较均衡,1,global_balance,1,['general_case'],"[[1.0, 0.0, 0.0, 0.0]]",[0.5],0.0,mismatch,"['direct_absolute', 'comparison', 'equality']"
region,219,1,283,比较均衡。,['比较均衡'],比较均衡,1,global_balance,0,[],[],[],,unsupported,"['comparison', 'equality']"
region,219,1,289,比较均衡。,['比较均衡'],比较均衡,1,global_balance,0,[],[],[],,unsupported,"['comparison', 'equality']"
region,219,1,290,比较均衡。,['比较均衡'],比较均衡,1,global_balance,0,[],[],[],,unsupported,"['comparison', 'equality']"
region,219,1,291,比较均衡，脖子短。,['比较均衡'],比较均衡,1,global_balance,1,['general_case'],"[[1.0, 0.0, 0.0, 0.0]]",[0.5],1.0,ok,"['direct_absolute', 'comparison', 'equality']"
region,219,1,303,比较均衡。,['比较均衡'],比较均衡,1,global_balance,0,[],[],[],,unsupported,"['comparison', 'equality']"
region,219,1,309,头和尾巴。,['头和尾巴'],头和尾巴,1,other_unparsed,0,[],[],[],,unsupported,['other']
region,219,1,316,比较均衡。,['比较均衡'],比较均衡,1,global_balance,0,[],[],[],,unsupported,"['comparison', 'equality']"
region,219,2,13,比较均衡。,['比较均衡'],比较均衡,1,global_balance,0,[],[],[],,unsupported,"['comparison', 'equality']"
region,219,2,23,比较均衡。,['比较均衡'],比较均衡,1,global_balance,0,[],[],[],,unsupported,"['comparison', 'equality']"
region,219,2,49,均衡。,['均衡'],均衡,1,global_balance,0,[],[],[],,unsupported,['equality']
region,219,2,104,均衡。,['均衡'],均衡,1,global_balance,0,[],[],[],,unsupported,['equality']
region,219,2,123,均衡。,['均衡'],均衡,1,global_balance,0,[],[],[],,unsupported,['equality']
region,219,2,167,脖子、尾巴都。,['脖子、尾巴都'],脖子、尾巴都,1,other_unparsed,0,[],[],[],,unsupported,['other']
region,219,2,183,脖子和尾巴都。,['脖子和尾巴都'],脖子和尾巴都,1,other_unparsed,0,[],[],[],,unsupported,['other']
region,219,2,208,脖子。,['脖子'],脖子,1,other_unparsed,0,[],[],[],,unsupported,['other']
region,219,3,3,头和尾巴明显比脖子和腿长。,['头和尾巴明显比脖子和腿长'],头和尾巴明显比脖子和腿长,1,other_unparsed,0,[],[],[],,unsupported,"['direct_absolute', 'comparison']"
region,219,3,8,头是最长，明显比腿长很多。,['明显比腿长很多'],明显比腿长很多,1,other_unparsed,3,"['superlative', 'superlative', 'superlative']","[[1.0, -1.0, 0.0, 0.0], [0.0, -1.0, 1.0, 0.0], [0.0, -1.0, 0.0, 1.0]]","[-0.0, -0.0, -0.0]",1.0,ok,"['direct_absolute', 'superlative', 'comparison']"
region,219,3,23,四个部位都中等，比较均匀。,['比较均匀'],比较均匀,1,global_balance,8,['universal_quantifier'],"[[-1.0, 0.0, 0.0, 0.0], [1.0, 0.0, 0.0, 0.0], [0.0, -1.0, 0.0, 0.0], [0.0, 1.0, 0.0, 0.0], [0.0, 0.0, -1.0, 0.0], [0.0, 0.0, 1.0, 0.0], [0.0, 0.0, 0.0, -1.0], [0.0, 0.0, 0.0, 1.0]]","[-0.25, 0.75, -0.25, 0.75, -0.25, 0.75, -0.25, 0.75]",0.875,mismatch,"['direct_absolute', 'comparison', 'equality']"
region,219,3,50,头和脖子很小。,['头和脖子很小'],头和脖子很小,1,vague_size,0,[],[],[],,unsupported,['other']
region,219,3,97,选错了。,['选错了'],选错了,1,meta_or_uncertain,0,[],[],[],,meta,['meta']
region,219,3,100,脖子和腿偏短，其他偏长，没有很长。,['没有很长'],没有很长,1,other_unparsed,4,"['general_case', 'complement']","[[1.0, 0.0, 0.0, 0.0], [0.0, 0.0, 1.0, 0.0], [0.0, -1.0, 0.0, 0.0], [0.0, 0.0, 0.0, -1.0]]","[0.5, 0.5, -0.5, -0.5]",1.0,ok,"['direct_absolute', 'negation']"
region,219,3,102,头和腿很短，其他很长，特别是尾巴。,['特别是尾巴'],特别是尾巴,1,other_unparsed,4,"['general_case', 'complement']","[[0.0, 1.0, 0.0, 0.0], [0.0, 0.0, 1.0, 0.0], [-1.0, 0.0, 0.0, 0.0], [0.0, 0.0, 0.0, -1.0]]","[0.5, 0.5, -0.5, -0.5]",1.0,ok,['direct_absolute']
region,219,3,137,选错了。,['选错了'],选错了,1,meta_or_uncertain,0,[],[],[],,meta,['meta']
region,219,3,207,比较均衡，头有点短。,['比较均衡'],比较均衡,1,global_balance,1,['general_case'],"[[0.0, 1.0, 0.0, 0.0]]",[0.5],1.0,ok,"['direct_absolute', 'comparison', 'equality']"
region,219,3,234,稍微短。,['稍微短'],稍微短,1,other_unparsed,0,[],[],[],,unsupported,['direct_absolute']
region,219,3,235,稍微短。,['稍微短'],稍微短,1,other_unparsed,0,[],[],[],,unsupported,['direct_absolute']
region,219,3,237,稍微短。,['稍微短'],稍微短,1,other_unparsed,0,[],[],[],,unsupported,['direct_absolute']
region,219,3,243,比较均衡。,['比较均衡'],比较均衡,1,global_balance,0,[],[],[],,unsupported,"['comparison', 'equality']"
region,219,3,246,头位呀。,['头位呀'],头位呀,1,other_unparsed,0,[],[],[],,unsupported,['other']
region,219,3,262,都中等。,['都中等'],都中等,1,other_unparsed,0,[],[],[],,unsupported,['direct_absolute']
region,219,3,280,都不长，比较均衡。,"['都不长', '比较均衡']",都不长；比较均衡,2,global_balance,0,[],[],[],,unsupported,"['direct_absolute', 'comparison', 'equality', 'negation']"
region,219,3,287,比较均衡。,['比较均衡'],比较均衡,1,global_balance,0,[],[],[],,unsupported,"['comparison', 'equality']"
region,219,3,297,比较均衡。,['比较均衡'],比较均衡,1,global_balance,0,[],[],[],,unsupported,"['comparison', 'equality']"
region,219,3,298,比较均衡。,['比较均衡'],比较均衡,1,global_balance,0,[],[],[],,unsupported,"['comparison', 'equality']"
region,220,1,2,头超长，尾巴超长，脖子较短，腿中等，躯干长度的一半。,['躯干长度的一半'],躯干长度的一半,1,body_geometry,5,"['general_case', 'general_case', 'general_case', 'general_case']","[[0.0, -1.0, 0.0, 0.0], [0.0, 0.0, 0.0, -1.0], [1.0, 0.0, 0.0, 0.0], [0.0, 0.0, -1.0, 0.0], [0.0, 0.0, 1.0, 0.0]]","[-0.5, -0.5, 0.5, -0.25, 0.75]",1.0,ok,"['direct_absolute', 'body_ref']"
region,220,1,46,头最长，四个都不一样长。,['四个都不一样长'],四个都不一样长,1,disjoint_inequality,3,"['superlative', 'superlative', 'superlative']","[[1.0, -1.0, 0.0, 0.0], [0.0, -1.0, 1.0, 0.0], [0.0, -1.0, 0.0, 1.0]]","[-0.0, -0.0, -0.0]",1.0,ok,"['direct_absolute', 'superlative', 'equality', 'negation']"
region,220,1,47,头和脖子一样长，比腿和尾巴都长。,['比腿和尾巴都长'],比腿和尾巴都长,1,other_unparsed,2,['equality'],"[[-1.0, 1.0, 0.0, 0.0], [1.0, -1.0, 0.0, 0.0]]","[0.1, 0.1]",1.0,ok,"['direct_absolute', 'comparison', 'equality']"
region,220,1,49,头、脖子、尾巴都很长，且长度差不多。,['且长度差不多'],且长度差不多,1,global_balance,3,['general_case'],"[[0.0, -1.0, 0.0, 0.0], [-1.0, 0.0, 0.0, 0.0], [0.0, 0.0, 0.0, -1.0]]","[-0.5, -0.5, -0.5]",1.0,ok,"['direct_absolute', 'equality']"
region,220,1,67,头长，腿中腿差不多，腿中等长，脖子和尾巴短。,['腿中腿差不多'],腿中腿差不多,1,global_balance,5,"['general_case', 'general_case', 'general_case']","[[0.0, -1.0, 0.0, 0.0], [0.0, 0.0, -1.0, 0.0], [0.0, 0.0, 1.0, 0.0], [1.0, 0.0, 0.0, 0.0], [0.0, 0.0, 0.0, 1.0]]","[-0.5, -0.25, 0.75, 0.5, 0.5]",1.0,ok,"['direct_absolute', 'equality']"
region,220,1,68,头、尾巴和腿长，头和尾巴，脖子、尾巴和腿长，头短。,['头和尾巴'],头和尾巴,1,other_unparsed,5,"['general_case', 'general_case', 'general_case']","[[0.0, -1.0, 0.0, 0.0], [0.0, 0.0, 0.0, -1.0], [0.0, 0.0, -1.0, 0.0], [-1.0, 0.0, 0.0, 0.0], [0.0, 1.0, 0.0, 0.0]]","[-0.5, -0.5, -0.5, -0.5, 0.5]",0.8571428571428571,mismatch,['direct_absolute']
region,220,1,71,头和脖子一样长，腿最短，尾巴中等，较短。,['较短'],较短,1,other_unparsed,7,"['equality', 'superlative', 'superlative', 'superlative', 'general_case']","[[-1.0, 1.0, 0.0, 0.0], [1.0, -1.0, 0.0, 0.0], [-1.0, 0.0, 1.0, 0.0], [0.0, -1.0, 1.0, 0.0], [0.0, 0.0, 1.0, -1.0], [0.0, 0.0, 0.0, -1.0], [0.0, 0.0, 0.0, 1.0]]","[0.1, 0.1, -0.0, -0.0, -0.0, -0.25, 0.75]",1.0,ok,"['direct_absolute', 'superlative', 'equality']"
region,220,1,89,头、腿和尾巴都比脖子长，脖子最短。,['头、腿和尾巴都比脖子长'],头、腿和尾巴都比脖子长,1,other_unparsed,3,"['superlative', 'superlative', 'superlative']","[[1.0, -1.0, 0.0, 0.0], [1.0, 0.0, -1.0, 0.0], [1.0, 0.0, 0.0, -1.0]]","[-0.0, -0.0, -0.0]",1.0,ok,"['direct_absolute', 'superlative', 'comparison']"
region,220,1,92,头和尾巴一样短，脖子和腿最长，且一样长。,['且一样长'],且一样长,1,other_unparsed,5,"['equality', 'superlative', 'superlative', 'superlative']","[[0.0, 1.0, 0.0, -1.0], [0.0, -1.0, 0.0, 1.0], [1.0, 0.0, -1.0, 0.0], [0.0, 1.0, -1.0, 0.0], [0.0, 0.0, -1.0, 1.0]]","[0.1, 0.1, -0.0, -0.0, -0.0]",0.5,mismatch,"['direct_absolute', 'superlative', 'equality']"
region,220,1,111,头长，脖子，尾巴和腿短。,['脖子'],脖子,1,other_unparsed,3,"['general_case', 'general_case']","[[0.0, -1.0, 0.0, 0.0], [0.0, 0.0, 0.0, 1.0], [0.0, 0.0, 1.0, 0.0]]","[-0.5, 0.5, 0.5]",1.0,ok,['direct_absolute']
region,220,1,135,脖子和腿，最长头和尾巴最短。,['脖子和腿'],脖子和腿,1,other_unparsed,2,['general_case'],"[[0.0, 1.0, 0.0, 0.0], [0.0, 0.0, 0.0, 1.0]]","[0.5, 0.5]",1.0,ok,"['direct_absolute', 'superlative']"
region,220,1,216,脖子、尾巴和头，腿长稍短。,['脖子、尾巴和头'],脖子、尾巴和头,1,other_unparsed,1,['general_case'],"[[0.0, 0.0, 1.0, 0.0]]",[0.5],0.0,mismatch,['direct_absolute']
region,220,1,225,头、腿和尾巴都是脖子长度的至少两倍。,['头、腿和尾巴都是脖子长度的至少两倍'],头、腿和尾巴都是脖子长度的至少两倍,1,other_unparsed,0,[],[],[],,unsupported,['direct_absolute']
region,220,1,226,头、脖子和腿都是尾巴长度的至少两倍。,['头、脖子和腿都是尾巴长度的至少两倍'],头、脖子和腿都是尾巴长度的至少两倍,1,other_unparsed,0,[],[],[],,unsupported,['direct_absolute']
region,220,1,227,腿最长，脖子和尾巴中等，比腿稍微短一点点，头短。,['比腿稍微短一点点'],比腿稍微短一点点,1,other_unparsed,8,"['superlative', 'superlative', 'superlative', 'general_case', 'general_case']","[[1.0, 0.0, -1.0, 0.0], [0.0, 1.0, -1.0, 0.0], [0.0, 0.0, -1.0, 1.0], [-1.0, 0.0, 0.0, 0.0], [1.0, 0.0, 0.0, 0.0], [0.0, 0.0, 0.0, -1.0], [0.0, 0.0, 0.0, 1.0], [0.0, 1.0, 0.0, 0.0]]","[-0.0, -0.0, -0.0, -0.25, 0.75, -0.25, 0.75, 0.5]",1.0,ok,"['direct_absolute', 'superlative', 'comparison']"
region,220,1,253,头、脖子长，腿中等，较短，尾巴短。,['较短'],较短,1,other_unparsed,5,"['general_case', 'general_case', 'general_case']","[[0.0, -1.0, 0.0, 0.0], [-1.0, 0.0, 0.0, 0.0], [0.0, 0.0, -1.0, 0.0], [0.0, 0.0, 1.0, 0.0], [0.0, 0.0, 0.0, 1.0]]","[-0.5, -0.5, -0.25, 0.75, 0.5]",1.0,ok,['direct_absolute']
region,220,1,256,腿和尾巴长，脖子和头中。,['脖子和头中'],脖子和头中,1,other_unparsed,2,['general_case'],"[[0.0, 0.0, -1.0, 0.0], [0.0, 0.0, 0.0, -1.0]]","[-0.5, -0.5]",1.0,ok,['direct_absolute']
region,220,2,6,头短，尾巴短，脖子和腿差不多长，都是中等长度。,['都是中等长度'],都是中等长度,1,other_unparsed,4,"['general_case', 'general_case', 'equality']","[[0.0, 1.0, 0.0, 0.0], [0.0, 0.0, 0.0, 1.0], [1.0, 0.0, -1.0, 0.0], [-1.0, 0.0, 1.0, 0.0]]","[0.5, 0.5, 0.1, 0.1]",0.6666666666666666,mismatch,"['direct_absolute', 'equality']"
region,220,2,30,尾巴和脖子中等，头和腿。,['头和腿'],头和腿,1,other_unparsed,4,['general_case'],"[[0.0, 0.0, 0.0, -1.0], [0.0, 0.0, 0.0, 1.0], [-1.0, 0.0, 0.0, 0.0], [1.0, 0.0, 0.0, 0.0]]","[-0.25, 0.75, -0.25, 0.75]",0.75,mismatch,['direct_absolute']
region,220,2,36,头和脖子中等，较短，尾巴短，腿较长。,['较短'],较短,1,other_unparsed,6,"['general_case', 'general_case', 'general_case']","[[0.0, -1.0, 0.0, 0.0], [0.0, 1.0, 0.0, 0.0], [-1.0, 0.0, 0.0, 0.0], [1.0, 0.0, 0.0, 0.0], [0.0, 0.0, 0.0, 1.0], [0.0, 0.0, -1.0, 0.0]]","[-0.25, 0.75, -0.25, 0.75, 0.5, -0.5]",0.8333333333333334,mismatch,['direct_absolute']
region,220,2,41,脖子和腿中等，头和尾巴比中等偏长一点点。,['头和尾巴比中等偏长一点点'],头和尾巴比中等偏长一点点,1,other_unparsed,4,['general_case'],"[[-1.0, 0.0, 0.0, 0.0], [1.0, 0.0, 0.0, 0.0], [0.0, 0.0, -1.0, 0.0], [0.0, 0.0, 1.0, 0.0]]","[-0.25, 0.75, -0.25, 0.75]",1.0,ok,"['direct_absolute', 'comparison']"
region,220,2,70,脖子和尾巴，头和腿最短。,['脖子和尾巴'],脖子和尾巴,1,other_unparsed,3,"['superlative', 'superlative', 'superlative']","[[-1.0, 0.0, 1.0, 0.0], [0.0, -1.0, 1.0, 0.0], [0.0, 0.0, 1.0, -1.0]]","[-0.0, -0.0, -0.0]",1.0,ok,"['direct_absolute', 'superlative']"
region,220,2,73,头、脖子、腿，和尾巴差不多长。,['头、脖子、腿'],头、脖子、腿,1,other_unparsed,1,['general_case'],"[[0.0, 0.0, 0.0, 1.0]]",[0.5],0.0,mismatch,"['direct_absolute', 'equality']"
region,220,2,108,头和脖子中等，腿比中等短一点点，尾巴较长。,['腿比中等短一点点'],腿比中等短一点点,1,other_unparsed,5,"['general_case', 'general_case']","[[0.0, -1.0, 0.0, 0.0], [0.0, 1.0, 0.0, 0.0], [-1.0, 0.0, 0.0, 0.0], [1.0, 0.0, 0.0, 0.0], [0.0, 0.0, 0.0, -1.0]]","[-0.25, 0.75, -0.25, 0.75, -0.5]",1.0,ok,"['direct_absolute', 'comparison']"
region,220,2,112,尾巴和腿，和头较长，脖子中等。,['尾巴和腿'],尾巴和腿,1,other_unparsed,3,"['general_case', 'general_case']","[[0.0, -1.0, 0.0, 0.0], [-1.0, 0.0, 0.0, 0.0], [1.0, 0.0, 0.0, 0.0]]","[-0.5, -0.25, 0.75]",1.0,ok,['direct_absolute']
region,220,2,113,脖子和尾巴中等，腿比中等稍长一点点，头比中等稍短一点点。,"['腿比中等稍长一点点', '头比中等稍短一点点']",腿比中等稍长一点点；头比中等稍短一点点,2,other_unparsed,4,['general_case'],"[[-1.0, 0.0, 0.0, 0.0], [1.0, 0.0, 0.0, 0.0], [0.0, 0.0, 0.0, -1.0], [0.0, 0.0, 0.0, 1.0]]","[-0.25, 0.75, -0.25, 0.75]",1.0,ok,"['direct_absolute', 'comparison']"
region,220,2,114,脖子和尾巴中等，尾巴比中等长一点点，头中等，腿较短。,['尾巴比中等长一点点'],尾巴比中等长一点点,1,other_unparsed,7,"['general_case', 'general_case', 'general_case']","[[-1.0, 0.0, 0.0, 0.0], [1.0, 0.0, 0.0, 0.0], [0.0, 0.0, 0.0, -1.0], [0.0, 0.0, 0.0, 1.0], [0.0, -1.0, 0.0, 0.0], [0.0, 1.0, 0.0, 0.0], [0.0, 0.0, 1.0, 0.0]]","[-0.25, 0.75, -0.25, 0.75, -0.25, 0.75, 0.5]",0.8571428571428571,mismatch,"['direct_absolute', 'comparison']"
region,220,2,132,头和脖子较短，尾巴和腿较长，中等。,['中等'],中等,1,other_unparsed,4,"['general_case', 'general_case']","[[0.0, 1.0, 0.0, 0.0], [1.0, 0.0, 0.0, 0.0], [0.0, 0.0, 0.0, -1.0], [0.0, 0.0, -1.0, 0.0]]","[0.5, 0.5, -0.5, -0.5]",1.0,ok,['direct_absolute']
region,220,2,135,脖子和腿，最长，头和尾巴最短。,"['脖子和腿', '最长']",脖子和腿；最长,2,other_unparsed,3,"['superlative', 'superlative', 'superlative']","[[-1.0, 0.0, 0.0, 1.0], [0.0, -1.0, 0.0, 1.0], [0.0, 0.0, -1.0, 1.0]]","[-0.0, -0.0, -0.0]",0.6666666666666666,mismatch,"['direct_absolute', 'superlative']"
region,220,2,149,头和尾巴中等偏长一点，腿中等偏短一点，脖子。,['脖子'],脖子,1,other_unparsed,3,"['general_case', 'general_case']","[[0.0, -1.0, 0.0, 0.0], [0.0, 0.0, 0.0, -1.0], [0.0, 0.0, 1.0, 0.0]]","[-0.5, -0.5, 0.5]",1.0,ok,['direct_absolute']
region,220,2,182,腿和尾巴，头中等，脖子较短。,['腿和尾巴'],腿和尾巴,1,other_unparsed,3,"['general_case', 'general_case']","[[0.0, -1.0, 0.0, 0.0], [0.0, 1.0, 0.0, 0.0], [1.0, 0.0, 0.0, 0.0]]","[-0.25, 0.75, 0.5]",1.0,ok,['direct_absolute']
region,220,2,242,腿比较长，头、尾巴和脖子都比腿短很多。,['头、尾巴和脖子都比腿短很多'],头、尾巴和脖子都比腿短很多,1,other_unparsed,1,['general_case'],"[[0.0, 0.0, -1.0, 0.0]]",[-0.5],1.0,ok,"['direct_absolute', 'comparison']"
region,220,2,247,头、脖子和腿都会比尾巴更长。,['头、脖子和腿都会比尾巴更长'],头、脖子和腿都会比尾巴更长,1,other_unparsed,0,[],[],[],,unsupported,"['direct_absolute', 'comparison']"
region,220,2,249,腿会比头长很多。,['腿会比头长很多'],腿会比头长很多,1,other_unparsed,0,[],[],[],,unsupported,"['direct_absolute', 'comparison']"
region,220,2,272,脖子显著长于其他三个。,['脖子显著长于其他三个'],脖子显著长于其他三个,1,other_reference,0,[],[],[],,unsupported,"['direct_absolute', 'comparison']"
region,220,2,287,脖子、头，脖子和尾巴和腿差不多长。,['脖子、头'],脖子、头,1,other_unparsed,6,['equality'],"[[1.0, 0.0, 0.0, -1.0], [-1.0, 0.0, 0.0, 1.0], [1.0, 0.0, -1.0, 0.0], [-1.0, 0.0, 1.0, 0.0], [0.0, 0.0, -1.0, 1.0], [0.0, 0.0, 1.0, -1.0]]","[0.1, 0.1, 0.1, 0.1, 0.1, 0.1]",0.0,mismatch,"['direct_absolute', 'equality']"
region,220,2,294,尾巴和腿最长，比头和脖子长。,['比头和脖子长'],比头和脖子长,1,other_unparsed,3,"['superlative', 'superlative', 'superlative']","[[1.0, 0.0, -1.0, 0.0], [0.0, 1.0, -1.0, 0.0], [0.0, 0.0, -1.0, 1.0]]","[-0.0, -0.0, -0.0]",0.6666666666666666,mismatch,"['direct_absolute', 'superlative', 'comparison']"
region,220,2,298,脖子显著的长于其他三个。,['脖子显著的长于其他三个'],脖子显著的长于其他三个,1,other_reference,0,[],[],[],,unsupported,"['direct_absolute', 'comparison']"
region,220,2,299,尾巴明显短于其他三个。,['尾巴明显短于其他三个'],尾巴明显短于其他三个,1,other_reference,0,[],[],[],,unsupported,"['direct_absolute', 'comparison']"
region,220,2,300,我说脖子明显短于其他三个。,['我说脖子明显短于其他三个'],我说脖子明显短于其他三个,1,other_reference,0,[],[],[],,unsupported,"['direct_absolute', 'comparison']"
region,220,3,12,脖子和尾巴长度差不多，比腿和头都长。,['比腿和头都长'],比腿和头都长,1,other_unparsed,2,['equality'],"[[1.0, 0.0, 0.0, -1.0], [-1.0, 0.0, 0.0, 1.0]]","[0.1, 0.1]",1.0,ok,"['direct_absolute', 'comparison', 'equality']"
region,220,3,13,头、脖子和尾巴长度相等，都比腿长。,['都比腿长'],都比腿长,1,other_unparsed,6,['equality'],"[[-1.0, 1.0, 0.0, 0.0], [1.0, -1.0, 0.0, 0.0], [0.0, 1.0, 0.0, -1.0], [0.0, -1.0, 0.0, 1.0], [1.0, 0.0, 0.0, -1.0], [-1.0, 0.0, 0.0, 1.0]]","[0.1, 0.1, 0.1, 0.1, 0.1, 0.1]",1.0,ok,"['direct_absolute', 'comparison', 'equality']"
region,220,3,14,头、脖子和腿长度较长，比尾巴长很多。,['比尾巴长很多'],比尾巴长很多,1,other_unparsed,3,['general_case'],"[[0.0, -1.0, 0.0, 0.0], [-1.0, 0.0, 0.0, 0.0], [0.0, 0.0, -1.0, 0.0]]","[-0.5, -0.5, -0.5]",1.0,ok,"['direct_absolute', 'comparison']"
region,220,3,33,三个部位长于腿。,['三个部位长于腿'],三个部位长于腿,1,count_abstract,0,[],[],[],,unsupported,"['direct_absolute', 'comparison', 'count_abstract']"
region,220,3,44,脖子显著短于其他三个部位。,['脖子显著短于其他三个部位'],脖子显著短于其他三个部位,1,"count_abstract, other_reference",0,[],[],[],,unsupported,"['direct_absolute', 'comparison', 'count_abstract']"
region,220,3,53,头、脖子和尾巴都很长，长于腿。,['长于腿'],长于腿,1,other_unparsed,3,['general_case'],"[[0.0, -1.0, 0.0, 0.0], [-1.0, 0.0, 0.0, 0.0], [0.0, 0.0, 0.0, -1.0]]","[-0.5, -0.5, -0.5]",1.0,ok,"['direct_absolute', 'comparison']"
region,220,3,54,头、脖子和尾巴差不多长，长于腿。,['长于腿'],长于腿,1,other_unparsed,6,['equality'],"[[-1.0, 1.0, 0.0, 0.0], [1.0, -1.0, 0.0, 0.0], [0.0, 1.0, 0.0, -1.0], [0.0, -1.0, 0.0, 1.0], [1.0, 0.0, 0.0, -1.0], [-1.0, 0.0, 0.0, 1.0]]","[0.1, 0.1, 0.1, 0.1, 0.1, 0.1]",0.0,mismatch,"['direct_absolute', 'comparison', 'equality']"
region,220,3,66,尾巴大于腿，大于头，大于脖子。,"['大于头', '大于脖子']",大于头；大于脖子,2,other_unparsed,1,['comparison'],"[[0.0, 0.0, 1.0, -1.0]]",[-0.0],1.0,ok,['comparison']
region,220,3,68,脖子和尾巴长于腿，长于头。,['长于头'],长于头,1,other_unparsed,2,['comparison'],"[[-1.0, 0.0, 1.0, 0.0], [0.0, 0.0, 1.0, -1.0]]","[-0.0, -0.0]",1.0,ok,"['direct_absolute', 'comparison']"
region,220,3,69,脖子和尾巴长于腿，长于头。,['长于头'],长于头,1,other_unparsed,2,['comparison'],"[[-1.0, 0.0, 1.0, 0.0], [0.0, 0.0, 1.0, -1.0]]","[-0.0, -0.0]",1.0,ok,"['direct_absolute', 'comparison']"
region,220,3,70,脖子和尾巴长于腿，长于头。,['长于头'],长于头,1,other_unparsed,2,['comparison'],"[[-1.0, 0.0, 1.0, 0.0], [0.0, 0.0, 1.0, -1.0]]","[-0.0, -0.0]",1.0,ok,"['direct_absolute', 'comparison']"
region,220,3,74,脖子长于头，长于腿和尾巴。,['长于腿和尾巴'],长于腿和尾巴,1,other_unparsed,1,['comparison'],"[[-1.0, 1.0, 0.0, 0.0]]",[-0.0],1.0,ok,"['direct_absolute', 'comparison']"
region,220,3,75,尾巴长于头，长于脖子，长于腿。,"['长于脖子', '长于腿']",长于脖子；长于腿,2,other_unparsed,1,['comparison'],"[[0.0, 1.0, 0.0, -1.0]]",[-0.0],1.0,ok,"['direct_absolute', 'comparison']"
region,220,3,76,尾巴长于头和腿，长于脖子。,['长于脖子'],长于脖子,1,other_unparsed,2,['comparison'],"[[0.0, 1.0, 0.0, -1.0], [0.0, 0.0, 1.0, -1.0]]","[-0.0, -0.0]",1.0,ok,"['direct_absolute', 'comparison']"
region,220,3,81,有两个部位显著的短于另外两个部位。,['有两个部位显著的短于另外两个部位'],有两个部位显著的短于另外两个部位,1,"count_abstract, other_reference",0,[],[],[],,unsupported,"['direct_absolute', 'comparison', 'count_abstract']"
region,220,3,82,腿显著的短于脖子、头和尾巴。,['腿显著的短于脖子、头和尾巴'],腿显著的短于脖子、头和尾巴,1,other_unparsed,0,[],[],[],,unsupported,"['direct_absolute', 'comparison']"
region,220,3,83,头、脖子、尾巴和腿都比尾巴短。,['头、脖子、尾巴和腿都比尾巴短'],头、脖子、尾巴和腿都比尾巴短,1,other_unparsed,0,[],[],[],,unsupported,"['direct_absolute', 'comparison']"
region,220,3,84,头、脖子和腿都比尾巴长。,['头、脖子和腿都比尾巴长'],头、脖子和腿都比尾巴长,1,other_unparsed,0,[],[],[],,unsupported,"['direct_absolute', 'comparison']"
region,220,3,85,脖子和腿都比头和尾巴长。,['脖子和腿都比头和尾巴长'],脖子和腿都比头和尾巴长,1,other_unparsed,0,[],[],[],,unsupported,"['direct_absolute', 'comparison']"
region,220,3,96,头、脖子和尾巴比，头、腿和尾巴比脖子长。,['头、脖子和尾巴比'],头、脖子和尾巴比,1,other_unparsed,3,['comparison'],"[[1.0, -1.0, 0.0, 0.0], [1.0, 0.0, -1.0, 0.0], [1.0, 0.0, 0.0, -1.0]]","[-0.0, -0.0, -0.0]",1.0,ok,"['direct_absolute', 'comparison']"
region,220,3,101,头、脖子和腿都比尾巴长。,['头、脖子和腿都比尾巴长'],头、脖子和腿都比尾巴长,1,other_unparsed,0,[],[],[],,unsupported,"['direct_absolute', 'comparison']"
region,220,3,109,头和脖子长，尾巴和腿。,['尾巴和腿'],尾巴和腿,1,other_unparsed,2,['general_case'],"[[0.0, -1.0, 0.0, 0.0], [-1.0, 0.0, 0.0, 0.0]]","[-0.5, -0.5]",1.0,ok,['direct_absolute']
region,220,3,167,头和尾巴一样长，且脖子和腿不一样长。,['且脖子和腿不一样长'],且脖子和腿不一样长,1,disjoint_inequality,2,['equality'],"[[0.0, 1.0, 0.0, -1.0], [0.0, -1.0, 0.0, 1.0]]","[0.1, 0.1]",1.0,ok,"['direct_absolute', 'equality', 'negation']"
region,220,3,169,头和尾巴一样长，且脖子和腿不一样长。,['且脖子和腿不一样长'],且脖子和腿不一样长,1,disjoint_inequality,2,['equality'],"[[0.0, 1.0, 0.0, -1.0], [0.0, -1.0, 0.0, 1.0]]","[0.1, 0.1]",1.0,ok,"['direct_absolute', 'equality', 'negation']"
region,220,3,225,腿和尾巴一样长，长于脖子和头。,['长于脖子和头'],长于脖子和头,1,other_unparsed,2,['equality'],"[[0.0, 0.0, 1.0, -1.0], [0.0, 0.0, -1.0, 1.0]]","[0.1, 0.1]",0.0,mismatch,"['direct_absolute', 'comparison', 'equality']"
region,220,3,230,脖子和尾巴一样长，长于头和腿。,['长于头和腿'],长于头和腿,1,other_unparsed,2,['equality'],"[[1.0, 0.0, 0.0, -1.0], [-1.0, 0.0, 0.0, 1.0]]","[0.1, 0.1]",0.0,mismatch,"['direct_absolute', 'comparison', 'equality']"
region,220,3,231,腿最长，长于尾巴。,['长于尾巴'],长于尾巴,1,other_unparsed,3,"['superlative', 'superlative', 'superlative']","[[1.0, 0.0, -1.0, 0.0], [0.0, 1.0, -1.0, 0.0], [0.0, 0.0, -1.0, 1.0]]","[-0.0, -0.0, -0.0]",1.0,ok,"['direct_absolute', 'superlative', 'comparison']"
region,220,3,237,差不多长。,['差不多长'],差不多长,1,global_balance,0,[],[],[],,unsupported,"['direct_absolute', 'equality']"
region,220,3,259,头和腿长，脖子和尾巴。,['脖子和尾巴'],脖子和尾巴,1,other_unparsed,2,['general_case'],"[[0.0, -1.0, 0.0, 0.0], [0.0, 0.0, -1.0, 0.0]]","[-0.5, -0.5]",1.0,ok,['direct_absolute']
region,220,3,260,四部位差不多长。,['四部位差不多长'],四部位差不多长,1,global_balance,0,[],[],[],,unsupported,"['direct_absolute', 'equality']"
region,220,3,262,头和尾巴不一样长，且腿长。,['头和尾巴不一样长'],头和尾巴不一样长,1,disjoint_inequality,1,['general_case'],"[[0.0, 0.0, -1.0, 0.0]]",[-0.5],1.0,ok,"['direct_absolute', 'equality', 'negation']"
region,220,3,263,头和尾巴不一样长，且腿长。,['头和尾巴不一样长'],头和尾巴不一样长,1,disjoint_inequality,1,['general_case'],"[[0.0, 0.0, -1.0, 0.0]]",[-0.5],1.0,ok,"['direct_absolute', 'equality', 'negation']"
region,220,3,264,头和尾巴不一样长，且脖子和腿一样长。,['头和尾巴不一样长'],头和尾巴不一样长,1,disjoint_inequality,2,['equality'],"[[1.0, 0.0, -1.0, 0.0], [-1.0, 0.0, 1.0, 0.0]]","[0.1, 0.1]",1.0,ok,"['direct_absolute', 'equality', 'negation']"
region,220,3,265,头和尾巴不一样长，且腿短。,['头和尾巴不一样长'],头和尾巴不一样长,1,disjoint_inequality,1,['general_case'],"[[0.0, 0.0, 1.0, 0.0]]",[0.5],1.0,ok,"['direct_absolute', 'equality', 'negation']"
region,220,3,266,头和尾巴不一样长，且腿长。,['头和尾巴不一样长'],头和尾巴不一样长,1,disjoint_inequality,1,['general_case'],"[[0.0, 0.0, -1.0, 0.0]]",[-0.5],1.0,ok,"['direct_absolute', 'equality', 'negation']"
region,220,3,294,腿和尾巴一样长，比头和脖子长。,['比头和脖子长'],比头和脖子长,1,other_unparsed,2,['equality'],"[[0.0, 0.0, 1.0, -1.0], [0.0, 0.0, -1.0, 1.0]]","[0.1, 0.1]",1.0,ok,"['direct_absolute', 'comparison', 'equality']"
region,220,3,295,脖子和腿一样长，比头和尾巴长。,['比头和尾巴长'],比头和尾巴长,1,other_unparsed,2,['equality'],"[[1.0, 0.0, -1.0, 0.0], [-1.0, 0.0, 1.0, 0.0]]","[0.1, 0.1]",0.0,mismatch,"['direct_absolute', 'comparison', 'equality']"
region,220,3,317,腿最短，脖子、尾巴、头都比它长。,['脖子、尾巴、头都比它长'],脖子、尾巴、头都比它长,1,other_unparsed,3,"['superlative', 'superlative', 'superlative']","[[-1.0, 0.0, 1.0, 0.0], [0.0, -1.0, 1.0, 0.0], [0.0, 0.0, 1.0, -1.0]]","[-0.0, -0.0, -0.0]",1.0,ok,"['direct_absolute', 'superlative', 'comparison']"
region,220,4,33,头、脖子、尾巴一样长，长于腿。,['长于腿'],长于腿,1,other_unparsed,6,['equality'],"[[-1.0, 1.0, 0.0, 0.0], [1.0, -1.0, 0.0, 0.0], [0.0, 1.0, 0.0, -1.0], [0.0, -1.0, 0.0, 1.0], [1.0, 0.0, 0.0, -1.0], [-1.0, 0.0, 0.0, 1.0]]","[0.1, 0.1, 0.1, 0.1, 0.1, 0.1]",0.0,mismatch,"['direct_absolute', 'comparison', 'equality']"
region,220,4,34,尾巴长于脖子长于头，和腿。,['和腿'],和腿,1,other_unparsed,1,['comparison'],"[[1.0, 0.0, 0.0, -1.0]]",[-0.0],1.0,ok,"['direct_absolute', 'comparison']"
region,220,4,35,头、脖子、尾巴长于四条腿。,['头、脖子、尾巴长于四条腿'],头、脖子、尾巴长于四条腿,1,other_unparsed,0,[],[],[],,unsupported,"['direct_absolute', 'comparison']"
region,220,4,100,脖子长于三其他三个部位。,['脖子长于三其他三个部位'],脖子长于三其他三个部位,1,"count_abstract, other_reference",0,[],[],[],,unsupported,"['direct_absolute', 'comparison', 'count_abstract']"
region,221,1,125,脖子和尾巴相差比较大，腿和头相差比较小。,"['脖子和尾巴相差比较大', '腿和头相差比较小']",脖子和尾巴相差比较大；腿和头相差比较小,2,vague_size,0,[],[],[],,unsupported,['comparison']
region,221,1,158,腿不是最长，头不是最短。,"['腿不是最长', '头不是最短']",腿不是最长；头不是最短,2,other_unparsed,0,[],[],[],,unsupported,"['direct_absolute', 'superlative', 'negation']"
region,221,1,311,脖子，最长。,"['脖子', '最长']",脖子；最长,2,other_unparsed,0,[],[],[],,unsupported,"['direct_absolute', 'superlative']"
region,221,2,85,选错了。,['选错了'],选错了,1,meta_or_uncertain,0,[],[],[],,meta,['meta']
region,222,1,1,面朝左边，脖子和尾巴比其他两个部位长。,['面朝左边'],面朝左边,1,other_unparsed,4,['comparison'],"[[-1.0, 1.0, 0.0, 0.0], [-1.0, 0.0, 1.0, 0.0], [0.0, 1.0, 0.0, -1.0], [0.0, 0.0, 1.0, -1.0]]","[-0.0, -0.0, -0.0, -0.0]",1.0,ok,"['direct_absolute', 'comparison', 'count_abstract']"
region,222,1,2,面朝左边，腿特别长，其他部位差不多一样长。,['面朝左边'],面朝左边,1,other_unparsed,4,"['general_case', 'complement']","[[0.0, 0.0, -1.0, 0.0], [1.0, 0.0, 0.0, 0.0], [0.0, 1.0, 0.0, 0.0], [0.0, 0.0, 0.0, 1.0]]","[-0.5, 0.5, 0.5, 0.5]",1.0,ok,"['direct_absolute', 'equality']"
region,222,1,3,面朝左边，腿是最长，脖子比其他两个部位长。,['面朝左边'],面朝左边,1,other_unparsed,6,"['superlative', 'superlative', 'superlative', 'comparison']","[[1.0, 0.0, -1.0, 0.0], [0.0, 1.0, -1.0, 0.0], [0.0, 0.0, -1.0, 1.0], [-1.0, 1.0, 0.0, 0.0], [-1.0, 0.0, 1.0, 0.0], [-1.0, 0.0, 0.0, 1.0]]","[-0.0, -0.0, -0.0, -0.0, -0.0, -0.0]",1.0,ok,"['direct_absolute', 'superlative', 'comparison', 'count_abstract']"
region,222,1,4,面朝右边，头和尾巴比差不多一样长，比腿和脖子短。,"['面朝右边', '比腿和脖子短']",面朝右边；比腿和脖子短,2,other_unparsed,2,['equality'],"[[0.0, 1.0, 0.0, -1.0], [0.0, -1.0, 0.0, 1.0]]","[0.1, 0.1]",1.0,ok,"['direct_absolute', 'comparison', 'equality']"
region,222,1,10,有三个部位长，面条左边脖子比较短。,['有三个部位长'],有三个部位长,1,count_abstract,1,['general_case'],"[[1.0, 0.0, 0.0, 0.0]]",[0.5],1.0,ok,"['direct_absolute', 'comparison', 'count_abstract']"
region,222,1,11,面朝右边，头和腿，差等长，尾巴长，脖子短。,"['面朝右边', '头和腿', '差等长']",面朝右边；头和腿；差等长,3,other_unparsed,2,"['general_case', 'general_case']","[[0.0, 0.0, 0.0, -1.0], [1.0, 0.0, 0.0, 0.0]]","[-0.5, 0.5]",1.0,ok,"['direct_absolute', 'equality']"
region,222,1,12,面朝左边，头、腿、尾巴比脖子长。,['面朝左边'],面朝左边,1,other_unparsed,3,['comparison'],"[[1.0, -1.0, 0.0, 0.0], [1.0, 0.0, -1.0, 0.0], [1.0, 0.0, 0.0, -1.0]]","[-0.0, -0.0, -0.0]",1.0,ok,"['direct_absolute', 'comparison']"
region,222,1,13,面朝右边，腿比较短，其他三个部位比较长。,['面朝右边'],面朝右边,1,other_unparsed,4,"['general_case', 'complement']","[[0.0, 0.0, 1.0, 0.0], [-1.0, 0.0, 0.0, 0.0], [0.0, -1.0, 0.0, 0.0], [0.0, 0.0, 0.0, -1.0]]","[0.5, -0.5, -0.5, -0.5]",0.5,mismatch,"['direct_absolute', 'comparison', 'count_abstract']"
region,222,1,14,面朝左边，尾巴比较短，其他三个部位比较长。,['面朝左边'],面朝左边,1,other_unparsed,4,"['general_case', 'complement']","[[0.0, 0.0, 0.0, 1.0], [-1.0, 0.0, 0.0, 0.0], [0.0, -1.0, 0.0, 0.0], [0.0, 0.0, -1.0, 0.0]]","[0.5, -0.5, -0.5, -0.5]",0.25,mismatch,"['direct_absolute', 'comparison', 'count_abstract']"
region,222,1,15,面朝右边，脖子比较短，其他三个部位比较长。,['面朝右边'],面朝右边,1,other_unparsed,4,"['general_case', 'complement']","[[1.0, 0.0, 0.0, 0.0], [0.0, -1.0, 0.0, 0.0], [0.0, 0.0, -1.0, 0.0], [0.0, 0.0, 0.0, -1.0]]","[0.5, -0.5, -0.5, -0.5]",1.0,ok,"['direct_absolute', 'comparison', 'count_abstract']"
region,222,1,17,面朝左边，两个部位比较长，一个部位更长，一个部位更短。,"['面朝左边', '两个部位比较长', '一个部位更长', '一个部位更短']",面朝左边；两个部位比较长；一个部位更长；一个部位更短,4,count_abstract,0,[],[],[],,unsupported,"['direct_absolute', 'comparison', 'count_abstract']"
region,222,1,18,两个部位最短，一个部位比较长，一个部位比较短。,"['两个部位最短', '一个部位比较长', '一个部位比较短']",两个部位最短；一个部位比较长；一个部位比较短,3,count_abstract,0,[],[],[],,unsupported,"['direct_absolute', 'superlative', 'comparison', 'count_abstract']"
region,222,1,19,哪个部位长，哪个部位比较长，哪个部位比较短。,"['哪个部位长', '哪个部位比较长', '哪个部位比较短']",哪个部位长；哪个部位比较长；哪个部位比较短,3,other_unparsed,0,[],[],[],,unsupported,"['direct_absolute', 'comparison']"
region,222,1,23,两个部位很长，一个部位比较长，一个部位比较短。,"['两个部位很长', '一个部位比较长', '一个部位比较短']",两个部位很长；一个部位比较长；一个部位比较短,3,count_abstract,0,[],[],[],,unsupported,"['direct_absolute', 'comparison', 'count_abstract']"
region,222,1,28,面朝左边，脖子和腿一样长，头比较长，尾巴就比较短。,['面朝左边'],面朝左边,1,other_unparsed,4,"['equality', 'general_case', 'general_case']","[[1.0, 0.0, -1.0, 0.0], [-1.0, 0.0, 1.0, 0.0], [0.0, -1.0, 0.0, 0.0], [0.0, 0.0, 0.0, 1.0]]","[0.1, 0.1, -0.5, 0.5]",0.6666666666666666,mismatch,"['direct_absolute', 'comparison', 'equality']"
region,222,1,29,面朝左边，脖子和腿一样长，头比较长，尾巴比较短。,['面朝左边'],面朝左边,1,other_unparsed,4,"['equality', 'general_case', 'general_case']","[[1.0, 0.0, -1.0, 0.0], [-1.0, 0.0, 1.0, 0.0], [0.0, -1.0, 0.0, 0.0], [0.0, 0.0, 0.0, 1.0]]","[0.1, 0.1, -0.5, 0.5]",0.0,mismatch,"['direct_absolute', 'comparison', 'equality']"
region,222,1,30,面朝右边，腿和尾巴比较长，头和脖子一长一短。,['面朝右边'],面朝右边,1,other_unparsed,4,"['general_case', 'general_case']","[[0.0, 0.0, -1.0, 0.0], [0.0, 0.0, 0.0, -1.0], [0.0, 1.0, 0.0, 0.0], [1.0, 0.0, 0.0, 0.0]]","[-0.5, -0.5, 0.5, 0.5]",0.75,mismatch,"['direct_absolute', 'comparison', 'count_abstract']"
region,222,1,31,两个部位等长，一个，其他两个部位一长一短。,"['两个部位等长', '一个', '其他两个部位一长一短']",两个部位等长；一个；其他两个部位一长一短,3,"count_abstract, other_reference",0,[],[],[],,unsupported,"['direct_absolute', 'equality', 'count_abstract']"
region,222,1,33,四个部位很都不等长。,['四个部位很都不等长'],四个部位很都不等长,1,other_unparsed,0,[],[],[],,unsupported,"['direct_absolute', 'equality']"
region,222,1,34,面朝左边，四个部位都挺长。,['面朝左边'],面朝左边,1,other_unparsed,4,['universal_quantifier'],"[[-1.0, 0.0, 0.0, 0.0], [0.0, -1.0, 0.0, 0.0], [0.0, 0.0, -1.0, 0.0], [0.0, 0.0, 0.0, -1.0]]","[-0.5, -0.5, -0.5, -0.5]",1.0,ok,['direct_absolute']
region,222,1,36,腿和头，中等长，脖子最短，尾巴最长。,"['腿和头', '中等长']",腿和头；中等长,2,other_unparsed,5,"['superlative', 'superlative', 'superlative', 'superlative', 'superlative', 'superlative']","[[1.0, -1.0, 0.0, 0.0], [1.0, 0.0, -1.0, 0.0], [1.0, 0.0, 0.0, -1.0], [0.0, 1.0, 0.0, -1.0], [0.0, 0.0, 1.0, -1.0]]","[-0.0, -0.0, -0.0, -0.0, -0.0]",1.0,ok,"['direct_absolute', 'superlative']"
region,222,1,38,面朝右边，四个部位差不多长。,['面朝右边'],面朝右边,1,other_unparsed,12,['equality'],"[[1.0, -1.0, 0.0, 0.0], [-1.0, 1.0, 0.0, 0.0], [1.0, 0.0, -1.0, 0.0], [-1.0, 0.0, 1.0, 0.0], [1.0, 0.0, 0.0, -1.0], [-1.0, 0.0, 0.0, 1.0], [0.0, 1.0, -1.0, 0.0], [0.0, -1.0, 1.0, 0.0], [0.0, 1.0, 0.0, -1.0], [0.0, -1.0, 0.0, 1.0], [0.0, 0.0, 1.0, -1.0], [0.0, 0.0, -1.0, 1.0]]","[0.1, 0.1, 0.1, 0.1, 0.1, 0.1, 0.1, 0.1, 0.1, 0.1, 0.1, 0.1]",0.0,mismatch,"['direct_absolute', 'equality']"
region,222,1,39,两个部位很长，两个部位很短。,"['两个部位很长', '两个部位很短']",两个部位很长；两个部位很短,2,count_abstract,0,[],[],[],,unsupported,"['direct_absolute', 'count_abstract']"
region,222,1,55,较短。,['较短'],较短,1,other_unparsed,0,[],[],[],,unsupported,['direct_absolute']
region,222,1,67,该体型比较小，脖子和尾巴等长，头短一点。,['该体型比较小'],该体型比较小,1,vague_size,3,"['equality', 'general_case']","[[1.0, 0.0, 0.0, -1.0], [-1.0, 0.0, 0.0, 1.0], [0.0, 1.0, 0.0, 0.0]]","[0.1, 0.1, 0.5]",1.0,ok,"['direct_absolute', 'comparison', 'equality']"
region,222,1,68,体型比较大，尾巴比较短。,['体型比较大'],体型比较大,1,vague_size,1,['general_case'],"[[0.0, 0.0, 0.0, 1.0]]",[0.5],0.0,mismatch,"['direct_absolute', 'comparison']"
region,222,1,74,三个部位短，一个部位长。,"['三个部位短', '一个部位长']",三个部位短；一个部位长,2,count_abstract,0,[],[],[],,unsupported,"['direct_absolute', 'count_abstract']"
region,222,1,78,腿短，头短，肩部为长。,['肩部为长'],肩部为长,1,other_unparsed,2,"['general_case', 'general_case']","[[0.0, 0.0, 1.0, 0.0], [0.0, 1.0, 0.0, 0.0]]","[0.5, 0.5]",1.0,ok,['direct_absolute']
region,222,1,86,腿长，脖子长，头，它尾巴比较短。,['头'],头,1,other_unparsed,3,"['general_case', 'general_case', 'general_case']","[[0.0, 0.0, -1.0, 0.0], [-1.0, 0.0, 0.0, 0.0], [0.0, 0.0, 0.0, 1.0]]","[-0.5, -0.5, 0.5]",1.0,ok,"['direct_absolute', 'comparison']"
region,222,1,95,四个部位都很小。,['四个部位都很小'],四个部位都很小,1,vague_size,0,[],[],[],,unsupported,['other']
region,222,1,103,腿长，尾巴，头和脖子差不多。,['尾巴'],尾巴,1,other_unparsed,3,"['general_case', 'equality']","[[0.0, 0.0, -1.0, 0.0], [-1.0, 1.0, 0.0, 0.0], [1.0, -1.0, 0.0, 0.0]]","[-0.5, 0.1, 0.1]",0.5,mismatch,"['direct_absolute', 'equality']"
region,222,1,132,尾巴和头长，头和尾巴，腿和脖子比较短。,['头和尾巴'],头和尾巴,1,other_unparsed,4,"['general_case', 'general_case']","[[0.0, 0.0, 0.0, -1.0], [0.0, -1.0, 0.0, 0.0], [0.0, 0.0, 1.0, 0.0], [1.0, 0.0, 0.0, 0.0]]","[-0.5, -0.5, 0.5, 0.5]",1.0,ok,"['direct_absolute', 'comparison']"
region,222,1,140,头比脖子长，腿最长，尾巴也差不多。,['尾巴也差不多'],尾巴也差不多,1,global_balance,4,"['comparison', 'superlative', 'superlative', 'superlative']","[[1.0, -1.0, 0.0, 0.0], [1.0, 0.0, -1.0, 0.0], [0.0, 1.0, -1.0, 0.0], [0.0, 0.0, -1.0, 1.0]]","[-0.0, -0.0, -0.0, -0.0]",1.0,ok,"['direct_absolute', 'superlative', 'comparison', 'equality']"
region,222,1,146,头比脖子长，较长。,['较长'],较长,1,other_unparsed,1,['comparison'],"[[1.0, -1.0, 0.0, 0.0]]",[-0.0],1.0,ok,"['direct_absolute', 'comparison']"
region,222,2,4,腿长，尾巴短，体型比较小。,['体型比较小'],体型比较小,1,vague_size,2,"['general_case', 'general_case']","[[0.0, 0.0, -1.0, 0.0], [0.0, 0.0, 0.0, 1.0]]","[-0.5, 0.5]",0.5,mismatch,"['direct_absolute', 'comparison']"
region,222,2,7,脖子和腿比，脖子和尾巴比腿长，头很长。,['脖子和腿比'],脖子和腿比,1,other_unparsed,3,"['comparison', 'general_case']","[[-1.0, 0.0, 1.0, 0.0], [0.0, 0.0, 1.0, -1.0], [0.0, -1.0, 0.0, 0.0]]","[-0.0, -0.0, -0.5]",1.0,ok,"['direct_absolute', 'comparison']"
region,222,2,8,头和脖子比腿长，体型比较小。,['体型比较小'],体型比较小,1,vague_size,2,['comparison'],"[[0.0, -1.0, 1.0, 0.0], [-1.0, 0.0, 1.0, 0.0]]","[-0.0, -0.0]",1.0,ok,"['direct_absolute', 'comparison']"
region,222,2,13,头和脖子比腿长，体型比较小。,['体型比较小'],体型比较小,1,vague_size,2,['comparison'],"[[0.0, -1.0, 1.0, 0.0], [-1.0, 0.0, 1.0, 0.0]]","[-0.0, -0.0]",1.0,ok,"['direct_absolute', 'comparison']"
region,222,2,14,体型比较小。,['体型比较小'],体型比较小,1,vague_size,0,[],[],[],,unsupported,['comparison']
region,222,2,29,尾巴短，腿长，体型中等。,['体型中等'],体型中等,1,vague_size,2,"['general_case', 'general_case']","[[0.0, 0.0, 0.0, 1.0], [0.0, 0.0, -1.0, 0.0]]","[0.5, -0.5]",0.5,mismatch,['direct_absolute']
region,222,2,41,体型中等，四个部位长度都差不多。,['体型中等'],体型中等,1,vague_size,12,['equality'],"[[1.0, -1.0, 0.0, 0.0], [-1.0, 1.0, 0.0, 0.0], [1.0, 0.0, -1.0, 0.0], [-1.0, 0.0, 1.0, 0.0], [1.0, 0.0, 0.0, -1.0], [-1.0, 0.0, 0.0, 1.0], [0.0, 1.0, -1.0, 0.0], [0.0, -1.0, 1.0, 0.0], [0.0, 1.0, 0.0, -1.0], [0.0, -1.0, 0.0, 1.0], [0.0, 0.0, 1.0, -1.0], [0.0, 0.0, -1.0, 1.0]]","[0.1, 0.1, 0.1, 0.1, 0.1, 0.1, 0.1, 0.1, 0.1, 0.1, 0.1, 0.1]",0.0,mismatch,"['direct_absolute', 'equality']"
region,222,2,47,头和腿，尾巴和腿差不多一样长。,['头和腿'],头和腿,1,other_unparsed,2,['equality'],"[[0.0, 0.0, -1.0, 1.0], [0.0, 0.0, 1.0, -1.0]]","[0.1, 0.1]",0.0,mismatch,"['direct_absolute', 'equality']"
region,222,2,56,体型偏中小，腿和尾巴差不多一样长。,['体型偏中小'],体型偏中小,1,vague_size,2,['equality'],"[[0.0, 0.0, 1.0, -1.0], [0.0, 0.0, -1.0, 1.0]]","[0.1, 0.1]",1.0,ok,"['direct_absolute', 'equality']"
region,222,2,57,体型偏大，尾巴和腿差不多一样长。,['体型偏大'],体型偏大,1,vague_size,2,['equality'],"[[0.0, 0.0, -1.0, 1.0], [0.0, 0.0, 1.0, -1.0]]","[0.1, 0.1]",1.0,ok,"['direct_absolute', 'equality']"
region,222,2,59,体型偏小，尾巴长。,['体型偏小'],体型偏小,1,vague_size,1,['general_case'],"[[0.0, 0.0, 0.0, -1.0]]",[-0.5],1.0,ok,['direct_absolute']
region,222,2,60,体型中等，尾巴和脖子比腿长。,['体型中等'],体型中等,1,vague_size,2,['comparison'],"[[0.0, 0.0, 1.0, -1.0], [-1.0, 0.0, 1.0, 0.0]]","[-0.0, -0.0]",1.0,ok,"['direct_absolute', 'comparison']"
region,222,2,62,体型偏中等，头、腿长，尾巴短。,['体型偏中等'],体型偏中等,1,vague_size,3,"['general_case', 'general_case']","[[0.0, -1.0, 0.0, 0.0], [0.0, 0.0, -1.0, 0.0], [0.0, 0.0, 0.0, 1.0]]","[-0.5, -0.5, 0.5]",0.6666666666666666,mismatch,['direct_absolute']
region,222,2,64,脖子和尾巴长，体型偏小。,['体型偏小'],体型偏小,1,vague_size,2,['general_case'],"[[-1.0, 0.0, 0.0, 0.0], [0.0, 0.0, 0.0, -1.0]]","[-0.5, -0.5]",1.0,ok,['direct_absolute']
region,222,2,70,腿长，尾巴短，体型偏大。,['体型偏大'],体型偏大,1,vague_size,2,"['general_case', 'general_case']","[[0.0, 0.0, -1.0, 0.0], [0.0, 0.0, 0.0, 1.0]]","[-0.5, 0.5]",1.0,ok,['direct_absolute']
region,222,2,80,体型中等，尾巴和脖子比腿长。,['体型中等'],体型中等,1,vague_size,2,['comparison'],"[[0.0, 0.0, 1.0, -1.0], [-1.0, 0.0, 1.0, 0.0]]","[-0.0, -0.0]",1.0,ok,"['direct_absolute', 'comparison']"
region,222,2,82,腿最短，其他比。,['其他比'],其他比,1,other_reference,3,"['superlative', 'superlative', 'superlative']","[[-1.0, 0.0, 1.0, 0.0], [0.0, -1.0, 1.0, 0.0], [0.0, 0.0, 1.0, -1.0]]","[-0.0, -0.0, -0.0]",1.0,ok,"['direct_absolute', 'superlative', 'comparison']"
region,222,2,90,头和腿，差不多长。,"['头和腿', '差不多长']",头和腿；差不多长,2,global_balance,0,[],[],[],,unsupported,"['direct_absolute', 'equality']"
region,222,2,92,体型小。,['体型小'],体型小,1,vague_size,0,[],[],[],,unsupported,['other']
region,222,2,98,体型偏小，脖子比尾巴长。,['体型偏小'],体型偏小,1,vague_size,1,['comparison'],"[[-1.0, 0.0, 0.0, 1.0]]",[-0.0],1.0,ok,"['direct_absolute', 'comparison']"
region,222,2,99,体型偏小，脖子和尾巴差不多，腿最短。,['体型偏小'],体型偏小,1,vague_size,5,"['equality', 'superlative', 'superlative', 'superlative']","[[1.0, 0.0, 0.0, -1.0], [-1.0, 0.0, 0.0, 1.0], [-1.0, 0.0, 1.0, 0.0], [0.0, -1.0, 1.0, 0.0], [0.0, 0.0, 1.0, -1.0]]","[0.1, 0.1, -0.0, -0.0, -0.0]",1.0,ok,"['direct_absolute', 'superlative', 'equality']"
region,222,2,101,体型中等，腿长。,['体型中等'],体型中等,1,vague_size,1,['general_case'],"[[0.0, 0.0, -1.0, 0.0]]",[-0.5],1.0,ok,['direct_absolute']
region,222,2,104,体型很大，尾巴最长。,['体型很大'],体型很大,1,vague_size,3,"['superlative', 'superlative', 'superlative']","[[1.0, 0.0, 0.0, -1.0], [0.0, 1.0, 0.0, -1.0], [0.0, 0.0, 1.0, -1.0]]","[-0.0, -0.0, -0.0]",1.0,ok,"['direct_absolute', 'superlative']"
region,222,2,105,体型中等，尾巴最长。,['体型中等'],体型中等,1,vague_size,3,"['superlative', 'superlative', 'superlative']","[[1.0, 0.0, 0.0, -1.0], [0.0, 1.0, 0.0, -1.0], [0.0, 0.0, 1.0, -1.0]]","[-0.0, -0.0, -0.0]",1.0,ok,"['direct_absolute', 'superlative']"
region,222,2,107,体型中等，头很长。,['体型中等'],体型中等,1,vague_size,1,['general_case'],"[[0.0, -1.0, 0.0, 0.0]]",[-0.5],1.0,ok,['direct_absolute']
region,222,2,108,尾巴和脖子比腿长，体型偏小。,['体型偏小'],体型偏小,1,vague_size,2,['comparison'],"[[0.0, 0.0, 1.0, -1.0], [-1.0, 0.0, 1.0, 0.0]]","[-0.0, -0.0]",1.0,ok,"['direct_absolute', 'comparison']"
region,222,2,114,体型偏中大。,['体型偏中大'],体型偏中大,1,vague_size,0,[],[],[],,unsupported,['other']
region,222,2,119,体型中等，尾巴和脖子比腿。,"['体型中等', '尾巴和脖子比腿']",体型中等；尾巴和脖子比腿,2,vague_size,0,[],[],[],,unsupported,"['direct_absolute', 'comparison']"
region,222,2,120,体型中小，尾巴和腿差不多。,['体型中小'],体型中小,1,vague_size,2,['equality'],"[[0.0, 0.0, -1.0, 1.0], [0.0, 0.0, 1.0, -1.0]]","[0.1, 0.1]",1.0,ok,['equality']
region,222,2,123,体型中等，尾巴、头、腿差不多长。,['体型中等'],体型中等,1,vague_size,6,['equality'],"[[0.0, -1.0, 0.0, 1.0], [0.0, 1.0, 0.0, -1.0], [0.0, 0.0, -1.0, 1.0], [0.0, 0.0, 1.0, -1.0], [0.0, 1.0, -1.0, 0.0], [0.0, -1.0, 1.0, 0.0]]","[0.1, 0.1, 0.1, 0.1, 0.1, 0.1]",0.0,mismatch,"['direct_absolute', 'equality']"
region,222,2,124,体型偏大，头和腿比较长，尾巴比腿短。,['体型偏大'],体型偏大,1,vague_size,3,"['general_case', 'comparison']","[[0.0, -1.0, 0.0, 0.0], [0.0, 0.0, -1.0, 0.0], [0.0, 0.0, -1.0, 1.0]]","[-0.5, -0.5, -0.0]",1.0,ok,"['direct_absolute', 'comparison']"
region,222,2,125,头很大。,['头很大'],头很大,1,other_unparsed,0,[],[],[],,unsupported,['other']
region,222,2,133,体型中等，小头比腿长。,['体型中等'],体型中等,1,vague_size,1,['comparison'],"[[0.0, -1.0, 1.0, 0.0]]",[-0.0],1.0,ok,"['direct_absolute', 'comparison']"
region,222,2,134,体型中等，腿长，其他差不多。,['体型中等'],体型中等,1,vague_size,7,"['general_case', 'equality']","[[0.0, 0.0, -1.0, 0.0], [1.0, -1.0, 0.0, 0.0], [-1.0, 1.0, 0.0, 0.0], [1.0, 0.0, 0.0, -1.0], [-1.0, 0.0, 0.0, 1.0], [0.0, 1.0, 0.0, -1.0], [0.0, -1.0, 0.0, 1.0]]","[-0.5, 0.1, 0.1, 0.1, 0.1, 0.1, 0.1]",0.5,mismatch,"['direct_absolute', 'equality']"
region,222,2,151,体型中等，四个部位差不多长。,['体型中等'],体型中等,1,vague_size,12,['equality'],"[[1.0, -1.0, 0.0, 0.0], [-1.0, 1.0, 0.0, 0.0], [1.0, 0.0, -1.0, 0.0], [-1.0, 0.0, 1.0, 0.0], [1.0, 0.0, 0.0, -1.0], [-1.0, 0.0, 0.0, 1.0], [0.0, 1.0, -1.0, 0.0], [0.0, -1.0, 1.0, 0.0], [0.0, 1.0, 0.0, -1.0], [0.0, -1.0, 0.0, 1.0], [0.0, 0.0, 1.0, -1.0], [0.0, 0.0, -1.0, 1.0]]","[0.1, 0.1, 0.1, 0.1, 0.1, 0.1, 0.1, 0.1, 0.1, 0.1, 0.1, 0.1]",0.0,mismatch,"['direct_absolute', 'equality']"
region,222,2,154,体型中等，尾巴长，腿短。,['体型中等'],体型中等,1,vague_size,2,"['general_case', 'general_case']","[[0.0, 0.0, 0.0, -1.0], [0.0, 0.0, 1.0, 0.0]]","[-0.5, 0.5]",0.0,mismatch,['direct_absolute']
region,222,2,155,头很大。,['头很大'],头很大,1,other_unparsed,0,[],[],[],,unsupported,['other']
region,222,2,161,四个部位差不多长，体型偏大。,['体型偏大'],体型偏大,1,vague_size,12,['equality'],"[[1.0, -1.0, 0.0, 0.0], [-1.0, 1.0, 0.0, 0.0], [1.0, 0.0, -1.0, 0.0], [-1.0, 0.0, 1.0, 0.0], [1.0, 0.0, 0.0, -1.0], [-1.0, 0.0, 0.0, 1.0], [0.0, 1.0, -1.0, 0.0], [0.0, -1.0, 1.0, 0.0], [0.0, 1.0, 0.0, -1.0], [0.0, -1.0, 0.0, 1.0], [0.0, 0.0, 1.0, -1.0], [0.0, 0.0, -1.0, 1.0]]","[0.1, 0.1, 0.1, 0.1, 0.1, 0.1, 0.1, 0.1, 0.1, 0.1, 0.1, 0.1]",0.0,mismatch,"['direct_absolute', 'equality']"
region,222,2,162,头很大。,['头很大'],头很大,1,other_unparsed,0,[],[],[],,unsupported,['other']
region,222,2,165,头长，体型小。,['体型小'],体型小,1,vague_size,1,['general_case'],"[[0.0, -1.0, 0.0, 0.0]]",[-0.5],0.0,mismatch,['direct_absolute']
region,222,2,167,脖子长，体型偏小。,['体型偏小'],体型偏小,1,vague_size,1,['general_case'],"[[-1.0, 0.0, 0.0, 0.0]]",[-0.5],0.0,mismatch,['direct_absolute']
region,222,2,168,头和尾巴差不多，体型偏小。,['体型偏小'],体型偏小,1,vague_size,2,['equality'],"[[0.0, 1.0, 0.0, -1.0], [0.0, -1.0, 0.0, 1.0]]","[0.1, 0.1]",0.0,mismatch,['equality']
region,222,2,170,体型中等，四个部位差不多长。,['体型中等'],体型中等,1,vague_size,12,['equality'],"[[1.0, -1.0, 0.0, 0.0], [-1.0, 1.0, 0.0, 0.0], [1.0, 0.0, -1.0, 0.0], [-1.0, 0.0, 1.0, 0.0], [1.0, 0.0, 0.0, -1.0], [-1.0, 0.0, 0.0, 1.0], [0.0, 1.0, -1.0, 0.0], [0.0, -1.0, 1.0, 0.0], [0.0, 1.0, 0.0, -1.0], [0.0, -1.0, 0.0, 1.0], [0.0, 0.0, 1.0, -1.0], [0.0, 0.0, -1.0, 1.0]]","[0.1, 0.1, 0.1, 0.1, 0.1, 0.1, 0.1, 0.1, 0.1, 0.1, 0.1, 0.1]",0.0,mismatch,"['direct_absolute', 'equality']"
region,222,2,172,四个部位差不多长，体型偏大。,['体型偏大'],体型偏大,1,vague_size,12,['equality'],"[[1.0, -1.0, 0.0, 0.0], [-1.0, 1.0, 0.0, 0.0], [1.0, 0.0, -1.0, 0.0], [-1.0, 0.0, 1.0, 0.0], [1.0, 0.0, 0.0, -1.0], [-1.0, 0.0, 0.0, 1.0], [0.0, 1.0, -1.0, 0.0], [0.0, -1.0, 1.0, 0.0], [0.0, 1.0, 0.0, -1.0], [0.0, -1.0, 0.0, 1.0], [0.0, 0.0, 1.0, -1.0], [0.0, 0.0, -1.0, 1.0]]","[0.1, 0.1, 0.1, 0.1, 0.1, 0.1, 0.1, 0.1, 0.1, 0.1, 0.1, 0.1]",0.0,mismatch,"['direct_absolute', 'equality']"
region,222,2,173,选错了。,['选错了'],选错了,1,meta_or_uncertain,0,[],[],[],,meta,['meta']
region,222,2,177,体型偏大，尾巴和腿差不多一样。,['体型偏大'],体型偏大,1,vague_size,2,['equality'],"[[0.0, 0.0, -1.0, 1.0], [0.0, 0.0, 1.0, -1.0]]","[0.1, 0.1]",0.0,mismatch,['equality']
region,222,2,178,体型中等，尾巴和腿差不多，脖子很长。,['体型中等'],体型中等,1,vague_size,3,"['equality', 'general_case']","[[0.0, 0.0, -1.0, 1.0], [0.0, 0.0, 1.0, -1.0], [-1.0, 0.0, 0.0, 0.0]]","[0.1, 0.1, -0.5]",0.5,mismatch,"['direct_absolute', 'equality']"
region,222,2,179,体型偏小，脖子和头相对较长。,['体型偏小'],体型偏小,1,vague_size,2,['general_case'],"[[-1.0, 0.0, 0.0, 0.0], [0.0, -1.0, 0.0, 0.0]]","[-0.5, -0.5]",0.0,mismatch,['direct_absolute']
region,222,2,185,体型小，尾巴和脖子比头和腿长。,['体型小'],体型小,1,vague_size,4,['comparison'],"[[0.0, 1.0, 0.0, -1.0], [0.0, 0.0, 1.0, -1.0], [-1.0, 1.0, 0.0, 0.0], [-1.0, 0.0, 1.0, 0.0]]","[-0.0, -0.0, -0.0, -0.0]",1.0,ok,"['direct_absolute', 'comparison']"
region,222,2,186,体型中等，尾巴和脖子比头和腿长。,['体型中等'],体型中等,1,vague_size,4,['comparison'],"[[0.0, 1.0, 0.0, -1.0], [0.0, 0.0, 1.0, -1.0], [-1.0, 1.0, 0.0, 0.0], [-1.0, 0.0, 1.0, 0.0]]","[-0.0, -0.0, -0.0, -0.0]",1.0,ok,"['direct_absolute', 'comparison']"
region,222,2,188,体型大，四个部位都差不多。,['体型大'],体型大,1,vague_size,12,['equality'],"[[1.0, -1.0, 0.0, 0.0], [-1.0, 1.0, 0.0, 0.0], [1.0, 0.0, -1.0, 0.0], [-1.0, 0.0, 1.0, 0.0], [1.0, 0.0, 0.0, -1.0], [-1.0, 0.0, 0.0, 1.0], [0.0, 1.0, -1.0, 0.0], [0.0, -1.0, 1.0, 0.0], [0.0, 1.0, 0.0, -1.0], [0.0, -1.0, 0.0, 1.0], [0.0, 0.0, 1.0, -1.0], [0.0, 0.0, -1.0, 1.0]]","[0.1, 0.1, 0.1, 0.1, 0.1, 0.1, 0.1, 0.1, 0.1, 0.1, 0.1, 0.1]",0.0,mismatch,['equality']
region,222,2,191,体型中等，腿长，尾巴短。,['体型中等'],体型中等,1,vague_size,2,"['general_case', 'general_case']","[[0.0, 0.0, -1.0, 0.0], [0.0, 0.0, 0.0, 1.0]]","[-0.5, 0.5]",1.0,ok,['direct_absolute']
region,222,2,192,体型中等，四个部位都差不多。,['体型中等'],体型中等,1,vague_size,12,['equality'],"[[1.0, -1.0, 0.0, 0.0], [-1.0, 1.0, 0.0, 0.0], [1.0, 0.0, -1.0, 0.0], [-1.0, 0.0, 1.0, 0.0], [1.0, 0.0, 0.0, -1.0], [-1.0, 0.0, 0.0, 1.0], [0.0, 1.0, -1.0, 0.0], [0.0, -1.0, 1.0, 0.0], [0.0, 1.0, 0.0, -1.0], [0.0, -1.0, 0.0, 1.0], [0.0, 0.0, 1.0, -1.0], [0.0, 0.0, -1.0, 1.0]]","[0.1, 0.1, 0.1, 0.1, 0.1, 0.1, 0.1, 0.1, 0.1, 0.1, 0.1, 0.1]",0.0,mismatch,"['direct_absolute', 'equality']"
region,222,2,196,体型大，头很大。,"['体型大', '头很大']",体型大；头很大,2,vague_size,0,[],[],[],,unsupported,['other']
region,222,2,198,体型大，四个部位都差不多。,['体型大'],体型大,1,vague_size,12,['equality'],"[[1.0, -1.0, 0.0, 0.0], [-1.0, 1.0, 0.0, 0.0], [1.0, 0.0, -1.0, 0.0], [-1.0, 0.0, 1.0, 0.0], [1.0, 0.0, 0.0, -1.0], [-1.0, 0.0, 0.0, 1.0], [0.0, 1.0, -1.0, 0.0], [0.0, -1.0, 1.0, 0.0], [0.0, 1.0, 0.0, -1.0], [0.0, -1.0, 0.0, 1.0], [0.0, 0.0, 1.0, -1.0], [0.0, 0.0, -1.0, 1.0]]","[0.1, 0.1, 0.1, 0.1, 0.1, 0.1, 0.1, 0.1, 0.1, 0.1, 0.1, 0.1]",0.0,mismatch,['equality']
region,222,2,204,体型中等，腿长，尾巴短。,['体型中等'],体型中等,1,vague_size,2,"['general_case', 'general_case']","[[0.0, 0.0, -1.0, 0.0], [0.0, 0.0, 0.0, 1.0]]","[-0.5, 0.5]",1.0,ok,['direct_absolute']
region,222,2,208,尾巴长，体型小。,['体型小'],体型小,1,vague_size,1,['general_case'],"[[0.0, 0.0, 0.0, -1.0]]",[-0.5],1.0,ok,['direct_absolute']
region,222,2,229,体型中等，腿最短，其他差不多。,['体型中等'],体型中等,1,vague_size,9,"['superlative', 'superlative', 'superlative', 'equality']","[[-1.0, 0.0, 1.0, 0.0], [0.0, -1.0, 1.0, 0.0], [0.0, 0.0, 1.0, -1.0], [1.0, -1.0, 0.0, 0.0], [-1.0, 1.0, 0.0, 0.0], [1.0, 0.0, 0.0, -1.0], [-1.0, 0.0, 0.0, 1.0], [0.0, 1.0, 0.0, -1.0], [0.0, -1.0, 0.0, 1.0]]","[-0.0, -0.0, -0.0, 0.1, 0.1, 0.1, 0.1, 0.1, 0.1]",0.75,mismatch,"['direct_absolute', 'superlative', 'equality']"
region,222,2,231,体型中等，尾巴和腿长。,['体型中等'],体型中等,1,vague_size,2,['general_case'],"[[0.0, 0.0, 0.0, -1.0], [0.0, 0.0, -1.0, 0.0]]","[-0.5, -0.5]",1.0,ok,['direct_absolute']
region,222,2,234,四个部位都差不多，体型中等。,['体型中等'],体型中等,1,vague_size,12,['equality'],"[[1.0, -1.0, 0.0, 0.0], [-1.0, 1.0, 0.0, 0.0], [1.0, 0.0, -1.0, 0.0], [-1.0, 0.0, 1.0, 0.0], [1.0, 0.0, 0.0, -1.0], [-1.0, 0.0, 0.0, 1.0], [0.0, 1.0, -1.0, 0.0], [0.0, -1.0, 1.0, 0.0], [0.0, 1.0, 0.0, -1.0], [0.0, -1.0, 0.0, 1.0], [0.0, 0.0, 1.0, -1.0], [0.0, 0.0, -1.0, 1.0]]","[0.1, 0.1, 0.1, 0.1, 0.1, 0.1, 0.1, 0.1, 0.1, 0.1, 0.1, 0.1]",0.0,mismatch,"['direct_absolute', 'equality']"
region,222,2,237,尾巴和脖子比头和腿。,['尾巴和脖子比头和腿'],尾巴和脖子比头和腿,1,other_unparsed,0,[],[],[],,unsupported,['comparison']
region,222,2,241,体型中等，尾巴和脖子比腿长。,['体型中等'],体型中等,1,vague_size,2,['comparison'],"[[0.0, 0.0, 1.0, -1.0], [-1.0, 0.0, 1.0, 0.0]]","[-0.0, -0.0]",1.0,ok,"['direct_absolute', 'comparison']"
region,222,2,243,头很大。,['头很大'],头很大,1,other_unparsed,0,[],[],[],,unsupported,['other']
region,222,2,244,体型中小，头长。,['体型中小'],体型中小,1,vague_size,1,['general_case'],"[[0.0, -1.0, 0.0, 0.0]]",[-0.5],1.0,ok,['direct_absolute']
region,222,2,254,体型小，头很长。,['体型小'],体型小,1,vague_size,1,['general_case'],"[[0.0, -1.0, 0.0, 0.0]]",[-0.5],1.0,ok,['direct_absolute']
region,222,2,255,体型小，头很长。,['体型小'],体型小,1,vague_size,1,['general_case'],"[[0.0, -1.0, 0.0, 0.0]]",[-0.5],1.0,ok,['direct_absolute']
region,222,2,257,尾巴很长，体型小。,['体型小'],体型小,1,vague_size,1,['general_case'],"[[0.0, 0.0, 0.0, -1.0]]",[-0.5],1.0,ok,['direct_absolute']
region,222,2,259,尾巴最长，体型偏小。,['体型偏小'],体型偏小,1,vague_size,3,"['superlative', 'superlative', 'superlative']","[[1.0, 0.0, 0.0, -1.0], [0.0, 1.0, 0.0, -1.0], [0.0, 0.0, 1.0, -1.0]]","[-0.0, -0.0, -0.0]",1.0,ok,"['direct_absolute', 'superlative']"
region,222,2,263,体型中等，尾巴长。,['体型中等'],体型中等,1,vague_size,1,['general_case'],"[[0.0, 0.0, 0.0, -1.0]]",[-0.5],1.0,ok,['direct_absolute']
region,222,2,294,体型大，腿长，尾巴。,"['体型大', '尾巴']",体型大；尾巴,2,vague_size,1,['general_case'],"[[0.0, 0.0, -1.0, 0.0]]",[-0.5],1.0,ok,['direct_absolute']
region,222,2,301,尾巴最长，体型小。,['体型小'],体型小,1,vague_size,3,"['superlative', 'superlative', 'superlative']","[[1.0, 0.0, 0.0, -1.0], [0.0, 1.0, 0.0, -1.0], [0.0, 0.0, 1.0, -1.0]]","[-0.0, -0.0, -0.0]",1.0,ok,"['direct_absolute', 'superlative']"
region,222,2,306,尾巴长，体型小。,['体型小'],体型小,1,vague_size,1,['general_case'],"[[0.0, 0.0, 0.0, -1.0]]",[-0.5],1.0,ok,['direct_absolute']
region,222,2,307,头最长，体型小。,['体型小'],体型小,1,vague_size,3,"['superlative', 'superlative', 'superlative']","[[1.0, -1.0, 0.0, 0.0], [0.0, -1.0, 1.0, 0.0], [0.0, -1.0, 0.0, 1.0]]","[-0.0, -0.0, -0.0]",0.6666666666666666,mismatch,"['direct_absolute', 'superlative']"
region,222,2,315,体型中等，头最长。,['体型中等'],体型中等,1,vague_size,3,"['superlative', 'superlative', 'superlative']","[[1.0, -1.0, 0.0, 0.0], [0.0, -1.0, 1.0, 0.0], [0.0, -1.0, 0.0, 1.0]]","[-0.0, -0.0, -0.0]",1.0,ok,"['direct_absolute', 'superlative']"
region,222,2,317,体型中小。,['体型中小'],体型中小,1,vague_size,0,[],[],[],,unsupported,['other']
region,222,2,319,体型中小。,['体型中小'],体型中小,1,vague_size,0,[],[],[],,unsupported,['other']
region,223,2,28,头适中，脖子短，腿长，尾巴短，脖子比腿短，头也比腿短。,['头也比腿短'],头也比腿短,1,other_unparsed,6,"['general_case', 'general_case', 'general_case', 'general_case', 'comparison']","[[0.0, -1.0, 0.0, 0.0], [0.0, 1.0, 0.0, 0.0], [1.0, 0.0, 0.0, 0.0], [0.0, 0.0, -1.0, 0.0], [0.0, 0.0, 0.0, 1.0], [1.0, 0.0, -1.0, 0.0]]","[-0.25, 0.75, 0.5, -0.5, 0.5, -0.0]",0.8333333333333334,mismatch,"['direct_absolute', 'comparison']"
region,223,2,38,头适中，脖子短，腿适中，尾巴短，头比脖子长，头也比腿短。,['头也比腿短'],头也比腿短,1,other_unparsed,7,"['general_case', 'general_case', 'general_case', 'general_case', 'comparison']","[[0.0, -1.0, 0.0, 0.0], [0.0, 1.0, 0.0, 0.0], [1.0, 0.0, 0.0, 0.0], [0.0, 0.0, -1.0, 0.0], [0.0, 0.0, 1.0, 0.0], [0.0, 0.0, 0.0, 1.0], [1.0, -1.0, 0.0, 0.0]]","[-0.25, 0.75, 0.5, -0.25, 0.75, 0.5, -0.0]",1.0,ok,"['direct_absolute', 'comparison']"
region,224,1,82,头比尾巴长，比脖子长。,['比脖子长'],比脖子长,1,other_unparsed,1,['comparison'],"[[0.0, -1.0, 0.0, 1.0]]",[-0.0],1.0,ok,"['direct_absolute', 'comparison']"
region,224,1,87,头最长，尾巴，腿很短。,['尾巴'],尾巴,1,other_unparsed,4,"['superlative', 'superlative', 'superlative', 'general_case']","[[1.0, -1.0, 0.0, 0.0], [0.0, -1.0, 1.0, 0.0], [0.0, -1.0, 0.0, 1.0], [0.0, 0.0, 1.0, 0.0]]","[-0.0, -0.0, -0.0, 0.5]",1.0,ok,"['direct_absolute', 'superlative']"
region,224,1,112,头和脖子相对。,['头和脖子相对'],头和脖子相对,1,other_unparsed,0,[],[],[],,unsupported,['other']
region,224,1,155,头比脖子长，比尾巴长。,['比尾巴长'],比尾巴长,1,other_unparsed,1,['comparison'],"[[1.0, -1.0, 0.0, 0.0]]",[-0.0],1.0,ok,"['direct_absolute', 'comparison']"
region,224,1,259,四个部位都差不多长，腿最长，长度都适中。,['长度都适中'],长度都适中,1,other_unparsed,15,"['equality', 'superlative', 'superlative', 'superlative']","[[1.0, -1.0, 0.0, 0.0], [-1.0, 1.0, 0.0, 0.0], [1.0, 0.0, -1.0, 0.0], [-1.0, 0.0, 1.0, 0.0], [1.0, 0.0, 0.0, -1.0], [-1.0, 0.0, 0.0, 1.0], [0.0, 1.0, -1.0, 0.0], [0.0, -1.0, 1.0, 0.0], [0.0, 1.0, 0.0, -1.0], [0.0, -1.0, 0.0, 1.0], [0.0, 0.0, 1.0, -1.0], [0.0, 0.0, -1.0, 1.0], [1.0, 0.0, -1.0, 0.0], [0.0, 1.0, -1.0, 0.0], [0.0, 0.0, -1.0, 1.0]]","[0.1, 0.1, 0.1, 0.1, 0.1, 0.1, 0.1, 0.1, 0.1, 0.1, 0.1, 0.1, -0.0, -0.0, -0.0]",0.75,mismatch,"['direct_absolute', 'superlative', 'equality']"
region,224,1,302,脖子长，其他都比较短，腿还可以。,['腿还可以'],腿还可以,1,other_unparsed,4,"['general_case', 'complement']","[[-1.0, 0.0, 0.0, 0.0], [0.0, 1.0, 0.0, 0.0], [0.0, 0.0, 1.0, 0.0], [0.0, 0.0, 0.0, 1.0]]","[-0.5, 0.5, 0.5, 0.5]",0.75,mismatch,"['direct_absolute', 'comparison']"
region,224,1,307,腿最长，其余长度协调。,['其余长度协调'],其余长度协调,1,"other_reference, proportion_or_ratio",3,"['superlative', 'superlative', 'superlative']","[[1.0, 0.0, -1.0, 0.0], [0.0, 1.0, -1.0, 0.0], [0.0, 0.0, -1.0, 1.0]]","[-0.0, -0.0, -0.0]",1.0,ok,"['direct_absolute', 'superlative']"
region,224,2,3,头和脖子非常长，比腿和尾巴长得多。,['比腿和尾巴长得多'],比腿和尾巴长得多,1,other_unparsed,2,['general_case'],"[[0.0, -1.0, 0.0, 0.0], [-1.0, 0.0, 0.0, 0.0]]","[-0.5, -0.5]",1.0,ok,"['direct_absolute', 'comparison']"
region,224,2,13,只有头较短，脖子相当长。,['脖子相当长'],脖子相当长,1,global_balance,4,"['exclusive_case', 'exclusive_case']","[[0.0, 1.0, 0.0, 0.0], [-1.0, 0.0, 0.0, 0.0], [0.0, 0.0, -1.0, 0.0], [0.0, 0.0, 0.0, -1.0]]","[0.5, -0.5, -0.5, -0.5]",1.0,ok,"['direct_absolute', 'equality']"
region,224,2,35,腿比脖子短，比尾巴短。,['比尾巴短'],比尾巴短,1,other_unparsed,1,['comparison'],"[[-1.0, 0.0, 1.0, 0.0]]",[-0.0],1.0,ok,"['direct_absolute', 'comparison']"
region,224,2,50,腿明显短于其他三个部位。,['腿明显短于其他三个部位'],腿明显短于其他三个部位,1,"count_abstract, other_reference",0,[],[],[],,unsupported,"['direct_absolute', 'comparison', 'count_abstract']"
region,224,2,82,只有尾巴较短，差不多。,['差不多'],差不多,1,global_balance,4,"['exclusive_case', 'exclusive_case']","[[0.0, 0.0, 0.0, 1.0], [-1.0, 0.0, 0.0, 0.0], [0.0, -1.0, 0.0, 0.0], [0.0, 0.0, -1.0, 0.0]]","[0.5, -0.5, -0.5, -0.5]",0.5,mismatch,"['direct_absolute', 'equality']"
region,224,2,95,腿较，尾巴和脖子较短，头较短。,['腿较'],腿较,1,other_unparsed,3,"['general_case', 'general_case']","[[0.0, 0.0, 0.0, 1.0], [1.0, 0.0, 0.0, 0.0], [0.0, 1.0, 0.0, 0.0]]","[0.5, 0.5, 0.5]",0.3333333333333333,mismatch,['direct_absolute']
region,224,2,112,长度均适中，头和腿较短一些。,['长度均适中'],长度均适中,1,other_unparsed,2,['general_case'],"[[0.0, 1.0, 0.0, 0.0], [0.0, 0.0, 1.0, 0.0]]","[0.5, 0.5]",0.5,mismatch,['direct_absolute']
region,224,2,123,三个部位均较长，脖子最短。,['三个部位均较长'],三个部位均较长,1,count_abstract,3,"['superlative', 'superlative', 'superlative']","[[1.0, -1.0, 0.0, 0.0], [1.0, 0.0, -1.0, 0.0], [1.0, 0.0, 0.0, -1.0]]","[-0.0, -0.0, -0.0]",1.0,ok,"['direct_absolute', 'superlative', 'count_abstract']"
region,224,2,196,三个部位均较短，腿和脖子较长。,['三个部位均较短'],三个部位均较短,1,count_abstract,2,['general_case'],"[[0.0, 0.0, -1.0, 0.0], [-1.0, 0.0, 0.0, 0.0]]","[-0.5, -0.5]",0.5,mismatch,"['direct_absolute', 'count_abstract']"
region,224,2,242,头和脖子较短，比例较为协调。,['比例较为协调'],比例较为协调,1,proportion_or_ratio,2,['general_case'],"[[0.0, 1.0, 0.0, 0.0], [1.0, 0.0, 0.0, 0.0]]","[0.5, 0.5]",1.0,ok,"['direct_absolute', 'comparison', 'group_sum']"
region,224,2,314,头、脖子和尾巴较短，腿居中。,['腿居中'],腿居中,1,other_unparsed,3,['general_case'],"[[0.0, 1.0, 0.0, 0.0], [1.0, 0.0, 0.0, 0.0], [0.0, 0.0, 0.0, 1.0]]","[0.5, 0.5, 0.5]",1.0,ok,['direct_absolute']
region,224,3,1,三个部位长度适中，尾巴稍微短一些。,['三个部位长度适中'],三个部位长度适中,1,count_abstract,1,['general_case'],"[[0.0, 0.0, 0.0, 1.0]]",[0.5],1.0,ok,"['direct_absolute', 'count_abstract']"
region,224,3,50,腿极短，比头短，尾巴短。,['比头短'],比头短,1,other_unparsed,2,"['general_case', 'general_case']","[[0.0, 0.0, 1.0, 0.0], [0.0, 0.0, 0.0, 1.0]]","[0.5, 0.5]",1.0,ok,"['direct_absolute', 'comparison']"
region,224,3,93,脖子比其他三个部位来说较短，也适中长。,['也适中长'],也适中长,1,other_unparsed,3,['comparison'],"[[1.0, -1.0, 0.0, 0.0], [1.0, 0.0, -1.0, 0.0], [1.0, 0.0, 0.0, -1.0]]","[-0.0, -0.0, -0.0]",1.0,ok,"['direct_absolute', 'comparison', 'count_abstract']"
region,224,3,125,头和脖子较短，其余居中。,['其余居中'],其余居中,1,other_reference,2,['general_case'],"[[0.0, 1.0, 0.0, 0.0], [1.0, 0.0, 0.0, 0.0]]","[0.5, 0.5]",1.0,ok,['direct_absolute']
region,224,3,138,头和脖子明显比腿和尾巴长。,['头和脖子明显比腿和尾巴长'],头和脖子明显比腿和尾巴长,1,other_unparsed,0,[],[],[],,unsupported,"['direct_absolute', 'comparison']"
region,224,3,250,头和脖子明显比腿、尾巴长，头最长。,['头和脖子明显比腿、尾巴长'],头和脖子明显比腿、尾巴长,1,other_unparsed,3,"['superlative', 'superlative', 'superlative']","[[1.0, -1.0, 0.0, 0.0], [0.0, -1.0, 1.0, 0.0], [0.0, -1.0, 0.0, 1.0]]","[-0.0, -0.0, -0.0]",1.0,ok,"['direct_absolute', 'superlative', 'comparison']"
region,224,3,275,头和脖子明显比腿、尾巴长。,['头和脖子明显比腿、尾巴长'],头和脖子明显比腿、尾巴长,1,other_unparsed,0,[],[],[],,unsupported,"['direct_absolute', 'comparison']"
region,224,3,293,头和脖子明显比尾巴和腿长。,['头和脖子明显比尾巴和腿长'],头和脖子明显比尾巴和腿长,1,other_unparsed,0,[],[],[],,unsupported,"['direct_absolute', 'comparison']"
region,224,3,309,只有腿，腿最长。,['只有腿'],只有腿,1,other_unparsed,3,"['superlative', 'superlative', 'superlative']","[[1.0, 0.0, -1.0, 0.0], [0.0, 1.0, -1.0, 0.0], [0.0, 0.0, -1.0, 1.0]]","[-0.0, -0.0, -0.0]",1.0,ok,"['direct_absolute', 'superlative']"
region,224,4,45,腿，腿极短。,['腿'],腿,1,other_unparsed,1,['general_case'],"[[0.0, 0.0, 1.0, 0.0]]",[0.5],1.0,ok,['direct_absolute']
region,225,1,239,脖子远比头长。,['脖子远比头长'],脖子远比头长,1,other_unparsed,0,[],[],[],,unsupported,"['direct_absolute', 'comparison']"
region,225,1,240,头远比脖子长。,['头远比脖子长'],头远比脖子长,1,other_unparsed,0,[],[],[],,unsupported,"['direct_absolute', 'comparison']"
region,226,1,24,两短一长。,['两短一长'],两短一长,1,other_unparsed,0,[],[],[],,unsupported,['direct_absolute']
region,226,1,25,两短两长。,['两短两长'],两短两长,1,other_unparsed,0,[],[],[],,unsupported,['direct_absolute']
region,226,1,26,三长一短。,['三长一短'],三长一短,1,count_abstract,0,[],[],[],,unsupported,"['direct_absolute', 'count_abstract']"
region,226,1,27,三长一短，尾巴短。,['三长一短'],三长一短,1,count_abstract,1,['general_case'],"[[0.0, 0.0, 0.0, 1.0]]",[0.5],1.0,ok,"['direct_absolute', 'count_abstract']"
region,226,1,28,两短两长。,['两短两长'],两短两长,1,other_unparsed,0,[],[],[],,unsupported,['direct_absolute']
region,226,1,29,三长一短，尾巴短。,['三长一短'],三长一短,1,count_abstract,1,['general_case'],"[[0.0, 0.0, 0.0, 1.0]]",[0.5],1.0,ok,"['direct_absolute', 'count_abstract']"
region,226,1,32,三长一短。,['三长一短'],三长一短,1,count_abstract,0,[],[],[],,unsupported,"['direct_absolute', 'count_abstract']"
region,226,1,33,三短一长，腿短。,['三短一长'],三短一长,1,other_unparsed,1,['general_case'],"[[0.0, 0.0, 1.0, 0.0]]",[0.5],1.0,ok,['direct_absolute']
region,226,1,34,三短一长，脖子长。,['三短一长'],三短一长,1,other_unparsed,1,['general_case'],"[[-1.0, 0.0, 0.0, 0.0]]",[-0.5],0.0,mismatch,['direct_absolute']
region,226,1,35,三长一短，头短。,['三长一短'],三长一短,1,count_abstract,1,['general_case'],"[[0.0, 1.0, 0.0, 0.0]]",[0.5],1.0,ok,"['direct_absolute', 'count_abstract']"
region,226,1,42,四个依次变化。,['四个依次变化'],四个依次变化,1,other_unparsed,0,[],[],[],,unsupported,['other']
region,226,1,44,三短一长。,['三短一长'],三短一长,1,other_unparsed,0,[],[],[],,unsupported,['direct_absolute']
region,226,1,45,三长一短。,['三长一短'],三长一短,1,count_abstract,0,[],[],[],,unsupported,"['direct_absolute', 'count_abstract']"
region,226,1,46,两长两短。,['两长两短'],两长两短,1,count_abstract,0,[],[],[],,unsupported,"['direct_absolute', 'count_abstract']"
region,226,1,48,两长两短。,['两长两短'],两长两短,1,count_abstract,0,[],[],[],,unsupported,"['direct_absolute', 'count_abstract']"
region,226,1,49,两长两短。,['两长两短'],两长两短,1,count_abstract,0,[],[],[],,unsupported,"['direct_absolute', 'count_abstract']"
region,226,1,50,三长一短。,['三长一短'],三长一短,1,count_abstract,0,[],[],[],,unsupported,"['direct_absolute', 'count_abstract']"
region,226,1,51,一长三短。,['一长三短'],一长三短,1,other_unparsed,0,[],[],[],,unsupported,['direct_absolute']
region,226,1,52,两长两短。,['两长两短'],两长两短,1,count_abstract,0,[],[],[],,unsupported,"['direct_absolute', 'count_abstract']"
region,226,1,53,三长一短。,['三长一短'],三长一短,1,count_abstract,0,[],[],[],,unsupported,"['direct_absolute', 'count_abstract']"
region,226,1,54,有一个很短。,['有一个很短'],有一个很短,1,other_unparsed,0,[],[],[],,unsupported,['direct_absolute']
region,226,1,55,有一个很短。,['有一个很短'],有一个很短,1,other_unparsed,0,[],[],[],,unsupported,['direct_absolute']
region,226,1,56,两长两短。,['两长两短'],两长两短,1,count_abstract,0,[],[],[],,unsupported,"['direct_absolute', 'count_abstract']"
region,226,1,57,三长一短。,['三长一短'],三长一短,1,count_abstract,0,[],[],[],,unsupported,"['direct_absolute', 'count_abstract']"
region,226,1,58,两长两短。,['两长两短'],两长两短,1,count_abstract,0,[],[],[],,unsupported,"['direct_absolute', 'count_abstract']"
region,226,1,59,三短一长。,['三短一长'],三短一长,1,other_unparsed,0,[],[],[],,unsupported,['direct_absolute']
region,226,1,60,一个特别长。,['一个特别长'],一个特别长,1,other_unparsed,0,[],[],[],,unsupported,['direct_absolute']
region,226,1,61,两长两短。,['两长两短'],两长两短,1,count_abstract,0,[],[],[],,unsupported,"['direct_absolute', 'count_abstract']"
region,226,1,65,两长两短。,['两长两短'],两长两短,1,count_abstract,0,[],[],[],,unsupported,"['direct_absolute', 'count_abstract']"
region,226,1,66,三长一短。,['三长一短'],三长一短,1,count_abstract,0,[],[],[],,unsupported,"['direct_absolute', 'count_abstract']"
region,226,1,67,三个差不多长。,['三个差不多长'],三个差不多长,1,global_balance,0,[],[],[],,unsupported,"['direct_absolute', 'equality']"
region,226,1,69,两个差不多长。,['两个差不多长'],两个差不多长,1,global_balance,0,[],[],[],,unsupported,"['direct_absolute', 'equality']"
region,226,1,72,三个差不多长。,['三个差不多长'],三个差不多长,1,global_balance,0,[],[],[],,unsupported,"['direct_absolute', 'equality']"
region,226,1,74,三长一短。,['三长一短'],三长一短,1,count_abstract,0,[],[],[],,unsupported,"['direct_absolute', 'count_abstract']"
region,226,1,75,三短一长，腿短，尾巴短。,['三短一长'],三短一长,1,other_unparsed,2,"['general_case', 'general_case']","[[0.0, 0.0, 1.0, 0.0], [0.0, 0.0, 0.0, 1.0]]","[0.5, 0.5]",1.0,ok,['direct_absolute']
region,226,1,76,两长两短，尾巴短。,['两长两短'],两长两短,1,count_abstract,1,['general_case'],"[[0.0, 0.0, 0.0, 1.0]]",[0.5],1.0,ok,"['direct_absolute', 'count_abstract']"
region,226,1,77,差不多长。,['差不多长'],差不多长,1,global_balance,0,[],[],[],,unsupported,"['direct_absolute', 'equality']"
region,226,1,78,三个差不多长。,['三个差不多长'],三个差不多长,1,global_balance,0,[],[],[],,unsupported,"['direct_absolute', 'equality']"
region,226,1,81,这个差不多。,['这个差不多'],这个差不多,1,global_balance,0,[],[],[],,unsupported,['equality']
region,226,1,82,三个差不多。,['三个差不多'],三个差不多,1,global_balance,0,[],[],[],,unsupported,['equality']
region,226,1,85,两个很长。,['两个很长'],两个很长,1,other_unparsed,0,[],[],[],,unsupported,['direct_absolute']
region,226,1,86,三个长，尾巴短。,['三个长'],三个长,1,other_unparsed,1,['general_case'],"[[0.0, 0.0, 0.0, 1.0]]",[0.5],1.0,ok,['direct_absolute']
region,226,1,90,像马，四个都差不多。,['像马'],像马,1,other_unparsed,12,['equality'],"[[1.0, -1.0, 0.0, 0.0], [-1.0, 1.0, 0.0, 0.0], [1.0, 0.0, -1.0, 0.0], [-1.0, 0.0, 1.0, 0.0], [1.0, 0.0, 0.0, -1.0], [-1.0, 0.0, 0.0, 1.0], [0.0, 1.0, -1.0, 0.0], [0.0, -1.0, 1.0, 0.0], [0.0, 1.0, 0.0, -1.0], [0.0, -1.0, 0.0, 1.0], [0.0, 0.0, 1.0, -1.0], [0.0, 0.0, -1.0, 1.0]]","[0.1, 0.1, 0.1, 0.1, 0.1, 0.1, 0.1, 0.1, 0.1, 0.1, 0.1, 0.1]",0.0,mismatch,['equality']
region,226,1,91,四个差不多，像马。,['像马'],像马,1,other_unparsed,12,['equality'],"[[1.0, -1.0, 0.0, 0.0], [-1.0, 1.0, 0.0, 0.0], [1.0, 0.0, -1.0, 0.0], [-1.0, 0.0, 1.0, 0.0], [1.0, 0.0, 0.0, -1.0], [-1.0, 0.0, 0.0, 1.0], [0.0, 1.0, -1.0, 0.0], [0.0, -1.0, 1.0, 0.0], [0.0, 1.0, 0.0, -1.0], [0.0, -1.0, 0.0, 1.0], [0.0, 0.0, 1.0, -1.0], [0.0, 0.0, -1.0, 1.0]]","[0.1, 0.1, 0.1, 0.1, 0.1, 0.1, 0.1, 0.1, 0.1, 0.1, 0.1, 0.1]",0.0,mismatch,['equality']
region,226,1,92,腿很短，比较像狗。,['比较像狗'],比较像狗,1,other_unparsed,1,['general_case'],"[[0.0, 0.0, 1.0, 0.0]]",[0.5],1.0,ok,"['direct_absolute', 'comparison']"
region,226,1,96,点错了。,['点错了'],点错了,1,other_unparsed,0,[],[],[],,unsupported,['other']
region,226,1,104,腿短，但有三个长。,['但有三个长'],但有三个长,1,other_unparsed,1,['general_case'],"[[0.0, 0.0, 1.0, 0.0]]",[0.5],1.0,ok,['direct_absolute']
region,226,1,106,这个差不多长，像马。,"['这个差不多长', '像马']",这个差不多长；像马,2,global_balance,0,[],[],[],,unsupported,"['direct_absolute', 'equality']"
region,226,1,107,四个差不多长，像马。,['像马'],像马,1,other_unparsed,12,['equality'],"[[1.0, -1.0, 0.0, 0.0], [-1.0, 1.0, 0.0, 0.0], [1.0, 0.0, -1.0, 0.0], [-1.0, 0.0, 1.0, 0.0], [1.0, 0.0, 0.0, -1.0], [-1.0, 0.0, 0.0, 1.0], [0.0, 1.0, -1.0, 0.0], [0.0, -1.0, 1.0, 0.0], [0.0, 1.0, 0.0, -1.0], [0.0, -1.0, 0.0, 1.0], [0.0, 0.0, 1.0, -1.0], [0.0, 0.0, -1.0, 1.0]]","[0.1, 0.1, 0.1, 0.1, 0.1, 0.1, 0.1, 0.1, 0.1, 0.1, 0.1, 0.1]",0.0,mismatch,"['direct_absolute', 'equality']"
region,226,1,109,一个长，腿短。,['一个长'],一个长,1,other_unparsed,1,['general_case'],"[[0.0, 0.0, 1.0, 0.0]]",[0.5],1.0,ok,['direct_absolute']
region,226,1,110,小马。,['小马'],小马,1,other_unparsed,0,[],[],[],,unsupported,['other']
region,226,1,112,像马，腿长。,['像马'],像马,1,other_unparsed,1,['general_case'],"[[0.0, 0.0, -1.0, 0.0]]",[-0.5],1.0,ok,['direct_absolute']
region,226,1,113,三个都短，只有腿长。,['三个都短'],三个都短,1,other_unparsed,4,"['exclusive_case', 'exclusive_case']","[[0.0, 0.0, -1.0, 0.0], [1.0, 0.0, 0.0, 0.0], [0.0, 1.0, 0.0, 0.0], [0.0, 0.0, 0.0, 1.0]]","[-0.5, 0.5, 0.5, 0.5]",1.0,ok,['direct_absolute']
region,226,1,115,三个都短，只有腿长。,['三个都短'],三个都短,1,other_unparsed,4,"['exclusive_case', 'exclusive_case']","[[0.0, 0.0, -1.0, 0.0], [1.0, 0.0, 0.0, 0.0], [0.0, 1.0, 0.0, 0.0], [0.0, 0.0, 0.0, 1.0]]","[-0.5, 0.5, 0.5, 0.5]",1.0,ok,['direct_absolute']
region,226,1,126,腿长，另外三个差不多，像马。,['像马'],像马,1,other_unparsed,7,"['general_case', 'equality']","[[0.0, 0.0, -1.0, 0.0], [1.0, -1.0, 0.0, 0.0], [-1.0, 1.0, 0.0, 0.0], [1.0, 0.0, 0.0, -1.0], [-1.0, 0.0, 0.0, 1.0], [0.0, 1.0, 0.0, -1.0], [0.0, -1.0, 0.0, 1.0]]","[-0.5, 0.1, 0.1, 0.1, 0.1, 0.1, 0.1]",0.5,mismatch,"['direct_absolute', 'equality']"
region,226,1,127,不知道什么规律，随便选的。,"['不知道什么规律', '随便选的']",不知道什么规律；随便选的,2,meta_or_uncertain,0,[],[],[],,unsupported,['meta']
region,226,1,128,腿挺长，像马。,['像马'],像马,1,other_unparsed,1,['general_case'],"[[0.0, 0.0, -1.0, 0.0]]",[-0.5],1.0,ok,['direct_absolute']
region,226,1,129,三个长，有一个短。,"['三个长', '有一个短']",三个长；有一个短,2,other_unparsed,0,[],[],[],,unsupported,['direct_absolute']
region,226,1,132,四个差不多，像马。,['像马'],像马,1,other_unparsed,12,['equality'],"[[1.0, -1.0, 0.0, 0.0], [-1.0, 1.0, 0.0, 0.0], [1.0, 0.0, -1.0, 0.0], [-1.0, 0.0, 1.0, 0.0], [1.0, 0.0, 0.0, -1.0], [-1.0, 0.0, 0.0, 1.0], [0.0, 1.0, -1.0, 0.0], [0.0, -1.0, 1.0, 0.0], [0.0, 1.0, 0.0, -1.0], [0.0, -1.0, 0.0, 1.0], [0.0, 0.0, 1.0, -1.0], [0.0, 0.0, -1.0, 1.0]]","[0.1, 0.1, 0.1, 0.1, 0.1, 0.1, 0.1, 0.1, 0.1, 0.1, 0.1, 0.1]",0.0,mismatch,['equality']
region,226,1,137,腿短，和尾巴差不多，另外两个很长。,['和尾巴差不多'],和尾巴差不多,1,global_balance,4,"['general_case', 'complement']","[[0.0, 0.0, 1.0, 0.0], [-1.0, 0.0, 0.0, 0.0], [0.0, -1.0, 0.0, 0.0], [0.0, 0.0, 0.0, -1.0]]","[0.5, -0.5, -0.5, -0.5]",0.5,mismatch,"['direct_absolute', 'equality']"
region,226,1,138,腿长，三个长一个短。,['三个长一个短'],三个长一个短,1,other_unparsed,1,['general_case'],"[[0.0, 0.0, -1.0, 0.0]]",[-0.5],1.0,ok,['direct_absolute']
region,226,1,150,腿长，像马。,['像马'],像马,1,other_unparsed,1,['general_case'],"[[0.0, 0.0, -1.0, 0.0]]",[-0.5],1.0,ok,['direct_absolute']
region,226,1,151,三个差不多长。,['三个差不多长'],三个差不多长,1,global_balance,0,[],[],[],,unsupported,"['direct_absolute', 'equality']"
region,226,1,174,都短，只有一个脖子长。,['都短'],都短,1,other_unparsed,4,"['exclusive_case', 'exclusive_case']","[[-1.0, 0.0, 0.0, 0.0], [0.0, 1.0, 0.0, 0.0], [0.0, 0.0, 1.0, 0.0], [0.0, 0.0, 0.0, 1.0]]","[-0.5, 0.5, 0.5, 0.5]",1.0,ok,['direct_absolute']
region,226,1,181,三个比较长，头短。,['三个比较长'],三个比较长,1,other_unparsed,1,['general_case'],"[[0.0, 1.0, 0.0, 0.0]]",[0.5],1.0,ok,"['direct_absolute', 'comparison']"
region,226,1,182,三个比较长，腿短。,['三个比较长'],三个比较长,1,other_unparsed,1,['general_case'],"[[0.0, 0.0, 1.0, 0.0]]",[0.5],1.0,ok,"['direct_absolute', 'comparison']"
region,226,1,185,三个长，只有头短。,['三个长'],三个长,1,other_unparsed,4,"['exclusive_case', 'exclusive_case']","[[0.0, 1.0, 0.0, 0.0], [-1.0, 0.0, 0.0, 0.0], [0.0, 0.0, -1.0, 0.0], [0.0, 0.0, 0.0, -1.0]]","[0.5, -0.5, -0.5, -0.5]",1.0,ok,['direct_absolute']
region,226,1,187,三个短，只有头长。,['三个短'],三个短,1,other_unparsed,4,"['exclusive_case', 'exclusive_case']","[[0.0, -1.0, 0.0, 0.0], [1.0, 0.0, 0.0, 0.0], [0.0, 0.0, 1.0, 0.0], [0.0, 0.0, 0.0, 1.0]]","[-0.5, 0.5, 0.5, 0.5]",1.0,ok,['direct_absolute']
region,226,1,188,四个差不多长，都挺长。,['都挺长'],都挺长,1,other_unparsed,12,['equality'],"[[1.0, -1.0, 0.0, 0.0], [-1.0, 1.0, 0.0, 0.0], [1.0, 0.0, -1.0, 0.0], [-1.0, 0.0, 1.0, 0.0], [1.0, 0.0, 0.0, -1.0], [-1.0, 0.0, 0.0, 1.0], [0.0, 1.0, -1.0, 0.0], [0.0, -1.0, 1.0, 0.0], [0.0, 1.0, 0.0, -1.0], [0.0, -1.0, 0.0, 1.0], [0.0, 0.0, 1.0, -1.0], [0.0, 0.0, -1.0, 1.0]]","[0.1, 0.1, 0.1, 0.1, 0.1, 0.1, 0.1, 0.1, 0.1, 0.1, 0.1, 0.1]",0.0,mismatch,"['direct_absolute', 'equality']"
region,226,1,200,腿长，两个短。,['两个短'],两个短,1,other_unparsed,1,['general_case'],"[[0.0, 0.0, -1.0, 0.0]]",[-0.5],1.0,ok,['direct_absolute']
region,226,1,201,腿短，一个长。,['一个长'],一个长,1,other_unparsed,1,['general_case'],"[[0.0, 0.0, 1.0, 0.0]]",[0.5],1.0,ok,['direct_absolute']
region,226,1,206,腿长，其他两个短，一个长。,['一个长'],一个长,1,other_unparsed,4,"['general_case', 'complement']","[[0.0, 0.0, -1.0, 0.0], [1.0, 0.0, 0.0, 0.0], [0.0, 1.0, 0.0, 0.0], [0.0, 0.0, 0.0, 1.0]]","[-0.5, 0.5, 0.5, 0.5]",0.75,mismatch,['direct_absolute']
region,226,1,234,差不多都挺长。,['差不多都挺长'],差不多都挺长,1,other_unparsed,0,[],[],[],,unsupported,"['direct_absolute', 'equality']"
region,226,1,245,四个差不多，加起来都挺长。,['加起来都挺长'],加起来都挺长,1,proportion_or_ratio,12,['equality'],"[[1.0, -1.0, 0.0, 0.0], [-1.0, 1.0, 0.0, 0.0], [1.0, 0.0, -1.0, 0.0], [-1.0, 0.0, 1.0, 0.0], [1.0, 0.0, 0.0, -1.0], [-1.0, 0.0, 0.0, 1.0], [0.0, 1.0, -1.0, 0.0], [0.0, -1.0, 1.0, 0.0], [0.0, 1.0, 0.0, -1.0], [0.0, -1.0, 0.0, 1.0], [0.0, 0.0, 1.0, -1.0], [0.0, 0.0, -1.0, 1.0]]","[0.1, 0.1, 0.1, 0.1, 0.1, 0.1, 0.1, 0.1, 0.1, 0.1, 0.1, 0.1]",0.0,mismatch,"['direct_absolute', 'equality', 'group_sum']"
region,226,1,246,都挺长，但头比较短。,['都挺长'],都挺长,1,other_unparsed,1,['general_case'],"[[0.0, 1.0, 0.0, 0.0]]",[0.5],1.0,ok,"['direct_absolute', 'comparison']"
region,226,1,247,腿短三个长，加起来还挺长。,['加起来还挺长'],加起来还挺长,1,proportion_or_ratio,1,['general_case'],"[[0.0, 0.0, 1.0, 0.0]]",[0.5],1.0,ok,"['direct_absolute', 'group_sum']"
region,226,1,248,都挺长，加起来挺长。,"['都挺长', '加起来挺长']",都挺长；加起来挺长,2,proportion_or_ratio,0,[],[],[],,unsupported,"['direct_absolute', 'group_sum']"
region,226,1,249,都挺长，但头短。,['都挺长'],都挺长,1,other_unparsed,1,['general_case'],"[[0.0, 1.0, 0.0, 0.0]]",[0.5],1.0,ok,['direct_absolute']
region,226,1,253,腿短，脖子短，加起来一般。,['加起来一般'],加起来一般,1,proportion_or_ratio,2,"['general_case', 'general_case']","[[0.0, 0.0, 1.0, 0.0], [1.0, 0.0, 0.0, 0.0]]","[0.5, 0.5]",1.0,ok,"['direct_absolute', 'group_sum']"
region,226,1,254,尾巴短，加起来短。,['加起来短'],加起来短,1,proportion_or_ratio,1,['general_case'],"[[0.0, 0.0, 0.0, 1.0]]",[0.5],1.0,ok,"['direct_absolute', 'group_sum']"
region,226,1,258,两短两长。,['两短两长'],两短两长,1,other_unparsed,0,[],[],[],,unsupported,['direct_absolute']
region,226,1,259,三长一短。,['三长一短'],三长一短,1,count_abstract,0,[],[],[],,unsupported,"['direct_absolute', 'count_abstract']"
region,226,1,260,三长一短。,['三长一短'],三长一短,1,count_abstract,0,[],[],[],,unsupported,"['direct_absolute', 'count_abstract']"
region,226,1,262,三短一长。,['三短一长'],三短一长,1,other_unparsed,0,[],[],[],,unsupported,['direct_absolute']
region,226,1,263,两长两短。,['两长两短'],两长两短,1,count_abstract,0,[],[],[],,unsupported,"['direct_absolute', 'count_abstract']"
region,226,1,264,两长两大。,['两长两大'],两长两大,1,other_unparsed,0,[],[],[],,unsupported,['direct_absolute']
region,226,1,266,两长两短。,['两长两短'],两长两短,1,count_abstract,0,[],[],[],,unsupported,"['direct_absolute', 'count_abstract']"
region,226,1,267,真的一长。,['真的一长'],真的一长,1,other_unparsed,0,[],[],[],,unsupported,['direct_absolute']
region,226,1,268,四个差不多，都挺长。,['都挺长'],都挺长,1,other_unparsed,12,['equality'],"[[1.0, -1.0, 0.0, 0.0], [-1.0, 1.0, 0.0, 0.0], [1.0, 0.0, -1.0, 0.0], [-1.0, 0.0, 1.0, 0.0], [1.0, 0.0, 0.0, -1.0], [-1.0, 0.0, 0.0, 1.0], [0.0, 1.0, -1.0, 0.0], [0.0, -1.0, 1.0, 0.0], [0.0, 1.0, 0.0, -1.0], [0.0, -1.0, 0.0, 1.0], [0.0, 0.0, 1.0, -1.0], [0.0, 0.0, -1.0, 1.0]]","[0.1, 0.1, 0.1, 0.1, 0.1, 0.1, 0.1, 0.1, 0.1, 0.1, 0.1, 0.1]",0.0,mismatch,"['direct_absolute', 'equality']"
region,226,1,269,四个差不多，都挺长。,['都挺长'],都挺长,1,other_unparsed,12,['equality'],"[[1.0, -1.0, 0.0, 0.0], [-1.0, 1.0, 0.0, 0.0], [1.0, 0.0, -1.0, 0.0], [-1.0, 0.0, 1.0, 0.0], [1.0, 0.0, 0.0, -1.0], [-1.0, 0.0, 0.0, 1.0], [0.0, 1.0, -1.0, 0.0], [0.0, -1.0, 1.0, 0.0], [0.0, 1.0, 0.0, -1.0], [0.0, -1.0, 0.0, 1.0], [0.0, 0.0, 1.0, -1.0], [0.0, 0.0, -1.0, 1.0]]","[0.1, 0.1, 0.1, 0.1, 0.1, 0.1, 0.1, 0.1, 0.1, 0.1, 0.1, 0.1]",0.0,mismatch,"['direct_absolute', 'equality']"
region,226,1,270,四个差不多，都长。,['都长'],都长,1,other_unparsed,12,['equality'],"[[1.0, -1.0, 0.0, 0.0], [-1.0, 1.0, 0.0, 0.0], [1.0, 0.0, -1.0, 0.0], [-1.0, 0.0, 1.0, 0.0], [1.0, 0.0, 0.0, -1.0], [-1.0, 0.0, 0.0, 1.0], [0.0, 1.0, -1.0, 0.0], [0.0, -1.0, 1.0, 0.0], [0.0, 1.0, 0.0, -1.0], [0.0, -1.0, 0.0, 1.0], [0.0, 0.0, 1.0, -1.0], [0.0, 0.0, -1.0, 1.0]]","[0.1, 0.1, 0.1, 0.1, 0.1, 0.1, 0.1, 0.1, 0.1, 0.1, 0.1, 0.1]",0.0,mismatch,"['direct_absolute', 'equality']"
region,226,1,271,两长两短。,['两长两短'],两长两短,1,count_abstract,0,[],[],[],,unsupported,"['direct_absolute', 'count_abstract']"
region,226,1,272,两长两短。,['两长两短'],两长两短,1,count_abstract,0,[],[],[],,unsupported,"['direct_absolute', 'count_abstract']"
region,226,1,273,三长一短。,['三长一短'],三长一短,1,count_abstract,0,[],[],[],,unsupported,"['direct_absolute', 'count_abstract']"
region,226,1,275,尾巴短，两个长。,['两个长'],两个长,1,other_unparsed,1,['general_case'],"[[0.0, 0.0, 0.0, 1.0]]",[0.5],1.0,ok,['direct_absolute']
region,226,1,276,差不多，头有点短。,['差不多'],差不多,1,global_balance,1,['general_case'],"[[0.0, 1.0, 0.0, 0.0]]",[0.5],1.0,ok,"['direct_absolute', 'equality']"
region,226,1,277,尾巴短，两个长。,['两个长'],两个长,1,other_unparsed,1,['general_case'],"[[0.0, 0.0, 0.0, 1.0]]",[0.5],1.0,ok,['direct_absolute']
region,226,1,281,腿、尾巴短，两个长。,['两个长'],两个长,1,other_unparsed,2,['general_case'],"[[0.0, 0.0, 1.0, 0.0], [0.0, 0.0, 0.0, 1.0]]","[0.5, 0.5]",1.0,ok,['direct_absolute']
region,226,1,285,腿长，尾巴长，两个短。,['两个短'],两个短,1,other_unparsed,2,"['general_case', 'general_case']","[[0.0, 0.0, -1.0, 0.0], [0.0, 0.0, 0.0, -1.0]]","[-0.5, -0.5]",1.0,ok,['direct_absolute']
region,226,1,287,尾巴长，有一个短。,['有一个短'],有一个短,1,other_unparsed,1,['general_case'],"[[0.0, 0.0, 0.0, -1.0]]",[-0.5],0.0,mismatch,['direct_absolute']
region,226,1,288,尾巴短，一个长。,['一个长'],一个长,1,other_unparsed,1,['general_case'],"[[0.0, 0.0, 0.0, 1.0]]",[0.5],1.0,ok,['direct_absolute']
region,226,1,291,尾巴长，一个短。,['一个短'],一个短,1,other_unparsed,1,['general_case'],"[[0.0, 0.0, 0.0, -1.0]]",[-0.5],1.0,ok,['direct_absolute']
region,226,1,292,尾巴长，两个长。,['两个长'],两个长,1,other_unparsed,1,['general_case'],"[[0.0, 0.0, 0.0, -1.0]]",[-0.5],0.0,mismatch,['direct_absolute']
region,226,2,27,头比脖子长，比尾巴长。,['比尾巴长'],比尾巴长,1,other_unparsed,1,['comparison'],"[[1.0, -1.0, 0.0, 0.0]]",[-0.0],1.0,ok,"['direct_absolute', 'comparison']"
region,226,2,29,头比脖子长，比尾巴长。,['比尾巴长'],比尾巴长,1,other_unparsed,1,['comparison'],"[[1.0, -1.0, 0.0, 0.0]]",[-0.0],1.0,ok,"['direct_absolute', 'comparison']"
region,226,2,133,有点短。,['有点短'],有点短,1,other_unparsed,0,[],[],[],,unsupported,['direct_absolute']
region,226,2,201,都比身子短。,['都比身体短'],都比身体短,1,body_geometry,0,[],[],[],,unsupported,"['direct_absolute', 'comparison', 'body_ref']"
region,226,2,210,都跟躯干差不多长。,['都跟躯干差不多长'],都跟躯干差不多长,1,"body_geometry, global_balance",0,[],[],[],,unsupported,"['direct_absolute', 'equality', 'body_ref']"
region,227,1,22,尾巴长，头，腿和脖子比较短。,['头'],头,1,other_unparsed,3,"['general_case', 'general_case']","[[0.0, 0.0, 0.0, -1.0], [0.0, 0.0, 1.0, 0.0], [1.0, 0.0, 0.0, 0.0]]","[-0.5, 0.5, 0.5]",1.0,ok,"['direct_absolute', 'comparison']"
region,227,1,50,四个部位长度不一。,['四个部位长度不一'],四个部位长度不一,1,other_unparsed,0,[],[],[],,unsupported,['direct_absolute']
region,227,1,53,脖子短，其余三个部位较长，且差不多长。,['且差不多长'],且差不多长,1,global_balance,4,"['general_case', 'complement']","[[1.0, 0.0, 0.0, 0.0], [0.0, -1.0, 0.0, 0.0], [0.0, 0.0, -1.0, 0.0], [0.0, 0.0, 0.0, -1.0]]","[0.5, -0.5, -0.5, -0.5]",1.0,ok,"['direct_absolute', 'equality', 'count_abstract']"
region,227,1,92,脖子和腿长度近似。,['脖子和腿长度近似'],脖子和腿长度近似,1,other_unparsed,0,[],[],[],,unsupported,['direct_absolute']
region,227,1,93,脖子长度和躯干近似。,['脖子长度和躯干近似'],脖子长度和躯干近似,1,body_geometry,0,[],[],[],,unsupported,"['direct_absolute', 'body_ref']"
region,227,1,94,腿长，四个部位长度各不相同。,['四个部位长度各不相同'],四个部位长度各不相同,1,disjoint_inequality,1,['general_case'],"[[0.0, 0.0, -1.0, 0.0]]",[-0.5],1.0,ok,['direct_absolute']
region,227,1,95,头和脖子长度近似。,['头和脖子长度近似'],头和脖子长度近似,1,other_unparsed,0,[],[],[],,unsupported,['direct_absolute']
region,227,1,96,尾巴和腿长度近似。,['尾巴和腿长度近似'],尾巴和腿长度近似,1,other_unparsed,0,[],[],[],,unsupported,['direct_absolute']
region,227,1,97,四个部位长度各不相同。,['四个部位长度各不相同'],四个部位长度各不相同,1,disjoint_inequality,0,[],[],[],,unsupported,['direct_absolute']
region,227,1,98,四个部位长度各不相同。,['四个部位长度各不相同'],四个部位长度各不相同,1,disjoint_inequality,0,[],[],[],,unsupported,['direct_absolute']
region,227,1,100,四个部位长度各不相同。,['四个部位长度各不相同'],四个部位长度各不相同,1,disjoint_inequality,0,[],[],[],,unsupported,['direct_absolute']
region,227,1,101,四个部位长度各不相同。,['四个部位长度各不相同'],四个部位长度各不相同,1,disjoint_inequality,0,[],[],[],,unsupported,['direct_absolute']
region,227,1,103,四个部位长度各不相同。,['四个部位长度各不相同'],四个部位长度各不相同,1,disjoint_inequality,0,[],[],[],,unsupported,['direct_absolute']
region,227,1,107,有两个部位的长度超过了躯干。,['有两个部位的长度超过了躯干'],有两个部位的长度超过了躯干,1,"count_abstract, body_geometry",0,[],[],[],,unsupported,"['direct_absolute', 'comparison', 'body_ref', 'count_abstract']"
region,227,1,114,四个部位长度不同。,['四个部位长度不同'],四个部位长度不同,1,disjoint_inequality,0,[],[],[],,unsupported,['direct_absolute']
region,227,1,115,四个部位长度不同。,['四个部位长度不同'],四个部位长度不同,1,disjoint_inequality,0,[],[],[],,unsupported,['direct_absolute']
region,227,1,132,四个部位长度各不相同。,['四个部位长度各不相同'],四个部位长度各不相同,1,disjoint_inequality,0,[],[],[],,unsupported,['direct_absolute']
region,227,1,133,四个部位长度各不相同。,['四个部位长度各不相同'],四个部位长度各不相同,1,disjoint_inequality,0,[],[],[],,unsupported,['direct_absolute']
region,227,1,148,四个部位长度不一。,['四个部位长度不一'],四个部位长度不一,1,other_unparsed,0,[],[],[],,unsupported,['direct_absolute']
region,227,1,171,尾巴和腿长度近似。,['尾巴和腿长度近似'],尾巴和腿长度近似,1,other_unparsed,0,[],[],[],,unsupported,['direct_absolute']
region,227,1,173,脖子和腿长度近似。,['脖子和腿长度近似'],脖子和腿长度近似,1,other_unparsed,0,[],[],[],,unsupported,['direct_absolute']
region,228,1,77,三长一短。,['三长一短'],三长一短,1,count_abstract,0,[],[],[],,unsupported,"['direct_absolute', 'count_abstract']"
region,228,1,87,脖子不是最短。,['脖子不是最短'],脖子不是最短,1,other_unparsed,0,[],[],[],,unsupported,"['direct_absolute', 'superlative', 'negation']"
region,228,1,146,比较均匀。,['比较均匀'],比较均匀,1,global_balance,0,[],[],[],,unsupported,"['comparison', 'equality']"
region,228,1,172,整体都比较长。,['整体都比较长'],整体都比较长,1,other_unparsed,0,[],[],[],,unsupported,"['direct_absolute', 'comparison']"
region,228,1,179,整体都比较短。,['整体都比较短'],整体都比较短,1,other_unparsed,0,[],[],[],,unsupported,"['direct_absolute', 'comparison']"
region,228,1,270,三个都在躯干上面。,['三个都在躯干上面'],三个都在躯干上面,1,body_geometry,0,[],[],[],,unsupported,['body_ref']
region,228,2,79,比较均匀。,['比较均匀'],比较均匀,1,global_balance,0,[],[],[],,unsupported,"['comparison', 'equality']"
region,228,2,82,比较均匀。,['比较均匀'],比较均匀,1,global_balance,0,[],[],[],,unsupported,"['comparison', 'equality']"
region,228,2,88,比较均匀。,['比较均匀'],比较均匀,1,global_balance,0,[],[],[],,unsupported,"['comparison', 'equality']"
region,228,2,96,比较均匀。,['比较均匀'],比较均匀,1,global_balance,0,[],[],[],,unsupported,"['comparison', 'equality']"
region,228,2,98,比较均匀。,['比较均匀'],比较均匀,1,global_balance,0,[],[],[],,unsupported,"['comparison', 'equality']"
region,228,2,102,比较均匀。,['比较均匀'],比较均匀,1,global_balance,0,[],[],[],,unsupported,"['comparison', 'equality']"
region,228,2,104,均匀。,['均匀'],均匀,1,global_balance,0,[],[],[],,unsupported,['equality']
region,228,2,107,均匀。,['均匀'],均匀,1,global_balance,0,[],[],[],,unsupported,['equality']
region,228,2,110,均匀。,['均匀'],均匀,1,global_balance,0,[],[],[],,unsupported,['equality']
region,228,2,112,均匀。,['均匀'],均匀,1,global_balance,0,[],[],[],,unsupported,['equality']
region,228,2,116,均匀。,['均匀'],均匀,1,global_balance,0,[],[],[],,unsupported,['equality']
region,228,2,125,比较均匀。,['比较均匀'],比较均匀,1,global_balance,0,[],[],[],,unsupported,"['comparison', 'equality']"
region,228,2,126,比较均匀。,['比较均匀'],比较均匀,1,global_balance,0,[],[],[],,unsupported,"['comparison', 'equality']"
region,228,2,180,比较均匀。,['比较均匀'],比较均匀,1,global_balance,0,[],[],[],,unsupported,"['comparison', 'equality']"
region,231,1,22,尾巴最长，然后是脖子，其他两个部位差不多。,['然后是脖子'],然后是脖子,1,ordinal_or_secondary,9,"['superlative', 'superlative', 'superlative', 'equality']","[[1.0, 0.0, 0.0, -1.0], [0.0, 1.0, 0.0, -1.0], [0.0, 0.0, 1.0, -1.0], [1.0, -1.0, 0.0, 0.0], [-1.0, 1.0, 0.0, 0.0], [1.0, 0.0, -1.0, 0.0], [-1.0, 0.0, 1.0, 0.0], [0.0, 1.0, -1.0, 0.0], [0.0, -1.0, 1.0, 0.0]]","[-0.0, -0.0, -0.0, 0.1, 0.1, 0.1, 0.1, 0.1, 0.1]",0.75,mismatch,"['direct_absolute', 'superlative', 'equality', 'ranking', 'count_abstract']"
region,231,1,30,尾巴最长，其他部位稍短，并且长度差不多。,['并且长度差不多'],并且长度差不多,1,global_balance,6,"['superlative', 'superlative', 'superlative', 'complement']","[[1.0, 0.0, 0.0, -1.0], [0.0, 1.0, 0.0, -1.0], [0.0, 0.0, 1.0, -1.0], [1.0, 0.0, 0.0, 0.0], [0.0, 1.0, 0.0, 0.0], [0.0, 0.0, 1.0, 0.0]]","[-0.0, -0.0, -0.0, 0.5, 0.5, 0.5]",1.0,ok,"['direct_absolute', 'superlative', 'equality']"
region,231,1,31,脖子最短，腿和尾巴最长，并且差不多。,['并且差不多'],并且差不多,1,global_balance,5,"['superlative', 'superlative', 'superlative', 'superlative', 'superlative', 'superlative']","[[1.0, -1.0, 0.0, 0.0], [1.0, 0.0, -1.0, 0.0], [1.0, 0.0, 0.0, -1.0], [0.0, 1.0, 0.0, -1.0], [0.0, 0.0, 1.0, -1.0]]","[-0.0, -0.0, -0.0, -0.0, -0.0]",1.0,ok,"['direct_absolute', 'superlative', 'equality']"
region,231,1,35,腿最长，头和脖子都短，并且差不多。,['并且差不多'],并且差不多,1,global_balance,5,"['superlative', 'superlative', 'superlative', 'general_case']","[[1.0, 0.0, -1.0, 0.0], [0.0, 1.0, -1.0, 0.0], [0.0, 0.0, -1.0, 1.0], [0.0, 1.0, 0.0, 0.0], [1.0, 0.0, 0.0, 0.0]]","[-0.0, -0.0, -0.0, 0.5, 0.5]",1.0,ok,"['direct_absolute', 'superlative', 'equality']"
region,231,1,40,头和脖子短，腿和尾巴长，两长，两短。,"['两长', '两短']",两长；两短,2,other_unparsed,4,"['general_case', 'general_case']","[[0.0, 1.0, 0.0, 0.0], [1.0, 0.0, 0.0, 0.0], [0.0, 0.0, -1.0, 0.0], [0.0, 0.0, 0.0, -1.0]]","[0.5, 0.5, -0.5, -0.5]",1.0,ok,['direct_absolute']
region,231,1,60,脖子最长，腿可能和腿差不多。,['腿可能和腿差不多'],腿可能和腿差不多,1,global_balance,3,"['superlative', 'superlative', 'superlative']","[[-1.0, 1.0, 0.0, 0.0], [-1.0, 0.0, 1.0, 0.0], [-1.0, 0.0, 0.0, 1.0]]","[-0.0, -0.0, -0.0]",1.0,ok,"['direct_absolute', 'superlative', 'equality']"
region,231,1,64,头最长，其他三个部分差不多，比较短。,['比较短'],比较短,1,other_unparsed,9,"['superlative', 'superlative', 'superlative', 'equality']","[[1.0, -1.0, 0.0, 0.0], [0.0, -1.0, 1.0, 0.0], [0.0, -1.0, 0.0, 1.0], [1.0, 0.0, -1.0, 0.0], [-1.0, 0.0, 1.0, 0.0], [1.0, 0.0, 0.0, -1.0], [-1.0, 0.0, 0.0, 1.0], [0.0, 0.0, 1.0, -1.0], [0.0, 0.0, -1.0, 1.0]]","[-0.0, -0.0, -0.0, 0.1, 0.1, 0.1, 0.1, 0.1, 0.1]",0.75,mismatch,"['direct_absolute', 'superlative', 'comparison', 'equality']"
region,231,1,73,头最短，脖子和尾巴差不多长，都长。,['都长'],都长,1,other_unparsed,5,"['superlative', 'superlative', 'superlative', 'equality']","[[-1.0, 1.0, 0.0, 0.0], [0.0, 1.0, -1.0, 0.0], [0.0, 1.0, 0.0, -1.0], [1.0, 0.0, 0.0, -1.0], [-1.0, 0.0, 0.0, 1.0]]","[-0.0, -0.0, -0.0, 0.1, 0.1]",0.75,mismatch,"['direct_absolute', 'superlative', 'equality']"
region,231,1,140,尾巴和脖子。,['尾巴和脖子'],尾巴和脖子,1,other_unparsed,0,[],[],[],,unsupported,['other']
region,231,1,156,都差不多，头略短一些。,['都差不多'],都差不多,1,global_balance,1,['general_case'],"[[0.0, 1.0, 0.0, 0.0]]",[0.5],0.0,mismatch,"['direct_absolute', 'equality']"
region,231,1,160,各个部分看上去差不多，腿和尾巴略短。,['各个部分看上去差不多'],各个部分看上去差不多,1,global_balance,2,['general_case'],"[[0.0, 0.0, 1.0, 0.0], [0.0, 0.0, 0.0, 1.0]]","[0.5, 0.5]",1.0,ok,"['direct_absolute', 'equality']"
region,231,1,214,脖子较短，各个部分都比较长。,['各个部分都比较长'],各个部分都比较长,1,other_unparsed,1,['general_case'],"[[1.0, 0.0, 0.0, 0.0]]",[0.5],0.0,mismatch,"['direct_absolute', 'comparison']"
region,231,1,286,各个部分差不多长，脖子、尾巴一样长。,['各个部分差不多长'],各个部分差不多长,1,global_balance,2,['equality'],"[[1.0, 0.0, 0.0, -1.0], [-1.0, 0.0, 0.0, 1.0]]","[0.1, 0.1]",1.0,ok,"['direct_absolute', 'equality']"
region,231,1,302,各个部分差不多长。,['各个部分差不多长'],各个部分差不多长,1,global_balance,0,[],[],[],,unsupported,"['direct_absolute', 'equality']"
region,231,2,100,头最短，其他部位也短，比头长一些。,['比头长一些'],比头长一些,1,other_unparsed,6,"['superlative', 'superlative', 'superlative', 'complement']","[[-1.0, 1.0, 0.0, 0.0], [0.0, 1.0, -1.0, 0.0], [0.0, 1.0, 0.0, -1.0], [1.0, 0.0, 0.0, 0.0], [0.0, 0.0, 1.0, 0.0], [0.0, 0.0, 0.0, 1.0]]","[-0.0, -0.0, -0.0, 0.5, 0.5, 0.5]",1.0,ok,"['direct_absolute', 'superlative', 'comparison']"
region,231,2,125,各个部分都是中等长度。,['各个部分都是中等长度'],各个部分都是中等长度,1,other_unparsed,0,[],[],[],,unsupported,['direct_absolute']
region,231,2,143,差不多长，腿略短一点。,['差不多长'],差不多长,1,global_balance,1,['general_case'],"[[0.0, 0.0, 1.0, 0.0]]",[0.5],1.0,ok,"['direct_absolute', 'equality']"
region,231,2,213,尾巴比较短，腿长，头和脖子也比较长，相差不大。,['相差不大'],相差不大,1,other_unparsed,4,"['general_case', 'general_case', 'general_case']","[[0.0, 0.0, 0.0, 1.0], [0.0, 0.0, -1.0, 0.0], [0.0, -1.0, 0.0, 0.0], [-1.0, 0.0, 0.0, 0.0]]","[0.5, -0.5, -0.5, -0.5]",0.75,mismatch,"['direct_absolute', 'comparison']"
region,231,3,125,各个部分差不多长。,['各个部分差不多长'],各个部分差不多长,1,global_balance,0,[],[],[],,unsupported,"['direct_absolute', 'equality']"
region,231,3,209,肘比腿长，脖子比尾巴长。,['肘比腿长'],肘比腿长,1,other_unparsed,1,['comparison'],"[[-1.0, 0.0, 0.0, 1.0]]",[-0.0],1.0,ok,"['direct_absolute', 'comparison']"
region,231,3,302,肘比腿长，脖子比尾巴长。,['肘比腿长'],肘比腿长,1,other_unparsed,1,['comparison'],"[[-1.0, 0.0, 0.0, 1.0]]",[-0.0],1.0,ok,"['direct_absolute', 'comparison']"
region,231,3,314,手比腿长，脖子比尾巴长。,['手比腿长'],手比腿长,1,other_unparsed,1,['comparison'],"[[-1.0, 0.0, 0.0, 1.0]]",[-0.0],1.0,ok,"['direct_absolute', 'comparison']"
region,231,4,66,都比较短。,['都比较短'],都比较短,1,other_unparsed,0,[],[],[],,unsupported,"['direct_absolute', 'comparison']"
region,301,1,36,腿极长，头、脖子和尾巴相近，稍短一些。,['稍短一些'],稍短一些,1,other_unparsed,7,"['general_case', 'equality']","[[0.0, 0.0, -1.0, 0.0], [-1.0, 1.0, 0.0, 0.0], [1.0, -1.0, 0.0, 0.0], [0.0, 1.0, 0.0, -1.0], [0.0, -1.0, 0.0, 1.0], [1.0, 0.0, 0.0, -1.0], [-1.0, 0.0, 0.0, 1.0]]","[-0.5, 0.1, 0.1, 0.1, 0.1, 0.1, 0.1]",1.0,ok,"['direct_absolute', 'equality']"
region,301,1,42,腿极短，头、脖子、尾巴都较长，长度相近。,['长度相近'],长度相近,1,other_unparsed,4,"['general_case', 'general_case']","[[0.0, 0.0, 1.0, 0.0], [0.0, -1.0, 0.0, 0.0], [-1.0, 0.0, 0.0, 0.0], [0.0, 0.0, 0.0, -1.0]]","[0.5, -0.5, -0.5, -0.5]",0.75,mismatch,"['direct_absolute', 'equality']"
region,301,1,72,腿很长，头和脖子相近，也都比较长。,['也都比较长'],也都比较长,1,other_unparsed,3,"['general_case', 'equality']","[[0.0, 0.0, -1.0, 0.0], [-1.0, 1.0, 0.0, 0.0], [1.0, -1.0, 0.0, 0.0]]","[-0.5, 0.1, 0.1]",1.0,ok,"['direct_absolute', 'comparison', 'equality']"
region,301,1,78,头和脖子非常长，均比腿长。,['均比腿长'],均比腿长,1,other_unparsed,2,['general_case'],"[[0.0, -1.0, 0.0, 0.0], [-1.0, 0.0, 0.0, 0.0]]","[-0.5, -0.5]",0.5,mismatch,"['direct_absolute', 'comparison']"
region,301,1,94,腿很长，其余三个部位较长，长度相近。,['长度相近'],长度相近,1,other_unparsed,4,"['general_case', 'complement']","[[0.0, 0.0, -1.0, 0.0], [-1.0, 0.0, 0.0, 0.0], [0.0, -1.0, 0.0, 0.0], [0.0, 0.0, 0.0, -1.0]]","[-0.5, -0.5, -0.5, -0.5]",0.5,mismatch,"['direct_absolute', 'equality', 'count_abstract']"
region,301,1,97,头和脖子较长，均比腿长，尾巴较短。,['均比腿长'],均比腿长,1,other_unparsed,3,"['general_case', 'general_case']","[[0.0, -1.0, 0.0, 0.0], [-1.0, 0.0, 0.0, 0.0], [0.0, 0.0, 0.0, 1.0]]","[-0.5, -0.5, 0.5]",0.6666666666666666,mismatch,"['direct_absolute', 'comparison']"
region,301,1,102,腿较长，脖子相对较长、比头长。,['脖子相对较长、比头长'],脖子相对较长、比头长,1,other_unparsed,1,['general_case'],"[[0.0, 0.0, -1.0, 0.0]]",[-0.5],1.0,ok,"['direct_absolute', 'comparison']"
region,301,1,110,头和脖子很长，腿也很长，三者长度相近。,['三者长度相近'],三者长度相近,1,other_unparsed,3,"['general_case', 'general_case']","[[0.0, -1.0, 0.0, 0.0], [-1.0, 0.0, 0.0, 0.0], [0.0, 0.0, -1.0, 0.0]]","[-0.5, -0.5, -0.5]",1.0,ok,"['direct_absolute', 'equality']"
region,301,1,114,脖子非常长，其余三个部位较长，长度相近。,['长度相近'],长度相近,1,other_unparsed,4,"['general_case', 'complement']","[[-1.0, 0.0, 0.0, 0.0], [0.0, -1.0, 0.0, 0.0], [0.0, 0.0, -1.0, 0.0], [0.0, 0.0, 0.0, -1.0]]","[-0.5, -0.5, -0.5, -0.5]",0.75,mismatch,"['direct_absolute', 'equality', 'count_abstract']"
region,301,1,133,头很长、比脖子长一些，尾巴和腿相对中等。,['头很长、比脖子长一些'],头很长、比脖子长一些,1,other_unparsed,4,['general_case'],"[[0.0, 0.0, 0.0, -1.0], [0.0, 0.0, 0.0, 1.0], [0.0, 0.0, -1.0, 0.0], [0.0, 0.0, 1.0, 0.0]]","[-0.25, 0.75, -0.25, 0.75]",0.75,mismatch,"['direct_absolute', 'comparison']"
region,301,1,138,尾巴很长，头很长，两者长度相近，腿很短。,['两者长度相近'],两者长度相近,1,other_unparsed,3,"['general_case', 'general_case', 'general_case']","[[0.0, 0.0, 0.0, -1.0], [0.0, -1.0, 0.0, 0.0], [0.0, 0.0, 1.0, 0.0]]","[-0.5, -0.5, 0.5]",1.0,ok,"['direct_absolute', 'equality']"
region,301,1,139,腿较长，脖子很长，比头长。,['比头长'],比头长,1,other_unparsed,2,"['general_case', 'general_case']","[[0.0, 0.0, -1.0, 0.0], [-1.0, 0.0, 0.0, 0.0]]","[-0.5, -0.5]",1.0,ok,"['direct_absolute', 'comparison']"
region,301,1,160,头和脖子相对较长，腿和尾巴中等，稍短一些。,['稍短一些'],稍短一些,1,other_unparsed,6,"['general_case', 'general_case']","[[0.0, -1.0, 0.0, 0.0], [-1.0, 0.0, 0.0, 0.0], [0.0, 0.0, -1.0, 0.0], [0.0, 0.0, 1.0, 0.0], [0.0, 0.0, 0.0, -1.0], [0.0, 0.0, 0.0, 1.0]]","[-0.5, -0.5, -0.25, 0.75, -0.25, 0.75]",0.6666666666666666,mismatch,['direct_absolute']
region,301,1,169,头很长，比脖子长很多，腿也比较长。,['比脖子长很多'],比脖子长很多,1,other_unparsed,2,"['general_case', 'general_case']","[[0.0, -1.0, 0.0, 0.0], [0.0, 0.0, -1.0, 0.0]]","[-0.5, -0.5]",1.0,ok,"['direct_absolute', 'comparison']"
region,301,1,188,头和脖子极长，比尾巴和腿都长。,['比尾巴和腿都长'],比尾巴和腿都长,1,other_unparsed,2,['general_case'],"[[0.0, -1.0, 0.0, 0.0], [-1.0, 0.0, 0.0, 0.0]]","[-0.5, -0.5]",0.5,mismatch,"['direct_absolute', 'comparison']"
region,301,1,192,头极长，比尾巴长。,['比尾巴长'],比尾巴长,1,other_unparsed,1,['general_case'],"[[0.0, -1.0, 0.0, 0.0]]",[-0.5],1.0,ok,"['direct_absolute', 'comparison']"
region,301,1,213,脖子很长，相对来说，比头和尾巴长。,"['相对来说', '比头和尾巴长']",相对来说；比头和尾巴长,2,other_unparsed,1,['general_case'],"[[-1.0, 0.0, 0.0, 0.0]]",[-0.5],1.0,ok,"['direct_absolute', 'comparison']"
region,301,1,217,头和脖子非常长，比尾巴长，腿较短。,['比尾巴长'],比尾巴长,1,other_unparsed,3,"['general_case', 'general_case']","[[0.0, -1.0, 0.0, 0.0], [-1.0, 0.0, 0.0, 0.0], [0.0, 0.0, 1.0, 0.0]]","[-0.5, -0.5, 0.5]",0.6666666666666666,mismatch,"['direct_absolute', 'comparison']"
region,301,1,229,相对来说，脖子比较长，腿非常长。,['相对来说'],相对来说,1,other_unparsed,2,"['general_case', 'general_case']","[[-1.0, 0.0, 0.0, 0.0], [0.0, 0.0, -1.0, 0.0]]","[-0.5, -0.5]",0.5,mismatch,"['direct_absolute', 'comparison']"
region,301,1,241,头非常长，比脖子长很多。,['比脖子长很多'],比脖子长很多,1,other_unparsed,1,['general_case'],"[[0.0, -1.0, 0.0, 0.0]]",[-0.5],1.0,ok,"['direct_absolute', 'comparison']"
region,301,1,242,腿比较长，脖子比较长，比头长。,['比头长'],比头长,1,other_unparsed,2,"['general_case', 'general_case']","[[0.0, 0.0, -1.0, 0.0], [-1.0, 0.0, 0.0, 0.0]]","[-0.5, -0.5]",0.5,mismatch,"['direct_absolute', 'comparison']"
region,301,1,245,脖子比腿长，比头长。,['比头长'],比头长,1,other_unparsed,1,['comparison'],"[[-1.0, 0.0, 1.0, 0.0]]",[-0.0],1.0,ok,"['direct_absolute', 'comparison']"
region,301,1,252,头很长，比脖子长，脖子比腿要短。,['比脖子长'],比脖子长,1,other_unparsed,2,"['general_case', 'comparison']","[[0.0, -1.0, 0.0, 0.0], [1.0, 0.0, -1.0, 0.0]]","[-0.5, -0.0]",1.0,ok,"['direct_absolute', 'comparison']"
region,301,1,270,长度比较均衡，相对来说脖子长一些。,['长度比较均衡'],长度比较均衡,1,global_balance,1,['general_case'],"[[-1.0, 0.0, 0.0, 0.0]]",[-0.5],1.0,ok,"['direct_absolute', 'comparison', 'equality']"
region,301,1,281,脖子很长，比头和尾巴都长。,['比头和尾巴都长'],比头和尾巴都长,1,other_unparsed,1,['general_case'],"[[-1.0, 0.0, 0.0, 0.0]]",[-0.5],1.0,ok,"['direct_absolute', 'comparison']"
region,301,1,293,头长，脖子短，相对较小。,['相对较小'],相对较小,1,other_unparsed,2,"['general_case', 'general_case']","[[0.0, -1.0, 0.0, 0.0], [1.0, 0.0, 0.0, 0.0]]","[-0.5, 0.5]",0.5,mismatch,['direct_absolute']
region,301,1,304,头长，脖子短，相对来说，头和脖子都很长。,['相对来说'],相对来说,1,other_unparsed,3,"['general_case', 'general_case', 'general_case']","[[0.0, -1.0, 0.0, 0.0], [1.0, 0.0, 0.0, 0.0], [-1.0, 0.0, 0.0, 0.0]]","[-0.5, 0.5, -0.5]",0.75,mismatch,['direct_absolute']
region,301,1,309,脖子和头都很长，长度相近。,['长度相近'],长度相近,1,other_unparsed,2,['general_case'],"[[-1.0, 0.0, 0.0, 0.0], [0.0, -1.0, 0.0, 0.0]]","[-0.5, -0.5]",1.0,ok,"['direct_absolute', 'equality']"
region,301,1,317,头长，尾巴，脖子短，尾巴长。,['尾巴'],尾巴,1,other_unparsed,3,"['general_case', 'general_case', 'general_case']","[[0.0, -1.0, 0.0, 0.0], [1.0, 0.0, 0.0, 0.0], [0.0, 0.0, 0.0, -1.0]]","[-0.5, 0.5, -0.5]",1.0,ok,['direct_absolute']
region,301,2,10,脖子和头都很长，长度相近。,['长度相近'],长度相近,1,other_unparsed,2,['general_case'],"[[-1.0, 0.0, 0.0, 0.0], [0.0, -1.0, 0.0, 0.0]]","[-0.5, -0.5]",1.0,ok,"['direct_absolute', 'equality']"
region,301,2,11,脖子和头都很长，长度相近。,['长度相近'],长度相近,1,other_unparsed,2,['general_case'],"[[-1.0, 0.0, 0.0, 0.0], [0.0, -1.0, 0.0, 0.0]]","[-0.5, -0.5]",1.0,ok,"['direct_absolute', 'equality']"
region,301,2,13,脖子和头长度相近，都偏短。,['都偏短'],都偏短,1,other_unparsed,2,['equality'],"[[1.0, -1.0, 0.0, 0.0], [-1.0, 1.0, 0.0, 0.0]]","[0.1, 0.1]",0.0,mismatch,"['direct_absolute', 'equality']"
region,301,2,20,脖子和头都较短，长度相近，尾巴较长。,['长度相近'],长度相近,1,other_unparsed,3,"['general_case', 'general_case']","[[1.0, 0.0, 0.0, 0.0], [0.0, 1.0, 0.0, 0.0], [0.0, 0.0, 0.0, -1.0]]","[0.5, 0.5, -0.5]",1.0,ok,"['direct_absolute', 'equality']"
region,302,1,42,脖子，脖子长，尾巴短。,['脖子'],脖子,1,other_unparsed,2,"['general_case', 'general_case']","[[-1.0, 0.0, 0.0, 0.0], [0.0, 0.0, 0.0, 1.0]]","[-0.5, 0.5]",1.0,ok,['direct_absolute']
region,302,1,81,脖子长，尾巴长，头短，腿中等，整体比较匀称。,['整体比较匀称'],整体比较匀称,1,global_balance,5,"['general_case', 'general_case', 'general_case', 'general_case']","[[-1.0, 0.0, 0.0, 0.0], [0.0, 0.0, 0.0, -1.0], [0.0, 1.0, 0.0, 0.0], [0.0, 0.0, -1.0, 0.0], [0.0, 0.0, 1.0, 0.0]]","[-0.5, -0.5, 0.5, -0.25, 0.75]",1.0,ok,"['direct_absolute', 'comparison']"
region,302,1,85,上半身很长，腿很短。,['上半身很长'],上半身很长,1,other_unparsed,1,['general_case'],"[[0.0, 0.0, 1.0, 0.0]]",[0.5],1.0,ok,['direct_absolute']
region,302,1,89,上半身比较长，腿相对短。,['上半身比较长'],上半身比较长,1,other_unparsed,1,['general_case'],"[[0.0, 0.0, 1.0, 0.0]]",[0.5],1.0,ok,"['direct_absolute', 'comparison']"
region,302,1,90,腿很长，上半身都比较短。,['上半身都比较短'],上半身都比较短,1,other_unparsed,1,['general_case'],"[[0.0, 0.0, -1.0, 0.0]]",[-0.5],1.0,ok,"['direct_absolute', 'comparison']"
region,302,1,93,尾巴长，脖子、头、腿都不是很长，整体比较匀称。,['整体比较匀称'],整体比较匀称,1,global_balance,4,"['general_case', 'general_case']","[[0.0, 0.0, 0.0, -1.0], [1.0, 0.0, 0.0, 0.0], [0.0, 1.0, 0.0, 0.0], [0.0, 0.0, 1.0, 0.0]]","[-0.5, 0.5, 0.5, 0.5]",1.0,ok,"['direct_absolute', 'comparison', 'negation']"
region,302,1,103,头比较短，其他部位比较匀称。,['其他部位比较匀称'],其他部位比较匀称,1,"other_reference, global_balance",1,['general_case'],"[[0.0, 1.0, 0.0, 0.0]]",[0.5],1.0,ok,"['direct_absolute', 'comparison']"
region,302,1,106,头相对长，其他部位不是很长，比较匀称。,['比较匀称'],比较匀称,1,global_balance,4,"['general_case', 'complement']","[[0.0, -1.0, 0.0, 0.0], [1.0, 0.0, 0.0, 0.0], [0.0, 0.0, 1.0, 0.0], [0.0, 0.0, 0.0, 1.0]]","[-0.5, 0.5, 0.5, 0.5]",1.0,ok,"['direct_absolute', 'comparison', 'negation']"
region,302,1,109,腿长，其他部位都不是很长，比较匀称。,['比较匀称'],比较匀称,1,global_balance,4,"['general_case', 'complement']","[[0.0, 0.0, -1.0, 0.0], [1.0, 0.0, 0.0, 0.0], [0.0, 1.0, 0.0, 0.0], [0.0, 0.0, 0.0, 1.0]]","[-0.5, 0.5, 0.5, 0.5]",0.75,mismatch,"['direct_absolute', 'comparison', 'negation']"
region,302,1,129,脖子和头都比较长，整体，腿和尾巴也相对长。,['整体'],整体,1,other_unparsed,4,"['general_case', 'general_case']","[[-1.0, 0.0, 0.0, 0.0], [0.0, -1.0, 0.0, 0.0], [0.0, 0.0, -1.0, 0.0], [0.0, 0.0, 0.0, -1.0]]","[-0.5, -0.5, -0.5, -0.5]",1.0,ok,"['direct_absolute', 'comparison']"
region,302,1,136,腿长，其他部位都不是很长，比较匀称。,['比较匀称'],比较匀称,1,global_balance,4,"['general_case', 'complement']","[[0.0, 0.0, -1.0, 0.0], [1.0, 0.0, 0.0, 0.0], [0.0, 1.0, 0.0, 0.0], [0.0, 0.0, 0.0, 1.0]]","[-0.5, 0.5, 0.5, 0.5]",0.75,mismatch,"['direct_absolute', 'comparison', 'negation']"
region,302,1,146,都比较中等，都不是很长。,"['都比较中等', '都不是很长']",都比较中等；都不是很长,2,other_unparsed,0,[],[],[],,unsupported,"['direct_absolute', 'comparison', 'negation']"
region,302,1,156,脖子比，头比脖子长。,['脖子比'],脖子比,1,other_unparsed,1,['comparison'],"[[1.0, -1.0, 0.0, 0.0]]",[-0.0],1.0,ok,"['direct_absolute', 'comparison']"
region,303,1,90,头，脖子、腿都短，尾巴也短、比其他部位长一点。,['头'],头,1,other_unparsed,6,"['general_case', 'comparison']","[[1.0, 0.0, 0.0, 0.0], [0.0, 0.0, 1.0, 0.0], [-1.0, 1.0, 0.0, 0.0], [-1.0, 0.0, 0.0, 1.0], [0.0, 1.0, -1.0, 0.0], [0.0, 0.0, -1.0, 1.0]]","[0.5, 0.5, -0.0, -0.0, -0.0, -0.0]",0.6666666666666666,mismatch,"['direct_absolute', 'comparison']"
region,304,1,6,头和躯干长度相同，其他部位长度是躯干的0.7倍。,"['头和躯干长度相同', '其他部位长度是躯干的0.7倍']",头和躯干长度相同；其他部位长度是躯干的0.7倍,2,"other_reference, body_geometry",0,[],[],[],,unsupported,"['direct_absolute', 'body_ref']"
region,304,1,23,头和腿长度相同。,['头和腿长度相同'],头和腿长度相同,1,other_unparsed,0,[],[],[],,unsupported,['direct_absolute']
region,304,1,25,头和腿长度相同。,['头和腿长度相同'],头和腿长度相同,1,other_unparsed,0,[],[],[],,unsupported,['direct_absolute']
region,305,1,1,很高大。,['很高大'],很高大,1,"body_geometry, vague_size",0,[],[],[],,unsupported,['other']
region,305,1,3,很高。,['很高'],很高,1,other_unparsed,0,[],[],[],,unsupported,['other']
region,305,1,4,中等身材，头很短。,['中等身材'],中等身材,1,"body_geometry, vague_size",1,['general_case'],"[[0.0, 1.0, 0.0, 0.0]]",[0.5],1.0,ok,['direct_absolute']
region,305,1,12,很高大。,['很高大'],很高大,1,"body_geometry, vague_size",0,[],[],[],,unsupported,['other']
region,305,1,23,很高大。,['很高大'],很高大,1,"body_geometry, vague_size",0,[],[],[],,unsupported,['other']
region,305,1,24,很高大。,['很高大'],很高大,1,"body_geometry, vague_size",0,[],[],[],,unsupported,['other']
region,305,1,29,腿适中，其实还挺短。,['其实还挺短'],其实还挺短,1,other_unparsed,2,['general_case'],"[[0.0, 0.0, -1.0, 0.0], [0.0, 0.0, 1.0, 0.0]]","[-0.25, 0.75]",1.0,ok,['direct_absolute']
region,305,1,31,很高大。,['很高大'],很高大,1,"body_geometry, vague_size",0,[],[],[],,unsupported,['other']
region,305,1,32,比较适中，头和尾巴长，脖子短。,['比较适中'],比较适中,1,other_unparsed,3,"['general_case', 'general_case']","[[0.0, -1.0, 0.0, 0.0], [0.0, 0.0, 0.0, -1.0], [1.0, 0.0, 0.0, 0.0]]","[-0.5, -0.5, 0.5]",1.0,ok,"['direct_absolute', 'comparison']"
region,305,1,34,比较高大。,['比较高大'],比较高大,1,"body_geometry, vague_size",0,[],[],[],,unsupported,['comparison']
region,305,1,35,脖子高，脖子短。,['脖子高'],脖子高,1,other_unparsed,1,['general_case'],"[[1.0, 0.0, 0.0, 0.0]]",[0.5],1.0,ok,['direct_absolute']
region,305,1,37,挺高大，脖子短。,['挺高大'],挺高大,1,"body_geometry, vague_size",1,['general_case'],"[[1.0, 0.0, 0.0, 0.0]]",[0.5],1.0,ok,['direct_absolute']
region,305,1,40,挺高大，脖子短。,['挺高大'],挺高大,1,"body_geometry, vague_size",1,['general_case'],"[[1.0, 0.0, 0.0, 0.0]]",[0.5],1.0,ok,['direct_absolute']
region,305,1,42,挺高大，脖子短。,['挺高大'],挺高大,1,"body_geometry, vague_size",1,['general_case'],"[[1.0, 0.0, 0.0, 0.0]]",[0.5],1.0,ok,['direct_absolute']
region,305,1,45,挺高大，脖子短。,['挺高大'],挺高大,1,"body_geometry, vague_size",1,['general_case'],"[[1.0, 0.0, 0.0, 0.0]]",[0.5],1.0,ok,['direct_absolute']
region,305,1,46,很高大。,['很高大'],很高大,1,"body_geometry, vague_size",0,[],[],[],,unsupported,['other']
region,305,1,47,挺高大，脖子短。,['挺高大'],挺高大,1,"body_geometry, vague_size",1,['general_case'],"[[1.0, 0.0, 0.0, 0.0]]",[0.5],1.0,ok,['direct_absolute']
region,305,1,50,挺高大。,['挺高大'],挺高大,1,"body_geometry, vague_size",0,[],[],[],,unsupported,['other']
region,305,1,51,挺高大。,['挺高大'],挺高大,1,"body_geometry, vague_size",0,[],[],[],,unsupported,['other']
region,305,1,52,挺高大。,['挺高大'],挺高大,1,"body_geometry, vague_size",0,[],[],[],,unsupported,['other']
region,305,1,54,挺高大。,['挺高大'],挺高大,1,"body_geometry, vague_size",0,[],[],[],,unsupported,['other']
region,305,1,55,挺高大。,['挺高大'],挺高大,1,"body_geometry, vague_size",0,[],[],[],,unsupported,['other']
region,305,1,56,挺高大。,['挺高大'],挺高大,1,"body_geometry, vague_size",0,[],[],[],,unsupported,['other']
region,305,1,59,挺高大。,['挺高大'],挺高大,1,"body_geometry, vague_size",0,[],[],[],,unsupported,['other']
region,305,1,61,挺高大。,['挺高大'],挺高大,1,"body_geometry, vague_size",0,[],[],[],,unsupported,['other']
region,305,1,70,身材高大。,['身材高大'],身材高大,1,"body_geometry, vague_size",0,[],[],[],,unsupported,['other']
region,305,1,80,身材高大。,['身材高大'],身材高大,1,"body_geometry, vague_size",0,[],[],[],,unsupported,['other']
region,305,1,82,身材高大。,['身材高大'],身材高大,1,"body_geometry, vague_size",0,[],[],[],,unsupported,['other']
region,305,1,89,身材高大。,['身材高大'],身材高大,1,"body_geometry, vague_size",0,[],[],[],,unsupported,['other']
region,305,1,92,身材高大。,['身材高大'],身材高大,1,"body_geometry, vague_size",0,[],[],[],,unsupported,['other']
region,305,1,94,身材高大。,['身材高大'],身材高大,1,"body_geometry, vague_size",0,[],[],[],,unsupported,['other']
region,305,1,96,身材高大。,['身材高大'],身材高大,1,"body_geometry, vague_size",0,[],[],[],,unsupported,['other']
region,305,1,163,选错了。,['选错了'],选错了,1,meta_or_uncertain,0,[],[],[],,meta,['meta']
region,306,1,11,腿和尾巴一样长，较长，脖子非常长，头较短。,['较长'],较长,1,other_unparsed,4,"['equality', 'general_case', 'general_case']","[[0.0, 0.0, 1.0, -1.0], [0.0, 0.0, -1.0, 1.0], [-1.0, 0.0, 0.0, 0.0], [0.0, 1.0, 0.0, 0.0]]","[0.1, 0.1, -0.5, 0.5]",1.0,ok,"['direct_absolute', 'equality']"
region,306,1,42,腿和头差不多一样长，长度较长，尾巴和脖子相对来说较短。,['长度较长'],长度较长,1,other_unparsed,4,"['equality', 'general_case']","[[0.0, -1.0, 1.0, 0.0], [0.0, 1.0, -1.0, 0.0], [0.0, 0.0, 0.0, 1.0], [1.0, 0.0, 0.0, 0.0]]","[0.1, 0.1, 0.5, 0.5]",0.6666666666666666,mismatch,"['direct_absolute', 'equality']"
region,306,1,44,脖子比头长，和腿差不多，比腿稍长，尾巴最短。,"['和腿差不多', '比腿稍长']",和腿差不多；比腿稍长,2,other_unparsed,4,"['comparison', 'superlative', 'superlative', 'superlative']","[[-1.0, 1.0, 0.0, 0.0], [-1.0, 0.0, 0.0, 1.0], [0.0, -1.0, 0.0, 1.0], [0.0, 0.0, -1.0, 1.0]]","[-0.0, -0.0, -0.0, -0.0]",1.0,ok,"['direct_absolute', 'superlative', 'comparison', 'equality']"
region,306,1,57,较躯干来说，腿较短，其他部位均较长，脖子比头长。,['较躯干来说'],较躯干来说,1,body_geometry,5,"['general_case', 'complement', 'comparison']","[[0.0, 0.0, 1.0, 0.0], [-1.0, 0.0, 0.0, 0.0], [0.0, -1.0, 0.0, 0.0], [0.0, 0.0, 0.0, -1.0], [-1.0, 1.0, 0.0, 0.0]]","[0.5, -0.5, -0.5, -0.5, -0.0]",1.0,ok,"['direct_absolute', 'comparison', 'body_ref']"
region,306,1,58,较躯干来说，腿适中，其他部位较长一些。,['较躯干来说'],较躯干来说,1,body_geometry,5,"['general_case', 'complement']","[[0.0, 0.0, -1.0, 0.0], [0.0, 0.0, 1.0, 0.0], [-1.0, 0.0, 0.0, 0.0], [0.0, -1.0, 0.0, 0.0], [0.0, 0.0, 0.0, -1.0]]","[-0.25, 0.75, -0.5, -0.5, -0.5]",1.0,ok,"['direct_absolute', 'body_ref']"
region,306,1,59,较躯干而言，腿适中，脖子较短，其他部位适中。,['较躯干而言'],较躯干而言,1,body_geometry,7,"['general_case', 'general_case', 'complement']","[[0.0, 0.0, -1.0, 0.0], [0.0, 0.0, 1.0, 0.0], [1.0, 0.0, 0.0, 0.0], [0.0, -1.0, 0.0, 0.0], [0.0, 1.0, 0.0, 0.0], [0.0, 0.0, 0.0, -1.0], [0.0, 0.0, 0.0, 1.0]]","[-0.25, 0.75, 0.5, -0.25, 0.75, -0.25, 0.75]",0.7142857142857143,mismatch,"['direct_absolute', 'body_ref']"
region,306,1,60,较躯干而言，腿的适中，脖子较短，头较长，尾巴短。,['较躯干而言'],较躯干而言,1,body_geometry,5,"['general_case', 'general_case', 'general_case', 'general_case']","[[0.0, 0.0, -1.0, 0.0], [0.0, 0.0, 1.0, 0.0], [1.0, 0.0, 0.0, 0.0], [0.0, -1.0, 0.0, 0.0], [0.0, 0.0, 0.0, 1.0]]","[-0.25, 0.75, 0.5, -0.5, 0.5]",1.0,ok,"['direct_absolute', 'body_ref']"
region,306,1,61,较躯干而言，腿适中，脖子比头长。,['较躯干而言'],较躯干而言,1,body_geometry,3,"['general_case', 'comparison']","[[0.0, 0.0, -1.0, 0.0], [0.0, 0.0, 1.0, 0.0], [-1.0, 1.0, 0.0, 0.0]]","[-0.25, 0.75, -0.0]",1.0,ok,"['direct_absolute', 'comparison', 'body_ref']"
region,306,1,62,较躯干而言，腿短，头比脖子稍长一些，四个部位都短，尾巴最长。,['较躯干而言'],较躯干而言,1,body_geometry,8,"['general_case', 'comparison', 'universal_quantifier', 'superlative', 'superlative', 'superlative']","[[0.0, 0.0, 1.0, 0.0], [1.0, -1.0, 0.0, 0.0], [1.0, 0.0, 0.0, 0.0], [0.0, 1.0, 0.0, 0.0], [0.0, 0.0, 0.0, 1.0], [1.0, 0.0, 0.0, -1.0], [0.0, 1.0, 0.0, -1.0], [0.0, 0.0, 1.0, -1.0]]","[0.5, -0.0, 0.5, 0.5, 0.5, -0.0, -0.0, -0.0]",0.8888888888888888,mismatch,"['direct_absolute', 'superlative', 'comparison', 'body_ref']"
region,306,1,63,较躯干来说，腿较长，尾巴短，脖子和头都较长。,['较躯干来说'],较躯干来说,1,body_geometry,4,"['general_case', 'general_case', 'general_case']","[[0.0, 0.0, -1.0, 0.0], [0.0, 0.0, 0.0, 1.0], [-1.0, 0.0, 0.0, 0.0], [0.0, -1.0, 0.0, 0.0]]","[-0.5, 0.5, -0.5, -0.5]",1.0,ok,"['direct_absolute', 'body_ref']"
region,306,1,64,较躯干来说，腿较长，脖子比头长，是头比脖子长，尾巴短。,['较躯干来说'],较躯干来说,1,body_geometry,4,"['general_case', 'comparison', 'comparison', 'general_case']","[[0.0, 0.0, -1.0, 0.0], [-1.0, 1.0, 0.0, 0.0], [1.0, -1.0, 0.0, 0.0], [0.0, 0.0, 0.0, 1.0]]","[-0.5, -0.0, -0.0, 0.5]",0.75,mismatch,"['direct_absolute', 'comparison', 'body_ref']"
region,306,1,65,较躯干来说，腿短，尾巴长。,['较躯干来说'],较躯干来说,1,body_geometry,2,"['general_case', 'general_case']","[[0.0, 0.0, 1.0, 0.0], [0.0, 0.0, 0.0, -1.0]]","[0.5, -0.5]",1.0,ok,"['direct_absolute', 'body_ref']"
region,306,1,66,较躯干而言，腿长，尾巴短。,['较躯干而言'],较躯干而言,1,body_geometry,2,"['general_case', 'general_case']","[[0.0, 0.0, -1.0, 0.0], [0.0, 0.0, 0.0, 1.0]]","[-0.5, 0.5]",1.0,ok,"['direct_absolute', 'body_ref']"
region,306,1,67,较躯干来说，腿短，尾巴长，头比脖子稍长。,['较躯干来说'],较躯干来说,1,body_geometry,3,"['general_case', 'general_case', 'comparison']","[[0.0, 0.0, 1.0, 0.0], [0.0, 0.0, 0.0, -1.0], [1.0, -1.0, 0.0, 0.0]]","[0.5, -0.5, -0.0]",1.0,ok,"['direct_absolute', 'comparison', 'body_ref']"
region,306,1,72,腿长，脖子和尾巴一样长，比头长。,['比头长'],比头长,1,other_unparsed,3,"['general_case', 'equality']","[[0.0, 0.0, -1.0, 0.0], [1.0, 0.0, 0.0, -1.0], [-1.0, 0.0, 0.0, 1.0]]","[-0.5, 0.1, 0.1]",1.0,ok,"['direct_absolute', 'comparison', 'equality']"
region,306,1,73,腿短，脖子比尾巴稍长，也比头长一些。,['也比头长一些'],也比头长一些,1,other_unparsed,2,"['general_case', 'comparison']","[[0.0, 0.0, 1.0, 0.0], [-1.0, 0.0, 0.0, 1.0]]","[0.5, -0.0]",1.0,ok,"['direct_absolute', 'comparison']"
region,306,1,88,腿短，脖子比头稍长，比尾巴长很多。,['比尾巴长很多'],比尾巴长很多,1,other_unparsed,2,"['general_case', 'comparison']","[[0.0, 0.0, 1.0, 0.0], [-1.0, 1.0, 0.0, 0.0]]","[0.5, -0.0]",1.0,ok,"['direct_absolute', 'comparison']"
region,306,1,147,腿短，尾巴很长，脖子和头，较短。,"['脖子和头', '较短']",脖子和头；较短,2,other_unparsed,2,"['general_case', 'general_case']","[[0.0, 0.0, 1.0, 0.0], [0.0, 0.0, 0.0, -1.0]]","[0.5, -0.5]",0.5,mismatch,['direct_absolute']
region,306,1,155,腿短，脖子和尾巴一样长，比头短。,['比头短'],比头短,1,other_unparsed,3,"['general_case', 'equality']","[[0.0, 0.0, 1.0, 0.0], [1.0, 0.0, 0.0, -1.0], [-1.0, 0.0, 0.0, 1.0]]","[0.5, 0.1, 0.1]",1.0,ok,"['direct_absolute', 'comparison', 'equality']"
region,306,1,174,腿较短，脖子较长，头和尾巴差不多一样长，比脖子短。,['比脖子短'],比脖子短,1,other_unparsed,4,"['general_case', 'general_case', 'equality']","[[0.0, 0.0, 1.0, 0.0], [-1.0, 0.0, 0.0, 0.0], [0.0, 1.0, 0.0, -1.0], [0.0, -1.0, 0.0, 1.0]]","[0.5, -0.5, 0.1, 0.1]",1.0,ok,"['direct_absolute', 'comparison', 'equality']"
region,306,1,214,腿明显很短，头比脖子长，比尾巴长很多。,['比尾巴长很多'],比尾巴长很多,1,other_unparsed,2,"['general_case', 'comparison']","[[0.0, 0.0, 1.0, 0.0], [1.0, -1.0, 0.0, 0.0]]","[0.5, -0.0]",1.0,ok,"['direct_absolute', 'comparison']"
region,306,1,218,腿明显比较长，头比脖子长，两者都很长，尾巴短。,['两者都很长'],两者都很长,1,other_unparsed,3,"['general_case', 'comparison', 'general_case']","[[0.0, 0.0, -1.0, 0.0], [1.0, -1.0, 0.0, 0.0], [0.0, 0.0, 0.0, 1.0]]","[-0.5, -0.0, 0.5]",1.0,ok,"['direct_absolute', 'comparison']"
region,306,1,220,腿较短，脖子比头子，脖子比头长，尾巴和脖子差不多一样长。,['脖子比头子'],脖子比头子,1,other_unparsed,4,"['general_case', 'comparison', 'equality']","[[0.0, 0.0, 1.0, 0.0], [-1.0, 1.0, 0.0, 0.0], [-1.0, 0.0, 0.0, 1.0], [1.0, 0.0, 0.0, -1.0]]","[0.5, -0.0, 0.1, 0.1]",1.0,ok,"['direct_absolute', 'comparison', 'equality']"
region,306,1,222,腿较长，尾巴，尾巴长，脖子比头短。,['尾巴'],尾巴,1,other_unparsed,3,"['general_case', 'general_case', 'comparison']","[[0.0, 0.0, -1.0, 0.0], [0.0, 0.0, 0.0, -1.0], [1.0, -1.0, 0.0, 0.0]]","[-0.5, -0.5, -0.0]",1.0,ok,"['direct_absolute', 'comparison']"
region,306,1,247,腿较短，脖子、头较长，尾巴略比前两者略短一些。,['尾巴略比前两者略短一些'],尾巴略比前两者略短一些,1,other_unparsed,3,"['general_case', 'general_case']","[[0.0, 0.0, 1.0, 0.0], [-1.0, 0.0, 0.0, 0.0], [0.0, -1.0, 0.0, 0.0]]","[0.5, -0.5, -0.5]",1.0,ok,"['direct_absolute', 'comparison']"
region,306,2,14,腿长，脖子和尾巴差不多长，比头长一些。,['比头长一些'],比头长一些,1,other_unparsed,3,"['general_case', 'equality']","[[0.0, 0.0, -1.0, 0.0], [1.0, 0.0, 0.0, -1.0], [-1.0, 0.0, 0.0, 1.0]]","[-0.5, 0.1, 0.1]",0.5,mismatch,"['direct_absolute', 'comparison', 'equality']"
region,306,2,17,腿短，脖子和头接近，长度较长，尾巴更长一些。,['长度较长'],长度较长,1,other_unparsed,4,"['general_case', 'equality', 'general_case']","[[0.0, 0.0, 1.0, 0.0], [1.0, -1.0, 0.0, 0.0], [-1.0, 1.0, 0.0, 0.0], [0.0, 0.0, 0.0, -1.0]]","[0.5, 0.1, 0.1, -0.5]",0.6666666666666666,mismatch,"['direct_absolute', 'equality']"
region,306,2,18,腿较长，尾巴较短，头和脖子长度接近，较长。,['较长'],较长,1,other_unparsed,4,"['general_case', 'general_case', 'equality']","[[0.0, 0.0, -1.0, 0.0], [0.0, 0.0, 0.0, 1.0], [-1.0, 1.0, 0.0, 0.0], [1.0, -1.0, 0.0, 0.0]]","[-0.5, 0.5, 0.1, 0.1]",0.6666666666666666,mismatch,"['direct_absolute', 'equality']"
region,306,2,22,腿较短，尾巴短，头，和脖子较长，脖子比头长一些。,['头'],头,1,other_unparsed,4,"['general_case', 'general_case', 'general_case', 'comparison']","[[0.0, 0.0, 1.0, 0.0], [0.0, 0.0, 0.0, 1.0], [-1.0, 0.0, 0.0, 0.0], [-1.0, 1.0, 0.0, 0.0]]","[0.5, 0.5, -0.5, -0.0]",0.75,mismatch,"['direct_absolute', 'comparison']"
region,306,2,36,腿较短，其他三者较长，且长度接近。,['且长度接近'],且长度接近,1,other_unparsed,4,"['general_case', 'complement']","[[0.0, 0.0, 1.0, 0.0], [-1.0, 0.0, 0.0, 0.0], [0.0, -1.0, 0.0, 0.0], [0.0, 0.0, 0.0, -1.0]]","[0.5, -0.5, -0.5, -0.5]",1.0,ok,"['direct_absolute', 'equality']"
region,306,2,37,腿较短，脖子较短，头和尾巴长度接近，较长。,['较长'],较长,1,other_unparsed,4,"['general_case', 'general_case', 'equality']","[[0.0, 0.0, 1.0, 0.0], [1.0, 0.0, 0.0, 0.0], [0.0, 1.0, 0.0, -1.0], [0.0, -1.0, 0.0, 1.0]]","[0.5, 0.5, 0.1, 0.1]",1.0,ok,"['direct_absolute', 'equality']"
region,306,2,42,腿较长，头较长、略长于脖子，脖子长度略短于尾巴。,['脖子长度略短于尾巴'],脖子长度略短于尾巴,1,other_unparsed,3,"['general_case', 'general_case', 'comparison']","[[0.0, 0.0, -1.0, 0.0], [0.0, -1.0, 0.0, 0.0], [1.0, -1.0, 0.0, 0.0]]","[-0.5, -0.5, -0.0]",1.0,ok,"['direct_absolute', 'comparison']"
region,306,2,66,腿短，尾巴长，头和脖子，也都很长。,"['头和脖子', '也都很长']",头和脖子；也都很长,2,other_unparsed,2,"['general_case', 'general_case']","[[0.0, 0.0, 1.0, 0.0], [0.0, 0.0, 0.0, -1.0]]","[0.5, -0.5]",1.0,ok,['direct_absolute']
region,306,2,83,腿很长，脖子，头较短，尾巴适中。,['脖子'],脖子,1,other_unparsed,4,"['general_case', 'general_case', 'general_case']","[[0.0, 0.0, -1.0, 0.0], [0.0, 1.0, 0.0, 0.0], [0.0, 0.0, 0.0, -1.0], [0.0, 0.0, 0.0, 1.0]]","[-0.5, 0.5, -0.25, 0.75]",1.0,ok,['direct_absolute']
region,306,2,95,腿长，头，较长。,"['头', '较长']",头；较长,2,other_unparsed,1,['general_case'],"[[0.0, 0.0, -1.0, 0.0]]",[-0.5],1.0,ok,['direct_absolute']
region,306,2,259,腿短，脖子，脖子稍长。,['脖子'],脖子,1,other_unparsed,2,"['general_case', 'general_case']","[[0.0, 0.0, 1.0, 0.0], [-1.0, 0.0, 0.0, 0.0]]","[0.5, -0.5]",0.5,mismatch,['direct_absolute']
region,307,1,14,腿、脖子和尾巴，四个部位都短，头较长。,['腿、脖子和尾巴'],腿、脖子和尾巴,1,other_unparsed,5,"['universal_quantifier', 'general_case']","[[1.0, 0.0, 0.0, 0.0], [0.0, 1.0, 0.0, 0.0], [0.0, 0.0, 1.0, 0.0], [0.0, 0.0, 0.0, 1.0], [0.0, -1.0, 0.0, 0.0]]","[0.5, 0.5, 0.5, 0.5, -0.5]",0.8,mismatch,['direct_absolute']
region,307,1,66,头和脖子差不多长，都是较长，尾巴中等，腿较长。,['都是较长'],都是较长,1,other_unparsed,5,"['equality', 'general_case', 'general_case']","[[-1.0, 1.0, 0.0, 0.0], [1.0, -1.0, 0.0, 0.0], [0.0, 0.0, 0.0, -1.0], [0.0, 0.0, 0.0, 1.0], [0.0, 0.0, -1.0, 0.0]]","[0.1, 0.1, -0.25, 0.75, -0.5]",1.0,ok,"['direct_absolute', 'equality']"
region,307,1,86,头和脖子差不多长，它们都是中等，腿较长，尾巴较长。,['它们都是中等'],它们都是中等,1,other_unparsed,4,"['equality', 'general_case', 'general_case']","[[-1.0, 1.0, 0.0, 0.0], [1.0, -1.0, 0.0, 0.0], [0.0, 0.0, -1.0, 0.0], [0.0, 0.0, 0.0, -1.0]]","[0.1, 0.1, -0.5, -0.5]",1.0,ok,"['direct_absolute', 'equality']"
region,307,1,141,脖子是头的两倍。,['脖子是头的两倍'],脖子是头的两倍,1,other_unparsed,0,[],[],[],,unsupported,['other']
region,307,1,159,头和脖子，腿较短，尾巴很短。,['头和脖子'],头和脖子,1,other_unparsed,2,"['general_case', 'general_case']","[[0.0, 0.0, 1.0, 0.0], [0.0, 0.0, 0.0, 1.0]]","[0.5, 0.5]",1.0,ok,['direct_absolute']
region,307,1,174,头较长，脖，脖子，中等，尾巴中等，腿较短。,"['脖子', '脖子', '中等']",脖子；脖子；中等,3,other_unparsed,4,"['general_case', 'general_case', 'general_case']","[[0.0, -1.0, 0.0, 0.0], [0.0, 0.0, 0.0, -1.0], [0.0, 0.0, 0.0, 1.0], [0.0, 0.0, 1.0, 0.0]]","[-0.5, -0.25, 0.75, 0.5]",1.0,ok,['direct_absolute']
region,307,2,4,脖子比头长一点，两个都是较长，尾巴较长，腿很短。,['两个都是较长'],两个都是较长,1,other_unparsed,3,"['comparison', 'general_case', 'general_case']","[[-1.0, 1.0, 0.0, 0.0], [0.0, 0.0, 0.0, -1.0], [0.0, 0.0, 1.0, 0.0]]","[-0.0, -0.5, 0.5]",1.0,ok,"['direct_absolute', 'comparison']"
region,307,2,62,腿和尾巴很长，脖子很长，头很小。,['头很小'],头很小,1,vague_size,3,"['general_case', 'general_case']","[[0.0, 0.0, -1.0, 0.0], [0.0, 0.0, 0.0, -1.0], [-1.0, 0.0, 0.0, 0.0]]","[-0.5, -0.5, -0.5]",1.0,ok,['direct_absolute']
region,307,2,193,腿很长，脖子，脖子、尾巴较长，头很短。,['脖子'],脖子,1,other_unparsed,4,"['general_case', 'general_case', 'general_case']","[[0.0, 0.0, -1.0, 0.0], [-1.0, 0.0, 0.0, 0.0], [0.0, 0.0, 0.0, -1.0], [0.0, 1.0, 0.0, 0.0]]","[-0.5, -0.5, -0.5, 0.5]",1.0,ok,['direct_absolute']
region,308,1,53,腿与尾巴，最短。,"['腿与尾巴', '最短']",腿与尾巴；最短,2,other_unparsed,0,[],[],[],,unsupported,"['direct_absolute', 'superlative']"
region,308,1,55,脖子与腿长度相似，且长度长于头。,['且长度长于头'],且长度长于头,1,other_unparsed,2,['equality'],"[[1.0, 0.0, -1.0, 0.0], [-1.0, 0.0, 1.0, 0.0]]","[0.1, 0.1]",1.0,ok,"['direct_absolute', 'comparison', 'equality']"
region,308,1,63,脖子与尾巴长度相似，且最长。,['且最长'],且最长,1,other_unparsed,2,['equality'],"[[1.0, 0.0, 0.0, -1.0], [-1.0, 0.0, 0.0, 1.0]]","[0.1, 0.1]",0.0,mismatch,"['direct_absolute', 'superlative', 'equality']"
region,308,1,89,尾巴最长，其，头、脖子、腿长度相似。,['其'],其,1,other_unparsed,9,"['superlative', 'superlative', 'superlative', 'equality']","[[1.0, 0.0, 0.0, -1.0], [0.0, 1.0, 0.0, -1.0], [0.0, 0.0, 1.0, -1.0], [-1.0, 1.0, 0.0, 0.0], [1.0, -1.0, 0.0, 0.0], [0.0, 1.0, -1.0, 0.0], [0.0, -1.0, 1.0, 0.0], [1.0, 0.0, -1.0, 0.0], [-1.0, 0.0, 1.0, 0.0]]","[-0.0, -0.0, -0.0, 0.1, 0.1, 0.1, 0.1, 0.1, 0.1]",1.0,ok,"['direct_absolute', 'superlative', 'equality']"
region,308,1,92,头与尾巴长度相似，比脖子长。,['比脖子长'],比脖子长,1,other_unparsed,2,['equality'],"[[0.0, 1.0, 0.0, -1.0], [0.0, -1.0, 0.0, 1.0]]","[0.1, 0.1]",1.0,ok,"['direct_absolute', 'comparison', 'equality']"
region,308,1,112,头最短，腿与尾巴等长，且更长。,['且更长'],且更长,1,other_unparsed,5,"['superlative', 'superlative', 'superlative', 'equality']","[[-1.0, 1.0, 0.0, 0.0], [0.0, 1.0, -1.0, 0.0], [0.0, 1.0, 0.0, -1.0], [0.0, 0.0, 1.0, -1.0], [0.0, 0.0, -1.0, 1.0]]","[-0.0, -0.0, -0.0, 0.1, 0.1]",1.0,ok,"['direct_absolute', 'superlative', 'equality']"
region,308,1,135,腿最长，尾巴最短，脖子比头长，短于腿。,['短于腿'],短于腿,1,other_unparsed,6,"['superlative', 'superlative', 'superlative', 'superlative', 'superlative', 'superlative', 'comparison']","[[1.0, 0.0, -1.0, 0.0], [0.0, 1.0, -1.0, 0.0], [0.0, 0.0, -1.0, 1.0], [-1.0, 0.0, 0.0, 1.0], [0.0, -1.0, 0.0, 1.0], [-1.0, 1.0, 0.0, 0.0]]","[-0.0, -0.0, -0.0, -0.0, -0.0, -0.0]",1.0,ok,"['direct_absolute', 'superlative', 'comparison']"
region,308,1,160,哪个最长，头和脖子长度相似，腿最短。,['哪个最长'],哪个最长,1,other_unparsed,5,"['equality', 'superlative', 'superlative', 'superlative']","[[-1.0, 1.0, 0.0, 0.0], [1.0, -1.0, 0.0, 0.0], [-1.0, 0.0, 1.0, 0.0], [0.0, -1.0, 1.0, 0.0], [0.0, 0.0, 1.0, -1.0]]","[0.1, 0.1, -0.0, -0.0, -0.0]",1.0,ok,"['direct_absolute', 'superlative', 'equality']"
region,308,1,194,脖子比头长，腿和尾巴长度相似，且比脖子更长。,['且比脖子更长'],且比脖子更长,1,other_unparsed,3,"['comparison', 'equality']","[[-1.0, 1.0, 0.0, 0.0], [0.0, 0.0, 1.0, -1.0], [0.0, 0.0, -1.0, 1.0]]","[-0.0, 0.1, 0.1]",0.5,mismatch,"['direct_absolute', 'comparison', 'equality']"
region,308,1,210,脖子比头长，腿与尾巴长度相似，且比且比脖子更长。,['且比且比脖子更长'],且比且比脖子更长,1,other_unparsed,3,"['comparison', 'equality']","[[-1.0, 1.0, 0.0, 0.0], [0.0, 0.0, 1.0, -1.0], [0.0, 0.0, -1.0, 1.0]]","[-0.0, 0.1, 0.1]",1.0,ok,"['direct_absolute', 'comparison', 'equality']"
region,308,1,296,尾巴比腿，腿长。,['尾巴比腿'],尾巴比腿,1,other_unparsed,1,['general_case'],"[[0.0, 0.0, -1.0, 0.0]]",[-0.5],0.0,mismatch,"['direct_absolute', 'comparison']"
region,308,2,14,脖子比头长，脖子与尾巴长度无法分辨。,['脖子与尾巴长度无法分辨'],脖子与尾巴长度无法分辨,1,other_unparsed,1,['comparison'],"[[-1.0, 1.0, 0.0, 0.0]]",[-0.0],1.0,ok,"['direct_absolute', 'comparison']"
region,308,2,35,脖子比尾巴长，比腿长。,['比腿长'],比腿长,1,other_unparsed,1,['comparison'],"[[-1.0, 0.0, 0.0, 1.0]]",[-0.0],1.0,ok,"['direct_absolute', 'comparison']"
region,308,2,235,脖子不是最长。,['脖子不是最长'],脖子不是最长,1,other_unparsed,0,[],[],[],,unsupported,"['direct_absolute', 'superlative', 'negation']"
region,308,2,239,脖子不是最长，腿长。,['脖子不是最长'],脖子不是最长,1,other_unparsed,1,['general_case'],"[[0.0, 0.0, -1.0, 0.0]]",[-0.5],1.0,ok,"['direct_absolute', 'superlative', 'negation']"
region,308,2,241,脖子不是最长，尾巴长。,['脖子不是最长'],脖子不是最长,1,other_unparsed,1,['general_case'],"[[0.0, 0.0, 0.0, -1.0]]",[-0.5],1.0,ok,"['direct_absolute', 'superlative', 'negation']"
region,308,2,242,脖子不是最长。,['脖子不是最长'],脖子不是最长,1,other_unparsed,0,[],[],[],,unsupported,"['direct_absolute', 'superlative', 'negation']"
region,308,2,243,脖子不是最长。,['脖子不是最长'],脖子不是最长,1,other_unparsed,0,[],[],[],,unsupported,"['direct_absolute', 'superlative', 'negation']"
region,308,2,244,脖子不是最长。,['脖子不是最长'],脖子不是最长,1,other_unparsed,0,[],[],[],,unsupported,"['direct_absolute', 'superlative', 'negation']"
region,308,2,257,脖子不是最长。,['脖子不是最长'],脖子不是最长,1,other_unparsed,0,[],[],[],,unsupported,"['direct_absolute', 'superlative', 'negation']"
region,308,2,258,脖子不是最长。,['脖子不是最长'],脖子不是最长,1,other_unparsed,0,[],[],[],,unsupported,"['direct_absolute', 'superlative', 'negation']"
region,308,2,273,脖子不是最长。,['脖子不是最长'],脖子不是最长,1,other_unparsed,0,[],[],[],,unsupported,"['direct_absolute', 'superlative', 'negation']"
region,308,2,280,脖子不是最长。,['脖子不是最长'],脖子不是最长,1,other_unparsed,0,[],[],[],,unsupported,"['direct_absolute', 'superlative', 'negation']"
region,308,2,301,脖子不是最长。,['脖子不是最长'],脖子不是最长,1,other_unparsed,0,[],[],[],,unsupported,"['direct_absolute', 'superlative', 'negation']"
region,308,2,308,脖子不是最长。,['脖子不是最长'],脖子不是最长,1,other_unparsed,0,[],[],[],,unsupported,"['direct_absolute', 'superlative', 'negation']"
region,308,2,311,脖子不是最长。,['脖子不是最长'],脖子不是最长,1,other_unparsed,0,[],[],[],,unsupported,"['direct_absolute', 'superlative', 'negation']"
region,308,2,313,脖子不是最长。,['脖子不是最长'],脖子不是最长,1,other_unparsed,0,[],[],[],,unsupported,"['direct_absolute', 'superlative', 'negation']"
region,309,1,23,尾巴非常短，其他部位正常。,['其他部位正常'],其他部位正常,1,other_reference,1,['general_case'],"[[0.0, 0.0, 0.0, 1.0]]",[0.5],1.0,ok,['direct_absolute']
region,309,1,26,整体都较为均匀。,['整体都较为均匀'],整体都较为均匀,1,global_balance,0,[],[],[],,unsupported,['equality']
region,309,1,27,整体都较为均匀。,['整体都较为均匀'],整体都较为均匀,1,global_balance,0,[],[],[],,unsupported,['equality']
region,309,1,53,腿、头、尾巴都比脖子长。,['腿、头、尾巴都比脖子长'],腿、头、尾巴都比脖子长,1,other_unparsed,0,[],[],[],,unsupported,"['direct_absolute', 'comparison']"
region,309,1,258,比较均衡。,['比较均衡'],比较均衡,1,global_balance,0,[],[],[],,unsupported,"['comparison', 'equality']"
region,309,1,259,尾巴短，小小。,['小小'],小小,1,other_unparsed,1,['general_case'],"[[0.0, 0.0, 0.0, 1.0]]",[0.5],1.0,ok,['direct_absolute']
region,309,1,264,比较均衡。,['比较均衡'],比较均衡,1,global_balance,0,[],[],[],,unsupported,"['comparison', 'equality']"
region,309,1,295,非常均衡。,['非常均衡'],非常均衡,1,global_balance,0,[],[],[],,unsupported,['equality']
region,309,1,317,基本都很均衡。,['基本都很均衡'],基本都很均衡,1,global_balance,0,[],[],[],,unsupported,['equality']
region,309,3,9,选错了。,['选错了'],选错了,1,meta_or_uncertain,0,[],[],[],,meta,['meta']
region,310,1,41,头最长，腿最短，相差较大。,['相差较大'],相差较大,1,other_unparsed,5,"['superlative', 'superlative', 'superlative', 'superlative', 'superlative', 'superlative']","[[1.0, -1.0, 0.0, 0.0], [0.0, -1.0, 1.0, 0.0], [0.0, -1.0, 0.0, 1.0], [-1.0, 0.0, 1.0, 0.0], [0.0, 0.0, 1.0, -1.0]]","[-0.0, -0.0, -0.0, -0.0, -0.0]",1.0,ok,"['direct_absolute', 'superlative']"
region,310,1,160,头很长，脖子和腿，长度差不多。,"['脖子和腿', '长度差不多']",脖子和腿；长度差不多,2,global_balance,1,['general_case'],"[[0.0, -1.0, 0.0, 0.0]]",[-0.5],1.0,ok,"['direct_absolute', 'equality']"
region,310,1,235,脖子长，头和尾巴，中间腿最短。,['头和尾巴'],头和尾巴,1,other_unparsed,4,"['general_case', 'superlative', 'superlative', 'superlative']","[[-1.0, 0.0, 0.0, 0.0], [-1.0, 0.0, 1.0, 0.0], [0.0, -1.0, 1.0, 0.0], [0.0, 0.0, 1.0, -1.0]]","[-0.5, -0.0, -0.0, -0.0]",1.0,ok,"['direct_absolute', 'superlative']"
region,310,1,236,腿最长，头、尾巴、脖子较短，且长度差不多。,['且长度差不多'],且长度差不多,1,global_balance,6,"['superlative', 'superlative', 'superlative', 'general_case']","[[1.0, 0.0, -1.0, 0.0], [0.0, 1.0, -1.0, 0.0], [0.0, 0.0, -1.0, 1.0], [0.0, 1.0, 0.0, 0.0], [0.0, 0.0, 0.0, 1.0], [1.0, 0.0, 0.0, 0.0]]","[-0.0, -0.0, -0.0, 0.5, 0.5, 0.5]",1.0,ok,"['direct_absolute', 'superlative', 'equality']"
region,310,1,251,腿最长，其他部位都相对较短，且长度差不多。,['且长度差不多'],且长度差不多,1,global_balance,6,"['superlative', 'superlative', 'superlative', 'complement']","[[1.0, 0.0, -1.0, 0.0], [0.0, 1.0, -1.0, 0.0], [0.0, 0.0, -1.0, 1.0], [1.0, 0.0, 0.0, 0.0], [0.0, 1.0, 0.0, 0.0], [0.0, 0.0, 0.0, 1.0]]","[-0.0, -0.0, -0.0, 0.5, 0.5, 0.5]",1.0,ok,"['direct_absolute', 'superlative', 'equality']"
region,310,1,300,头和腿长，脖子和腿，和尾巴短。,['脖子和腿'],脖子和腿,1,other_unparsed,3,"['general_case', 'general_case']","[[0.0, -1.0, 0.0, 0.0], [0.0, 0.0, -1.0, 0.0], [0.0, 0.0, 0.0, 1.0]]","[-0.5, -0.5, 0.5]",0.3333333333333333,mismatch,['direct_absolute']
region,310,2,27,腿很长，尾巴稍短，头和脖子要比尾巴更短一些。,['头和脖子要比尾巴更短一些'],头和脖子要比尾巴更短一些,1,other_unparsed,2,"['general_case', 'general_case']","[[0.0, 0.0, -1.0, 0.0], [0.0, 0.0, 0.0, 1.0]]","[-0.5, 0.5]",0.5,mismatch,"['direct_absolute', 'comparison']"
region,310,2,37,头、脖子和腿长度差不多，尾巴要稍短一些，和躯干的长度相当，全身比较均衡。,['全身比较均衡'],全身比较均衡,1,global_balance,9,"['equality', 'general_case', 'body_ref']","[[-1.0, 1.0, 0.0, 0.0], [1.0, -1.0, 0.0, 0.0], [0.0, 1.0, -1.0, 0.0], [0.0, -1.0, 1.0, 0.0], [1.0, 0.0, -1.0, 0.0], [-1.0, 0.0, 1.0, 0.0], [0.0, 0.0, 0.0, 1.0], [0.0, 0.0, 0.0, -1.0], [0.0, 0.0, 0.0, 1.0]]","[0.1, 0.1, 0.1, 0.1, 0.1, 0.1, 0.5, -0.4, 0.6]",0.0,mismatch,"['direct_absolute', 'comparison', 'equality', 'body_ref']"
region,310,2,67,头最长，尾巴稍微比脖子和腿短一点。,['尾巴稍微比脖子和腿短一点'],尾巴稍微比脖子和腿短一点,1,other_unparsed,3,"['superlative', 'superlative', 'superlative']","[[1.0, -1.0, 0.0, 0.0], [0.0, -1.0, 1.0, 0.0], [0.0, -1.0, 0.0, 1.0]]","[-0.0, -0.0, -0.0]",1.0,ok,"['direct_absolute', 'superlative', 'comparison']"
region,310,2,76,尾巴长，腿第二，头第三，脖子，次。,"['头第三', '脖子', '次']",头第三；脖子；次,3,ordinal_or_secondary,2,"['general_case', 'comparison']","[[0.0, 0.0, 0.0, -1.0], [0.0, 0.0, 1.0, -1.0]]","[-0.5, -0.0]",1.0,ok,"['direct_absolute', 'ranking']"
region,310,2,82,头最长，脖子、腿，差不多长，尾巴很短。,"['脖子、腿', '差不多长']",脖子、腿；差不多长,2,global_balance,4,"['superlative', 'superlative', 'superlative', 'general_case']","[[1.0, -1.0, 0.0, 0.0], [0.0, -1.0, 1.0, 0.0], [0.0, -1.0, 0.0, 1.0], [0.0, 0.0, 0.0, 1.0]]","[-0.0, -0.0, -0.0, 0.5]",1.0,ok,"['direct_absolute', 'superlative', 'equality']"
region,310,2,103,头，脖子和腿较长，尾巴稍短。,['头'],头,1,other_unparsed,3,"['general_case', 'general_case']","[[-1.0, 0.0, 0.0, 0.0], [0.0, 0.0, -1.0, 0.0], [0.0, 0.0, 0.0, 1.0]]","[-0.5, -0.5, 0.5]",0.6666666666666666,mismatch,['direct_absolute']
region,310,2,109,头最长，也比较短，脖子、腿、尾巴都很短。,['也比较短'],也比较短,1,other_unparsed,6,"['superlative', 'superlative', 'superlative', 'general_case']","[[1.0, -1.0, 0.0, 0.0], [0.0, -1.0, 1.0, 0.0], [0.0, -1.0, 0.0, 1.0], [1.0, 0.0, 0.0, 0.0], [0.0, 0.0, 1.0, 0.0], [0.0, 0.0, 0.0, 1.0]]","[-0.0, -0.0, -0.0, 0.5, 0.5, 0.5]",1.0,ok,"['direct_absolute', 'superlative', 'comparison']"
region,310,2,117,差不多长。,['差不多长'],差不多长,1,global_balance,0,[],[],[],,unsupported,"['direct_absolute', 'equality']"
region,310,2,155,脖子很长，其他，差不多。,"['其他', '差不多']",其他；差不多,2,"other_reference, global_balance",1,['general_case'],"[[-1.0, 0.0, 0.0, 0.0]]",[-0.5],1.0,ok,"['direct_absolute', 'equality']"
region,310,2,224,脖子最长，头，尾巴和腿稍短。,['头'],头,1,other_unparsed,5,"['superlative', 'superlative', 'superlative', 'general_case']","[[-1.0, 1.0, 0.0, 0.0], [-1.0, 0.0, 1.0, 0.0], [-1.0, 0.0, 0.0, 1.0], [0.0, 0.0, 0.0, 1.0], [0.0, 0.0, 1.0, 0.0]]","[-0.0, -0.0, -0.0, 0.5, 0.5]",0.6,mismatch,"['direct_absolute', 'superlative']"
region,310,2,226,脖子最，头最长，脖子最短，腿和尾巴中间。,['脖子最'],脖子最,1,other_unparsed,9,"['superlative', 'superlative', 'superlative', 'superlative', 'superlative', 'superlative', 'general_case']","[[1.0, -1.0, 0.0, 0.0], [0.0, -1.0, 1.0, 0.0], [0.0, -1.0, 0.0, 1.0], [1.0, 0.0, -1.0, 0.0], [1.0, 0.0, 0.0, -1.0], [0.0, 0.0, -1.0, 0.0], [0.0, 0.0, 1.0, 0.0], [0.0, 0.0, 0.0, -1.0], [0.0, 0.0, 0.0, 1.0]]","[-0.0, -0.0, -0.0, -0.0, -0.0, -0.25, 0.75, -0.25, 0.75]",1.0,ok,"['direct_absolute', 'superlative']"
region,310,2,227,头和尾巴长，脖子和腿，短。,"['脖子和腿', '短']",脖子和腿；短,2,other_unparsed,2,['general_case'],"[[0.0, -1.0, 0.0, 0.0], [0.0, 0.0, 0.0, -1.0]]","[-0.5, -0.5]",1.0,ok,['direct_absolute']
region,310,3,28,头，尾巴稍短，脖子最长，腿稍长。,['头'],头,1,other_unparsed,5,"['general_case', 'superlative', 'superlative', 'superlative', 'general_case']","[[0.0, 0.0, 0.0, 1.0], [-1.0, 1.0, 0.0, 0.0], [-1.0, 0.0, 1.0, 0.0], [-1.0, 0.0, 0.0, 1.0], [0.0, 0.0, -1.0, 0.0]]","[0.5, -0.0, -0.0, -0.0, -0.5]",1.0,ok,"['direct_absolute', 'superlative']"
region,310,3,42,头稍短，脖子、躯干、尾巴、腿长度差不多，比头长。,['比头长'],比头长,1,other_unparsed,7,"['general_case', 'equality']","[[0.0, 1.0, 0.0, 0.0], [1.0, 0.0, 0.0, -1.0], [-1.0, 0.0, 0.0, 1.0], [1.0, 0.0, -1.0, 0.0], [-1.0, 0.0, 1.0, 0.0], [0.0, 0.0, -1.0, 1.0], [0.0, 0.0, 1.0, -1.0]]","[0.5, 0.1, 0.1, 0.1, 0.1, 0.1, 0.1]",1.0,ok,"['direct_absolute', 'comparison', 'equality', 'body_ref']"
region,310,3,49,头最长、比躯干长，脖子、腿、尾巴长度相当，且与躯干长度差不多。,['且与躯干长度差不多'],且与躯干长度差不多,1,"body_geometry, global_balance",10,"['superlative', 'superlative', 'superlative', 'body_ref', 'equality']","[[1.0, -1.0, 0.0, 0.0], [0.0, -1.0, 1.0, 0.0], [0.0, -1.0, 0.0, 1.0], [0.0, -1.0, 0.0, 0.0], [1.0, 0.0, -1.0, 0.0], [-1.0, 0.0, 1.0, 0.0], [1.0, 0.0, 0.0, -1.0], [-1.0, 0.0, 0.0, 1.0], [0.0, 0.0, 1.0, -1.0], [0.0, 0.0, -1.0, 1.0]]","[-0.0, -0.0, -0.0, -0.5, 0.1, 0.1, 0.1, 0.1, 0.1, 0.1]",1.0,ok,"['direct_absolute', 'superlative', 'comparison', 'equality', 'body_ref']"
region,310,3,69,头和尾巴，相当躯干，差不多，脖子最长，腿最短。,"['头和尾巴', '相当躯干', '差不多']",头和尾巴；相当躯干；差不多,3,"body_geometry, global_balance",5,"['superlative', 'superlative', 'superlative', 'superlative', 'superlative', 'superlative']","[[-1.0, 1.0, 0.0, 0.0], [-1.0, 0.0, 1.0, 0.0], [-1.0, 0.0, 0.0, 1.0], [0.0, -1.0, 1.0, 0.0], [0.0, 0.0, 1.0, -1.0]]","[-0.0, -0.0, -0.0, -0.0, -0.0]",1.0,ok,"['direct_absolute', 'superlative', 'equality', 'body_ref']"
region,310,3,71,腿最短，躯干最长，头、脖子、尾巴长度中间且差不多。,['躯干最长'],躯干最长,1,body_geometry,9,"['superlative', 'superlative', 'superlative', 'equality']","[[-1.0, 0.0, 1.0, 0.0], [0.0, -1.0, 1.0, 0.0], [0.0, 0.0, 1.0, -1.0], [-1.0, 1.0, 0.0, 0.0], [1.0, -1.0, 0.0, 0.0], [0.0, 1.0, 0.0, -1.0], [0.0, -1.0, 0.0, 1.0], [1.0, 0.0, 0.0, -1.0], [-1.0, 0.0, 0.0, 1.0]]","[-0.0, -0.0, -0.0, 0.1, 0.1, 0.1, 0.1, 0.1, 0.1]",1.0,ok,"['direct_absolute', 'superlative', 'equality', 'body_ref']"
region,310,3,75,尾巴和腿，长度比躯干更长，头和脖子很短。,"['尾巴和腿', '长度比躯干更长']",尾巴和腿；长度比躯干更长,2,body_geometry,2,['general_case'],"[[0.0, 1.0, 0.0, 0.0], [1.0, 0.0, 0.0, 0.0]]","[0.5, 0.5]",1.0,ok,"['direct_absolute', 'comparison', 'body_ref']"
region,310,3,77,头，腿、尾巴很长，脖子很短。,['头'],头,1,other_unparsed,3,"['general_case', 'general_case']","[[0.0, 0.0, -1.0, 0.0], [0.0, 0.0, 0.0, -1.0], [1.0, 0.0, 0.0, 0.0]]","[-0.5, -0.5, 0.5]",1.0,ok,['direct_absolute']
region,310,3,78,腿最长，头和躯干差不多，脖子最短，尾巴稍短。,['头和躯干差不多'],头和躯干差不多,1,"body_geometry, global_balance",6,"['superlative', 'superlative', 'superlative', 'superlative', 'superlative', 'superlative', 'general_case']","[[1.0, 0.0, -1.0, 0.0], [0.0, 1.0, -1.0, 0.0], [0.0, 0.0, -1.0, 1.0], [1.0, -1.0, 0.0, 0.0], [1.0, 0.0, 0.0, -1.0], [0.0, 0.0, 0.0, 1.0]]","[-0.0, -0.0, -0.0, -0.0, -0.0, 0.5]",1.0,ok,"['direct_absolute', 'superlative', 'equality', 'body_ref']"
region,310,3,92,头稍长，躯干最长，脖子、尾巴、腿较短。,['躯干最长'],躯干最长,1,body_geometry,4,"['general_case', 'general_case']","[[0.0, -1.0, 0.0, 0.0], [1.0, 0.0, 0.0, 0.0], [0.0, 0.0, 0.0, 1.0], [0.0, 0.0, 1.0, 0.0]]","[-0.5, 0.5, 0.5, 0.5]",0.75,mismatch,"['direct_absolute', 'superlative', 'body_ref']"
region,310,3,262,头短，尾巴、躯干较长，腿，脖子较短。,['腿'],腿,1,other_unparsed,3,"['general_case', 'general_case', 'general_case']","[[0.0, 1.0, 0.0, 0.0], [0.0, 0.0, 0.0, -1.0], [1.0, 0.0, 0.0, 0.0]]","[0.5, -0.5, 0.5]",1.0,ok,"['direct_absolute', 'body_ref']"
region,310,3,285,头短，其余各肢平衡。,['其余各肢平衡'],其余各肢平衡,1,other_reference,1,['general_case'],"[[0.0, 1.0, 0.0, 0.0]]",[0.5],1.0,ok,['direct_absolute']
region,310,3,300,头短，躯干长。,['躯干长'],躯干长,1,body_geometry,1,['general_case'],"[[0.0, 1.0, 0.0, 0.0]]",[0.5],1.0,ok,"['direct_absolute', 'body_ref']"
region,310,3,319,头短，躯干长。,['躯干长'],躯干长,1,body_geometry,1,['general_case'],"[[0.0, 1.0, 0.0, 0.0]]",[0.5],1.0,ok,"['direct_absolute', 'body_ref']"
region,310,4,13,头比躯干短，腿比其他部位都长，且最长。,['且最长'],且最长,1,other_unparsed,4,"['body_ref', 'comparison']","[[0.0, 1.0, 0.0, 0.0], [1.0, 0.0, -1.0, 0.0], [0.0, 1.0, -1.0, 0.0], [0.0, 0.0, -1.0, 1.0]]","[0.5, -0.0, -0.0, -0.0]",1.0,ok,"['direct_absolute', 'superlative', 'comparison', 'body_ref']"
region,310,4,16,头比躯干短，尾巴短，躯干最长，且明显长于其他部位。,['躯干最长'],躯干最长,1,body_geometry,5,"['body_ref', 'general_case', 'comparison']","[[0.0, 1.0, 0.0, 0.0], [0.0, 0.0, 0.0, 1.0], [1.0, 0.0, 0.0, -1.0], [0.0, 1.0, 0.0, -1.0], [0.0, 0.0, 1.0, -1.0]]","[0.5, 0.5, -0.0, -0.0, -0.0]",0.6666666666666666,mismatch,"['direct_absolute', 'superlative', 'comparison', 'body_ref']"
region,310,4,17,头比躯干短，其余各部位长度比头长，且长度相当。,"['其余各部位长度比头长', '且长度相当']",其余各部位长度比头长；且长度相当,2,"other_reference, global_balance",1,['body_ref'],"[[0.0, 1.0, 0.0, 0.0]]",[0.5],1.0,ok,"['direct_absolute', 'comparison', 'equality', 'body_ref']"
region,310,4,18,头比躯干短，躯干较长，其余各部分较短。,['躯干较长'],躯干较长,1,body_geometry,4,"['body_ref', 'complement']","[[0.0, 1.0, 0.0, 0.0], [1.0, 0.0, 0.0, 0.0], [0.0, 0.0, 1.0, 0.0], [0.0, 0.0, 0.0, 1.0]]","[0.5, 0.5, 0.5, 0.5]",1.0,ok,"['direct_absolute', 'comparison', 'body_ref']"
region,310,4,36,头短，脖子长，尾巴长，躯干长，腿最短。,['躯干长'],躯干长,1,body_geometry,6,"['general_case', 'general_case', 'general_case', 'superlative', 'superlative', 'superlative']","[[0.0, 1.0, 0.0, 0.0], [-1.0, 0.0, 0.0, 0.0], [0.0, 0.0, 0.0, -1.0], [-1.0, 0.0, 1.0, 0.0], [0.0, -1.0, 1.0, 0.0], [0.0, 0.0, 1.0, -1.0]]","[0.5, -0.5, -0.5, -0.0, -0.0, -0.0]",0.8333333333333334,mismatch,"['direct_absolute', 'superlative', 'body_ref']"
region,310,4,40,头短，躯干最长，其余各部位都较短且差不多长。,['躯干最长'],躯干最长,1,body_geometry,4,"['general_case', 'complement']","[[0.0, 1.0, 0.0, 0.0], [1.0, 0.0, 0.0, 0.0], [0.0, 0.0, 1.0, 0.0], [0.0, 0.0, 0.0, 1.0]]","[0.5, 0.5, 0.5, 0.5]",1.0,ok,"['direct_absolute', 'superlative', 'equality', 'body_ref']"
region,311,1,1,头、脖子、尾巴、腿略长，且都比较接近。,['且都比较接近'],且都比较接近,1,other_unparsed,4,['general_case'],"[[0.0, -1.0, 0.0, 0.0], [-1.0, 0.0, 0.0, 0.0], [0.0, 0.0, 0.0, -1.0], [0.0, 0.0, -1.0, 0.0]]","[-0.5, -0.5, -0.5, -0.5]",0.0,mismatch,"['direct_absolute', 'comparison', 'equality']"
region,311,1,6,脖子、腿、尾巴比较长，且比较接近，头最短。,['且比较接近'],且比较接近,1,other_unparsed,6,"['general_case', 'superlative', 'superlative', 'superlative']","[[-1.0, 0.0, 0.0, 0.0], [0.0, 0.0, -1.0, 0.0], [0.0, 0.0, 0.0, -1.0], [-1.0, 1.0, 0.0, 0.0], [0.0, 1.0, -1.0, 0.0], [0.0, 1.0, 0.0, -1.0]]","[-0.5, -0.5, -0.5, -0.0, -0.0, -0.0]",1.0,ok,"['direct_absolute', 'superlative', 'comparison', 'equality']"
region,311,1,25,头最长，尾巴，脖子和腿略短。,['尾巴'],尾巴,1,other_unparsed,5,"['superlative', 'superlative', 'superlative', 'general_case']","[[1.0, -1.0, 0.0, 0.0], [0.0, -1.0, 1.0, 0.0], [0.0, -1.0, 0.0, 1.0], [1.0, 0.0, 0.0, 0.0], [0.0, 0.0, 1.0, 0.0]]","[-0.0, -0.0, -0.0, 0.5, 0.5]",0.6,mismatch,"['direct_absolute', 'superlative']"
region,311,1,61,腿最长，头、尾巴和脖子。,['头、尾巴和脖子'],头、尾巴和脖子,1,other_unparsed,3,"['superlative', 'superlative', 'superlative']","[[1.0, 0.0, -1.0, 0.0], [0.0, 1.0, -1.0, 0.0], [0.0, 0.0, -1.0, 1.0]]","[-0.0, -0.0, -0.0]",0.6666666666666666,mismatch,"['direct_absolute', 'superlative']"
region,311,1,78,尾巴最长，脖子、头和腿，很短。,"['脖子、头和腿', '很短']",脖子、头和腿；很短,2,other_unparsed,3,"['superlative', 'superlative', 'superlative']","[[1.0, 0.0, 0.0, -1.0], [0.0, 1.0, 0.0, -1.0], [0.0, 0.0, 1.0, -1.0]]","[-0.0, -0.0, -0.0]",1.0,ok,"['direct_absolute', 'superlative']"
region,311,1,92,头最长，尾巴、脖子和腿。,['尾巴、脖子和腿'],尾巴、脖子和腿,1,other_unparsed,3,"['superlative', 'superlative', 'superlative']","[[1.0, -1.0, 0.0, 0.0], [0.0, -1.0, 1.0, 0.0], [0.0, -1.0, 0.0, 1.0]]","[-0.0, -0.0, -0.0]",1.0,ok,"['direct_absolute', 'superlative']"
region,311,1,93,脖子最长，腿、头和尾巴。,['腿、头和尾巴'],腿、头和尾巴,1,other_unparsed,3,"['superlative', 'superlative', 'superlative']","[[-1.0, 1.0, 0.0, 0.0], [-1.0, 0.0, 1.0, 0.0], [-1.0, 0.0, 0.0, 1.0]]","[-0.0, -0.0, -0.0]",1.0,ok,"['direct_absolute', 'superlative']"
region,311,1,96,腿最长，尾巴、头和脖子。,['尾巴、头和脖子'],尾巴、头和脖子,1,other_unparsed,3,"['superlative', 'superlative', 'superlative']","[[1.0, 0.0, -1.0, 0.0], [0.0, 1.0, -1.0, 0.0], [0.0, 0.0, -1.0, 1.0]]","[-0.0, -0.0, -0.0]",1.0,ok,"['direct_absolute', 'superlative']"
region,311,1,98,头最长，腿、尾巴和脖子。,['腿、尾巴和脖子'],腿、尾巴和脖子,1,other_unparsed,3,"['superlative', 'superlative', 'superlative']","[[1.0, -1.0, 0.0, 0.0], [0.0, -1.0, 1.0, 0.0], [0.0, -1.0, 0.0, 1.0]]","[-0.0, -0.0, -0.0]",0.6666666666666666,mismatch,"['direct_absolute', 'superlative']"
region,311,1,99,脖子最长，尾巴、头和腿。,['尾巴、头和腿'],尾巴、头和腿,1,other_unparsed,3,"['superlative', 'superlative', 'superlative']","[[-1.0, 1.0, 0.0, 0.0], [-1.0, 0.0, 1.0, 0.0], [-1.0, 0.0, 0.0, 1.0]]","[-0.0, -0.0, -0.0]",1.0,ok,"['direct_absolute', 'superlative']"
region,311,1,102,头最长，腿，脖子和尾巴很短。,['腿'],腿,1,other_unparsed,5,"['superlative', 'superlative', 'superlative', 'general_case']","[[1.0, -1.0, 0.0, 0.0], [0.0, -1.0, 1.0, 0.0], [0.0, -1.0, 0.0, 1.0], [1.0, 0.0, 0.0, 0.0], [0.0, 0.0, 0.0, 1.0]]","[-0.0, -0.0, -0.0, 0.5, 0.5]",1.0,ok,"['direct_absolute', 'superlative']"
region,311,1,106,腿最长，头、尾巴和脖子。,['头、尾巴和脖子'],头、尾巴和脖子,1,other_unparsed,3,"['superlative', 'superlative', 'superlative']","[[1.0, 0.0, -1.0, 0.0], [0.0, 1.0, -1.0, 0.0], [0.0, 0.0, -1.0, 1.0]]","[-0.0, -0.0, -0.0]",1.0,ok,"['direct_absolute', 'superlative']"
region,311,1,110,尾巴最长，腿、头和脖子。,['腿、头和脖子'],腿、头和脖子,1,other_unparsed,3,"['superlative', 'superlative', 'superlative']","[[1.0, 0.0, 0.0, -1.0], [0.0, 1.0, 0.0, -1.0], [0.0, 0.0, 1.0, -1.0]]","[-0.0, -0.0, -0.0]",1.0,ok,"['direct_absolute', 'superlative']"
region,311,1,112,腿最长，脖子、头和尾巴。,['脖子、头和尾巴'],脖子、头和尾巴,1,other_unparsed,3,"['superlative', 'superlative', 'superlative']","[[1.0, 0.0, -1.0, 0.0], [0.0, 1.0, -1.0, 0.0], [0.0, 0.0, -1.0, 1.0]]","[-0.0, -0.0, -0.0]",1.0,ok,"['direct_absolute', 'superlative']"
region,311,1,115,脖子最长，其次是尾巴、头，和腿。,['和腿'],和腿,1,other_unparsed,3,"['superlative', 'superlative', 'superlative']","[[-1.0, 1.0, 0.0, 0.0], [-1.0, 0.0, 1.0, 0.0], [-1.0, 0.0, 0.0, 1.0]]","[-0.0, -0.0, -0.0]",1.0,ok,"['direct_absolute', 'superlative', 'ranking']"
region,311,1,121,腿最长，头、脖子和尾巴。,['头、脖子和尾巴'],头、脖子和尾巴,1,other_unparsed,3,"['superlative', 'superlative', 'superlative']","[[1.0, 0.0, -1.0, 0.0], [0.0, 1.0, -1.0, 0.0], [0.0, 0.0, -1.0, 1.0]]","[-0.0, -0.0, -0.0]",1.0,ok,"['direct_absolute', 'superlative']"
region,311,1,123,尾巴和腿也比较长，脖子，头最短。,['脖子'],脖子,1,other_unparsed,5,"['general_case', 'superlative', 'superlative', 'superlative']","[[0.0, 0.0, 0.0, -1.0], [0.0, 0.0, -1.0, 0.0], [-1.0, 1.0, 0.0, 0.0], [0.0, 1.0, -1.0, 0.0], [0.0, 1.0, 0.0, -1.0]]","[-0.5, -0.5, -0.0, -0.0, -0.0]",1.0,ok,"['direct_absolute', 'superlative', 'comparison']"
region,311,1,135,脖子最长，头、腿和尾巴。,['头、腿和尾巴'],头、腿和尾巴,1,other_unparsed,3,"['superlative', 'superlative', 'superlative']","[[-1.0, 1.0, 0.0, 0.0], [-1.0, 0.0, 1.0, 0.0], [-1.0, 0.0, 0.0, 1.0]]","[-0.0, -0.0, -0.0]",1.0,ok,"['direct_absolute', 'superlative']"
region,311,1,136,头和脖子最长，尾巴和腿。,['尾巴和腿'],尾巴和腿,1,other_unparsed,3,"['superlative', 'superlative', 'superlative']","[[-1.0, 1.0, 0.0, 0.0], [-1.0, 0.0, 1.0, 0.0], [-1.0, 0.0, 0.0, 1.0]]","[-0.0, -0.0, -0.0]",0.6666666666666666,mismatch,"['direct_absolute', 'superlative']"
region,311,1,137,头最长，尾巴、脖子和腿，很短。,"['尾巴、脖子和腿', '很短']",尾巴、脖子和腿；很短,2,other_unparsed,3,"['superlative', 'superlative', 'superlative']","[[1.0, -1.0, 0.0, 0.0], [0.0, -1.0, 1.0, 0.0], [0.0, -1.0, 0.0, 1.0]]","[-0.0, -0.0, -0.0]",1.0,ok,"['direct_absolute', 'superlative']"
region,311,1,142,头和尾巴略长，腿和脖子。,['腿和脖子'],腿和脖子,1,other_unparsed,2,['general_case'],"[[0.0, -1.0, 0.0, 0.0], [0.0, 0.0, 0.0, -1.0]]","[-0.5, -0.5]",1.0,ok,['direct_absolute']
region,311,1,143,头和尾巴很长，脖子，腿最短。,['脖子'],脖子,1,other_unparsed,5,"['general_case', 'superlative', 'superlative', 'superlative']","[[0.0, -1.0, 0.0, 0.0], [0.0, 0.0, 0.0, -1.0], [-1.0, 0.0, 1.0, 0.0], [0.0, -1.0, 1.0, 0.0], [0.0, 0.0, 1.0, -1.0]]","[-0.5, -0.5, -0.0, -0.0, -0.0]",1.0,ok,"['direct_absolute', 'superlative']"
region,311,1,148,腿最长，尾巴、脖子和头。,['尾巴、脖子和头'],尾巴、脖子和头,1,other_unparsed,3,"['superlative', 'superlative', 'superlative']","[[1.0, 0.0, -1.0, 0.0], [0.0, 1.0, -1.0, 0.0], [0.0, 0.0, -1.0, 1.0]]","[-0.0, -0.0, -0.0]",1.0,ok,"['direct_absolute', 'superlative']"
region,311,1,149,脖子最长，头，腿和尾巴。,"['头', '腿和尾巴']",头；腿和尾巴,2,other_unparsed,3,"['superlative', 'superlative', 'superlative']","[[-1.0, 1.0, 0.0, 0.0], [-1.0, 0.0, 1.0, 0.0], [-1.0, 0.0, 0.0, 1.0]]","[-0.0, -0.0, -0.0]",1.0,ok,"['direct_absolute', 'superlative']"
region,311,1,156,腿最长，头和尾巴，还有脖子。,"['头和尾巴', '还有脖子']",头和尾巴；还有脖子,2,other_unparsed,3,"['superlative', 'superlative', 'superlative']","[[1.0, 0.0, -1.0, 0.0], [0.0, 1.0, -1.0, 0.0], [0.0, 0.0, -1.0, 1.0]]","[-0.0, -0.0, -0.0]",1.0,ok,"['direct_absolute', 'superlative']"
region,311,1,160,腿和尾巴比较长，头，脖子最短。,['头'],头,1,other_unparsed,5,"['general_case', 'superlative', 'superlative', 'superlative']","[[0.0, 0.0, -1.0, 0.0], [0.0, 0.0, 0.0, -1.0], [1.0, -1.0, 0.0, 0.0], [1.0, 0.0, -1.0, 0.0], [1.0, 0.0, 0.0, -1.0]]","[-0.5, -0.5, -0.0, -0.0, -0.0]",0.6,mismatch,"['direct_absolute', 'superlative', 'comparison']"
region,311,1,161,尾巴和脖子比较长，头，腿最短。,['头'],头,1,other_unparsed,5,"['general_case', 'superlative', 'superlative', 'superlative']","[[0.0, 0.0, 0.0, -1.0], [-1.0, 0.0, 0.0, 0.0], [-1.0, 0.0, 1.0, 0.0], [0.0, -1.0, 1.0, 0.0], [0.0, 0.0, 1.0, -1.0]]","[-0.5, -0.5, -0.0, -0.0, -0.0]",1.0,ok,"['direct_absolute', 'superlative', 'comparison']"
region,311,1,163,尾巴和脖子最长，腿和头。,['腿和头'],腿和头,1,other_unparsed,3,"['superlative', 'superlative', 'superlative']","[[-1.0, 1.0, 0.0, 0.0], [-1.0, 0.0, 1.0, 0.0], [-1.0, 0.0, 0.0, 1.0]]","[-0.0, -0.0, -0.0]",0.6666666666666666,mismatch,"['direct_absolute', 'superlative']"
region,311,1,172,头和脖子最长，腿和尾巴。,['腿和尾巴'],腿和尾巴,1,other_unparsed,3,"['superlative', 'superlative', 'superlative']","[[-1.0, 1.0, 0.0, 0.0], [-1.0, 0.0, 1.0, 0.0], [-1.0, 0.0, 0.0, 1.0]]","[-0.0, -0.0, -0.0]",0.6666666666666666,mismatch,"['direct_absolute', 'superlative']"
region,311,1,174,头和脖子最长，腿和尾巴。,['腿和尾巴'],腿和尾巴,1,other_unparsed,3,"['superlative', 'superlative', 'superlative']","[[-1.0, 1.0, 0.0, 0.0], [-1.0, 0.0, 1.0, 0.0], [-1.0, 0.0, 0.0, 1.0]]","[-0.0, -0.0, -0.0]",1.0,ok,"['direct_absolute', 'superlative']"
region,311,1,179,头最长，尾巴、脖子和腿。,['尾巴、脖子和腿'],尾巴、脖子和腿,1,other_unparsed,3,"['superlative', 'superlative', 'superlative']","[[1.0, -1.0, 0.0, 0.0], [0.0, -1.0, 1.0, 0.0], [0.0, -1.0, 0.0, 1.0]]","[-0.0, -0.0, -0.0]",1.0,ok,"['direct_absolute', 'superlative']"
region,311,1,192,头最长，尾巴和腿。,['尾巴和腿'],尾巴和腿,1,other_unparsed,3,"['superlative', 'superlative', 'superlative']","[[1.0, -1.0, 0.0, 0.0], [0.0, -1.0, 1.0, 0.0], [0.0, -1.0, 0.0, 1.0]]","[-0.0, -0.0, -0.0]",1.0,ok,"['direct_absolute', 'superlative']"
region,311,1,202,腿最长，尾巴、头和脖子。,['尾巴、头和脖子'],尾巴、头和脖子,1,other_unparsed,3,"['superlative', 'superlative', 'superlative']","[[1.0, 0.0, -1.0, 0.0], [0.0, 1.0, -1.0, 0.0], [0.0, 0.0, -1.0, 1.0]]","[-0.0, -0.0, -0.0]",1.0,ok,"['direct_absolute', 'superlative']"
region,311,1,216,脖子最长，腿、头和尾巴。,['腿、头和尾巴'],腿、头和尾巴,1,other_unparsed,3,"['superlative', 'superlative', 'superlative']","[[-1.0, 1.0, 0.0, 0.0], [-1.0, 0.0, 1.0, 0.0], [-1.0, 0.0, 0.0, 1.0]]","[-0.0, -0.0, -0.0]",1.0,ok,"['direct_absolute', 'superlative']"
region,311,1,222,腿最长，其次是头和脖子，腿。,['腿'],腿,1,other_unparsed,3,"['superlative', 'superlative', 'superlative']","[[1.0, 0.0, -1.0, 0.0], [0.0, 1.0, -1.0, 0.0], [0.0, 0.0, -1.0, 1.0]]","[-0.0, -0.0, -0.0]",1.0,ok,"['direct_absolute', 'superlative', 'ranking']"
region,311,1,240,脖子最长，尾巴和头，还有腿。,"['尾巴和头', '还有腿']",尾巴和头；还有腿,2,other_unparsed,3,"['superlative', 'superlative', 'superlative']","[[-1.0, 1.0, 0.0, 0.0], [-1.0, 0.0, 1.0, 0.0], [-1.0, 0.0, 0.0, 1.0]]","[-0.0, -0.0, -0.0]",1.0,ok,"['direct_absolute', 'superlative']"
region,311,1,242,头和尾巴最长，脖子和腿。,['脖子和腿'],脖子和腿,1,other_unparsed,3,"['superlative', 'superlative', 'superlative']","[[1.0, 0.0, 0.0, -1.0], [0.0, 1.0, 0.0, -1.0], [0.0, 0.0, 1.0, -1.0]]","[-0.0, -0.0, -0.0]",1.0,ok,"['direct_absolute', 'superlative']"
region,311,1,250,尾巴最长，腿、头和脖子。,['腿、头和脖子'],腿、头和脖子,1,other_unparsed,3,"['superlative', 'superlative', 'superlative']","[[1.0, 0.0, 0.0, -1.0], [0.0, 1.0, 0.0, -1.0], [0.0, 0.0, 1.0, -1.0]]","[-0.0, -0.0, -0.0]",1.0,ok,"['direct_absolute', 'superlative']"
region,311,1,251,头最长，脖子、腿和尾巴。,['脖子、腿和尾巴'],脖子、腿和尾巴,1,other_unparsed,3,"['superlative', 'superlative', 'superlative']","[[1.0, -1.0, 0.0, 0.0], [0.0, -1.0, 1.0, 0.0], [0.0, -1.0, 0.0, 1.0]]","[-0.0, -0.0, -0.0]",1.0,ok,"['direct_absolute', 'superlative']"
region,311,1,270,脖子略长，尾巴，再是腿和头。,"['尾巴', '再是腿和头']",尾巴；再是腿和头,2,ordinal_or_secondary,1,['general_case'],"[[-1.0, 0.0, 0.0, 0.0]]",[-0.5],1.0,ok,"['direct_absolute', 'ranking']"
region,311,1,286,头和腿最长，尾巴和脖子。,['尾巴和脖子'],尾巴和脖子,1,other_unparsed,3,"['superlative', 'superlative', 'superlative']","[[1.0, 0.0, -1.0, 0.0], [0.0, 1.0, -1.0, 0.0], [0.0, 0.0, -1.0, 1.0]]","[-0.0, -0.0, -0.0]",0.3333333333333333,mismatch,"['direct_absolute', 'superlative']"
region,311,1,294,脖子最长，尾巴、头和腿。,['尾巴、头和腿'],尾巴、头和腿,1,other_unparsed,3,"['superlative', 'superlative', 'superlative']","[[-1.0, 1.0, 0.0, 0.0], [-1.0, 0.0, 1.0, 0.0], [-1.0, 0.0, 0.0, 1.0]]","[-0.0, -0.0, -0.0]",1.0,ok,"['direct_absolute', 'superlative']"
region,311,1,317,尾巴最长，脖子和腿，还有头。,"['脖子和腿', '还有头']",脖子和腿；还有头,2,other_unparsed,3,"['superlative', 'superlative', 'superlative']","[[1.0, 0.0, 0.0, -1.0], [0.0, 1.0, 0.0, -1.0], [0.0, 0.0, 1.0, -1.0]]","[-0.0, -0.0, -0.0]",1.0,ok,"['direct_absolute', 'superlative']"
region,311,2,8,尾巴和头。,['尾巴和头'],尾巴和头,1,other_unparsed,0,[],[],[],,unsupported,['other']
region,312,1,197,一样长。,['一样长'],一样长,1,other_unparsed,0,[],[],[],,unsupported,"['direct_absolute', 'equality']"
region,312,2,140,选错了。,['选错了'],选错了,1,meta_or_uncertain,0,[],[],[],,meta,['meta']
region,312,2,254,差不多长。,['差不多长'],差不多长,1,global_balance,0,[],[],[],,unsupported,"['direct_absolute', 'equality']"
region,312,3,18,都略短，头比尾巴长。,['都略短'],都略短,1,other_unparsed,1,['comparison'],"[[0.0, -1.0, 0.0, 1.0]]",[-0.0],1.0,ok,"['direct_absolute', 'comparison']"
region,312,3,54,头、腿、尾巴，很短。,"['头、腿、尾巴', '很短']",头、腿、尾巴；很短,2,other_unparsed,0,[],[],[],,unsupported,['direct_absolute']
region,312,3,137,中等长度，头和尾巴略短。,['中等长度'],中等长度,1,other_unparsed,2,['general_case'],"[[0.0, 1.0, 0.0, 0.0], [0.0, 0.0, 0.0, 1.0]]","[0.5, 0.5]",1.0,ok,['direct_absolute']
region,312,3,138,中等长度，腿略长，脖子很短。,['中等长度'],中等长度,1,other_unparsed,2,"['general_case', 'general_case']","[[0.0, 0.0, -1.0, 0.0], [1.0, 0.0, 0.0, 0.0]]","[-0.5, 0.5]",1.0,ok,['direct_absolute']
region,312,3,253,都较短，头略长。,['都较短'],都较短,1,other_unparsed,1,['general_case'],"[[0.0, -1.0, 0.0, 0.0]]",[-0.5],0.0,mismatch,['direct_absolute']
region,312,3,315,都较短，尾巴和腿更短一点。,['都较短'],都较短,1,other_unparsed,2,['general_case'],"[[0.0, 0.0, 0.0, 1.0], [0.0, 0.0, 1.0, 0.0]]","[0.5, 0.5]",1.0,ok,['direct_absolute']
region,313,1,165,尾巴，巴长，腿短，头短。,"['尾巴', '巴长']",尾巴；巴长,2,other_unparsed,2,"['general_case', 'general_case']","[[0.0, 0.0, 1.0, 0.0], [0.0, 1.0, 0.0, 0.0]]","[0.5, 0.5]",0.5,mismatch,['direct_absolute']
region,313,2,70,头很长，尾巴、腿、脖子差不多长，都比头稍微短一点。,['都比头稍微短一点'],都比头稍微短一点,1,other_unparsed,7,"['general_case', 'equality']","[[0.0, -1.0, 0.0, 0.0], [0.0, 0.0, -1.0, 1.0], [0.0, 0.0, 1.0, -1.0], [-1.0, 0.0, 0.0, 1.0], [1.0, 0.0, 0.0, -1.0], [-1.0, 0.0, 1.0, 0.0], [1.0, 0.0, -1.0, 0.0]]","[-0.5, 0.1, 0.1, 0.1, 0.1, 0.1, 0.1]",0.5,mismatch,"['direct_absolute', 'comparison', 'equality']"
region,313,2,79,腿长，尾巴长，头和脖子差不多长，头和脖子都比尾巴和腿短。,['头和脖子都比尾巴和腿短'],头和脖子都比尾巴和腿短,1,other_unparsed,4,"['general_case', 'general_case', 'equality']","[[0.0, 0.0, -1.0, 0.0], [0.0, 0.0, 0.0, -1.0], [-1.0, 1.0, 0.0, 0.0], [1.0, -1.0, 0.0, 0.0]]","[-0.5, -0.5, 0.1, 0.1]",1.0,ok,"['direct_absolute', 'comparison', 'equality']"
region,313,2,176,腿短，尾巴长，头较短，和脖子相比。,['和脖子相比'],和脖子相比,1,other_unparsed,3,"['general_case', 'general_case', 'general_case']","[[0.0, 0.0, 1.0, 0.0], [0.0, 0.0, 0.0, -1.0], [0.0, 1.0, 0.0, 0.0]]","[0.5, -0.5, 0.5]",0.6666666666666666,mismatch,"['direct_absolute', 'comparison']"
region,313,2,281,尾巴短，腿短，脖子比头短，都比尾巴和腿长。,['都比尾巴和腿长'],都比尾巴和腿长,1,other_unparsed,3,"['general_case', 'general_case', 'comparison']","[[0.0, 0.0, 0.0, 1.0], [0.0, 0.0, 1.0, 0.0], [1.0, -1.0, 0.0, 0.0]]","[0.5, 0.5, -0.0]",1.0,ok,"['direct_absolute', 'comparison']"
region,313,3,37,头和腿，脖子和尾巴比躯干短。,['头和腿'],头和腿,1,other_unparsed,2,"['body_ref', 'body_ref']","[[1.0, 0.0, 0.0, 0.0], [0.0, 0.0, 0.0, 1.0]]","[0.5, 0.5]",1.0,ok,"['direct_absolute', 'comparison', 'body_ref']"
region,313,3,53,头、脖子、尾巴、腿均小于或等于，躯干。,"['头、脖子、尾巴、腿均小于或等于', '躯干']",头、脖子、尾巴、腿均小于或等于；躯干,2,body_geometry,0,[],[],[],,unsupported,"['comparison', 'equality', 'body_ref']"
region,314,1,37,朝向向左。,['朝向向左'],朝向向左,1,other_unparsed,0,[],[],[],,unsupported,['other']
region,314,1,39,朝向向左。,['朝向向左'],朝向向左,1,other_unparsed,0,[],[],[],,unsupported,['other']
region,314,1,40,朝向向左。,['朝向向左'],朝向向左,1,other_unparsed,0,[],[],[],,unsupported,['other']
region,314,1,41,朝向向右。,['朝向向右'],朝向向右,1,other_unparsed,0,[],[],[],,unsupported,['other']
region,314,1,42,朝向向左。,['朝向向左'],朝向向左,1,other_unparsed,0,[],[],[],,unsupported,['other']
region,314,1,43,有一个部位比躯干长。,['有一个部位比躯干长'],有一个部位比躯干长,1,"count_abstract, body_geometry",0,[],[],[],,unsupported,"['direct_absolute', 'comparison', 'body_ref', 'count_abstract']"
region,314,1,44,有一个部位比躯干长。,['有一个部位比躯干长'],有一个部位比躯干长,1,"count_abstract, body_geometry",0,[],[],[],,unsupported,"['direct_absolute', 'comparison', 'body_ref', 'count_abstract']"
region,314,1,45,有一个部位比躯干长。,['有一个部位比躯干长'],有一个部位比躯干长,1,"count_abstract, body_geometry",0,[],[],[],,unsupported,"['direct_absolute', 'comparison', 'body_ref', 'count_abstract']"
region,314,1,68,腿长于头、长于躯干，长于脖子。,['长于脖子'],长于脖子,1,other_unparsed,3,"['body_ref', 'body_ref', 'comparison']","[[0.0, 0.0, -1.0, 0.0], [0.0, -1.0, 0.0, 0.0], [0.0, 1.0, -1.0, 0.0]]","[-0.5, -0.5, -0.0]",1.0,ok,"['direct_absolute', 'comparison', 'body_ref']"
region,314,2,290,去干长于脖子，且去干长于腿。,"['去干长于脖子', '且去干长于腿']",去干长于脖子；且去干长于腿,2,other_unparsed,0,[],[],[],,unsupported,"['direct_absolute', 'comparison']"
region,314,3,84,去干短于脖子，且去干短于尾巴。,"['去干短于脖子', '且去干短于尾巴']",去干短于脖子；且去干短于尾巴,2,other_unparsed,0,[],[],[],,unsupported,"['direct_absolute', 'comparison']"
region,314,3,136,躯干短于脖子，且长于尾巴。,['且长于尾巴'],且长于尾巴,1,other_unparsed,1,['body_ref'],"[[1.0, 0.0, 0.0, 0.0]]",[0.5],0.0,mismatch,"['direct_absolute', 'comparison', 'body_ref']"
region,314,3,137,躯干长于脖子，且短于腿。,['且短于腿'],且短于腿,1,other_unparsed,1,['body_ref'],"[[-1.0, 0.0, 0.0, 0.0]]",[-0.5],0.0,mismatch,"['direct_absolute', 'comparison', 'body_ref']"
region,314,3,138,躯干短于脖子，且短于尾巴。,['且短于尾巴'],且短于尾巴,1,other_unparsed,1,['body_ref'],"[[1.0, 0.0, 0.0, 0.0]]",[0.5],0.0,mismatch,"['direct_absolute', 'comparison', 'body_ref']"
region,314,3,139,躯干长于脖子，且短于腿。,['且短于腿'],且短于腿,1,other_unparsed,1,['body_ref'],"[[-1.0, 0.0, 0.0, 0.0]]",[-0.5],0.0,mismatch,"['direct_absolute', 'comparison', 'body_ref']"
region,314,3,140,躯干短于脖子，且长于尾巴。,['且长于尾巴'],且长于尾巴,1,other_unparsed,1,['body_ref'],"[[1.0, 0.0, 0.0, 0.0]]",[0.5],0.0,mismatch,"['direct_absolute', 'comparison', 'body_ref']"
region,314,3,141,躯干长于脖子，且短于腿。,['且短于腿'],且短于腿,1,other_unparsed,1,['body_ref'],"[[-1.0, 0.0, 0.0, 0.0]]",[-0.5],0.0,mismatch,"['direct_absolute', 'comparison', 'body_ref']"
region,314,3,142,躯干长于脖子，且短于腿。,['且短于腿'],且短于腿,1,other_unparsed,1,['body_ref'],"[[-1.0, 0.0, 0.0, 0.0]]",[-0.5],0.0,mismatch,"['direct_absolute', 'comparison', 'body_ref']"
region,314,3,145,躯干长于脖子，且短于腿。,['且短于腿'],且短于腿,1,other_unparsed,1,['body_ref'],"[[-1.0, 0.0, 0.0, 0.0]]",[-0.5],0.0,mismatch,"['direct_absolute', 'comparison', 'body_ref']"
region,314,3,146,躯干长于脖子，且短于腿。,['且短于腿'],且短于腿,1,other_unparsed,1,['body_ref'],"[[-1.0, 0.0, 0.0, 0.0]]",[-0.5],0.0,mismatch,"['direct_absolute', 'comparison', 'body_ref']"
region,314,3,179,躯干短于，脖子和尾巴。,"['躯干短于', '脖子和尾巴']",躯干短于；脖子和尾巴,2,body_geometry,0,[],[],[],,unsupported,"['direct_absolute', 'comparison', 'body_ref']"
region,314,3,190,去判断于脖子和尾巴。,['去判断于脖子和尾巴'],去判断于脖子和尾巴,1,other_unparsed,0,[],[],[],,unsupported,['other']
region,315,1,95,脖。,['脖子'],脖子,1,other_unparsed,0,[],[],[],,unsupported,['other']
region,316,1,2,脖子和腿的长度在2/3以上，头和尾巴几乎是最小长度。,['脖子和腿的长度在2/3以上'],脖子和腿的长度在2/3以上,1,other_unparsed,2,['general_case'],"[[0.0, 1.0, 0.0, 0.0], [0.0, 0.0, 0.0, 1.0]]","[0.5, 0.5]",1.0,ok,"['direct_absolute', 'superlative']"
region,316,1,47,尾巴和脖子很长，腿很长，这题。,['这题'],这题,1,other_unparsed,3,"['general_case', 'general_case']","[[0.0, 0.0, 0.0, -1.0], [-1.0, 0.0, 0.0, 0.0], [0.0, 0.0, -1.0, 0.0]]","[-0.5, -0.5, -0.5]",0.6666666666666666,mismatch,['direct_absolute']
region,316,1,51,腿没有明显长于脖子和尾巴，且头和脖子长度相似。,['腿没有明显长于脖子和尾巴'],腿没有明显长于脖子和尾巴,1,other_unparsed,2,['equality'],"[[-1.0, 1.0, 0.0, 0.0], [1.0, -1.0, 0.0, 0.0]]","[0.1, 0.1]",0.0,mismatch,"['direct_absolute', 'comparison', 'equality', 'negation']"
region,316,1,61,腿没有那么长，腿的长度已经很长了，还是。,['还是'],还是,1,other_unparsed,2,"['general_case', 'general_case']","[[0.0, 0.0, 1.0, 0.0], [0.0, 0.0, -1.0, 0.0]]","[0.5, -0.5]",0.5,mismatch,"['direct_absolute', 'negation']"
region,316,1,62,腿长，尾巴明显比腿短。,['尾巴明显比腿短'],尾巴明显比腿短,1,other_unparsed,1,['general_case'],"[[0.0, 0.0, -1.0, 0.0]]",[-0.5],1.0,ok,"['direct_absolute', 'comparison']"
region,316,1,63,腿长，尾巴明显比腿短。,['尾巴明显比腿短'],尾巴明显比腿短,1,other_unparsed,1,['general_case'],"[[0.0, 0.0, -1.0, 0.0]]",[-0.5],1.0,ok,"['direct_absolute', 'comparison']"
region,316,1,66,腿短，脖子和尾巴几乎一样长，远长于头和腿。,['远长于头和腿'],远长于头和腿,1,other_unparsed,3,"['general_case', 'equality']","[[0.0, 0.0, 1.0, 0.0], [1.0, 0.0, 0.0, -1.0], [-1.0, 0.0, 0.0, 1.0]]","[0.5, 0.1, 0.1]",1.0,ok,"['direct_absolute', 'comparison', 'equality']"
region,316,1,69,腿不是很短，脖子和尾巴比较长，比腿略长一些。,['比腿略长一些'],比腿略长一些,1,other_unparsed,3,"['general_case', 'general_case']","[[0.0, 0.0, -1.0, 0.0], [-1.0, 0.0, 0.0, 0.0], [0.0, 0.0, 0.0, -1.0]]","[-0.5, -0.5, -0.5]",0.0,mismatch,"['direct_absolute', 'comparison', 'negation']"
region,316,1,74,腿短，脖子短，头远长于脖子，尾巴中等长度。,['头远长于脖子'],头远长于脖子,1,other_unparsed,4,"['general_case', 'general_case', 'general_case']","[[0.0, 0.0, 1.0, 0.0], [1.0, 0.0, 0.0, 0.0], [0.0, 0.0, 0.0, -1.0], [0.0, 0.0, 0.0, 1.0]]","[0.5, 0.5, -0.25, 0.75]",1.0,ok,"['direct_absolute', 'comparison']"
region,316,1,96,脖子比头长，尾巴也比头长，脖子比尾巴长。,['尾巴也比头长'],尾巴也比头长,1,other_unparsed,2,"['comparison', 'comparison']","[[-1.0, 1.0, 0.0, 0.0], [-1.0, 0.0, 0.0, 1.0]]","[-0.0, -0.0]",1.0,ok,"['direct_absolute', 'comparison']"
region,316,1,109,腿比较短，脖子不是最短。,['脖子不是最短'],脖子不是最短,1,other_unparsed,1,['general_case'],"[[0.0, 0.0, 1.0, 0.0]]",[0.5],1.0,ok,"['direct_absolute', 'superlative', 'comparison', 'negation']"
region,316,1,112,腿短，脖子不是头、脖子、尾巴里最短。,['脖子不是头、脖子、尾巴里最短'],脖子不是头、脖子、尾巴里最短,1,other_unparsed,1,['general_case'],"[[0.0, 0.0, 1.0, 0.0]]",[0.5],1.0,ok,"['direct_absolute', 'superlative', 'negation']"
region,316,1,117,腿短，脖子不是另外三个里最短。,['脖子不是另外三个里最短'],脖子不是另外三个里最短,1,other_reference,1,['general_case'],"[[0.0, 0.0, 1.0, 0.0]]",[0.5],1.0,ok,"['direct_absolute', 'superlative', 'negation']"
region,316,1,119,腿短，脖子不明显，短于尾巴和头。,"['脖子不明显', '短于尾巴和头']",脖子不明显；短于尾巴和头,2,other_unparsed,1,['general_case'],"[[0.0, 0.0, 1.0, 0.0]]",[0.5],1.0,ok,"['direct_absolute', 'comparison']"
region,316,1,129,腿短，且脖子不是另外三个里最短。,['且脖子不是另外三个里最短'],且脖子不是另外三个里最短,1,other_reference,1,['general_case'],"[[0.0, 0.0, 1.0, 0.0]]",[0.5],1.0,ok,"['direct_absolute', 'superlative', 'negation']"
region,316,1,136,腿短，且脖子不是最短。,['且脖子不是最短'],且脖子不是最短,1,other_unparsed,1,['general_case'],"[[0.0, 0.0, 1.0, 0.0]]",[0.5],1.0,ok,"['direct_absolute', 'superlative', 'negation']"
region,316,1,137,腿短，且脖子不是头、脖子、尾巴里最短。,['且脖子不是头、脖子、尾巴里最短'],且脖子不是头、脖子、尾巴里最短,1,other_unparsed,1,['general_case'],"[[0.0, 0.0, 1.0, 0.0]]",[0.5],1.0,ok,"['direct_absolute', 'superlative', 'negation']"
region,316,1,139,腿短，且脖子不是头、脖子、尾巴里最短。,['且脖子不是头、脖子、尾巴里最短'],且脖子不是头、脖子、尾巴里最短,1,other_unparsed,1,['general_case'],"[[0.0, 0.0, 1.0, 0.0]]",[0.5],1.0,ok,"['direct_absolute', 'superlative', 'negation']"
region,316,1,141,腿短，脖子不是头、脖子和尾巴里最短。,['脖子不是头、脖子和尾巴里最短'],脖子不是头、脖子和尾巴里最短,1,other_unparsed,1,['general_case'],"[[0.0, 0.0, 1.0, 0.0]]",[0.5],1.0,ok,"['direct_absolute', 'superlative', 'negation']"
region,316,1,145,腿长，尾巴最短，脖子和头分不清楚。,['脖子和头分不清楚'],脖子和头分不清楚,1,other_unparsed,4,"['general_case', 'superlative', 'superlative', 'superlative']","[[0.0, 0.0, -1.0, 0.0], [-1.0, 0.0, 0.0, 1.0], [0.0, -1.0, 0.0, 1.0], [0.0, 0.0, -1.0, 1.0]]","[-0.5, -0.0, -0.0, -0.0]",0.75,mismatch,"['direct_absolute', 'superlative']"
region,316,1,149,腿短，脖子比头长，比尾巴短。,['比尾巴短'],比尾巴短,1,other_unparsed,2,"['general_case', 'comparison']","[[0.0, 0.0, 1.0, 0.0], [-1.0, 1.0, 0.0, 0.0]]","[0.5, -0.0]",1.0,ok,"['direct_absolute', 'comparison']"
region,316,1,152,腿短，脖子与头相近，脖子肯定不是最短。,['脖子肯定不是最短'],脖子肯定不是最短,1,other_unparsed,3,"['general_case', 'equality']","[[0.0, 0.0, 1.0, 0.0], [1.0, -1.0, 0.0, 0.0], [-1.0, 1.0, 0.0, 0.0]]","[0.5, 0.1, 0.1]",1.0,ok,"['direct_absolute', 'superlative', 'equality', 'negation']"
region,316,1,153,脖子不是最短，脖子比尾巴长，尾巴是头、脖子、尾巴里最短。,['脖子不是最短'],脖子不是最短,1,other_unparsed,2,"['comparison', 'superlative', 'superlative']","[[-1.0, 0.0, 0.0, 1.0], [0.0, -1.0, 0.0, 1.0]]","[-0.0, -0.0]",1.0,ok,"['direct_absolute', 'superlative', 'comparison', 'negation']"
region,316,1,155,脖子和尾巴都比头长。,['脖子和尾巴都比头长'],脖子和尾巴都比头长,1,other_unparsed,0,[],[],[],,unsupported,"['direct_absolute', 'comparison']"
region,316,1,168,腿短，脖子是尾巴的两倍以上，脖子比头长很多。,['脖子是尾巴的两倍以上'],脖子是尾巴的两倍以上,1,other_unparsed,2,"['general_case', 'comparison']","[[0.0, 0.0, 1.0, 0.0], [-1.0, 1.0, 0.0, 0.0]]","[0.5, -0.0]",1.0,ok,"['direct_absolute', 'comparison']"
region,316,1,170,腿中等，腿比尾巴长，脖子是尾巴的两倍以上，脖子也是头的两倍以上。,"['脖子是尾巴的两倍以上', '脖子也是头的两倍以上']",脖子是尾巴的两倍以上；脖子也是头的两倍以上,2,other_unparsed,3,"['general_case', 'comparison']","[[0.0, 0.0, -1.0, 0.0], [0.0, 0.0, 1.0, 0.0], [0.0, 0.0, -1.0, 1.0]]","[-0.25, 0.75, -0.0]",1.0,ok,"['direct_absolute', 'comparison']"
region,316,1,178,腿短，尾巴不比脖子长。,['尾巴不比脖子长'],尾巴不比脖子长,1,other_unparsed,1,['general_case'],"[[0.0, 0.0, 1.0, 0.0]]",[0.5],1.0,ok,"['direct_absolute', 'comparison']"
region,316,1,179,腿短，尾巴不比脖子长。,['尾巴不比脖子长'],尾巴不比脖子长,1,other_unparsed,1,['general_case'],"[[0.0, 0.0, 1.0, 0.0]]",[0.5],1.0,ok,"['direct_absolute', 'comparison']"
region,316,1,181,腿短，尾巴比脖子长，头也比脖子长。,['头也比脖子长'],头也比脖子长,1,other_unparsed,2,"['general_case', 'comparison']","[[0.0, 0.0, 1.0, 0.0], [1.0, 0.0, 0.0, -1.0]]","[0.5, -0.0]",1.0,ok,"['direct_absolute', 'comparison']"
region,316,1,188,腿长，尾巴比脖子长，头也比脖子长。,['头也比脖子长'],头也比脖子长,1,other_unparsed,2,"['general_case', 'comparison']","[[0.0, 0.0, -1.0, 0.0], [1.0, 0.0, 0.0, -1.0]]","[-0.5, -0.0]",1.0,ok,"['direct_absolute', 'comparison']"
region,316,1,189,腿短，脖子比腿短，且，尾巴和头非常长。,['且'],且,1,other_unparsed,4,"['general_case', 'comparison', 'general_case']","[[0.0, 0.0, 1.0, 0.0], [1.0, 0.0, -1.0, 0.0], [0.0, 0.0, 0.0, -1.0], [0.0, -1.0, 0.0, 0.0]]","[0.5, -0.0, -0.5, -0.5]",1.0,ok,"['direct_absolute', 'comparison']"
region,316,1,206,腿短，尾巴比脖子长，有，类了。,"['有', '类了']",有；类了,2,other_unparsed,2,"['general_case', 'comparison']","[[0.0, 0.0, 1.0, 0.0], [1.0, 0.0, 0.0, -1.0]]","[0.5, -0.0]",1.0,ok,"['direct_absolute', 'comparison']"
region,316,1,213,脖子和尾巴不比头长，腿短，头最长。,['脖子和尾巴不比头长'],脖子和尾巴不比头长,1,other_unparsed,4,"['general_case', 'superlative', 'superlative', 'superlative']","[[0.0, 0.0, 1.0, 0.0], [1.0, -1.0, 0.0, 0.0], [0.0, -1.0, 1.0, 0.0], [0.0, -1.0, 0.0, 1.0]]","[0.5, -0.0, -0.0, -0.0]",1.0,ok,"['direct_absolute', 'superlative', 'comparison']"
region,316,1,231,腿短，尾巴和脖子都比腿短，头比腿长。,['尾巴和脖子都比腿短'],尾巴和脖子都比腿短,1,other_unparsed,2,"['general_case', 'comparison']","[[0.0, 0.0, 1.0, 0.0], [0.0, -1.0, 1.0, 0.0]]","[0.5, -0.0]",1.0,ok,"['direct_absolute', 'comparison']"
region,316,1,234,腿短，腿是最短，头、脖子、尾巴都比腿长，头是最长。,['头、脖子、尾巴都比腿长'],头、脖子、尾巴都比腿长,1,other_unparsed,6,"['general_case', 'superlative', 'superlative', 'superlative', 'superlative', 'superlative', 'superlative']","[[0.0, 0.0, 1.0, 0.0], [-1.0, 0.0, 1.0, 0.0], [0.0, -1.0, 1.0, 0.0], [0.0, 0.0, 1.0, -1.0], [1.0, -1.0, 0.0, 0.0], [0.0, -1.0, 0.0, 1.0]]","[0.5, -0.0, -0.0, -0.0, -0.0, -0.0]",1.0,ok,"['direct_absolute', 'superlative', 'comparison']"
region,316,1,236,腿短，腿不是最短。,['腿不是最短'],腿不是最短,1,other_unparsed,1,['general_case'],"[[0.0, 0.0, 1.0, 0.0]]",[0.5],1.0,ok,"['direct_absolute', 'superlative', 'negation']"
region,316,1,237,腿短，脖子和尾巴都不比腿短。,['脖子和尾巴都不比腿短'],脖子和尾巴都不比腿短,1,other_unparsed,1,['general_case'],"[[0.0, 0.0, 1.0, 0.0]]",[0.5],1.0,ok,"['direct_absolute', 'comparison']"
region,316,1,243,腿短，且最短，头比脖子长。,['且最短'],且最短,1,other_unparsed,2,"['general_case', 'comparison']","[[0.0, 0.0, 1.0, 0.0], [1.0, -1.0, 0.0, 0.0]]","[0.5, -0.0]",1.0,ok,"['direct_absolute', 'superlative', 'comparison']"
region,316,1,244,腿短，腿不是最短，头比腿短。,['腿不是最短'],腿不是最短,1,other_unparsed,2,"['general_case', 'comparison']","[[0.0, 0.0, 1.0, 0.0], [0.0, 1.0, -1.0, 0.0]]","[0.5, -0.0]",1.0,ok,"['direct_absolute', 'superlative', 'comparison', 'negation']"
region,316,1,248,腿短，是最短，脖子是最长。,['是最短'],是最短,1,other_unparsed,4,"['general_case', 'superlative', 'superlative', 'superlative']","[[0.0, 0.0, 1.0, 0.0], [-1.0, 1.0, 0.0, 0.0], [-1.0, 0.0, 1.0, 0.0], [-1.0, 0.0, 0.0, 1.0]]","[0.5, -0.0, -0.0, -0.0]",1.0,ok,"['direct_absolute', 'superlative']"
region,316,1,249,腿短，且是最短，头比脖子长。,['且是最短'],且是最短,1,other_unparsed,2,"['general_case', 'comparison']","[[0.0, 0.0, 1.0, 0.0], [1.0, -1.0, 0.0, 0.0]]","[0.5, -0.0]",1.0,ok,"['direct_absolute', 'superlative', 'comparison']"
region,316,1,250,腿短，且是最短，头比脖子长。,['且是最短'],且是最短,1,other_unparsed,2,"['general_case', 'comparison']","[[0.0, 0.0, 1.0, 0.0], [1.0, -1.0, 0.0, 0.0]]","[0.5, -0.0]",1.0,ok,"['direct_absolute', 'superlative', 'comparison']"
region,316,1,251,腿短，是最短，尾巴比腿短，脖子是最长。,['是最短'],是最短,1,other_unparsed,5,"['general_case', 'comparison', 'superlative', 'superlative', 'superlative']","[[0.0, 0.0, 1.0, 0.0], [0.0, 0.0, -1.0, 1.0], [-1.0, 1.0, 0.0, 0.0], [-1.0, 0.0, 1.0, 0.0], [-1.0, 0.0, 0.0, 1.0]]","[0.5, -0.0, -0.0, -0.0, -0.0]",1.0,ok,"['direct_absolute', 'superlative', 'comparison']"
region,316,1,253,腿短，且是最短，头比脖子长。,['且是最短'],且是最短,1,other_unparsed,2,"['general_case', 'comparison']","[[0.0, 0.0, 1.0, 0.0], [1.0, -1.0, 0.0, 0.0]]","[0.5, -0.0]",1.0,ok,"['direct_absolute', 'superlative', 'comparison']"
region,316,1,254,腿短，且是最短，头比脖子短。,['且是最短'],且是最短,1,other_unparsed,2,"['general_case', 'comparison']","[[0.0, 0.0, 1.0, 0.0], [-1.0, 1.0, 0.0, 0.0]]","[0.5, -0.0]",1.0,ok,"['direct_absolute', 'superlative', 'comparison']"
region,316,1,257,腿短，且不是最短，脖子不是最长。,"['且不是最短', '脖子不是最长']",且不是最短；脖子不是最长,2,other_unparsed,1,['general_case'],"[[0.0, 0.0, 1.0, 0.0]]",[0.5],1.0,ok,"['direct_absolute', 'superlative', 'negation']"
region,316,1,258,腿短不是最短，脖子和尾巴比脖子长一点，头是最短。,['腿短不是最短'],腿短不是最短,1,other_unparsed,5,"['comparison', 'superlative', 'superlative', 'superlative']","[[-1.0, 0.0, 0.0, 0.0], [1.0, 0.0, 0.0, -1.0], [-1.0, 1.0, 0.0, 0.0], [0.0, 1.0, -1.0, 0.0], [0.0, 1.0, 0.0, -1.0]]","[-0.0, -0.0, -0.0, -0.0, -0.0]",1.0,ok,"['direct_absolute', 'superlative', 'comparison', 'negation']"
region,316,1,265,腿短，且是最短，头比脖子短。,['且是最短'],且是最短,1,other_unparsed,2,"['general_case', 'comparison']","[[0.0, 0.0, 1.0, 0.0], [-1.0, 1.0, 0.0, 0.0]]","[0.5, -0.0]",1.0,ok,"['direct_absolute', 'superlative', 'comparison']"
region,316,1,268,腿短，是最短，脖子不是最长。,"['是最短', '脖子不是最长']",是最短；脖子不是最长,2,other_unparsed,1,['general_case'],"[[0.0, 0.0, 1.0, 0.0]]",[0.5],1.0,ok,"['direct_absolute', 'superlative', 'negation']"
region,316,1,269,腿短，且是最短，头比脖子长。,['且是最短'],且是最短,1,other_unparsed,2,"['general_case', 'comparison']","[[0.0, 0.0, 1.0, 0.0], [1.0, -1.0, 0.0, 0.0]]","[0.5, -0.0]",1.0,ok,"['direct_absolute', 'superlative', 'comparison']"
region,316,1,270,腿短，且是最短，头比脖子短。,['且是最短'],且是最短,1,other_unparsed,2,"['general_case', 'comparison']","[[0.0, 0.0, 1.0, 0.0], [-1.0, 1.0, 0.0, 0.0]]","[0.5, -0.0]",1.0,ok,"['direct_absolute', 'superlative', 'comparison']"
region,316,1,271,腿短，且不是最短，脖子最长。,['且不是最短'],且不是最短,1,other_unparsed,4,"['general_case', 'superlative', 'superlative', 'superlative']","[[0.0, 0.0, 1.0, 0.0], [-1.0, 1.0, 0.0, 0.0], [-1.0, 0.0, 1.0, 0.0], [-1.0, 0.0, 0.0, 1.0]]","[0.5, -0.0, -0.0, -0.0]",1.0,ok,"['direct_absolute', 'superlative', 'negation']"
region,317,1,15,有三个部位和躯干一样长。,['有三个部位和躯干一样长'],有三个部位和躯干一样长,1,"count_abstract, body_geometry",0,[],[],[],,unsupported,"['direct_absolute', 'equality', 'body_ref', 'count_abstract']"
region,317,1,18,有两个部位比躯干长。,['有两个部位比躯干长'],有两个部位比躯干长,1,"count_abstract, body_geometry",0,[],[],[],,unsupported,"['direct_absolute', 'comparison', 'body_ref', 'count_abstract']"
region,317,2,62,两个以上部位比躯干的一半长。,['两个以上部位比躯干的一半长'],两个以上部位比躯干的一半长,1,body_geometry,0,[],[],[],,unsupported,"['direct_absolute', 'comparison', 'body_ref']"
region,317,2,63,两个以上部位比躯干的一半长。,['两个以上部位比躯干的一半长'],两个以上部位比躯干的一半长,1,body_geometry,0,[],[],[],,unsupported,"['direct_absolute', 'comparison', 'body_ref']"
region,317,2,67,尾巴不短于脖子。,['尾巴不短于脖子'],尾巴不短于脖子,1,other_unparsed,0,[],[],[],,unsupported,"['direct_absolute', 'comparison', 'negation']"
region,317,2,68,尾巴不短于脖子。,['尾巴不短于脖子'],尾巴不短于脖子,1,other_unparsed,0,[],[],[],,unsupported,"['direct_absolute', 'comparison', 'negation']"
region,317,2,71,腿没有达到最大长度。,['腿没有达到最大长度'],腿没有达到最大长度,1,extreme_endpoint,0,[],[],[],,unsupported,"['direct_absolute', 'superlative', 'negation']"
region,317,2,76,腿没有达到最长或最短。,['腿没有达到最长或最短'],腿没有达到最长或最短,1,extreme_endpoint,0,[],[],[],,unsupported,"['direct_absolute', 'superlative', 'negation']"
region,317,2,77,腿没有达到最长或最短。,['腿没有达到最长或最短'],腿没有达到最长或最短,1,extreme_endpoint,0,[],[],[],,unsupported,"['direct_absolute', 'superlative', 'negation']"
region,317,2,78,没有部位是最长或者最短。,['没有部位是最长或者最短'],没有部位是最长或者最短,1,count_abstract,0,[],[],[],,unsupported,"['direct_absolute', 'superlative', 'negation']"
region,317,2,79,有部位达到最长或最短。,['有部位达到最长或最短'],有部位达到最长或最短,1,"count_abstract, extreme_endpoint",0,[],[],[],,unsupported,"['direct_absolute', 'superlative']"
region,317,2,80,没有部位是最大或最小长度。,['没有部位是最大或最小长度'],没有部位是最大或最小长度,1,"count_abstract, extreme_endpoint",0,[],[],[],,unsupported,"['direct_absolute', 'superlative', 'negation']"
region,317,2,83,没有部位达到最长长度。,['没有部位达到最长长度'],没有部位达到最长长度,1,"count_abstract, extreme_endpoint",0,[],[],[],,unsupported,"['direct_absolute', 'superlative', 'negation']"
region,317,2,89,一个部位达到最长长度。,['一个部位达到最长长度'],一个部位达到最长长度,1,"count_abstract, extreme_endpoint",0,[],[],[],,unsupported,"['direct_absolute', 'superlative', 'count_abstract']"
region,317,2,90,没有出现最长长度。,['没有出现最长长度'],没有出现最长长度,1,extreme_endpoint,0,[],[],[],,unsupported,"['direct_absolute', 'superlative', 'negation']"
region,317,2,91,没有出现最小长度，尾巴小于脖子。,['没有出现最小长度'],没有出现最小长度,1,extreme_endpoint,1,['comparison'],"[[-1.0, 0.0, 0.0, 1.0]]",[-0.0],1.0,ok,"['direct_absolute', 'superlative', 'comparison', 'negation']"
region,317,2,92,出现最长长度，且出现了三个最长长度。,"['出现最长长度', '且出现了三个最长长度']",出现最长长度；且出现了三个最长长度,2,extreme_endpoint,0,[],[],[],,unsupported,"['direct_absolute', 'superlative']"
region,317,2,93,出现两个最长长度。,['出现两个最长长度'],出现两个最长长度,1,extreme_endpoint,0,[],[],[],,unsupported,"['direct_absolute', 'superlative']"
region,317,2,94,没有部位达到最长长度。,['没有部位达到最长长度'],没有部位达到最长长度,1,"count_abstract, extreme_endpoint",0,[],[],[],,unsupported,"['direct_absolute', 'superlative', 'negation']"
region,317,2,95,没有达到最长长度。,['没有达到最长长度'],没有达到最长长度,1,extreme_endpoint,0,[],[],[],,unsupported,"['direct_absolute', 'superlative', 'negation']"
region,317,2,108,没有部位是最长的。,['没有部位是最长的'],没有部位是最长的,1,count_abstract,0,[],[],[],,unsupported,"['direct_absolute', 'superlative', 'negation']"
region,317,2,109,有部位达到最长或最短长度。,['有部位达到最长或最短长度'],有部位达到最长或最短长度,1,"count_abstract, extreme_endpoint",0,[],[],[],,unsupported,"['direct_absolute', 'superlative']"
region,317,2,110,有部位达到最长或最短长度。,['有部位达到最长或最短长度'],有部位达到最长或最短长度,1,"count_abstract, extreme_endpoint",0,[],[],[],,unsupported,"['direct_absolute', 'superlative']"
region,317,2,111,没有部位达到最长或最短长度。,['没有部位达到最长或最短长度'],没有部位达到最长或最短长度,1,"count_abstract, extreme_endpoint",0,[],[],[],,unsupported,"['direct_absolute', 'superlative', 'negation']"
region,317,2,112,没有部位达到最长或最短长度。,['没有部位达到最长或最短长度'],没有部位达到最长或最短长度,1,"count_abstract, extreme_endpoint",0,[],[],[],,unsupported,"['direct_absolute', 'superlative', 'negation']"
region,317,2,113,有部位达到最长或最短长度。,['有部位达到最长或最短长度'],有部位达到最长或最短长度,1,"count_abstract, extreme_endpoint",0,[],[],[],,unsupported,"['direct_absolute', 'superlative']"
region,317,2,114,没有部位达到最长或最短的长度。,['没有部位达到最长或最短的长度'],没有部位达到最长或最短的长度,1,"count_abstract, extreme_endpoint",0,[],[],[],,unsupported,"['direct_absolute', 'superlative', 'negation']"
region,317,2,124,头不比腿短。,['头不比腿短'],头不比腿短,1,other_unparsed,0,[],[],[],,unsupported,"['direct_absolute', 'comparison']"
region,317,2,125,头不比腿短。,['头不比腿短'],头不比腿短,1,other_unparsed,0,[],[],[],,unsupported,"['direct_absolute', 'comparison']"
region,317,2,154,腿没有达到最大长度。,['腿没有达到最大长度'],腿没有达到最大长度,1,extreme_endpoint,0,[],[],[],,unsupported,"['direct_absolute', 'superlative', 'negation']"
region,317,2,155,腿没有达到最大长度。,['腿没有达到最大长度'],腿没有达到最大长度,1,extreme_endpoint,0,[],[],[],,unsupported,"['direct_absolute', 'superlative', 'negation']"
region,317,2,156,腿没有达到最大长度。,['腿没有达到最大长度'],腿没有达到最大长度,1,extreme_endpoint,0,[],[],[],,unsupported,"['direct_absolute', 'superlative', 'negation']"
region,317,2,172,有比腿更短的部位。,['有比腿更短的部位'],有比腿更短的部位,1,other_unparsed,0,[],[],[],,unsupported,"['direct_absolute', 'comparison']"
region,317,2,173,有比腿更短的部位。,['有比腿更短的部位'],有比腿更短的部位,1,other_unparsed,0,[],[],[],,unsupported,"['direct_absolute', 'comparison']"
region,317,2,174,有比腿更短的部位。,['有比腿更短的部位'],有比腿更短的部位,1,other_unparsed,0,[],[],[],,unsupported,"['direct_absolute', 'comparison']"
region,317,2,176,脖子不是最长的部位。,['脖子不是最长的部位'],脖子不是最长的部位,1,other_unparsed,0,[],[],[],,unsupported,"['direct_absolute', 'superlative', 'negation']"
region,317,2,177,脖子不是最长的部位。,['脖子不是最长的部位'],脖子不是最长的部位,1,other_unparsed,0,[],[],[],,unsupported,"['direct_absolute', 'superlative', 'negation']"
region,317,2,178,脖子不是最长的部位。,['脖子不是最长的部位'],脖子不是最长的部位,1,other_unparsed,0,[],[],[],,unsupported,"['direct_absolute', 'superlative', 'negation']"
region,317,2,179,脖子不是最长的部位。,['脖子不是最长的部位'],脖子不是最长的部位,1,other_unparsed,0,[],[],[],,unsupported,"['direct_absolute', 'superlative', 'negation']"
region,317,2,181,脖子不是最长的部位。,['脖子不是最长的部位'],脖子不是最长的部位,1,other_unparsed,0,[],[],[],,unsupported,"['direct_absolute', 'superlative', 'negation']"
region,317,2,185,腿不是最短的部位。,['腿不是最短的部位'],腿不是最短的部位,1,other_unparsed,0,[],[],[],,unsupported,"['direct_absolute', 'superlative', 'negation']"
region,317,2,186,腿不是最短的部位。,['腿不是最短的部位'],腿不是最短的部位,1,other_unparsed,0,[],[],[],,unsupported,"['direct_absolute', 'superlative', 'negation']"
region,317,2,187,腿不是最短的部位。,['腿不是最短的部位'],腿不是最短的部位,1,other_unparsed,0,[],[],[],,unsupported,"['direct_absolute', 'superlative', 'negation']"
region,317,2,189,腿不是最短的部位。,['腿不是最短的部位'],腿不是最短的部位,1,other_unparsed,0,[],[],[],,unsupported,"['direct_absolute', 'superlative', 'negation']"
region,317,2,190,腿不是最短的部位。,['腿不是最短的部位'],腿不是最短的部位,1,other_unparsed,0,[],[],[],,unsupported,"['direct_absolute', 'superlative', 'negation']"
region,317,2,192,头不是最短的部位。,['头不是最短的部位'],头不是最短的部位,1,other_unparsed,0,[],[],[],,unsupported,"['direct_absolute', 'superlative', 'negation']"
region,317,2,286,有两个部位达到最长长度。,['有两个部位达到最长长度'],有两个部位达到最长长度,1,"count_abstract, extreme_endpoint",0,[],[],[],,unsupported,"['direct_absolute', 'superlative', 'count_abstract']"
region,317,2,287,没有两个部位达到最长长度。,['没有两个部位达到最长长度'],没有两个部位达到最长长度,1,"count_abstract, extreme_endpoint",0,[],[],[],,unsupported,"['direct_absolute', 'superlative', 'count_abstract', 'negation']"
region,317,2,288,有两个部位达到最长长度。,['有两个部位达到最长长度'],有两个部位达到最长长度,1,"count_abstract, extreme_endpoint",0,[],[],[],,unsupported,"['direct_absolute', 'superlative', 'count_abstract']"
region,317,2,312,大于两个部位一样长。,['大于两个部位一样长'],大于两个部位一样长,1,count_abstract,0,[],[],[],,unsupported,"['direct_absolute', 'comparison', 'equality', 'count_abstract']"
region,317,2,313,小于两个部位一样长。,['小于两个部位一样长'],小于两个部位一样长,1,count_abstract,0,[],[],[],,unsupported,"['direct_absolute', 'comparison', 'equality', 'count_abstract']"
region,317,2,314,小于两个部位一样长。,['小于两个部位一样长'],小于两个部位一样长,1,count_abstract,0,[],[],[],,unsupported,"['direct_absolute', 'comparison', 'equality', 'count_abstract']"
region,317,2,315,没有部位达到最长或最短长度。,['没有部位达到最长或最短长度'],没有部位达到最长或最短长度,1,"count_abstract, extreme_endpoint",0,[],[],[],,unsupported,"['direct_absolute', 'superlative', 'negation']"
region,317,2,316,有部位达到最长或最短长度。,['有部位达到最长或最短长度'],有部位达到最长或最短长度,1,"count_abstract, extreme_endpoint",0,[],[],[],,unsupported,"['direct_absolute', 'superlative']"
region,317,2,317,有部位达到最长或最短长度。,['有部位达到最长或最短长度'],有部位达到最长或最短长度,1,"count_abstract, extreme_endpoint",0,[],[],[],,unsupported,"['direct_absolute', 'superlative']"
region,317,2,318,没有部位达到最长或最短长度。,['没有部位达到最长或最短长度'],没有部位达到最长或最短长度,1,"count_abstract, extreme_endpoint",0,[],[],[],,unsupported,"['direct_absolute', 'superlative', 'negation']"
region,317,2,319,有部位达到最长或最短长度。,['有部位达到最长或最短长度'],有部位达到最长或最短长度,1,"count_abstract, extreme_endpoint",0,[],[],[],,unsupported,"['direct_absolute', 'superlative']"
region,317,2,320,达到最长或最短长度的部位数小于等于一。,['达到最长或最短长度的部位数小于等于一'],达到最长或最短长度的部位数小于等于一,1,extreme_endpoint,0,[],[],[],,unsupported,"['direct_absolute', 'superlative', 'comparison', 'equality']"
region,317,3,105,头长度不变。,['头长度不变'],头长度不变,1,other_unparsed,0,[],[],[],,unsupported,['direct_absolute']
region,317,3,106,腿长度变化。,['腿长度变化'],腿长度变化,1,other_unparsed,0,[],[],[],,unsupported,['direct_absolute']
region,317,3,107,腿和头长度变化。,['腿和头长度变化'],腿和头长度变化,1,other_unparsed,0,[],[],[],,unsupported,['direct_absolute']
region,317,3,294,尾巴大约3/4躯干，脖子大约3/4躯干。,"['尾巴大约3/4躯干', '脖子大约3/4躯干']",尾巴大约3/4躯干；脖子大约3/4躯干,2,body_geometry,0,[],[],[],,unsupported,['body_ref']
region,318,1,46,脖子最短，尾巴比腿短，比脖子长，头也比较长。,['比脖子长'],比脖子长,1,other_unparsed,5,"['superlative', 'superlative', 'superlative', 'comparison', 'general_case']","[[1.0, -1.0, 0.0, 0.0], [1.0, 0.0, -1.0, 0.0], [1.0, 0.0, 0.0, -1.0], [0.0, 0.0, -1.0, 1.0], [0.0, -1.0, 0.0, 0.0]]","[-0.0, -0.0, -0.0, -0.0, -0.5]",1.0,ok,"['direct_absolute', 'superlative', 'comparison']"
region,318,1,63,腿最短，脖子和尾巴一样长，比腿长，头最长。,['比腿长'],比腿长,1,other_unparsed,7,"['superlative', 'superlative', 'superlative', 'equality', 'superlative', 'superlative', 'superlative']","[[-1.0, 0.0, 1.0, 0.0], [0.0, -1.0, 1.0, 0.0], [0.0, 0.0, 1.0, -1.0], [1.0, 0.0, 0.0, -1.0], [-1.0, 0.0, 0.0, 1.0], [1.0, -1.0, 0.0, 0.0], [0.0, -1.0, 0.0, 1.0]]","[-0.0, -0.0, -0.0, 0.1, 0.1, -0.0, -0.0]",0.8571428571428571,mismatch,"['direct_absolute', 'superlative', 'comparison', 'equality']"
region,318,1,72,尾巴比腿长，头和脖子，脖子更长。,['头和脖子'],头和脖子,1,other_unparsed,2,"['comparison', 'general_case']","[[0.0, 0.0, 1.0, -1.0], [-1.0, 0.0, 0.0, 0.0]]","[-0.0, -0.5]",0.5,mismatch,"['direct_absolute', 'comparison']"
region,318,1,102,尾巴比腿长，躯干差距很大。,['躯干差距很大'],躯干差距很大,1,body_geometry,1,['comparison'],"[[0.0, 0.0, 1.0, -1.0]]",[-0.0],1.0,ok,"['direct_absolute', 'comparison', 'body_ref']"
region,318,1,104,尾巴比腿长，差距不大，脖子和头都很长。,['差距不大'],差距不大,1,other_unparsed,3,"['comparison', 'general_case']","[[0.0, 0.0, 1.0, -1.0], [-1.0, 0.0, 0.0, 0.0], [0.0, -1.0, 0.0, 0.0]]","[-0.0, -0.5, -0.5]",0.6666666666666666,mismatch,"['direct_absolute', 'comparison']"
region,318,1,202,头最长，躯干头和尾巴相差很大。,['躯干头和尾巴相差很大'],躯干头和尾巴相差很大,1,body_geometry,3,"['superlative', 'superlative', 'superlative']","[[1.0, -1.0, 0.0, 0.0], [0.0, -1.0, 1.0, 0.0], [0.0, -1.0, 0.0, 1.0]]","[-0.0, -0.0, -0.0]",1.0,ok,"['direct_absolute', 'superlative', 'body_ref']"
region,318,1,203,头很长，头和尾巴相差很大，脖子也很长。,['头和尾巴相差很大'],头和尾巴相差很大,1,other_unparsed,2,"['general_case', 'general_case']","[[0.0, -1.0, 0.0, 0.0], [-1.0, 0.0, 0.0, 0.0]]","[-0.5, -0.5]",1.0,ok,['direct_absolute']
region,318,1,215,头没有比尾巴长很多，脖子很长。,['头没有比尾巴长很多'],头没有比尾巴长很多,1,other_unparsed,1,['general_case'],"[[-1.0, 0.0, 0.0, 0.0]]",[-0.5],0.0,mismatch,"['direct_absolute', 'comparison', 'negation']"
region,318,1,241,头不比尾巴长，腿比较长。,['头不比尾巴长'],头不比尾巴长,1,other_unparsed,1,['general_case'],"[[0.0, 0.0, -1.0, 0.0]]",[-0.5],1.0,ok,"['direct_absolute', 'comparison']"
region,318,1,248,判断不出哪一部分更长，尾巴不短。,['判断不出哪一部分更长'],判断不出哪一部分更长,1,other_unparsed,1,['general_case'],"[[0.0, 0.0, 0.0, -1.0]]",[-0.5],1.0,ok,"['direct_absolute', 'negation']"
region,318,1,259,头和尾巴相比，尾巴更长，脖子和尾巴都很长，躯干腿很短。,['头和尾巴相比'],头和尾巴相比,1,other_unparsed,3,"['general_case', 'general_case', 'general_case']","[[0.0, 0.0, 0.0, -1.0], [-1.0, 0.0, 0.0, 0.0], [0.0, 0.0, 1.0, 0.0]]","[-0.5, -0.5, 0.5]",1.0,ok,"['direct_absolute', 'comparison', 'body_ref']"
region,318,1,260,头和尾巴相比，头更长，脖子比较短。,['头和尾巴相比'],头和尾巴相比,1,other_unparsed,2,"['general_case', 'general_case']","[[0.0, -1.0, 0.0, 0.0], [1.0, 0.0, 0.0, 0.0]]","[-0.5, 0.5]",1.0,ok,"['direct_absolute', 'comparison']"
region,318,1,263,头和尾巴差不多长，腿不短，脖子比较长，算太长。,['算太长'],算太长,1,other_unparsed,4,"['equality', 'general_case', 'general_case']","[[0.0, 1.0, 0.0, -1.0], [0.0, -1.0, 0.0, 1.0], [0.0, 0.0, -1.0, 0.0], [-1.0, 0.0, 0.0, 0.0]]","[0.1, 0.1, -0.5, -0.5]",1.0,ok,"['direct_absolute', 'comparison', 'equality', 'negation']"
region,318,1,272,脖子没有明显的优势，腿比较长，腿和尾巴都很长。,['脖子没有明显的优势'],脖子没有明显的优势,1,other_unparsed,2,"['general_case', 'general_case']","[[0.0, 0.0, -1.0, 0.0], [0.0, 0.0, 0.0, -1.0]]","[-0.5, -0.5]",1.0,ok,"['direct_absolute', 'comparison', 'negation']"
region,318,2,107,尾巴比躯干看不清，脖子比较短，腿比较长。,['尾巴比躯干看不清'],尾巴比躯干看不清,1,body_geometry,2,"['general_case', 'general_case']","[[1.0, 0.0, 0.0, 0.0], [0.0, 0.0, -1.0, 0.0]]","[0.5, -0.5]",1.0,ok,"['direct_absolute', 'comparison', 'body_ref']"
region,318,2,110,尾巴和躯干看不清。,['尾巴和躯干看不清'],尾巴和躯干看不清,1,body_geometry,0,[],[],[],,unsupported,['body_ref']
region,318,2,116,尾巴比躯干长，腿和躯干差不多。,['腿和躯干差不多'],腿和躯干差不多,1,"body_geometry, global_balance",1,['body_ref'],"[[0.0, 0.0, 0.0, -1.0]]",[-0.5],1.0,ok,"['direct_absolute', 'comparison', 'equality', 'body_ref']"
region,319,1,33,头和脖子都长于腿和尾巴。,['头和脖子都长于腿和尾巴'],头和脖子都长于腿和尾巴,1,other_unparsed,0,[],[],[],,unsupported,"['direct_absolute', 'comparison']"
region,319,1,88,头和脖子的比例大于腿和尾巴。,['头和脖子的比例大于腿和尾巴'],头和脖子的比例大于腿和尾巴,1,proportion_or_ratio,0,[],[],[],,unsupported,"['comparison', 'group_sum']"
region,319,1,98,头和脖子的比例小于腿和尾巴。,['头和脖子的比例小于腿和尾巴'],头和脖子的比例小于腿和尾巴,1,proportion_or_ratio,0,[],[],[],,unsupported,"['comparison', 'group_sum']"
region,319,1,100,头和脖子的比例大于腿和尾巴。,['头和脖子的比例大于腿和尾巴'],头和脖子的比例大于腿和尾巴,1,proportion_or_ratio,0,[],[],[],,unsupported,"['comparison', 'group_sum']"
region,319,1,101,头和脖子的比例小于腿和尾巴。,['头和脖子的比例小于腿和尾巴'],头和脖子的比例小于腿和尾巴,1,proportion_or_ratio,0,[],[],[],,unsupported,"['comparison', 'group_sum']"
region,319,1,102,头和脖子的比例小于腿和尾巴。,['头和脖子的比例小于腿和尾巴'],头和脖子的比例小于腿和尾巴,1,proportion_or_ratio,0,[],[],[],,unsupported,"['comparison', 'group_sum']"
region,319,1,103,头和脖子的比例大于腿和尾巴。,['头和脖子的比例大于腿和尾巴'],头和脖子的比例大于腿和尾巴,1,proportion_or_ratio,0,[],[],[],,unsupported,"['comparison', 'group_sum']"
region,319,1,104,头和脖子的比例小于腿和尾巴。,['头和脖子的比例小于腿和尾巴'],头和脖子的比例小于腿和尾巴,1,proportion_or_ratio,0,[],[],[],,unsupported,"['comparison', 'group_sum']"
region,319,1,108,头和脖子的比例大于腿和尾巴。,['头和脖子的比例大于腿和尾巴'],头和脖子的比例大于腿和尾巴,1,proportion_or_ratio,0,[],[],[],,unsupported,"['comparison', 'group_sum']"
region,319,1,109,头和脖子的比例大于腿和尾巴。,['头和脖子的比例大于腿和尾巴'],头和脖子的比例大于腿和尾巴,1,proportion_or_ratio,0,[],[],[],,unsupported,"['comparison', 'group_sum']"
region,319,1,111,头和脖子的比例大于腿和尾巴。,['头和脖子的比例大于腿和尾巴'],头和脖子的比例大于腿和尾巴,1,proportion_or_ratio,0,[],[],[],,unsupported,"['comparison', 'group_sum']"
region,319,1,112,头和脖子的比例小于腿和尾巴。,['头和脖子的比例小于腿和尾巴'],头和脖子的比例小于腿和尾巴,1,proportion_or_ratio,0,[],[],[],,unsupported,"['comparison', 'group_sum']"
region,319,1,113,头和脖子的比例大于腿和尾巴。,['头和脖子的比例大于腿和尾巴'],头和脖子的比例大于腿和尾巴,1,proportion_or_ratio,0,[],[],[],,unsupported,"['comparison', 'group_sum']"
region,319,1,115,头和脖子的比例大于腿和尾巴。,['头和脖子的比例大于腿和尾巴'],头和脖子的比例大于腿和尾巴,1,proportion_or_ratio,0,[],[],[],,unsupported,"['comparison', 'group_sum']"
region,319,1,117,头和脖子的比例大于腿和尾巴。,['头和脖子的比例大于腿和尾巴'],头和脖子的比例大于腿和尾巴,1,proportion_or_ratio,0,[],[],[],,unsupported,"['comparison', 'group_sum']"
region,319,1,118,头和脖子的比例小于腿和尾巴。,['头和脖子的比例小于腿和尾巴'],头和脖子的比例小于腿和尾巴,1,proportion_or_ratio,0,[],[],[],,unsupported,"['comparison', 'group_sum']"
region,319,1,121,头和脖子的比例大于腿和尾巴。,['头和脖子的比例大于腿和尾巴'],头和脖子的比例大于腿和尾巴,1,proportion_or_ratio,0,[],[],[],,unsupported,"['comparison', 'group_sum']"
region,319,1,122,头和脖子的比例小于腿和尾巴。,['头和脖子的比例小于腿和尾巴'],头和脖子的比例小于腿和尾巴,1,proportion_or_ratio,0,[],[],[],,unsupported,"['comparison', 'group_sum']"
region,319,1,123,头和脖子的比例小于腿和尾巴。,['头和脖子的比例小于腿和尾巴'],头和脖子的比例小于腿和尾巴,1,proportion_or_ratio,0,[],[],[],,unsupported,"['comparison', 'group_sum']"
region,319,1,124,头和脖子的比例大于腿和尾巴。,['头和脖子的比例大于腿和尾巴'],头和脖子的比例大于腿和尾巴,1,proportion_or_ratio,0,[],[],[],,unsupported,"['comparison', 'group_sum']"
region,319,1,128,头和脖子的比例大于腿和尾巴。,['头和脖子的比例大于腿和尾巴'],头和脖子的比例大于腿和尾巴,1,proportion_or_ratio,0,[],[],[],,unsupported,"['comparison', 'group_sum']"
region,319,1,131,头和脖子的比例大于腿和尾巴。,['头和脖子的比例大于腿和尾巴'],头和脖子的比例大于腿和尾巴,1,proportion_or_ratio,0,[],[],[],,unsupported,"['comparison', 'group_sum']"
region,319,1,132,头和脖子的比例小于腿和尾巴。,['头和脖子的比例小于腿和尾巴'],头和脖子的比例小于腿和尾巴,1,proportion_or_ratio,0,[],[],[],,unsupported,"['comparison', 'group_sum']"
region,319,1,134,头和脖子比例小于腿和尾巴。,['头和脖子比例小于腿和尾巴'],头和脖子比例小于腿和尾巴,1,proportion_or_ratio,0,[],[],[],,unsupported,"['comparison', 'group_sum']"
region,319,1,138,头和脖子的比例等于腿和尾巴。,['头和脖子的比例等于腿和尾巴'],头和脖子的比例等于腿和尾巴,1,proportion_or_ratio,0,[],[],[],,unsupported,"['comparison', 'equality', 'group_sum']"
region,319,1,143,头和脖子的比例大于腿和尾巴。,['头和脖子的比例大于腿和尾巴'],头和脖子的比例大于腿和尾巴,1,proportion_or_ratio,0,[],[],[],,unsupported,"['comparison', 'group_sum']"
region,319,1,144,头和脖子的比例大于腿和尾巴。,['头和脖子的比例大于腿和尾巴'],头和脖子的比例大于腿和尾巴,1,proportion_or_ratio,0,[],[],[],,unsupported,"['comparison', 'group_sum']"
region,319,1,146,头和脖子的比例大于腿和尾巴。,['头和脖子的比例大于腿和尾巴'],头和脖子的比例大于腿和尾巴,1,proportion_or_ratio,0,[],[],[],,unsupported,"['comparison', 'group_sum']"
region,319,1,147,腿和尾巴的比例大于头和脖子。,['腿和尾巴的比例大于头和脖子'],腿和尾巴的比例大于头和脖子,1,proportion_or_ratio,0,[],[],[],,unsupported,"['comparison', 'group_sum']"
region,319,1,151,头和脖子的比例大于尾巴和腿。,['头和脖子的比例大于尾巴和腿'],头和脖子的比例大于尾巴和腿,1,proportion_or_ratio,0,[],[],[],,unsupported,"['comparison', 'group_sum']"
region,319,1,155,头和脖子的比例大于腿和尾巴。,['头和脖子的比例大于腿和尾巴'],头和脖子的比例大于腿和尾巴,1,proportion_or_ratio,0,[],[],[],,unsupported,"['comparison', 'group_sum']"
region,319,1,156,头和脖子的比例小于腿和尾巴。,['头和脖子的比例小于腿和尾巴'],头和脖子的比例小于腿和尾巴,1,proportion_or_ratio,0,[],[],[],,unsupported,"['comparison', 'group_sum']"
region,319,1,160,头和脖子的比例大于腿和尾巴。,['头和脖子的比例大于腿和尾巴'],头和脖子的比例大于腿和尾巴,1,proportion_or_ratio,0,[],[],[],,unsupported,"['comparison', 'group_sum']"
region,319,1,161,头和脖子的比例小于腿和尾巴，腿长。,['头和脖子的比例小于腿和尾巴'],头和脖子的比例小于腿和尾巴,1,proportion_or_ratio,1,['general_case'],"[[0.0, 0.0, -1.0, 0.0]]",[-0.5],1.0,ok,"['direct_absolute', 'comparison', 'group_sum']"
region,319,1,163,头和脖子的比例大于腿和尾巴。,['头和脖子的比例大于腿和尾巴'],头和脖子的比例大于腿和尾巴,1,proportion_or_ratio,0,[],[],[],,unsupported,"['comparison', 'group_sum']"
region,319,1,166,头和脖子的比例大于腿和尾巴。,['头和脖子的比例大于腿和尾巴'],头和脖子的比例大于腿和尾巴,1,proportion_or_ratio,0,[],[],[],,unsupported,"['comparison', 'group_sum']"
region,319,1,169,头和脖子的比例大于腿和尾巴。,['头和脖子的比例大于腿和尾巴'],头和脖子的比例大于腿和尾巴,1,proportion_or_ratio,0,[],[],[],,unsupported,"['comparison', 'group_sum']"
region,319,1,170,头和脖子的比例大于腿和尾巴。,['头和脖子的比例大于腿和尾巴'],头和脖子的比例大于腿和尾巴,1,proportion_or_ratio,0,[],[],[],,unsupported,"['comparison', 'group_sum']"
region,319,1,172,腿和尾巴的比例大于脖子和头的比例。,['腿和尾巴的比例大于脖子和头的比例'],腿和尾巴的比例大于脖子和头的比例,1,proportion_or_ratio,0,[],[],[],,unsupported,"['comparison', 'group_sum']"
region,319,1,174,头和脖子的比例大于腿和尾巴。,['头和脖子的比例大于腿和尾巴'],头和脖子的比例大于腿和尾巴,1,proportion_or_ratio,0,[],[],[],,unsupported,"['comparison', 'group_sum']"
region,319,1,177,头和脖子的比例大于腿和尾巴。,['头和脖子的比例大于腿和尾巴'],头和脖子的比例大于腿和尾巴,1,proportion_or_ratio,0,[],[],[],,unsupported,"['comparison', 'group_sum']"
region,319,1,187,尾巴和腿的比例大于头和脖子的比例。,['尾巴和腿的比例大于头和脖子的比例'],尾巴和腿的比例大于头和脖子的比例,1,proportion_or_ratio,0,[],[],[],,unsupported,"['comparison', 'group_sum']"
region,319,1,198,头和脖子的比例大于腿和尾巴。,['头和脖子的比例大于腿和尾巴'],头和脖子的比例大于腿和尾巴,1,proportion_or_ratio,0,[],[],[],,unsupported,"['comparison', 'group_sum']"
region,319,1,199,头和脖子的比例大于腿和尾巴。,['头和脖子的比例大于腿和尾巴'],头和脖子的比例大于腿和尾巴,1,proportion_or_ratio,0,[],[],[],,unsupported,"['comparison', 'group_sum']"
region,319,1,255,头有点小。,['头有点小'],头有点小,1,other_unparsed,0,[],[],[],,unsupported,['other']
region,319,1,278,比较均匀。,['比较均匀'],比较均匀,1,global_balance,0,[],[],[],,unsupported,"['comparison', 'equality']"
region,319,1,295,尾巴长，腿很小。,['腿很小'],腿很小,1,vague_size,1,['general_case'],"[[0.0, 0.0, 0.0, -1.0]]",[-0.5],1.0,ok,['direct_absolute']
region,319,2,76,四个部位长度都相同。,['四个部位长度都相同'],四个部位长度都相同,1,other_unparsed,0,[],[],[],,unsupported,['direct_absolute']
region,319,2,201,选错了。,['选错了'],选错了,1,meta_or_uncertain,0,[],[],[],,meta,['meta']
region,319,2,219,四个部位长度比较平衡。,['四个部位长度比较平衡'],四个部位长度比较平衡,1,other_unparsed,0,[],[],[],,unsupported,"['direct_absolute', 'comparison']"
region,319,2,225,四个部位长度比较平衡。,['四个部位长度比较平衡'],四个部位长度比较平衡,1,other_unparsed,0,[],[],[],,unsupported,"['direct_absolute', 'comparison']"
region,319,2,252,头和脖子都比腿长。,['头和脖子都比腿长'],头和脖子都比腿长,1,other_unparsed,0,[],[],[],,unsupported,"['direct_absolute', 'comparison']"
region,319,2,267,选错了。,['选错了'],选错了,1,meta_or_uncertain,0,[],[],[],,meta,['meta']
region,319,2,279,四个部位长度都很平衡。,['四个部位长度都很平衡'],四个部位长度都很平衡,1,other_unparsed,0,[],[],[],,unsupported,['direct_absolute']
region,319,2,283,选错了。,['选错了'],选错了,1,meta_or_uncertain,0,[],[],[],,meta,['meta']
region,319,2,305,三个部位长于躯干。,['三个部位长于躯干'],三个部位长于躯干,1,"count_abstract, body_geometry",0,[],[],[],,unsupported,"['direct_absolute', 'comparison', 'body_ref', 'count_abstract']"
region,319,2,307,三个部位长于躯干。,['三个部位长于躯干'],三个部位长于躯干,1,"count_abstract, body_geometry",0,[],[],[],,unsupported,"['direct_absolute', 'comparison', 'body_ref', 'count_abstract']"
region,319,2,320,四个部位比较均等。,['四个部位比较均等'],四个部位比较均等,1,global_balance,0,[],[],[],,unsupported,['comparison']
region,319,3,52,头和脖子都比腿长。,['头和脖子都比腿长'],头和脖子都比腿长,1,other_unparsed,0,[],[],[],,unsupported,"['direct_absolute', 'comparison']"
region,319,3,53,头和脖子都比腿长。,['头和脖子都比腿长'],头和脖子都比腿长,1,other_unparsed,0,[],[],[],,unsupported,"['direct_absolute', 'comparison']"
region,319,3,66,选错了。,['选错了'],选错了,1,meta_or_uncertain,0,[],[],[],,meta,['meta']
region,319,3,78,四个部位长度都小于躯干，且差不多长。,['且差不多长'],且差不多长,1,global_balance,4,"['body_ref', 'body_ref', 'body_ref', 'body_ref']","[[1.0, 0.0, 0.0, 0.0], [0.0, 1.0, 0.0, 0.0], [0.0, 0.0, 1.0, 0.0], [0.0, 0.0, 0.0, 1.0]]","[0.5, 0.5, 0.5, 0.5]",0.75,mismatch,"['direct_absolute', 'comparison', 'equality', 'body_ref']"
region,319,3,102,选错了。,['选错了'],选错了,1,meta_or_uncertain,0,[],[],[],,meta,['meta']
region,319,3,123,选错了。,['选错了'],选错了,1,meta_or_uncertain,0,[],[],[],,meta,['meta']
region,319,3,145,除了尾巴以外，其他三个部位都很长，而且很平均。,['而且很平均'],而且很平均,1,global_balance,4,"['exclusion', 'exclusion']","[[-1.0, 0.0, 0.0, 0.0], [0.0, -1.0, 0.0, 0.0], [0.0, 0.0, -1.0, 0.0], [0.0, 0.0, 0.0, 1.0]]","[-0.5, -0.5, -0.5, 0.5]",1.0,ok,"['direct_absolute', 'equality', 'count_abstract']"
region,319,3,197,除了头以外，其他部位都很长，很平均。,['很平均'],很平均,1,global_balance,4,"['exclusion', 'exclusion']","[[-1.0, 0.0, 0.0, 0.0], [0.0, 0.0, -1.0, 0.0], [0.0, 0.0, 0.0, -1.0], [0.0, 1.0, 0.0, 0.0]]","[-0.5, -0.5, -0.5, 0.5]",0.75,mismatch,"['direct_absolute', 'equality']"
region,319,3,198,除了腿以外，其他部位都很长，且平均。,['且平均'],且平均,1,global_balance,4,"['exclusion', 'exclusion']","[[-1.0, 0.0, 0.0, 0.0], [0.0, -1.0, 0.0, 0.0], [0.0, 0.0, 0.0, -1.0], [0.0, 0.0, 1.0, 0.0]]","[-0.5, -0.5, -0.5, 0.5]",0.75,mismatch,"['direct_absolute', 'equality']"
region,319,3,286,三个部位都比较长。,['三个部位都比较长'],三个部位都比较长,1,count_abstract,0,[],[],[],,unsupported,"['direct_absolute', 'comparison', 'count_abstract']"
region,319,4,50,三个部位都比躯干长。,['三个部位都比躯干长'],三个部位都比躯干长,1,"count_abstract, body_geometry",0,[],[],[],,unsupported,"['direct_absolute', 'comparison', 'body_ref', 'count_abstract']"
region,319,4,51,三个部位都比躯干长。,['三个部位都比躯干长'],三个部位都比躯干长,1,"count_abstract, body_geometry",0,[],[],[],,unsupported,"['direct_absolute', 'comparison', 'body_ref', 'count_abstract']"
region,319,4,62,除了尾巴，都小于躯干。,"['除了尾巴', '都小于躯干']",除了尾巴；都小于躯干,2,body_geometry,0,[],[],[],,unsupported,"['comparison', 'body_ref']"
region,319,4,95,除了脖子，都很平衡。,"['除了脖子', '都很平衡']",除了脖子；都很平衡,2,other_unparsed,0,[],[],[],,unsupported,['other']
region,319,4,108,长度都很平均。,['长度都很平均'],长度都很平均,1,global_balance,0,[],[],[],,unsupported,"['direct_absolute', 'equality']"
region,321,1,29,腿超级短，头、脖子和尾巴都比腿长。,['头、脖子和尾巴都比腿长'],头、脖子和尾巴都比腿长,1,other_unparsed,1,['general_case'],"[[0.0, 0.0, 1.0, 0.0]]",[0.5],1.0,ok,"['direct_absolute', 'comparison']"
region,321,1,78,腿较，尾巴和脖子都长，头也长。,['腿较'],腿较,1,other_unparsed,3,"['general_case', 'general_case']","[[0.0, 0.0, 0.0, -1.0], [-1.0, 0.0, 0.0, 0.0], [0.0, -1.0, 0.0, 0.0]]","[-0.5, -0.5, -0.5]",0.3333333333333333,mismatch,['direct_absolute']
region,321,2,13,头比脖子短，腿略微比尾巴短。,['腿略微比尾巴短'],腿略微比尾巴短,1,other_unparsed,1,['comparison'],"[[-1.0, 1.0, 0.0, 0.0]]",[-0.0],1.0,ok,"['direct_absolute', 'comparison']"
region,321,2,35,头比脖子短，尾巴也比腿短。,['尾巴也比腿短'],尾巴也比腿短,1,other_unparsed,1,['comparison'],"[[-1.0, 1.0, 0.0, 0.0]]",[-0.0],1.0,ok,"['direct_absolute', 'comparison']"
region,321,2,71,头相对，脖子较短。,['头相对'],头相对,1,other_unparsed,1,['general_case'],"[[1.0, 0.0, 0.0, 0.0]]",[0.5],0.0,mismatch,['direct_absolute']
region,321,2,87,脖子比头短，腿与尾巴都比脖子长。,['腿与尾巴都比脖子长'],腿与尾巴都比脖子长,1,other_unparsed,1,['comparison'],"[[1.0, -1.0, 0.0, 0.0]]",[-0.0],1.0,ok,"['direct_absolute', 'comparison']"
region,321,2,90,腿不是最短的，头比脖子短。,['腿不是最短的'],腿不是最短的,1,other_unparsed,1,['comparison'],"[[-1.0, 1.0, 0.0, 0.0]]",[-0.0],1.0,ok,"['direct_absolute', 'superlative', 'comparison', 'negation']"
region,321,2,92,腿不是最短的，头比脖子长。,['腿不是最短的'],腿不是最短的,1,other_unparsed,1,['comparison'],"[[1.0, -1.0, 0.0, 0.0]]",[-0.0],1.0,ok,"['direct_absolute', 'superlative', 'comparison', 'negation']"
region,321,2,93,腿不是最短的，头短于脖子。,['腿不是最短的'],腿不是最短的,1,other_unparsed,1,['comparison'],"[[-1.0, 1.0, 0.0, 0.0]]",[-0.0],1.0,ok,"['direct_absolute', 'superlative', 'comparison', 'negation']"
region,321,2,102,腿不是最短，头较脖子更短。,['腿不是最短'],腿不是最短,1,other_unparsed,2,['general_case'],"[[0.0, 1.0, 0.0, 0.0], [1.0, 0.0, 0.0, 0.0]]","[0.5, 0.5]",0.0,mismatch,"['direct_absolute', 'superlative', 'negation']"
region,321,2,103,腿不是最短，尾巴比头和脖子都长。,['腿不是最短'],腿不是最短,1,other_unparsed,2,['comparison'],"[[0.0, 1.0, 0.0, -1.0], [1.0, 0.0, 0.0, -1.0]]","[-0.0, -0.0]",1.0,ok,"['direct_absolute', 'superlative', 'comparison', 'negation']"
region,321,2,106,腿不是最短，头比脖子和尾巴短。,['腿不是最短'],腿不是最短,1,other_unparsed,2,['comparison'],"[[-1.0, 1.0, 0.0, 0.0], [0.0, 1.0, 0.0, -1.0]]","[-0.0, -0.0]",1.0,ok,"['direct_absolute', 'superlative', 'comparison', 'negation']"
region,321,2,108,腿不是最短，头比脖子长。,['腿不是最短'],腿不是最短,1,other_unparsed,1,['comparison'],"[[1.0, -1.0, 0.0, 0.0]]",[-0.0],1.0,ok,"['direct_absolute', 'superlative', 'comparison', 'negation']"
region,321,2,109,腿不是最短的，头比脖子长。,['腿不是最短的'],腿不是最短的,1,other_unparsed,1,['comparison'],"[[1.0, -1.0, 0.0, 0.0]]",[-0.0],1.0,ok,"['direct_absolute', 'superlative', 'comparison', 'negation']"
region,321,2,138,脖子比头短，比尾巴也短，腿相对较短。,['比尾巴也短'],比尾巴也短,1,other_unparsed,2,"['comparison', 'general_case']","[[1.0, -1.0, 0.0, 0.0], [0.0, 0.0, 1.0, 0.0]]","[-0.0, 0.5]",1.0,ok,"['direct_absolute', 'comparison']"
region,321,2,139,脖子比头短，比尾巴长，腿相对较短。,['比尾巴长'],比尾巴长,1,other_unparsed,2,"['comparison', 'general_case']","[[1.0, -1.0, 0.0, 0.0], [0.0, 0.0, 1.0, 0.0]]","[-0.0, 0.5]",1.0,ok,"['direct_absolute', 'comparison']"
region,321,2,147,腿较短，是最短。,['是最短'],是最短,1,other_unparsed,1,['general_case'],"[[0.0, 0.0, 1.0, 0.0]]",[0.5],1.0,ok,"['direct_absolute', 'superlative']"
region,321,2,148,腿不是最短，腿较长。,['腿不是最短'],腿不是最短,1,other_unparsed,1,['general_case'],"[[0.0, 0.0, -1.0, 0.0]]",[-0.5],0.0,mismatch,"['direct_absolute', 'superlative', 'negation']"
region,321,2,149,腿较长，头比尾巴重。,['头比尾巴重'],头比尾巴重,1,other_unparsed,1,['general_case'],"[[0.0, 0.0, -1.0, 0.0]]",[-0.5],1.0,ok,"['direct_absolute', 'comparison']"
region,321,2,150,腿较短，头比尾巴轻。,['头比尾巴轻'],头比尾巴轻,1,other_unparsed,1,['general_case'],"[[0.0, 0.0, 1.0, 0.0]]",[0.5],1.0,ok,"['direct_absolute', 'comparison']"
region,322,1,2,脖子和腿，头比脖子和腿长，尾巴很短。,['脖子和腿'],脖子和腿,1,other_unparsed,3,"['comparison', 'general_case']","[[1.0, -1.0, 0.0, 0.0], [0.0, -1.0, 1.0, 0.0], [0.0, 0.0, 0.0, 1.0]]","[-0.0, -0.0, 0.5]",1.0,ok,"['direct_absolute', 'comparison']"
region,322,1,18,脖子和尾巴一样长，头略短于二者，腿最短。,['头略短于二者'],头略短于二者,1,other_unparsed,5,"['equality', 'superlative', 'superlative', 'superlative']","[[1.0, 0.0, 0.0, -1.0], [-1.0, 0.0, 0.0, 1.0], [-1.0, 0.0, 1.0, 0.0], [0.0, -1.0, 1.0, 0.0], [0.0, 0.0, 1.0, -1.0]]","[0.1, 0.1, -0.0, -0.0, -0.0]",0.75,mismatch,"['direct_absolute', 'superlative', 'comparison', 'equality']"
region,322,1,19,脖子和头非常长，腿略短于二者，尾巴最短。,['腿略短于二者'],腿略短于二者,1,other_unparsed,5,"['general_case', 'superlative', 'superlative', 'superlative']","[[-1.0, 0.0, 0.0, 0.0], [0.0, -1.0, 0.0, 0.0], [-1.0, 0.0, 0.0, 1.0], [0.0, -1.0, 0.0, 1.0], [0.0, 0.0, -1.0, 1.0]]","[-0.5, -0.5, -0.0, -0.0, -0.0]",1.0,ok,"['direct_absolute', 'superlative', 'comparison']"
region,322,1,22,脖子和腿差不多长，头和尾巴差不多长，且长于前二者。,['且长于前二者'],且长于前二者,1,other_unparsed,4,"['equality', 'equality']","[[1.0, 0.0, -1.0, 0.0], [-1.0, 0.0, 1.0, 0.0], [0.0, 1.0, 0.0, -1.0], [0.0, -1.0, 0.0, 1.0]]","[0.1, 0.1, 0.1, 0.1]",1.0,ok,"['direct_absolute', 'comparison', 'equality']"
region,322,1,26,脖子和头差不多长，腿和尾巴差不多长，且长于前二者。,['且长于前二者'],且长于前二者,1,other_unparsed,4,"['equality', 'equality']","[[1.0, -1.0, 0.0, 0.0], [-1.0, 1.0, 0.0, 0.0], [0.0, 0.0, 1.0, -1.0], [0.0, 0.0, -1.0, 1.0]]","[0.1, 0.1, 0.1, 0.1]",1.0,ok,"['direct_absolute', 'comparison', 'equality']"
region,322,1,30,尾巴很短，腿和头差不多长，略长于尾巴，脖子最长。,['略长于尾巴'],略长于尾巴,1,other_unparsed,6,"['general_case', 'equality', 'superlative', 'superlative', 'superlative']","[[0.0, 0.0, 0.0, 1.0], [0.0, -1.0, 1.0, 0.0], [0.0, 1.0, -1.0, 0.0], [-1.0, 1.0, 0.0, 0.0], [-1.0, 0.0, 1.0, 0.0], [-1.0, 0.0, 0.0, 1.0]]","[0.5, 0.1, 0.1, -0.0, -0.0, -0.0]",0.8,mismatch,"['direct_absolute', 'superlative', 'comparison', 'equality']"
region,322,1,39,头和腿一样长，中等偏长，脖子和尾巴一样长，略长于前两者。,"['中等偏长', '略长于前两者']",中等偏长；略长于前两者,2,other_unparsed,4,"['equality', 'equality']","[[0.0, 1.0, -1.0, 0.0], [0.0, -1.0, 1.0, 0.0], [1.0, 0.0, 0.0, -1.0], [-1.0, 0.0, 0.0, 1.0]]","[0.1, 0.1, 0.1, 0.1]",1.0,ok,"['direct_absolute', 'comparison', 'equality']"
region,322,1,85,尾巴略长于头，四个部位长度不相等。,['四个部位长度不相等'],四个部位长度不相等,1,other_unparsed,1,['comparison'],"[[0.0, 1.0, 0.0, -1.0]]",[-0.0],1.0,ok,"['direct_absolute', 'comparison', 'equality']"
region,322,1,186,头不是最长。,['头不是最长'],头不是最长,1,other_unparsed,0,[],[],[],,unsupported,"['direct_absolute', 'superlative', 'negation']"
region,322,1,187,头不是最长。,['头不是最长'],头不是最长,1,other_unparsed,0,[],[],[],,unsupported,"['direct_absolute', 'superlative', 'negation']"
region,322,1,191,头和尾巴长度相等，略短于脖子。,['略短于脖子'],略短于脖子,1,other_unparsed,2,['equality'],"[[0.0, 1.0, 0.0, -1.0], [0.0, -1.0, 0.0, 1.0]]","[0.1, 0.1]",1.0,ok,"['direct_absolute', 'comparison', 'equality']"
region,322,1,205,头和脖子一样长，与腿相近。,['与腿相近'],与腿相近,1,other_unparsed,2,['equality'],"[[-1.0, 1.0, 0.0, 0.0], [1.0, -1.0, 0.0, 0.0]]","[0.1, 0.1]",1.0,ok,"['direct_absolute', 'equality']"
region,322,1,207,头和脖子长度相等，略长于尾巴。,['略长于尾巴'],略长于尾巴,1,other_unparsed,2,['equality'],"[[-1.0, 1.0, 0.0, 0.0], [1.0, -1.0, 0.0, 0.0]]","[0.1, 0.1]",1.0,ok,"['direct_absolute', 'comparison', 'equality']"
region,322,1,223,头不是最长。,['头不是最长'],头不是最长,1,other_unparsed,0,[],[],[],,unsupported,"['direct_absolute', 'superlative', 'negation']"
region,322,1,226,头不是最长。,['头不是最长'],头不是最长,1,other_unparsed,0,[],[],[],,unsupported,"['direct_absolute', 'superlative', 'negation']"
region,322,1,227,头不是最长。,['头不是最长'],头不是最长,1,other_unparsed,0,[],[],[],,unsupported,"['direct_absolute', 'superlative', 'negation']"
region,322,1,230,头不是最长。,['头不是最长'],头不是最长,1,other_unparsed,0,[],[],[],,unsupported,"['direct_absolute', 'superlative', 'negation']"
region,322,1,233,头不是最长。,['头不是最长'],头不是最长,1,other_unparsed,0,[],[],[],,unsupported,"['direct_absolute', 'superlative', 'negation']"
region,322,1,236,头不是最长。,['头不是最长'],头不是最长,1,other_unparsed,0,[],[],[],,unsupported,"['direct_absolute', 'superlative', 'negation']"
region,322,1,239,头不是最长。,['头不是最长'],头不是最长,1,other_unparsed,0,[],[],[],,unsupported,"['direct_absolute', 'superlative', 'negation']"
region,322,1,244,头不是最长。,['头不是最长'],头不是最长,1,other_unparsed,0,[],[],[],,unsupported,"['direct_absolute', 'superlative', 'negation']"
region,322,1,245,头不是最长。,['头不是最长'],头不是最长,1,other_unparsed,0,[],[],[],,unsupported,"['direct_absolute', 'superlative', 'negation']"
region,322,1,247,头不是最长。,['头不是最长'],头不是最长,1,other_unparsed,0,[],[],[],,unsupported,"['direct_absolute', 'superlative', 'negation']"
region,322,1,255,头不是最长。,['头不是最长'],头不是最长,1,other_unparsed,0,[],[],[],,unsupported,"['direct_absolute', 'superlative', 'negation']"
region,322,1,271,头不是最长。,['头不是最长'],头不是最长,1,other_unparsed,0,[],[],[],,unsupported,"['direct_absolute', 'superlative', 'negation']"
region,322,1,284,头不是最长。,['头不是最长'],头不是最长,1,other_unparsed,0,[],[],[],,unsupported,"['direct_absolute', 'superlative', 'negation']"
region,322,1,285,头不是最长。,['头不是最长'],头不是最长,1,other_unparsed,0,[],[],[],,unsupported,"['direct_absolute', 'superlative', 'negation']"
region,322,1,289,脖子和腿长度相等，头不是最长。,['头不是最长'],头不是最长,1,other_unparsed,2,['equality'],"[[1.0, 0.0, -1.0, 0.0], [-1.0, 0.0, 1.0, 0.0]]","[0.1, 0.1]",0.0,mismatch,"['direct_absolute', 'superlative', 'equality', 'negation']"
region,322,1,290,头不是最长。,['头不是最长'],头不是最长,1,other_unparsed,0,[],[],[],,unsupported,"['direct_absolute', 'superlative', 'negation']"
region,322,1,297,头不是最长。,['头不是最长'],头不是最长,1,other_unparsed,0,[],[],[],,unsupported,"['direct_absolute', 'superlative', 'negation']"
region,322,1,302,头和腿一样长，且不是最长。,['且不是最长'],且不是最长,1,other_unparsed,2,['equality'],"[[0.0, 1.0, -1.0, 0.0], [0.0, -1.0, 1.0, 0.0]]","[0.1, 0.1]",1.0,ok,"['direct_absolute', 'superlative', 'equality', 'negation']"
region,322,1,311,头不是最长。,['头不是最长'],头不是最长,1,other_unparsed,0,[],[],[],,unsupported,"['direct_absolute', 'superlative', 'negation']"
region,322,1,316,头不是最长。,['头不是最长'],头不是最长,1,other_unparsed,0,[],[],[],,unsupported,"['direct_absolute', 'superlative', 'negation']"
region,322,1,320,脖子和腿一样长，且头不是最长。,['且头不是最长'],且头不是最长,1,other_unparsed,2,['equality'],"[[1.0, 0.0, -1.0, 0.0], [-1.0, 0.0, 1.0, 0.0]]","[0.1, 0.1]",1.0,ok,"['direct_absolute', 'superlative', 'equality', 'negation']"
region,322,2,3,头不是最长，腿最长，,['头不是最长'],头不是最长,1,other_unparsed,3,"['superlative', 'superlative', 'superlative']","[[1.0, 0.0, -1.0, 0.0], [0.0, 1.0, -1.0, 0.0], [0.0, 0.0, -1.0, 1.0]]","[-0.0, -0.0, -0.0]",1.0,ok,"['direct_absolute', 'superlative', 'negation']"
region,322,2,4,头不是最长，脖子最长，,['头不是最长'],头不是最长,1,other_unparsed,3,"['superlative', 'superlative', 'superlative']","[[-1.0, 1.0, 0.0, 0.0], [-1.0, 0.0, 1.0, 0.0], [-1.0, 0.0, 0.0, 1.0]]","[-0.0, -0.0, -0.0]",1.0,ok,"['direct_absolute', 'superlative', 'negation']"
region,322,2,6,头不是最长，尾巴最长。,['头不是最长'],头不是最长,1,other_unparsed,3,"['superlative', 'superlative', 'superlative']","[[1.0, 0.0, 0.0, -1.0], [0.0, 1.0, 0.0, -1.0], [0.0, 0.0, 1.0, -1.0]]","[-0.0, -0.0, -0.0]",1.0,ok,"['direct_absolute', 'superlative', 'negation']"
region,322,2,7,头不是最长，头和脖子一样长，腿和尾巴一样长。,['头不是最长'],头不是最长,1,other_unparsed,4,"['equality', 'equality']","[[-1.0, 1.0, 0.0, 0.0], [1.0, -1.0, 0.0, 0.0], [0.0, 0.0, 1.0, -1.0], [0.0, 0.0, -1.0, 1.0]]","[0.1, 0.1, 0.1, 0.1]",1.0,ok,"['direct_absolute', 'superlative', 'equality', 'negation']"
region,322,2,8,脖子最长，头不是最长。,['头不是最长'],头不是最长,1,other_unparsed,3,"['superlative', 'superlative', 'superlative']","[[-1.0, 1.0, 0.0, 0.0], [-1.0, 0.0, 1.0, 0.0], [-1.0, 0.0, 0.0, 1.0]]","[-0.0, -0.0, -0.0]",1.0,ok,"['direct_absolute', 'superlative', 'negation']"
region,322,2,9,脖子和腿长度一样，头不是最长。,['头不是最长'],头不是最长,1,other_unparsed,2,['equality'],"[[1.0, 0.0, -1.0, 0.0], [-1.0, 0.0, 1.0, 0.0]]","[0.1, 0.1]",0.0,mismatch,"['direct_absolute', 'superlative', 'equality', 'negation']"
region,322,2,17,短于躯干，两个长于躯干，脖子是最长。,"['短于躯干', '两个长于躯干']",短于躯干；两个长于躯干,2,body_geometry,3,"['superlative', 'superlative', 'superlative']","[[-1.0, 1.0, 0.0, 0.0], [-1.0, 0.0, 1.0, 0.0], [-1.0, 0.0, 0.0, 1.0]]","[-0.0, -0.0, -0.0]",1.0,ok,"['direct_absolute', 'superlative', 'comparison', 'body_ref']"
region,322,2,18,脖子和尾巴一样长，头不是最长。,['头不是最长'],头不是最长,1,other_unparsed,2,['equality'],"[[1.0, 0.0, 0.0, -1.0], [-1.0, 0.0, 0.0, 1.0]]","[0.1, 0.1]",0.0,mismatch,"['direct_absolute', 'superlative', 'equality', 'negation']"
region,322,2,20,短于躯干，有两个长于躯干。,"['短于躯干', '有两个长于躯干']",短于躯干；有两个长于躯干,2,body_geometry,0,[],[],[],,unsupported,"['direct_absolute', 'comparison', 'body_ref']"
region,322,2,26,头和脖子一样长，且头不是最长。,['且头不是最长'],且头不是最长,1,other_unparsed,2,['equality'],"[[-1.0, 1.0, 0.0, 0.0], [1.0, -1.0, 0.0, 0.0]]","[0.1, 0.1]",1.0,ok,"['direct_absolute', 'superlative', 'equality', 'negation']"
region,322,2,27,脖子和尾巴一样长，且头不是最长。,['且头不是最长'],且头不是最长,1,other_unparsed,2,['equality'],"[[1.0, 0.0, 0.0, -1.0], [-1.0, 0.0, 0.0, 1.0]]","[0.1, 0.1]",1.0,ok,"['direct_absolute', 'superlative', 'equality', 'negation']"
region,322,2,30,头不是最长。,['头不是最长'],头不是最长,1,other_unparsed,0,[],[],[],,unsupported,"['direct_absolute', 'superlative', 'negation']"
region,322,2,31,腿和尾巴一样长，且头不是最长。,['且头不是最长'],且头不是最长,1,other_unparsed,2,['equality'],"[[0.0, 0.0, 1.0, -1.0], [0.0, 0.0, -1.0, 1.0]]","[0.1, 0.1]",1.0,ok,"['direct_absolute', 'superlative', 'equality', 'negation']"
region,322,2,32,头和腿一样长，且头不是最长。,['且头不是最长'],且头不是最长,1,other_unparsed,2,['equality'],"[[0.0, 1.0, -1.0, 0.0], [0.0, -1.0, 1.0, 0.0]]","[0.1, 0.1]",1.0,ok,"['direct_absolute', 'superlative', 'equality', 'negation']"
region,322,2,106,四个部位长度都不一样，尾巴最长，头和腿短于躯干，脖子和尾巴长于躯干。,['四个部位长度都不一样'],四个部位长度都不一样,1,disjoint_inequality,7,"['superlative', 'superlative', 'superlative', 'body_ref', 'body_ref', 'body_ref', 'body_ref']","[[1.0, 0.0, 0.0, -1.0], [0.0, 1.0, 0.0, -1.0], [0.0, 0.0, 1.0, -1.0], [0.0, 1.0, 0.0, 0.0], [0.0, 0.0, 1.0, 0.0], [-1.0, 0.0, 0.0, 0.0], [0.0, 0.0, 0.0, -1.0]]","[-0.0, -0.0, -0.0, 0.5, 0.5, -0.5, -0.5]",1.0,ok,"['direct_absolute', 'superlative', 'comparison', 'equality', 'body_ref', 'negation']"
region,322,2,111,四个部位长度各不相同，脖子长于躯干。,['四个部位长度各不相同'],四个部位长度各不相同,1,disjoint_inequality,1,['body_ref'],"[[-1.0, 0.0, 0.0, 0.0]]",[-0.5],1.0,ok,"['direct_absolute', 'comparison', 'body_ref']"
region,322,2,158,头比腿长，四个部位长度不相等。,['四个部位长度不相等'],四个部位长度不相等,1,other_unparsed,1,['comparison'],"[[0.0, -1.0, 1.0, 0.0]]",[-0.0],0.0,mismatch,"['direct_absolute', 'comparison', 'equality']"
region,322,2,174,脖子和尾巴一样长，和头一样长。,['和头一样长'],和头一样长,1,other_unparsed,2,['equality'],"[[1.0, 0.0, 0.0, -1.0], [-1.0, 0.0, 0.0, 1.0]]","[0.1, 0.1]",1.0,ok,"['direct_absolute', 'equality']"
region,322,2,202,短于躯干，尾巴和躯干一样长。,['短于躯干'],短于躯干,1,body_geometry,2,['body_ref'],"[[0.0, 0.0, 0.0, -1.0], [0.0, 0.0, 0.0, 1.0]]","[-0.4, 0.6]",0.0,mismatch,"['direct_absolute', 'comparison', 'equality', 'body_ref']"
region,322,2,203,短于躯干，头和躯干一样长。,['短于躯干'],短于躯干,1,body_geometry,2,['body_ref'],"[[0.0, -1.0, 0.0, 0.0], [0.0, 1.0, 0.0, 0.0]]","[-0.4, 0.6]",0.0,mismatch,"['direct_absolute', 'comparison', 'equality', 'body_ref']"
region,322,2,204,短于躯干，腿最长，脖子很长。,['短于躯干'],短于躯干,1,body_geometry,4,"['superlative', 'superlative', 'superlative', 'general_case']","[[1.0, 0.0, -1.0, 0.0], [0.0, 1.0, -1.0, 0.0], [0.0, 0.0, -1.0, 1.0], [-1.0, 0.0, 0.0, 0.0]]","[-0.0, -0.0, -0.0, -0.5]",1.0,ok,"['direct_absolute', 'superlative', 'comparison', 'body_ref']"
region,322,3,89,腿长，头、脖子、尾巴都不一样长。,['头、脖子、尾巴都不一样长'],头、脖子、尾巴都不一样长,1,disjoint_inequality,1,['general_case'],"[[0.0, 0.0, -1.0, 0.0]]",[-0.5],1.0,ok,"['direct_absolute', 'equality', 'negation']"
region,323,1,146,选错了。,['选错了'],选错了,1,meta_or_uncertain,0,[],[],[],,meta,['meta']
region,323,1,156,选错了。,['选错了'],选错了,1,meta_or_uncertain,0,[],[],[],,meta,['meta']
region,323,1,157,选错了。,['选错了'],选错了,1,meta_or_uncertain,0,[],[],[],,meta,['meta']
region,324,1,28,腿较短，前已经较长。,['前已经较长'],前已经较长,1,other_unparsed,1,['general_case'],"[[0.0, 0.0, 1.0, 0.0]]",[0.5],1.0,ok,['direct_absolute']
region,324,1,44,腿和脖子较长，头和尾巴长中等，较短。,['较短'],较短,1,other_unparsed,6,"['general_case', 'general_case']","[[0.0, 0.0, -1.0, 0.0], [-1.0, 0.0, 0.0, 0.0], [0.0, -1.0, 0.0, 0.0], [0.0, 1.0, 0.0, 0.0], [0.0, 0.0, 0.0, -1.0], [0.0, 0.0, 0.0, 1.0]]","[-0.5, -0.5, -0.25, 0.75, -0.25, 0.75]",1.0,ok,['direct_absolute']
region,324,1,47,腿和头较长，脖子长度中，脖子长度中等，尾巴较短。,['脖子长度中'],脖子长度中,1,other_unparsed,5,"['general_case', 'general_case', 'general_case']","[[0.0, 0.0, -1.0, 0.0], [0.0, -1.0, 0.0, 0.0], [-1.0, 0.0, 0.0, 0.0], [1.0, 0.0, 0.0, 0.0], [0.0, 0.0, 0.0, 1.0]]","[-0.5, -0.5, -0.25, 0.75, 0.5]",0.8,mismatch,['direct_absolute']
region,324,1,88,腿较长，下巴为中等。,['下巴为中等'],下巴为中等,1,other_unparsed,1,['general_case'],"[[0.0, 0.0, -1.0, 0.0]]",[-0.5],1.0,ok,['direct_absolute']
region,325,1,133,每个都长。,['每个都长'],每个都长,1,other_unparsed,0,[],[],[],,unsupported,['direct_absolute']
region,325,1,134,每个都长。,['每个都长'],每个都长,1,other_unparsed,0,[],[],[],,unsupported,['direct_absolute']
region,325,1,140,每个都长。,['每个都长'],每个都长,1,other_unparsed,0,[],[],[],,unsupported,['direct_absolute']
region,325,1,194,每一个都很长。,['每一个都很长'],每一个都很长,1,other_unparsed,0,[],[],[],,unsupported,['direct_absolute']
region,326,1,1,头长，脖子短，尾巴短，头在躯干以下、腿以上。,['头在躯干以下、腿以上'],头在躯干以下、腿以上,1,body_geometry,3,"['general_case', 'general_case', 'general_case']","[[0.0, -1.0, 0.0, 0.0], [1.0, 0.0, 0.0, 0.0], [0.0, 0.0, 0.0, 1.0]]","[-0.5, 0.5, 0.5]",1.0,ok,"['direct_absolute', 'body_ref']"
region,326,1,2,左朝向，头在躯干以下、腿以上，脖子和尾巴一般。,"['左朝向', '头在躯干以下、腿以上']",左朝向；头在躯干以下、腿以上,2,body_geometry,4,['general_case'],"[[-1.0, 0.0, 0.0, 0.0], [1.0, 0.0, 0.0, 0.0], [0.0, 0.0, 0.0, -1.0], [0.0, 0.0, 0.0, 1.0]]","[-0.25, 0.75, -0.25, 0.75]",0.5,mismatch,"['direct_absolute', 'body_ref']"
region,326,1,3,头长，脖子长，尾巴短，头在躯干和腿之间，右朝向。,"['头在躯干和腿之间', '右朝向']",头在躯干和腿之间；右朝向,2,body_geometry,3,"['general_case', 'general_case', 'general_case']","[[0.0, -1.0, 0.0, 0.0], [-1.0, 0.0, 0.0, 0.0], [0.0, 0.0, 0.0, 1.0]]","[-0.5, -0.5, 0.5]",0.6666666666666666,mismatch,"['direct_absolute', 'body_ref']"
region,326,1,4,头长，脖子一般，腿长，尾巴短，右朝向。,['右朝向'],右朝向,1,other_unparsed,5,"['general_case', 'general_case', 'general_case', 'general_case']","[[0.0, -1.0, 0.0, 0.0], [-1.0, 0.0, 0.0, 0.0], [1.0, 0.0, 0.0, 0.0], [0.0, 0.0, -1.0, 0.0], [0.0, 0.0, 0.0, 1.0]]","[-0.5, -0.25, 0.75, -0.5, 0.5]",0.6,mismatch,['direct_absolute']
region,326,1,5,头长，尾巴短，脖子长，头在躯干以上。,['头在躯干以上'],头在躯干以上,1,body_geometry,3,"['general_case', 'general_case', 'general_case']","[[0.0, -1.0, 0.0, 0.0], [0.0, 0.0, 0.0, 1.0], [-1.0, 0.0, 0.0, 0.0]]","[-0.5, 0.5, -0.5]",1.0,ok,"['direct_absolute', 'body_ref']"
region,326,1,6,头长，尾巴短，脖子短，头在躯干以下。,['头在躯干以下'],头在躯干以下,1,body_geometry,3,"['general_case', 'general_case', 'general_case']","[[0.0, -1.0, 0.0, 0.0], [0.0, 0.0, 0.0, 1.0], [1.0, 0.0, 0.0, 0.0]]","[-0.5, 0.5, 0.5]",0.6666666666666666,mismatch,"['direct_absolute', 'body_ref']"
region,326,1,8,头和脖子一样长，尾巴也差不多长，头在躯干以下。,['头在躯干以下'],头在躯干以下,1,body_geometry,3,"['equality', 'general_case']","[[-1.0, 1.0, 0.0, 0.0], [1.0, -1.0, 0.0, 0.0], [0.0, 0.0, 0.0, 1.0]]","[0.1, 0.1, 0.5]",0.5,mismatch,"['direct_absolute', 'equality', 'body_ref']"
region,326,1,9,头和脖子很长，尾巴很短，头在躯干以上。,['头在躯干以上'],头在躯干以上,1,body_geometry,3,"['general_case', 'general_case']","[[0.0, -1.0, 0.0, 0.0], [-1.0, 0.0, 0.0, 0.0], [0.0, 0.0, 0.0, 1.0]]","[-0.5, -0.5, 0.5]",1.0,ok,"['direct_absolute', 'body_ref']"
region,326,1,10,头很长，脖子、尾巴很短，头在躯干以下。,['头在躯干以下'],头在躯干以下,1,body_geometry,3,"['general_case', 'general_case']","[[0.0, -1.0, 0.0, 0.0], [1.0, 0.0, 0.0, 0.0], [0.0, 0.0, 0.0, 1.0]]","[-0.5, 0.5, 0.5]",1.0,ok,"['direct_absolute', 'body_ref']"
region,326,1,11,头和脖子比尾巴长，头在躯干以下。,['头在躯干以下'],头在躯干以下,1,body_geometry,2,['comparison'],"[[0.0, -1.0, 0.0, 1.0], [-1.0, 0.0, 0.0, 1.0]]","[-0.0, -0.0]",1.0,ok,"['direct_absolute', 'comparison', 'body_ref']"
region,326,1,15,脖子和尾巴一样长，头在躯干以下。,['头在躯干以下'],头在躯干以下,1,body_geometry,2,['equality'],"[[1.0, 0.0, 0.0, -1.0], [-1.0, 0.0, 0.0, 1.0]]","[0.1, 0.1]",0.0,mismatch,"['direct_absolute', 'equality', 'body_ref']"
region,326,1,16,脖子和头一样长，头在躯干以上。,['头在躯干以上'],头在躯干以上,1,body_geometry,2,['equality'],"[[1.0, -1.0, 0.0, 0.0], [-1.0, 1.0, 0.0, 0.0]]","[0.1, 0.1]",0.0,mismatch,"['direct_absolute', 'equality', 'body_ref']"
region,326,1,21,腿长，脖子最短，然后是头和尾巴。,['然后是头和尾巴'],然后是头和尾巴,1,ordinal_or_secondary,4,"['general_case', 'superlative', 'superlative', 'superlative']","[[0.0, 0.0, -1.0, 0.0], [1.0, -1.0, 0.0, 0.0], [1.0, 0.0, -1.0, 0.0], [1.0, 0.0, 0.0, -1.0]]","[-0.5, -0.0, -0.0, -0.0]",1.0,ok,"['direct_absolute', 'superlative', 'ranking']"
region,326,1,32,腿和躯干差不多，头比脖子长。,['腿和躯干差不多'],腿和躯干差不多,1,"body_geometry, global_balance",1,['comparison'],"[[1.0, -1.0, 0.0, 0.0]]",[-0.0],1.0,ok,"['direct_absolute', 'comparison', 'equality', 'body_ref']"
region,326,1,33,腿和躯干差不多，头比脖子长。,['腿和躯干差不多'],腿和躯干差不多,1,"body_geometry, global_balance",1,['comparison'],"[[1.0, -1.0, 0.0, 0.0]]",[-0.0],1.0,ok,"['direct_absolute', 'comparison', 'equality', 'body_ref']"
region,326,1,38,腿比较长，头在躯干以下。,['头在躯干以下'],头在躯干以下,1,body_geometry,1,['general_case'],"[[0.0, 0.0, -1.0, 0.0]]",[-0.5],1.0,ok,"['direct_absolute', 'comparison', 'body_ref']"
region,326,1,39,腿比较长，头在躯干以上，尾巴最长。,['头在躯干以上'],头在躯干以上,1,body_geometry,4,"['general_case', 'superlative', 'superlative', 'superlative']","[[0.0, 0.0, -1.0, 0.0], [1.0, 0.0, 0.0, -1.0], [0.0, 1.0, 0.0, -1.0], [0.0, 0.0, 1.0, -1.0]]","[-0.5, -0.0, -0.0, -0.0]",0.75,mismatch,"['direct_absolute', 'superlative', 'comparison', 'body_ref']"
region,326,1,40,头在躯干以上，腿长，尾巴短。,['头在躯干以上'],头在躯干以上,1,body_geometry,2,"['general_case', 'general_case']","[[0.0, 0.0, -1.0, 0.0], [0.0, 0.0, 0.0, 1.0]]","[-0.5, 0.5]",1.0,ok,"['direct_absolute', 'body_ref']"
region,326,1,41,腿长，头在躯干以下，尾巴长。,['头在躯干以下'],头在躯干以下,1,body_geometry,2,"['general_case', 'general_case']","[[0.0, 0.0, -1.0, 0.0], [0.0, 0.0, 0.0, -1.0]]","[-0.5, -0.5]",0.5,mismatch,"['direct_absolute', 'body_ref']"
region,326,1,42,腿长，头在躯干以下，脖子、尾巴长。,['头在躯干以下'],头在躯干以下,1,body_geometry,3,"['general_case', 'general_case']","[[0.0, 0.0, -1.0, 0.0], [-1.0, 0.0, 0.0, 0.0], [0.0, 0.0, 0.0, -1.0]]","[-0.5, -0.5, -0.5]",0.6666666666666666,mismatch,"['direct_absolute', 'body_ref']"
region,326,1,46,腿短，头在躯干以上，尾巴长。,['头在躯干以上'],头在躯干以上,1,body_geometry,2,"['general_case', 'general_case']","[[0.0, 0.0, 1.0, 0.0], [0.0, 0.0, 0.0, -1.0]]","[0.5, -0.5]",1.0,ok,"['direct_absolute', 'body_ref']"
region,326,1,47,头在躯干以下，尾巴和腿差不多。,['头在躯干以下'],头在躯干以下,1,body_geometry,2,['equality'],"[[0.0, 0.0, -1.0, 1.0], [0.0, 0.0, 1.0, -1.0]]","[0.1, 0.1]",0.0,mismatch,"['equality', 'body_ref']"
region,326,1,48,腿比较短，头在躯干以下。,['头在躯干以下'],头在躯干以下,1,body_geometry,1,['general_case'],"[[0.0, 0.0, 1.0, 0.0]]",[0.5],1.0,ok,"['direct_absolute', 'comparison', 'body_ref']"
region,326,1,77,朝左，脖子短，头短。,['朝左'],朝左,1,other_unparsed,2,"['general_case', 'general_case']","[[1.0, 0.0, 0.0, 0.0], [0.0, 1.0, 0.0, 0.0]]","[0.5, 0.5]",1.0,ok,['direct_absolute']
region,326,1,78,朝右，脖子长，尾巴长。,['朝右'],朝右,1,other_unparsed,2,"['general_case', 'general_case']","[[-1.0, 0.0, 0.0, 0.0], [0.0, 0.0, 0.0, -1.0]]","[-0.5, -0.5]",1.0,ok,['direct_absolute']
region,326,1,79,朝左，头短。,['朝左'],朝左,1,other_unparsed,1,['general_case'],"[[0.0, 1.0, 0.0, 0.0]]",[0.5],1.0,ok,['direct_absolute']
region,326,1,80,朝左。,['朝左'],朝左,1,other_unparsed,0,[],[],[],,unsupported,['other']
region,326,1,81,朝右。,['朝右'],朝右,1,other_unparsed,0,[],[],[],,unsupported,['other']
region,326,1,82,朝右。,['朝右'],朝右,1,other_unparsed,0,[],[],[],,unsupported,['other']
region,326,1,83,朝右。,['朝右'],朝右,1,other_unparsed,0,[],[],[],,unsupported,['other']
region,326,1,84,朝右。,['朝右'],朝右,1,other_unparsed,0,[],[],[],,unsupported,['other']
region,326,1,122,尾巴长，头在躯干和腿之间。,['头在躯干和腿之间'],头在躯干和腿之间,1,body_geometry,1,['general_case'],"[[0.0, 0.0, 0.0, -1.0]]",[-0.5],1.0,ok,"['direct_absolute', 'body_ref']"
region,326,1,125,腿比尾巴短，头在躯干以下。,['头在躯干以下'],头在躯干以下,1,body_geometry,1,['comparison'],"[[0.0, 0.0, 1.0, -1.0]]",[-0.0],1.0,ok,"['direct_absolute', 'comparison', 'body_ref']"
region,326,1,126,腿比尾巴短，头在躯干以下。,['头在躯干以下'],头在躯干以下,1,body_geometry,1,['comparison'],"[[0.0, 0.0, 1.0, -1.0]]",[-0.0],1.0,ok,"['direct_absolute', 'comparison', 'body_ref']"
region,326,1,209,尾巴最长，依次是脖子、腿、头。,['依次是脖子、腿、头'],依次是脖子、腿、头,1,other_unparsed,3,"['superlative', 'superlative', 'superlative']","[[1.0, 0.0, 0.0, -1.0], [0.0, 1.0, 0.0, -1.0], [0.0, 0.0, 1.0, -1.0]]","[-0.0, -0.0, -0.0]",1.0,ok,"['direct_absolute', 'superlative']"
region,326,1,210,脖子最长，依次是头、腿、尾巴。,['依次是头、腿、尾巴'],依次是头、腿、尾巴,1,other_unparsed,3,"['superlative', 'superlative', 'superlative']","[[-1.0, 1.0, 0.0, 0.0], [-1.0, 0.0, 1.0, 0.0], [-1.0, 0.0, 0.0, 1.0]]","[-0.0, -0.0, -0.0]",1.0,ok,"['direct_absolute', 'superlative']"
region,326,1,211,腿最长，依次是脖子、头、尾巴。,['依次是脖子、头、尾巴'],依次是脖子、头、尾巴,1,other_unparsed,3,"['superlative', 'superlative', 'superlative']","[[1.0, 0.0, -1.0, 0.0], [0.0, 1.0, -1.0, 0.0], [0.0, 0.0, -1.0, 1.0]]","[-0.0, -0.0, -0.0]",1.0,ok,"['direct_absolute', 'superlative']"
region,326,1,220,头最长，尾巴短，像狗。,['像狗'],像狗,1,other_unparsed,4,"['superlative', 'superlative', 'superlative', 'general_case']","[[1.0, -1.0, 0.0, 0.0], [0.0, -1.0, 1.0, 0.0], [0.0, -1.0, 0.0, 1.0], [0.0, 0.0, 0.0, 1.0]]","[-0.0, -0.0, -0.0, 0.5]",1.0,ok,"['direct_absolute', 'superlative']"
region,326,1,221,头长，腿长，像狗。,['像狗'],像狗,1,other_unparsed,2,"['general_case', 'general_case']","[[0.0, -1.0, 0.0, 0.0], [0.0, 0.0, -1.0, 0.0]]","[-0.5, -0.5]",1.0,ok,['direct_absolute']
region,326,1,222,分布均匀，像猫。,"['分布均匀', '像猫']",分布均匀；像猫,2,global_balance,0,[],[],[],,unsupported,['equality']
region,326,1,224,腿长，像狗。,['像狗'],像狗,1,other_unparsed,1,['general_case'],"[[0.0, 0.0, -1.0, 0.0]]",[-0.5],1.0,ok,['direct_absolute']
region,326,1,241,假设尾巴无关。,['假设尾巴无关'],假设尾巴无关,1,meta_or_uncertain,0,[],[],[],,unsupported,['other']
region,326,1,242,假设尾巴无关。,['假设尾巴无关'],假设尾巴无关,1,meta_or_uncertain,0,[],[],[],,unsupported,['other']
region,326,1,243,假设脖子无关。,['假设脖子无关'],假设脖子无关,1,meta_or_uncertain,0,[],[],[],,unsupported,['other']
region,326,1,244,假设脖子无关。,['假设脖子无关'],假设脖子无关,1,meta_or_uncertain,0,[],[],[],,unsupported,['other']
region,326,1,245,假设脖子无关。,['假设脖子无关'],假设脖子无关,1,meta_or_uncertain,0,[],[],[],,unsupported,['other']
region,326,1,246,假设脖子无关。,['假设脖子无关'],假设脖子无关,1,meta_or_uncertain,0,[],[],[],,unsupported,['other']
region,326,1,247,假设脖子无关。,['假设脖子无关'],假设脖子无关,1,meta_or_uncertain,0,[],[],[],,unsupported,['other']
region,326,1,248,假设脖子无关。,['假设脖子无关'],假设脖子无关,1,meta_or_uncertain,0,[],[],[],,unsupported,['other']
region,326,1,294,蜥蜴状。,['蜥蜴状'],蜥蜴状,1,other_unparsed,0,[],[],[],,unsupported,['other']
region,326,1,295,狗状。,['狗状'],狗状,1,other_unparsed,0,[],[],[],,unsupported,['other']
region,327,1,43,头短，尾巴短，脖子长，腿中上。,['腿中上'],腿中上,1,other_unparsed,3,"['general_case', 'general_case', 'general_case']","[[0.0, 1.0, 0.0, 0.0], [0.0, 0.0, 0.0, 1.0], [-1.0, 0.0, 0.0, 0.0]]","[0.5, 0.5, -0.5]",1.0,ok,['direct_absolute']
region,328,1,23,尾巴特别短，尾巴明显比腿短，头和脖子加在一起比较长。,['尾巴明显比腿短'],尾巴明显比腿短,1,other_unparsed,3,"['general_case', 'general_case']","[[0.0, 0.0, 0.0, 1.0], [0.0, -1.0, 0.0, 0.0], [-1.0, 0.0, 0.0, 0.0]]","[0.5, -0.5, -0.5]",0.6666666666666666,mismatch,"['direct_absolute', 'comparison']"
region,328,1,52,腿和尾巴差不多长，都是中等长度，头和脖子都比较长。,['都是中等长度'],都是中等长度,1,other_unparsed,4,"['equality', 'general_case']","[[0.0, 0.0, 1.0, -1.0], [0.0, 0.0, -1.0, 1.0], [0.0, -1.0, 0.0, 0.0], [-1.0, 0.0, 0.0, 0.0]]","[0.1, 0.1, -0.5, -0.5]",0.3333333333333333,mismatch,"['direct_absolute', 'comparison', 'equality']"
region,328,1,95,尾巴和腿都比较长，差不多，头加脖子比较短。,['差不多'],差不多,1,global_balance,4,"['general_case', 'general_case']","[[0.0, 0.0, 0.0, -1.0], [0.0, 0.0, -1.0, 0.0], [0.0, 1.0, 0.0, 0.0], [1.0, 0.0, 0.0, 0.0]]","[-0.5, -0.5, 0.5, 0.5]",1.0,ok,"['direct_absolute', 'comparison', 'equality']"
region,328,2,39,尾巴长，头和脖子都很短，都比腿短。,['都比腿短'],都比腿短,1,other_unparsed,3,"['general_case', 'general_case']","[[0.0, 0.0, 0.0, -1.0], [0.0, 1.0, 0.0, 0.0], [1.0, 0.0, 0.0, 0.0]]","[-0.5, 0.5, 0.5]",1.0,ok,"['direct_absolute', 'comparison']"
region,328,2,82,尾巴短，头和脖子都比腿长。,['头和脖子都比腿长'],头和脖子都比腿长,1,other_unparsed,1,['general_case'],"[[0.0, 0.0, 0.0, 1.0]]",[0.5],1.0,ok,"['direct_absolute', 'comparison']"
region,328,2,227,尾巴短，脖子比对长。,['脖子比对长'],脖子比对长,1,other_unparsed,1,['general_case'],"[[0.0, 0.0, 0.0, 1.0]]",[0.5],1.0,ok,"['direct_absolute', 'comparison']"
region,329,1,70,全身都长。,['全身都长'],全身都长,1,other_unparsed,0,[],[],[],,unsupported,['direct_absolute']
region,329,1,87,尾巴长，其次是腿，然后是头和脖子。,['然后是头和脖子'],然后是头和脖子,1,ordinal_or_secondary,2,"['general_case', 'comparison']","[[0.0, 0.0, 0.0, -1.0], [0.0, 0.0, 1.0, -1.0]]","[-0.5, -0.0]",1.0,ok,"['direct_absolute', 'ranking']"
region,329,1,185,按错了。,['按错了'],按错了,1,other_unparsed,0,[],[],[],,unsupported,['other']
region,329,1,251,按错了。,['按错了'],按错了,1,other_unparsed,0,[],[],[],,unsupported,['other']
region,331,1,25,头长，尾巴长，腿也还行。,['腿也还行'],腿也还行,1,other_unparsed,2,"['general_case', 'general_case']","[[0.0, -1.0, 0.0, 0.0], [0.0, 0.0, 0.0, -1.0]]","[-0.5, -0.5]",1.0,ok,['direct_absolute']
region,331,1,29,躯干长，头短。,['躯干长'],躯干长,1,body_geometry,1,['general_case'],"[[0.0, 1.0, 0.0, 0.0]]",[0.5],1.0,ok,"['direct_absolute', 'body_ref']"
region,331,1,154,均等。,['均等'],均等,1,global_balance,0,[],[],[],,unsupported,['other']
